seed,export,sheet,captured_utc,host,in_alice
болезни клубники,bolezni-klubniki.xlsx,HostsTable,2026-10-08T10:13:17.117676+00:00,dzen.ru,True
болезни клубники,bolezni-klubniki.xlsx,HostsTable,2026-10-08T10:13:17.117676+00:00,yandex.ru,True
болезни клубники,bolezni-klubniki.xlsx,HostsTable,2026-10-08T10:13:17.117676+00:00,petrovich.ru,True
болезни клубники,bolezni-klubniki.xlsx,HostsTable,2026-10-08T10:13:17.117676+00:00,kp.ru,True
болезни клубники,bolezni-klubniki.xlsx,HostsTable,2026-10-08T10:13:17.117676+00:00,pogoda.mail.ru,True
болезни клубники,bolezni-klubniki.xlsx,HostsTable,2026-10-08T10:13:17.117676+00:00,rosselhoscenter.ru,True
болезни клубники,bolezni-klubniki.xlsx,HostsTable,2026-10-08T10:13:17.117676+00:00,svoevse.ru,True
болезни клубники,bolezni-klubniki.xlsx,HostsTable,2026-10-08T10:13:17.117676+00:00,botanichka.ru,True
болезни клубники,bolezni-klubniki.xlsx,HostsTable,2026-10-08T10:13:17.117676+00:00,antonovsad.ru,True
болезни клубники,bolezni-klubniki.xlsx,HostsTable,2026-10-08T10:13:17.117676+00:00,ogorod.ru,False
болезни клубники,bolezni-klubniki.xlsx,HostsTable,2026-10-08T10:13:17.117676+00:00,sibsad-pitomnik.ru,True
болезни клубники,bolezni-klubniki.xlsx,HostsTable,2026-10-08T10:13:17.117676+00:00,xn----7sbenavanchgnf0czb.xn--p1ai,True
болезни клубники,bolezni-klubniki.xlsx,HostsTable,2026-10-08T10:13:17.117676+00:00,rskrf.ru,True
болезни клубники,bolezni-klubniki.xlsx,HostsTable,2026-10-08T10:13:17.117676+00:00,orton.ru,True
болезни клубники,bolezni-klubniki.xlsx,HostsTable,2026-10-08T10:13:17.117676+00:00,sad-i-ogorod.ru,True
болезни клубники,bolezni-klubniki.xlsx,HostsTable,2026-10-08T10:13:17.117676+00:00,vk.ru,True
болезни клубники,bolezni-klubniki.xlsx,HostsTable,2026-10-08T10:13:17.117676+00:00,kubnews.ru,True
болезни клубники,bolezni-klubniki.xlsx,HostsTable,2026-10-08T10:13:17.117676+00:00,agroxxi.ru,True
болезни клубники,bolezni-klubniki.xlsx,HostsTable,2026-10-08T10:13:17.117676+00:00,tagilcity.ru,True
болезни клубники,bolezni-klubniki.xlsx,HostsTable,2026-10-08T10:13:17.117676+00:00,gazonov.com,True
болезни клубники,bolezni-klubniki.xlsx,HostsTable,2026-10-08T10:13:17.117676+00:00,procvetok.com,True
болезни клубники,bolezni-klubniki.xlsx,HostsTable,2026-10-08T10:13:17.117676+00:00,rosbalt.ru,True
болезни клубники,bolezni-klubniki.xlsx,HostsTable,2026-10-08T10:13:17.117676+00:00,mk.ru,True
болезни клубники,bolezni-klubniki.xlsx,HostsTable,2026-10-08T10:13:17.117676+00:00,stroy-podskazka.ru,True
болезни клубники,bolezni-klubniki.xlsx,HostsTable,2026-10-08T10:13:17.117676+00:00,rutube.ru,True
болезни клубники,bolezni-klubniki.xlsx,HostsTable,2026-10-08T10:13:17.117676+00:00,fsvps.gov.ru,True
болезни клубники,bolezni-klubniki.xlsx,HostsTable,2026-10-08T10:13:17.117676+00:00,dom.mail.ru,True
болезни клубники,bolezni-klubniki.xlsx,HostsTable,2026-10-08T10:13:17.117676+00:00,lenta.ru,True
болезни клубники,bolezni-klubniki.xlsx,HostsTable,2026-10-08T10:13:17.117676+00:00,rbc.ru,True
болезни клубники,bolezni-klubniki.xlsx,HostsTable,2026-10-08T10:13:17.117676+00:00,geoplastbord.ru,True
болезни клубники,bolezni-klubniki.xlsx,HostsTable,2026-10-08T10:13:17.117676+00:00,rudesignshop.ru,True
болезни клубники,bolezni-klubniki.xlsx,HostsTable,2026-10-08T10:13:17.117676+00:00,abekker.by,True
болезни клубники,bolezni-klubniki.xlsx,HostsTable,2026-10-08T10:13:17.117676+00:00,superklubnika.by,True
болезни клубники,bolezni-klubniki.xlsx,HostsTable,2026-10-08T10:13:17.117676+00:00,agromarket.ru,True
болезни клубники,bolezni-klubniki.xlsx,HostsTable,2026-10-08T10:13:17.117676+00:00,radiotochki.net,True
болезни клубники,bolezni-klubniki.xlsx,HostsTable,2026-10-08T10:13:17.117676+00:00,saray.ru,True
болезни клубники,bolezni-klubniki.xlsx,HostsTable,2026-10-08T10:13:17.117676+00:00,expertcen.ru,True
болезни клубники,bolezni-klubniki.xlsx,HostsTable,2026-10-08T10:13:17.117676+00:00,azbyka.ru,True
болезни клубники,bolezni-klubniki.xlsx,HostsTable,2026-10-08T10:13:17.117676+00:00,chipollino-sad.ru,True
болезни клубники,bolezni-klubniki.xlsx,HostsTable,2026-10-08T10:13:17.117676+00:00,halvacard.ru,True
болезни клубники,bolezni-klubniki.xlsx,HostsTable,2026-10-08T10:13:17.117676+00:00,semena-zakaz.ru,True
болезни клубники,bolezni-klubniki.xlsx,HostsTable,2026-10-08T10:13:17.117676+00:00,lafoy.ru,True
болезни клубники,bolezni-klubniki.xlsx,HostsTable,2026-10-08T10:13:17.117676+00:00,regions.ru,True
болезни клубники,bolezni-klubniki.xlsx,HostsTable,2026-10-08T10:13:17.117676+00:00,pravda.ru,True
болезни клубники,bolezni-klubniki.xlsx,HostsTable,2026-10-08T10:13:17.117676+00:00,xn--80aaie1alnex6la.xn--p1ai,True
болезни клубники,bolezni-klubniki.xlsx,HostsTable,2026-10-08T10:13:17.117676+00:00,novochag.ru,True
болезни клубники,bolezni-klubniki.xlsx,HostsTable,2026-10-08T10:13:17.117676+00:00,semena-sad.ru,True
болезни клубники,bolezni-klubniki.xlsx,HostsTable,2026-10-08T10:13:17.117676+00:00,vhoz.ru,True
болезни клубники,bolezni-klubniki.xlsx,HostsTable,2026-10-08T10:13:17.117676+00:00,organic-mix.ru,True
болезни клубники,bolezni-klubniki.xlsx,HostsTable,2026-10-08T10:13:17.117676+00:00,sad-365.ru,True
болезни клубники,bolezni-klubniki.xlsx,HostsTable,2026-10-08T10:13:17.117676+00:00,7dach.ru,True
болезни клубники,bolezni-klubniki.xlsx,HostsTable,2026-10-08T10:13:17.117676+00:00,78.ru,True
болезни клубники,bolezni-klubniki.xlsx,HostsTable,2026-10-08T10:13:17.117676+00:00,sakh.online,True
болезни клубники,bolezni-klubniki.xlsx,HostsTable,2026-10-08T10:13:17.117676+00:00,plodopitomnik-sad.ru,True
болезни клубники,bolezni-klubniki.xlsx,HostsTable,2026-10-08T10:13:17.117676+00:00,dachnyuchastok.ru,True
болезни клубники,bolezni-klubniki.xlsx,HostsTable,2026-10-08T10:13:17.117676+00:00,abekker.ru,True
болезни клубники,bolezni-klubniki.xlsx,HostsTable,2026-10-08T10:13:17.117676+00:00,rostok-pitomnik.ru,True
болезни клубники,bolezni-klubniki.xlsx,HostsTable,2026-10-08T10:13:17.117676+00:00,news.ru,True
болезни клубники,bolezni-klubniki.xlsx,HostsTable,2026-10-08T10:13:17.117676+00:00,belnovosti.by,True
болезни клубники,bolezni-klubniki.xlsx,HostsTable,2026-10-08T10:13:17.117676+00:00,bayer.ru,True
болезни клубники,bolezni-klubniki.xlsx,HostsTable,2026-10-08T10:13:17.117676+00:00,ferma.expert,True
болезни клубники,bolezni-klubniki.xlsx,HostsTable,2026-10-08T10:13:17.117676+00:00,vk.com,True
болезни клубники,bolezni-klubniki.xlsx,HostsTable,2026-10-08T10:13:17.117676+00:00,wildberries.ru,True
болезни клубники,bolezni-klubniki.xlsx,HostsTable,2026-10-08T10:13:17.117676+00:00,gardenmart24.ru,True
болезни клубники,bolezni-klubniki.xlsx,HostsTable,2026-10-08T10:13:17.117676+00:00,aif.ru,True
болезни клубники,bolezni-klubniki.xlsx,HostsTable,2026-10-08T10:13:17.117676+00:00,forumhouse.ru,True
болезни клубники,bolezni-klubniki.xlsx,HostsTable,2026-10-08T10:13:17.117676+00:00,klops.ru,True
болезни клубники,bolezni-klubniki.xlsx,HostsTable,2026-10-08T10:13:17.117676+00:00,market.yandex.ru,True
болезни клубники,bolezni-klubniki.xlsx,HostsTable,2026-10-08T10:13:17.117676+00:00,niioz.ru,True
болезни клубники,bolezni-klubniki.xlsx,HostsTable,2026-10-08T10:13:17.117676+00:00,300.ya.ru,False
болезни клубники,bolezni-klubniki.xlsx,HostsTable,2026-10-08T10:13:17.117676+00:00,kerubini.ru,True
болезни клубники,bolezni-klubniki.xlsx,HostsTable,2026-10-08T10:13:17.117676+00:00,garshinka.ru,True
болезни клубники,bolezni-klubniki.xlsx,HostsTable,2026-10-08T10:13:17.117676+00:00,ozon.ru,True
болезни клубники,bolezni-klubniki.xlsx,HostsTable,2026-10-08T10:13:17.117676+00:00,k31.ru,True
болезни клубники,bolezni-klubniki.xlsx,HostsTable,2026-10-08T10:13:17.117676+00:00,floristics.info,True
болезни клубники,bolezni-klubniki.xlsx,HostsTable,2026-10-08T10:13:17.117676+00:00,oazisvdome.ru,True
болезни клубники,bolezni-klubniki.xlsx,HostsTable,2026-10-08T10:13:17.117676+00:00,ivd.ru,True
болезни клубники,bolezni-klubniki.xlsx,HostsTable,2026-10-08T10:13:17.117676+00:00,poliv-moskva.ru,True
болезни клубники,bolezni-klubniki.xlsx,HostsTable,2026-10-08T10:13:17.117676+00:00,usadba-shop.ru,True
болезни клубники,bolezni-klubniki.xlsx,HostsTable,2026-10-08T10:13:17.117676+00:00,ventremontplus.ru,False
болезни клубники,bolezni-klubniki.xlsx,HostsTable,2026-10-08T10:13:17.117676+00:00,1236761232.tilda.ws,False
болезни клубники,bolezni-klubniki.xlsx,HostsTable,2026-10-08T10:13:17.117676+00:00,360.ru,True
болезни клубники,bolezni-klubniki.xlsx,HostsTable,2026-10-08T10:13:17.117676+00:00,gardening-world.livejournal.com,True
болезни клубники,bolezni-klubniki.xlsx,HostsTable,2026-10-08T10:13:17.117676+00:00,wikihow.com,True
болезни малины,bolezni-maliny.xlsx,HostsTable,2026-10-08T10:00:15.722723+00:00,dzen.ru,True
болезни малины,bolezni-maliny.xlsx,HostsTable,2026-10-08T10:00:15.722723+00:00,botanichka.ru,True
болезни малины,bolezni-maliny.xlsx,HostsTable,2026-10-08T10:00:15.722723+00:00,pogoda.mail.ru,True
болезни малины,bolezni-maliny.xlsx,HostsTable,2026-10-08T10:00:15.722723+00:00,rbc.ru,True
болезни малины,bolezni-maliny.xlsx,HostsTable,2026-10-08T10:00:15.722723+00:00,lenta.ru,True
болезни малины,bolezni-maliny.xlsx,HostsTable,2026-10-08T10:00:15.722723+00:00,yandex.ru,True
болезни малины,bolezni-maliny.xlsx,HostsTable,2026-10-08T10:00:15.722723+00:00,novochag.ru,True
болезни малины,bolezni-maliny.xlsx,HostsTable,2026-10-08T10:00:15.722723+00:00,pitomnik-zr.ru,True
болезни малины,bolezni-maliny.xlsx,HostsTable,2026-10-08T10:00:15.722723+00:00,antonovsad.ru,True
болезни малины,bolezni-maliny.xlsx,HostsTable,2026-10-08T10:00:15.722723+00:00,ogorod.ru,False
болезни малины,bolezni-maliny.xlsx,HostsTable,2026-10-08T10:00:15.722723+00:00,rosselhoscenter.ru,True
болезни малины,bolezni-maliny.xlsx,HostsTable,2026-10-08T10:00:15.722723+00:00,rg.ru,True
болезни малины,bolezni-maliny.xlsx,HostsTable,2026-10-08T10:00:15.722723+00:00,stroy-podskazka.ru,True
болезни малины,bolezni-maliny.xlsx,HostsTable,2026-10-08T10:00:15.722723+00:00,sad-i-ogorod.ru,True
болезни малины,bolezni-maliny.xlsx,HostsTable,2026-10-08T10:00:15.722723+00:00,aif.ru,True
болезни малины,bolezni-maliny.xlsx,HostsTable,2026-10-08T10:00:15.722723+00:00,megapteka.ru,True
болезни малины,bolezni-maliny.xlsx,HostsTable,2026-10-08T10:00:15.722723+00:00,iz.ru,True
болезни малины,bolezni-maliny.xlsx,HostsTable,2026-10-08T10:00:15.722723+00:00,rskrf.ru,True
болезни малины,bolezni-maliny.xlsx,HostsTable,2026-10-08T10:00:15.722723+00:00,gemotest.ru,True
болезни малины,bolezni-maliny.xlsx,HostsTable,2026-10-08T10:00:15.722723+00:00,vhoz.ru,True
болезни малины,bolezni-maliny.xlsx,HostsTable,2026-10-08T10:00:15.722723+00:00,rospotrebnadzor.ru,True
болезни малины,bolezni-maliny.xlsx,HostsTable,2026-10-08T10:00:15.722723+00:00,radiosputnik.ru,True
болезни малины,bolezni-maliny.xlsx,HostsTable,2026-10-08T10:00:15.722723+00:00,procvetok.com,True
болезни малины,bolezni-maliny.xlsx,HostsTable,2026-10-08T10:00:15.722723+00:00,semena-sad.ru,True
болезни малины,bolezni-maliny.xlsx,HostsTable,2026-10-08T10:00:15.722723+00:00,7dach.ru,True
болезни малины,bolezni-maliny.xlsx,HostsTable,2026-10-08T10:00:15.722723+00:00,xn--80abtevg6a.xn--p1ai,True
болезни малины,bolezni-maliny.xlsx,HostsTable,2026-10-08T10:00:15.722723+00:00,profilaktica.ru,True
болезни малины,bolezni-maliny.xlsx,HostsTable,2026-10-08T10:00:15.722723+00:00,kp.ru,True
болезни малины,bolezni-maliny.xlsx,HostsTable,2026-10-08T10:00:15.722723+00:00,cmd74.ru,True
болезни малины,bolezni-maliny.xlsx,HostsTable,2026-10-08T10:00:15.722723+00:00,bona-forte.ru,True
болезни малины,bolezni-maliny.xlsx,HostsTable,2026-10-08T10:00:15.722723+00:00,stolichki.ru,True
болезни малины,bolezni-maliny.xlsx,HostsTable,2026-10-08T10:00:15.722723+00:00,anaferon.ru,True
болезни малины,bolezni-maliny.xlsx,HostsTable,2026-10-08T10:00:15.722723+00:00,lifehacker.ru,True
болезни малины,bolezni-maliny.xlsx,HostsTable,2026-10-08T10:00:15.722723+00:00,maslo-dishi.ru,True
болезни малины,bolezni-maliny.xlsx,HostsTable,2026-10-08T10:00:15.722723+00:00,labora.by,True
болезни малины,bolezni-maliny.xlsx,HostsTable,2026-10-08T10:00:15.722723+00:00,rutube.ru,True
болезни малины,bolezni-maliny.xlsx,HostsTable,2026-10-08T10:00:15.722723+00:00,ergoferon.ru,True
болезни малины,bolezni-maliny.xlsx,HostsTable,2026-10-08T10:00:15.722723+00:00,xn--80aalqkugr.xn--p1ai,True
болезни малины,bolezni-maliny.xlsx,HostsTable,2026-10-08T10:00:15.722723+00:00,ferma.expert,True
болезни малины,bolezni-maliny.xlsx,HostsTable,2026-10-08T10:00:15.722723+00:00,svoefermerstvo.ru,True
болезни малины,bolezni-maliny.xlsx,HostsTable,2026-10-08T10:00:15.722723+00:00,belnovosti.by,True
болезни малины,bolezni-maliny.xlsx,HostsTable,2026-10-08T10:00:15.722723+00:00,pnp.ru,True
болезни малины,bolezni-maliny.xlsx,HostsTable,2026-10-08T10:00:15.722723+00:00,edaplus.info,True
болезни малины,bolezni-maliny.xlsx,HostsTable,2026-10-08T10:00:15.722723+00:00,ura.news,True
болезни малины,bolezni-maliny.xlsx,HostsTable,2026-10-08T10:00:15.722723+00:00,dachnyuchastok.ru,True
болезни малины,bolezni-maliny.xlsx,HostsTable,2026-10-08T10:00:15.722723+00:00,seed.ru,True
болезни малины,bolezni-maliny.xlsx,HostsTable,2026-10-08T10:00:15.722723+00:00,agroxxi.ru,True
болезни малины,bolezni-maliny.xlsx,HostsTable,2026-10-08T10:00:15.722723+00:00,vk.ru,True
болезни малины,bolezni-maliny.xlsx,HostsTable,2026-10-08T10:00:15.722723+00:00,sb.by,True
болезни малины,bolezni-maliny.xlsx,HostsTable,2026-10-08T10:00:15.722723+00:00,ria.ru,True
болезни малины,bolezni-maliny.xlsx,HostsTable,2026-10-08T10:00:15.722723+00:00,fsvps.gov.ru,True
болезни малины,bolezni-maliny.xlsx,HostsTable,2026-10-08T10:00:15.722723+00:00,martin-sad.ru,True
болезни малины,bolezni-maliny.xlsx,HostsTable,2026-10-08T10:00:15.722723+00:00,lemanapro.ru,True
болезни малины,bolezni-maliny.xlsx,HostsTable,2026-10-08T10:00:15.722723+00:00,kubnews.ru,True
болезни малины,bolezni-maliny.xlsx,HostsTable,2026-10-08T10:00:15.722723+00:00,rudesignshop.ru,True
болезни малины,bolezni-maliny.xlsx,HostsTable,2026-10-08T10:00:15.722723+00:00,vpravda.ru,True
болезни малины,bolezni-maliny.xlsx,HostsTable,2026-10-08T10:00:15.722723+00:00,dolina-sad.ru,True
болезни малины,bolezni-maliny.xlsx,HostsTable,2026-10-08T10:00:15.722723+00:00,hibiny.ru,True
болезни малины,bolezni-maliny.xlsx,HostsTable,2026-10-08T10:00:15.722723+00:00,abekker.ru,True
болезни малины,bolezni-maliny.xlsx,HostsTable,2026-10-08T10:00:15.722723+00:00,pravda.ru,True
болезни малины,bolezni-maliny.xlsx,HostsTable,2026-10-08T10:00:15.722723+00:00,liwood.ru,True
болезни малины,bolezni-maliny.xlsx,HostsTable,2026-10-08T10:00:15.722723+00:00,ezhemarina.ru,True
болезни малины,bolezni-maliny.xlsx,HostsTable,2026-10-08T10:00:15.722723+00:00,championat.com,True
болезни малины,bolezni-maliny.xlsx,HostsTable,2026-10-08T10:00:15.722723+00:00,shans-group.com,True
болезни малины,bolezni-maliny.xlsx,HostsTable,2026-10-08T10:00:15.722723+00:00,svoevse.ru,True
болезни малины,bolezni-maliny.xlsx,HostsTable,2026-10-08T10:00:15.722723+00:00,sad-torg.ru,True
болезни малины,bolezni-maliny.xlsx,HostsTable,2026-10-08T10:00:15.722723+00:00,orton.ru,True
болезни малины,bolezni-maliny.xlsx,HostsTable,2026-10-08T10:00:15.722723+00:00,gardenmart24.ru,True
болезни малины,bolezni-maliny.xlsx,HostsTable,2026-10-08T10:00:15.722723+00:00,irk-sad.ru,True
болезни малины,bolezni-maliny.xlsx,HostsTable,2026-10-08T10:00:15.722723+00:00,vk.com,True
болезни малины,bolezni-maliny.xlsx,HostsTable,2026-10-08T10:00:15.722723+00:00,nsknews.info,True
болезни малины,bolezni-maliny.xlsx,HostsTable,2026-10-08T10:00:15.722723+00:00,regions.ru,True
болезни малины,bolezni-maliny.xlsx,HostsTable,2026-10-08T10:00:15.722723+00:00,gastronom.ru,True
болезни малины,bolezni-maliny.xlsx,HostsTable,2026-10-08T10:00:15.722723+00:00,ixbt.com,True
болезни малины,bolezni-maliny.xlsx,HostsTable,2026-10-08T10:00:15.722723+00:00,glav-dacha.ru,True
болезни малины,bolezni-maliny.xlsx,HostsTable,2026-10-08T10:00:15.722723+00:00,malinaexpert.sbs,True
болезни малины,bolezni-maliny.xlsx,HostsTable,2026-10-08T10:00:15.722723+00:00,vkvideo.ru,True
болезни малины,bolezni-maliny.xlsx,HostsTable,2026-10-08T10:00:15.722723+00:00,gosuslugi.ru,True
болезни малины,bolezni-maliny.xlsx,HostsTable,2026-10-08T10:00:15.722723+00:00,asienda.ru,True
болезни малины,bolezni-maliny.xlsx,HostsTable,2026-10-08T10:00:15.722723+00:00,organic-mix.ru,True
болезни малины,bolezni-maliny.xlsx,HostsTable,2026-10-08T10:00:15.722723+00:00,rastenievod.com,True
болезни малины,bolezni-maliny.xlsx,HostsTable,2026-10-08T10:00:15.722723+00:00,niioz.ru,True
болезни малины,bolezni-maliny.xlsx,HostsTable,2026-10-08T10:00:15.722723+00:00,wildberries.ru,True
болезни малины,bolezni-maliny.xlsx,HostsTable,2026-10-08T10:00:15.722723+00:00,agrodecor.ru,True
болезни малины,bolezni-maliny.xlsx,HostsTable,2026-10-08T10:00:15.722723+00:00,superklubnika.by,True
болезни малины,bolezni-maliny.xlsx,HostsTable,2026-10-08T10:00:15.722723+00:00,cyberleninka.ru,True
болезни малины,bolezni-maliny.xlsx,HostsTable,2026-10-08T10:00:15.722723+00:00,otvet.mail.ru,True
болезни малины,bolezni-maliny.xlsx,HostsTable,2026-10-08T10:00:15.722723+00:00,rastisad.ru,True
болезни малины,bolezni-maliny.xlsx,HostsTable,2026-10-08T10:00:15.722723+00:00,dachatea.ru,True
болезни малины,bolezni-maliny.xlsx,HostsTable,2026-10-08T10:00:15.722723+00:00,bashinkom.ru,True
болезни малины,bolezni-maliny.xlsx,HostsTable,2026-10-08T10:00:15.722723+00:00,gismeteo.ru,True
болезни малины,bolezni-maliny.xlsx,HostsTable,2026-10-08T10:00:15.722723+00:00,seloveselo.online,True
болезни малины,bolezni-maliny.xlsx,HostsTable,2026-10-08T10:00:15.722723+00:00,vidal.by,True
болезни малины,bolezni-maliny.xlsx,HostsTable,2026-10-08T10:00:15.722723+00:00,health.mail.ru,True
болезни малины,bolezni-maliny.xlsx,HostsTable,2026-10-08T10:00:15.722723+00:00,vizrspb.ru,True
болезни малины,bolezni-maliny.xlsx,HostsTable,2026-10-08T10:00:15.722723+00:00,rsc47.ru,True
болезни малины,bolezni-maliny.xlsx,HostsTable,2026-10-08T10:00:15.722723+00:00,ok.ru,True
болезни малины,bolezni-maliny.xlsx,HostsTable,2026-10-08T10:00:15.722723+00:00,betaren.ru,True
болезни малины,bolezni-maliny.xlsx,HostsTable,2026-10-08T10:00:15.722723+00:00,apteka.ru,True
болезни малины,bolezni-maliny.xlsx,HostsTable,2026-10-08T10:00:15.722723+00:00,m.ok.ru,True
болезни малины,bolezni-maliny.xlsx,HostsTable,2026-10-08T10:00:15.722723+00:00,mds.yandex.net,False
клубника,klubnika.xlsx,HostsTable,2026-10-08T10:06:50.660212+00:00,t.me,True
клубника,klubnika.xlsx,HostsTable,2026-10-08T10:06:50.660212+00:00,clubnikacasino-kw.top,True
клубника,klubnika.xlsx,HostsTable,2026-10-08T10:06:50.660212+00:00,klubnika-klubniks.top,False
клубника,klubnika.xlsx,HostsTable,2026-10-08T10:06:50.660212+00:00,clubnika-casino-kfb.top,True
клубника,klubnika.xlsx,HostsTable,2026-10-08T10:06:50.660212+00:00,klubnika-casino-plays.ru,True
клубника,klubnika.xlsx,HostsTable,2026-10-08T10:06:50.660212+00:00,clubnika-casino-pvj.top,False
клубника,klubnika.xlsx,HostsTable,2026-10-08T10:06:50.660212+00:00,dzen.ru,True
клубника,klubnika.xlsx,HostsTable,2026-10-08T10:06:50.660212+00:00,berrypresent.ru,True
клубника,klubnika.xlsx,HostsTable,2026-10-08T10:06:50.660212+00:00,clubnikawin.com,False
клубника,klubnika.xlsx,HostsTable,2026-10-08T10:06:50.660212+00:00,clubnikacasino-pdr.buzz,False
клубника,klubnika.xlsx,HostsTable,2026-10-08T10:06:50.660212+00:00,sweetgift.ru,True
клубника,klubnika.xlsx,HostsTable,2026-10-08T10:06:50.660212+00:00,topcasino-clubnikamob.top,True
клубника,klubnika.xlsx,HostsTable,2026-10-08T10:06:50.660212+00:00,us.com,False
клубника,klubnika.xlsx,HostsTable,2026-10-08T10:06:50.660212+00:00,nebo.msk.ru,True
клубника,klubnika.xlsx,HostsTable,2026-10-08T10:06:50.660212+00:00,clubnika-casino-tht.top,True
клубника,klubnika.xlsx,HostsTable,2026-10-08T10:06:50.660212+00:00,flowwow.com,True
клубника,klubnika.xlsx,HostsTable,2026-10-08T10:06:50.660212+00:00,labberry.shop,False
клубника,klubnika.xlsx,HostsTable,2026-10-08T10:06:50.660212+00:00,clubnikacasino193.buzz,False
клубника,klubnika.xlsx,HostsTable,2026-10-08T10:06:50.660212+00:00,0sa.casino,False
клубника,klubnika.xlsx,HostsTable,2026-10-08T10:06:50.660212+00:00,klubnika-clbk.top,False
клубника,klubnika.xlsx,HostsTable,2026-10-08T10:06:50.660212+00:00,respin.info,True
клубника,klubnika.xlsx,HostsTable,2026-10-08T10:06:50.660212+00:00,antonovsad.ru,True
клубника,klubnika.xlsx,HostsTable,2026-10-08T10:06:50.660212+00:00,clubnikaklubnklubniks.top,False
клубника,klubnika.xlsx,HostsTable,2026-10-08T10:06:50.660212+00:00,casino-1208cc.fun,False
клубника,klubnika.xlsx,HostsTable,2026-10-08T10:06:50.660212+00:00,betonmobile.ru,True
клубника,klubnika.xlsx,HostsTable,2026-10-08T10:06:50.660212+00:00,yandex.ru,True
клубника,klubnika.xlsx,HostsTable,2026-10-08T10:06:50.660212+00:00,pkj.casino,False
клубника,klubnika.xlsx,HostsTable,2026-10-08T10:06:50.660212+00:00,leoraflowers.ru,False
клубника,klubnika.xlsx,HostsTable,2026-10-08T10:06:50.660212+00:00,artishok-shop.ru,True
клубника,klubnika.xlsx,HostsTable,2026-10-08T10:06:50.660212+00:00,rozavam.ru,True
клубника,klubnika.xlsx,HostsTable,2026-10-08T10:06:50.660212+00:00,kp.ru,True
клубника,klubnika.xlsx,HostsTable,2026-10-08T10:06:50.660212+00:00,clubnikacasino428.buzz,False
клубника,klubnika.xlsx,HostsTable,2026-10-08T10:06:50.660212+00:00,goha.ru,True
клубника,klubnika.xlsx,HostsTable,2026-10-08T10:06:50.660212+00:00,klubnikakazino.xyz,False
клубника,klubnika.xlsx,HostsTable,2026-10-08T10:06:50.660212+00:00,petrovich.ru,True
клубника,klubnika.xlsx,HostsTable,2026-10-08T10:06:50.660212+00:00,clubnika-casino-0t0fu.top,False
клубника,klubnika.xlsx,HostsTable,2026-10-08T10:06:50.660212+00:00,1408m.casino,False
клубника,klubnika.xlsx,HostsTable,2026-10-08T10:06:50.660212+00:00,buket-online.com,False
клубника,klubnika.xlsx,HostsTable,2026-10-08T10:06:50.660212+00:00,casino.ru,True
клубника,klubnika.xlsx,HostsTable,2026-10-08T10:06:50.660212+00:00,casino71x.buzz,False
клубника,klubnika.xlsx,HostsTable,2026-10-08T10:06:50.660212+00:00,casino1908wi.fun,False
клубника,klubnika.xlsx,HostsTable,2026-10-08T10:06:50.660212+00:00,clubnikacasino928.fun,False
клубника,klubnika.xlsx,HostsTable,2026-10-08T10:06:50.660212+00:00,klubnikacasino.help,False
клубника,klubnika.xlsx,HostsTable,2026-10-08T10:06:50.660212+00:00,casino163zb.buzz,False
клубника,klubnika.xlsx,HostsTable,2026-10-08T10:06:50.660212+00:00,rostok-pitomnik.ru,True
клубника,klubnika.xlsx,HostsTable,2026-10-08T10:06:50.660212+00:00,svoevse.ru,True
клубника,klubnika.xlsx,HostsTable,2026-10-08T10:06:50.660212+00:00,casino-klubnika-mz.top,True
клубника,klubnika.xlsx,HostsTable,2026-10-08T10:06:50.660212+00:00,clubnika-casino-playojk.top,False
клубника,klubnika.xlsx,HostsTable,2026-10-08T10:06:50.660212+00:00,ozon.ru,True
клубника,klubnika.xlsx,HostsTable,2026-10-08T10:06:50.660212+00:00,casino15mx.buzz,False
клубника,klubnika.xlsx,HostsTable,2026-10-08T10:06:50.660212+00:00,vk.ru,True
клубника,klubnika.xlsx,HostsTable,2026-10-08T10:06:50.660212+00:00,casino15g.buzz,False
клубника,klubnika.xlsx,HostsTable,2026-10-08T10:06:50.660212+00:00,vqrk.team,True
клубника,klubnika.xlsx,HostsTable,2026-10-08T10:06:50.660212+00:00,dry.casino,False
клубника,klubnika.xlsx,HostsTable,2026-10-08T10:06:50.660212+00:00,casino51mn.buzz,False
клубника,klubnika.xlsx,HostsTable,2026-10-08T10:06:50.660212+00:00,klubnika-official39.top,False
клубника,klubnika.xlsx,HostsTable,2026-10-08T10:06:50.660212+00:00,pogoda.mail.ru,True
клубника,klubnika.xlsx,HostsTable,2026-10-08T10:06:50.660212+00:00,klubnikabar.ru,False
клубника,klubnika.xlsx,HostsTable,2026-10-08T10:06:50.660212+00:00,clubni-clubk.top,False
клубника,klubnika.xlsx,HostsTable,2026-10-08T10:06:50.660212+00:00,clubnikacasino-015.buzz,False
клубника,klubnika.xlsx,HostsTable,2026-10-08T10:06:50.660212+00:00,casinortx4060.buzz,False
клубника,klubnika.xlsx,HostsTable,2026-10-08T10:06:50.660212+00:00,3008d.casino,False
клубника,klubnika.xlsx,HostsTable,2026-10-08T10:06:50.660212+00:00,botanichka.ru,True
клубника,klubnika.xlsx,HostsTable,2026-10-08T10:06:50.660212+00:00,tortika.net,False
клубника,klubnika.xlsx,HostsTable,2026-10-08T10:06:50.660212+00:00,xdy.buzz,False
клубника,klubnika.xlsx,HostsTable,2026-10-08T10:06:50.660212+00:00,5304.casino,False
клубника,klubnika.xlsx,HostsTable,2026-10-08T10:06:50.660212+00:00,1908na-casino.buzz,False
клубника,klubnika.xlsx,HostsTable,2026-10-08T10:06:50.660212+00:00,3096.team,False
клубника,klubnika.xlsx,HostsTable,2026-10-08T10:06:50.660212+00:00,casino2308d.buzz,False
клубника,klubnika.xlsx,HostsTable,2026-10-08T10:06:50.660212+00:00,casino02014b.buzz,False
клубника,klubnika.xlsx,HostsTable,2026-10-08T10:06:50.660212+00:00,g15.casino,True
клубника,klubnika.xlsx,HostsTable,2026-10-08T10:06:50.660212+00:00,ogorod.ru,False
клубника,klubnika.xlsx,HostsTable,2026-10-08T10:06:50.660212+00:00,casino845zx.buzz,False
клубника,klubnika.xlsx,HostsTable,2026-10-08T10:06:50.660212+00:00,casinosa27.buzz,False
клубника,klubnika.xlsx,HostsTable,2026-10-08T10:06:50.660212+00:00,casinosa38.buzz,False
клубника,klubnika.xlsx,HostsTable,2026-10-08T10:06:50.660212+00:00,stroy-podskazka.ru,True
клубника,klubnika.xlsx,HostsTable,2026-10-08T10:06:50.660212+00:00,kasinoclubnika.ru,False
клубника,klubnika.xlsx,HostsTable,2026-10-08T10:06:50.660212+00:00,clubnika-casino-0ywsa.top,False
клубника,klubnika.xlsx,HostsTable,2026-10-08T10:06:50.660212+00:00,fruitcocktailslot.site,True
клубника,klubnika.xlsx,HostsTable,2026-10-08T10:06:50.660212+00:00,casino318fx.buzz,False
клубника,klubnika.xlsx,HostsTable,2026-10-08T10:06:50.660212+00:00,clubkmarker.top,False
клубника,klubnika.xlsx,HostsTable,2026-10-08T10:06:50.660212+00:00,agentstrawberry.ru,False
клубника,klubnika.xlsx,HostsTable,2026-10-08T10:06:50.660212+00:00,clubnika-casino-0qupg.top,False
клубника,klubnika.xlsx,HostsTable,2026-10-08T10:06:50.660212+00:00,0808r.casino,False
клубника,klubnika.xlsx,HostsTable,2026-10-08T10:06:50.660212+00:00,1908.team,False
клубника,klubnika.xlsx,HostsTable,2026-10-08T10:06:50.660212+00:00,1808t.casino,False
клубника,klubnika.xlsx,HostsTable,2026-10-08T10:06:50.660212+00:00,casino856iq.buzz,False
клубника,klubnika.xlsx,HostsTable,2026-10-08T10:06:50.660212+00:00,go3.casino,True
клубника,klubnika.xlsx,HostsTable,2026-10-08T10:06:50.660212+00:00,clubnikacasino929.top,False
клубника,klubnika.xlsx,HostsTable,2026-10-08T10:06:50.660212+00:00,casino-privet11.buzz,False
клубника,klubnika.xlsx,HostsTable,2026-10-08T10:06:50.660212+00:00,magicalflower.ru,True
клубника,klubnika.xlsx,HostsTable,2026-10-08T10:06:50.660212+00:00,chocoroom62.com,False
клубника,klubnika.xlsx,HostsTable,2026-10-08T10:06:50.660212+00:00,casino0708d.buzz,False
клубника,klubnika.xlsx,HostsTable,2026-10-08T10:06:50.660212+00:00,casino3653.quest,False
клубника,klubnika.xlsx,HostsTable,2026-10-08T10:06:50.660212+00:00,casino115x.buzz,False
клубника,klubnika.xlsx,HostsTable,2026-10-08T10:06:50.660212+00:00,casino314qw.buzz,False
клубника,klubnika.xlsx,HostsTable,2026-10-08T10:06:50.660212+00:00,telegram.me,True
клубника,klubnika.xlsx,HostsTable,2026-10-08T10:06:50.660212+00:00,rosselhoscenter.ru,True
клубника,klubnika.xlsx,HostsTable,2026-10-08T10:06:50.660212+00:00,tlrk.team,False
клубника,klubnika.xlsx,HostsTable,2026-10-08T10:06:50.660212+00:00,2519.team,False
клубника,klubnika.xlsx,HostsTable,2026-10-08T10:06:50.660212+00:00,clubnika-casino-10eor.top,False
клубника,klubnika.xlsx,HostsTable,2026-10-08T10:06:50.660212+00:00,superpuper.casino,False
клубника,klubnika.xlsx,HostsTable,2026-10-08T10:06:50.660212+00:00,casinos-poludit.ru,False
клубника,klubnika.xlsx,HostsTable,2026-10-08T10:06:50.660212+00:00,casino0708l.buzz,False
клубника,klubnika.xlsx,HostsTable,2026-10-08T10:06:50.660212+00:00,play707.casino,False
клубника,klubnika.xlsx,HostsTable,2026-10-08T10:06:50.660212+00:00,berry-bouquet.ru,True
клубника,klubnika.xlsx,HostsTable,2026-10-08T10:06:50.660212+00:00,dwev.team,False
клубника,klubnika.xlsx,HostsTable,2026-10-08T10:06:50.660212+00:00,jb0.buzz,False
клубника,klubnika.xlsx,HostsTable,2026-10-08T10:06:50.660212+00:00,1520.team,False
клубника,klubnika.xlsx,HostsTable,2026-10-08T10:06:50.660212+00:00,casino081cv.buzz,False
клубника,klubnika.xlsx,HostsTable,2026-10-08T10:06:50.660212+00:00,casino2608.top,False
клубника,klubnika.xlsx,HostsTable,2026-10-08T10:06:50.660212+00:00,kd9.buzz,False
клубника,klubnika.xlsx,HostsTable,2026-10-08T10:06:50.660212+00:00,casino228gt.buzz,False
клубника,klubnika.xlsx,HostsTable,2026-10-08T10:06:50.660212+00:00,casino1808d.buzz,False
клубника,klubnika.xlsx,HostsTable,2026-10-08T10:06:50.660212+00:00,ludogid.ru,True
клубника,klubnika.xlsx,HostsTable,2026-10-08T10:06:50.660212+00:00,sad-i-ogorod.ru,True
клубника,klubnika.xlsx,HostsTable,2026-10-08T10:06:50.660212+00:00,clubzclubnika.top,False
клубника,klubnika.xlsx,HostsTable,2026-10-08T10:06:50.660212+00:00,casino-bu1808.sbs,False
клубника,klubnika.xlsx,HostsTable,2026-10-08T10:06:50.660212+00:00,klubika-club.top,False
клубника,klubnika.xlsx,HostsTable,2026-10-08T10:06:50.660212+00:00,github.io,False
клубника,klubnika.xlsx,HostsTable,2026-10-08T10:06:50.660212+00:00,casino184x.buzz,False
клубника,klubnika.xlsx,HostsTable,2026-10-08T10:06:50.660212+00:00,casino27gg.buzz,False
клубника,klubnika.xlsx,HostsTable,2026-10-08T10:06:50.660212+00:00,clubnika-1.top,False
клубника,klubnika.xlsx,HostsTable,2026-10-08T10:06:50.660212+00:00,klubnika-casino-top.ru,False
клубника,klubnika.xlsx,HostsTable,2026-10-08T10:06:50.660212+00:00,vkusvill.ru,True
клубника,klubnika.xlsx,HostsTable,2026-10-08T10:06:50.660212+00:00,clubnikacasino266.buzz,True
клубника,klubnika.xlsx,HostsTable,2026-10-08T10:06:50.660212+00:00,casino083z.buzz,False
клубника,klubnika.xlsx,HostsTable,2026-10-08T10:06:50.660212+00:00,casinosa20.buzz,False
клубника,klubnika.xlsx,HostsTable,2026-10-08T10:06:50.660212+00:00,clubnika-casino-ufx.top,False
клубника,klubnika.xlsx,HostsTable,2026-10-08T10:06:50.660212+00:00,wg1.casino,False
клубника,klubnika.xlsx,HostsTable,2026-10-08T10:06:50.660212+00:00,russianfood.com,True
клубника,klubnika.xlsx,HostsTable,2026-10-08T10:06:50.660212+00:00,cyu.casino,False
клубника,klubnika.xlsx,HostsTable,2026-10-08T10:06:50.660212+00:00,7st.casino,False
клубника,klubnika.xlsx,HostsTable,2026-10-08T10:06:50.660212+00:00,18-826as.casino,False
клубника,klubnika.xlsx,HostsTable,2026-10-08T10:06:50.660212+00:00,vsetopcasino.com,True
клубника,klubnika.xlsx,HostsTable,2026-10-08T10:06:50.660212+00:00,plantsad.ru,True
клубника,klubnika.xlsx,HostsTable,2026-10-08T10:06:50.660212+00:00,cjr.casino,False
клубника,klubnika.xlsx,HostsTable,2026-10-08T10:06:50.660212+00:00,klubn-clubk.top,False
клубника,klubnika.xlsx,HostsTable,2026-10-08T10:06:50.660212+00:00,rszk.team,False
клубника,klubnika.xlsx,HostsTable,2026-10-08T10:06:50.660212+00:00,flowlove.ru,True
клубника,klubnika.xlsx,HostsTable,2026-10-08T10:06:50.660212+00:00,casino1608zol.buzz,False
клубника,klubnika.xlsx,HostsTable,2026-10-08T10:06:50.660212+00:00,1908m.casino,False
клубника,klubnika.xlsx,HostsTable,2026-10-08T10:06:50.660212+00:00,193.buzz,False
клубника,klubnika.xlsx,HostsTable,2026-10-08T10:06:50.660212+00:00,7592.team,False
клубника,klubnika.xlsx,HostsTable,2026-10-08T10:06:50.660212+00:00,klubnika-kazino5.art,False
клубника,klubnika.xlsx,HostsTable,2026-10-08T10:06:50.660212+00:00,casinozal.buzz,False
клубника,klubnika.xlsx,HostsTable,2026-10-08T10:06:50.660212+00:00,casinoya.buzz,False
клубника,klubnika.xlsx,HostsTable,2026-10-08T10:06:50.660212+00:00,casino-ru1608.online,False
клубника,klubnika.xlsx,HostsTable,2026-10-08T10:06:50.660212+00:00,casino2708d.buzz,False
клубника,klubnika.xlsx,HostsTable,2026-10-08T10:06:50.660212+00:00,clubnika-casino-odv.top,False
клубника,klubnika.xlsx,HostsTable,2026-10-08T10:06:50.660212+00:00,clubnika-casinos.buzz,False
клубника,klubnika.xlsx,HostsTable,2026-10-08T10:06:50.660212+00:00,casino7316ue.buzz,False
клубника,klubnika.xlsx,HostsTable,2026-10-08T10:06:50.660212+00:00,casinotritren.buzz,False
клубника,klubnika.xlsx,HostsTable,2026-10-08T10:06:50.660212+00:00,casino574.com,False
клубника,klubnika.xlsx,HostsTable,2026-10-08T10:06:50.660212+00:00,clubnikacasino276.buzz,False
клубника,klubnika.xlsx,HostsTable,2026-10-08T10:06:50.660212+00:00,xn--80aefbvrodbz.xn--p1ai,True
клубника,klubnika.xlsx,HostsTable,2026-10-08T10:06:50.660212+00:00,megapteka.ru,True
клубника,klubnika.xlsx,HostsTable,2026-10-08T10:06:50.660212+00:00,casino2508gg.buzz,False
клубника,klubnika.xlsx,HostsTable,2026-10-08T10:06:50.660212+00:00,shneine-casino30.buzz,False
клубника,klubnika.xlsx,HostsTable,2026-10-08T10:06:50.660212+00:00,clubnika-casino-ymq.top,False
клубника,klubnika.xlsx,HostsTable,2026-10-08T10:06:50.660212+00:00,casinosa34.buzz,False
клубника,klubnika.xlsx,HostsTable,2026-10-08T10:06:50.660212+00:00,clubnika-casino-0y4e6.top,False
клубника,klubnika.xlsx,HostsTable,2026-10-08T10:06:50.660212+00:00,garshinka.ru,True
клубника,klubnika.xlsx,HostsTable,2026-10-08T10:06:50.660212+00:00,power-clubnikas.xyz,False
клубника,klubnika.xlsx,HostsTable,2026-10-08T10:06:50.660212+00:00,casinosa31.buzz,False
клубника,klubnika.xlsx,HostsTable,2026-10-08T10:06:50.660212+00:00,rutube.ru,True
клубника,klubnika.xlsx,HostsTable,2026-10-08T10:06:50.660212+00:00,klubnikaspower.xyz,False
клубника,klubnika.xlsx,HostsTable,2026-10-08T10:06:50.660212+00:00,clubnika-casino-sek.buzz,False
клубника,klubnika.xlsx,HostsTable,2026-10-08T10:06:50.660212+00:00,ivi.ru,True
клубника,klubnika.xlsx,HostsTable,2026-10-08T10:06:50.660212+00:00,aogarden.ru,True
клубника,klubnika.xlsx,HostsTable,2026-10-08T10:06:50.660212+00:00,clubnik-clbnika.top,False
клубника,klubnika.xlsx,HostsTable,2026-10-08T10:06:50.660212+00:00,sibsad-pitomnik.ru,True
клубника,klubnika.xlsx,HostsTable,2026-10-08T10:06:50.660212+00:00,kinopoisk.ru,True
клубника,klubnika.xlsx,HostsTable,2026-10-08T10:06:50.660212+00:00,b028.buzz,False
клубника,klubnika.xlsx,HostsTable,2026-10-08T10:06:50.660212+00:00,okko.tv,True
клубника,klubnika.xlsx,HostsTable,2026-10-08T10:06:50.660212+00:00,casino1208d.buzz,False
клубника,klubnika.xlsx,HostsTable,2026-10-08T10:06:50.660212+00:00,clubnika-2.top,False
клубника,klubnika.xlsx,HostsTable,2026-10-08T10:06:50.660212+00:00,pepe-casino21.buzz,False
клубника,klubnika.xlsx,HostsTable,2026-10-08T10:06:50.660212+00:00,goodgame.casino,False
клубника,klubnika.xlsx,HostsTable,2026-10-08T10:06:50.660212+00:00,kubnews.ru,True
клубника,klubnika.xlsx,HostsTable,2026-10-08T10:06:50.660212+00:00,prosazhency.ru,True
клубника,klubnika.xlsx,HostsTable,2026-10-08T10:06:50.660212+00:00,2408gg.casino,False
клубника,klubnika.xlsx,HostsTable,2026-10-08T10:06:50.660212+00:00,x927.buzz,False
клубника,klubnika.xlsx,HostsTable,2026-10-08T10:06:50.660212+00:00,27072.casino,False
клубника,klubnika.xlsx,HostsTable,2026-10-08T10:06:50.660212+00:00,8tr.casino,False
клубника,klubnika.xlsx,HostsTable,2026-10-08T10:06:50.660212+00:00,1000.menu,True
клубника,klubnika.xlsx,HostsTable,2026-10-08T10:06:50.660212+00:00,rustore.ru,True
клубника,klubnika.xlsx,HostsTable,2026-10-08T10:06:50.660212+00:00,nkmlab.ru,False
клубника,klubnika.xlsx,HostsTable,2026-10-08T10:06:50.660212+00:00,casino1108d.buzz,False
клубника,klubnika.xlsx,HostsTable,2026-10-08T10:06:50.660212+00:00,48213.casino,False
клубника,klubnika.xlsx,HostsTable,2026-10-08T10:06:50.660212+00:00,afr.casino,True
клубника,klubnika.xlsx,HostsTable,2026-10-08T10:06:50.660212+00:00,casino0808d.buzz,False
клубника,klubnika.xlsx,HostsTable,2026-10-08T10:06:50.660212+00:00,2008gg.casino,False
клубника,klubnika.xlsx,HostsTable,2026-10-08T10:06:50.660212+00:00,perekrestok.ru,True
клубника,klubnika.xlsx,HostsTable,2026-10-08T10:06:50.660212+00:00,1893.team,False
клубника,klubnika.xlsx,HostsTable,2026-10-08T10:06:50.660212+00:00,lujo.store,False
клубника,klubnika.xlsx,HostsTable,2026-10-08T10:06:50.660212+00:00,9250.buzz,False
клубника,klubnika.xlsx,HostsTable,2026-10-08T10:06:50.660212+00:00,cas24m.buzz,False
клубника,klubnika.xlsx,HostsTable,2026-10-08T10:06:50.660212+00:00,l1t.team,False
клубника,klubnika.xlsx,HostsTable,2026-10-08T10:06:50.660212+00:00,klubikaclub.top,False
клубника,klubnika.xlsx,HostsTable,2026-10-08T10:06:50.660212+00:00,casino1908s.buzz,False
клубника,klubnika.xlsx,HostsTable,2026-10-08T10:06:50.660212+00:00,podvorje.ru,True
клубника,klubnika.xlsx,HostsTable,2026-10-08T10:06:50.660212+00:00,sokpiter.ru,False
клубника,klubnika.xlsx,HostsTable,2026-10-08T10:06:50.660212+00:00,casinosa43.buzz,True
клубника,klubnika.xlsx,HostsTable,2026-10-08T10:06:50.660212+00:00,halvacard.ru,True
клубника,klubnika.xlsx,HostsTable,2026-10-08T10:06:50.660212+00:00,casino6294.buzz,False
клубника,klubnika.xlsx,HostsTable,2026-10-08T10:06:50.660212+00:00,clubnika-casino-tkd.top,False
клубника,klubnika.xlsx,HostsTable,2026-10-08T10:06:50.660212+00:00,klubnika-casino.buzz,False
клубника,klubnika.xlsx,HostsTable,2026-10-08T10:06:50.660212+00:00,wildberries.ru,True
клубника,klubnika.xlsx,HostsTable,2026-10-08T10:06:50.660212+00:00,klubnikakazino.org,False
клубника,klubnika.xlsx,HostsTable,2026-10-08T10:06:50.660212+00:00,lavka.yandex.ru,True
клубника,klubnika.xlsx,HostsTable,2026-10-08T10:06:50.660212+00:00,yja.casino,False
клубника,klubnika.xlsx,HostsTable,2026-10-08T10:06:50.660212+00:00,2d14.buzz,False
клубника,klubnika.xlsx,HostsTable,2026-10-08T10:06:50.660212+00:00,topkazinobonus.com,True
клубника,klubnika.xlsx,HostsTable,2026-10-08T10:06:50.660212+00:00,mossad24.ru,True
клубника,klubnika.xlsx,HostsTable,2026-10-08T10:06:50.660212+00:00,clubnikaz-winning.xyz,False
клубника,klubnika.xlsx,HostsTable,2026-10-08T10:06:50.660212+00:00,x1h.buzz,False
клубника,klubnika.xlsx,HostsTable,2026-10-08T10:06:50.660212+00:00,clubnika.ru,False
клубника,klubnika.xlsx,HostsTable,2026-10-08T10:06:50.660212+00:00,clubnika-gfg.top,False
клубника,klubnika.xlsx,HostsTable,2026-10-08T10:06:50.660212+00:00,3318.buzz,False
клубника,klubnika.xlsx,HostsTable,2026-10-08T10:06:50.660212+00:00,klubnikakazino.cfd,True
клубника,klubnika.xlsx,HostsTable,2026-10-08T10:06:50.660212+00:00,igrovyeavtomati.com,True
клубника,klubnika.xlsx,HostsTable,2026-10-08T10:06:50.660212+00:00,hurem-sultan.ru,False
клубника,klubnika.xlsx,HostsTable,2026-10-08T10:06:50.660212+00:00,873c.buzz,False
клубника,klubnika.xlsx,HostsTable,2026-10-08T10:06:50.660212+00:00,clubnika-casino-vnq.top,False
клубника,klubnika.xlsx,HostsTable,2026-10-08T10:06:50.660212+00:00,casino-50x.team,False
клубника,klubnika.xlsx,HostsTable,2026-10-08T10:06:50.660212+00:00,t-j.ru,True
клубника,klubnika.xlsx,HostsTable,2026-10-08T10:06:50.660212+00:00,organic-mix.ru,True
клубника,klubnika.xlsx,HostsTable,2026-10-08T10:06:50.660212+00:00,1826.buzz,False
клубника,klubnika.xlsx,HostsTable,2026-10-08T10:06:50.660212+00:00,casino2508g.buzz,False
клубника,klubnika.xlsx,HostsTable,2026-10-08T10:06:50.660212+00:00,clubnika-casino-dvh.top,False
клубника,klubnika.xlsx,HostsTable,2026-10-08T10:06:50.660212+00:00,clubniks-interactive.top,False
клубника,klubnika.xlsx,HostsTable,2026-10-08T10:06:50.660212+00:00,game-vk1yb.com,False
клубника,klubnika.xlsx,HostsTable,2026-10-08T10:06:50.660212+00:00,delikateska.ru,True
клубника,klubnika.xlsx,HostsTable,2026-10-08T10:06:50.660212+00:00,clubnika-3.top,False
клубника,klubnika.xlsx,HostsTable,2026-10-08T10:06:50.660212+00:00,clubnika-5.top,False
клубника,klubnika.xlsx,HostsTable,2026-10-08T10:06:50.660212+00:00,onlinesemena.ru,True
клубника,klubnika.xlsx,HostsTable,2026-10-08T10:06:50.660212+00:00,klubnikacasino-fc.top,False
клубника,klubnika.xlsx,HostsTable,2026-10-08T10:06:50.660212+00:00,yamflowers.ru,False
клубника,klubnika.xlsx,HostsTable,2026-10-08T10:06:50.660212+00:00,hoff.ru,True
клубника,klubnika.xlsx,HostsTable,2026-10-08T10:06:50.660212+00:00,25d.buzz,False
клубника,klubnika.xlsx,HostsTable,2026-10-08T10:06:50.660212+00:00,xn----7sbenavanchgnf0czb.xn--p1ai,True
клубника,klubnika.xlsx,HostsTable,2026-10-08T10:06:50.660212+00:00,1xgame.com,True
клубника,klubnika.xlsx,HostsTable,2026-10-08T10:06:50.660212+00:00,2u26.buzz,False
клубника,klubnika.xlsx,HostsTable,2026-10-08T10:06:50.660212+00:00,rnv.casino,False
клубника,klubnika.xlsx,HostsTable,2026-10-08T10:06:50.660212+00:00,semena-zakaz.ru,True
клубника,klubnika.xlsx,HostsTable,2026-10-08T10:06:50.660212+00:00,latestcasinobonuses.bet,True
клубника,klubnika.xlsx,HostsTable,2026-10-08T10:06:50.660212+00:00,ferma.expert,True
клубника,klubnika.xlsx,HostsTable,2026-10-08T10:06:50.660212+00:00,casino1008d.buzz,False
клубника,klubnika.xlsx,HostsTable,2026-10-08T10:06:50.660212+00:00,fruit-cocktail-klubnika.bet,True
клубника,klubnika.xlsx,HostsTable,2026-10-08T10:06:50.660212+00:00,clubnikaslots777wins7.top,False
клубника,klubnika.xlsx,HostsTable,2026-10-08T10:06:50.660212+00:00,casino81fx.buzz,False
клубника,klubnika.xlsx,HostsTable,2026-10-08T10:06:50.660212+00:00,wl5.casino,False
клубника,klubnika.xlsx,HostsTable,2026-10-08T10:06:50.660212+00:00,rus-buket.ru,True
клубника,klubnika.xlsx,HostsTable,2026-10-08T10:06:50.660212+00:00,clubnika-casino-edk.top,False
клубника,klubnika.xlsx,HostsTable,2026-10-08T10:06:50.660212+00:00,rskrf.ru,True
клубника,klubnika.xlsx,HostsTable,2026-10-08T10:06:50.660212+00:00,casinosa46.buzz,False
клубника,klubnika.xlsx,HostsTable,2026-10-08T10:06:50.660212+00:00,wikipedia.org,True
клубника,klubnika.xlsx,HostsTable,2026-10-08T10:06:50.660212+00:00,lenta.ru,True
клубника,klubnika.xlsx,HostsTable,2026-10-08T10:06:50.660212+00:00,casinopokerstavki.com,True
клубника,klubnika.xlsx,HostsTable,2026-10-08T10:06:50.660212+00:00,cklubnika.com,False
клубника,klubnika.xlsx,HostsTable,2026-10-08T10:06:50.660212+00:00,auchan.ru,True
клубника,klubnika.xlsx,HostsTable,2026-10-08T10:06:50.660212+00:00,clubnika-casino-tgk.top,False
клубника,klubnika.xlsx,HostsTable,2026-10-08T10:06:50.660212+00:00,luckclubnika.top,False
клубника,klubnika.xlsx,HostsTable,2026-10-08T10:06:50.660212+00:00,clubnikacasino2024.online,False
клубника,klubnika.xlsx,HostsTable,2026-10-08T10:06:50.660212+00:00,u787.buzz,False
клубника,klubnika.xlsx,HostsTable,2026-10-08T10:06:50.660212+00:00,casino19-08du.sbs,False
клубника,klubnika.xlsx,HostsTable,2026-10-08T10:06:50.660212+00:00,hef1908-casino.sbs,False
клубника,klubnika.xlsx,HostsTable,2026-10-08T10:06:50.660212+00:00,45829.casino,False
клубника,klubnika.xlsx,HostsTable,2026-10-08T10:06:50.660212+00:00,casino-1608cd.buzz,False
клубника,klubnika.xlsx,HostsTable,2026-10-08T10:06:50.660212+00:00,menunedeli.ru,True
клубника,klubnika.xlsx,HostsTable,2026-10-08T10:06:50.660212+00:00,clubnika-106.top,False
клубника,klubnika.xlsx,HostsTable,2026-10-08T10:06:50.660212+00:00,5p22.buzz,False
клубника,klubnika.xlsx,HostsTable,2026-10-08T10:06:50.660212+00:00,gastronom.ru,True
клубника,klubnika.xlsx,HostsTable,2026-10-08T10:06:50.660212+00:00,agroxxi.ru,True
клубника,klubnika.xlsx,HostsTable,2026-10-08T10:06:50.660212+00:00,0x20.buzz,False
клубника,klubnika.xlsx,HostsTable,2026-10-08T10:06:50.660212+00:00,a25.casino,False
клубника,klubnika.xlsx,HostsTable,2026-10-08T10:06:50.660212+00:00,klubnikaplayofficial.ru,False
клубника,klubnika.xlsx,HostsTable,2026-10-08T10:06:50.660212+00:00,chocoberry.shop,False
клубника,klubnika.xlsx,HostsTable,2026-10-08T10:06:50.660212+00:00,clubnika-677.top,False
клубника,klubnika.xlsx,HostsTable,2026-10-08T10:06:50.660212+00:00,haw.casino,False
клубника,klubnika.xlsx,HostsTable,2026-10-08T10:06:50.660212+00:00,fqr.casino,False
клубника,klubnika.xlsx,HostsTable,2026-10-08T10:06:50.660212+00:00,602.buzz,False
клубника,klubnika.xlsx,HostsTable,2026-10-08T10:06:50.660212+00:00,casino3107d.buzz,False
клубника,klubnika.xlsx,HostsTable,2026-10-08T10:06:50.660212+00:00,0808m.casino,False
клубника,klubnika.xlsx,HostsTable,2026-10-08T10:06:50.660212+00:00,clubnikas-fly.xyz,False
клубника,klubnika.xlsx,HostsTable,2026-10-08T10:06:50.660212+00:00,casino4579zer.buzz,False
клубника,klubnika.xlsx,HostsTable,2026-10-08T10:06:50.660212+00:00,68k.casino,False
клубника,klubnika.xlsx,HostsTable,2026-10-08T10:06:50.660212+00:00,e3z.buzz,False
клубника,klubnika.xlsx,HostsTable,2026-10-08T10:06:50.660212+00:00,casinogeu24.buzz,False
клубника,klubnika.xlsx,HostsTable,2026-10-08T10:06:50.660212+00:00,4p83.buzz,False
клубника,klubnika.xlsx,HostsTable,2026-10-08T10:06:50.660212+00:00,kustiksad.ru,True
клубника,klubnika.xlsx,HostsTable,2026-10-08T10:06:50.660212+00:00,a968.buzz,False
клубника,klubnika.xlsx,HostsTable,2026-10-08T10:06:50.660212+00:00,naf.casino,False
клубника,klubnika.xlsx,HostsTable,2026-10-08T10:06:50.660212+00:00,jbw.casino,False
клубника,klubnika.xlsx,HostsTable,2026-10-08T10:06:50.660212+00:00,54176.casino,False
клубника,klubnika.xlsx,HostsTable,2026-10-08T10:06:50.660212+00:00,3007c.casino,False
клубника,klubnika.xlsx,HostsTable,2026-10-08T10:06:50.660212+00:00,zpitomnik.ru,True
клубника,klubnika.xlsx,HostsTable,2026-10-08T10:06:50.660212+00:00,ydvc.buzz,False
клубника,klubnika.xlsx,HostsTable,2026-10-08T10:06:50.660212+00:00,klubnikacasino2.live,False
клубника,klubnika.xlsx,HostsTable,2026-10-08T10:06:50.660212+00:00,berrygo.ru,False
клубника,klubnika.xlsx,HostsTable,2026-10-08T10:06:50.660212+00:00,n512.buzz,False
клубника,klubnika.xlsx,HostsTable,2026-10-08T10:06:50.660212+00:00,45f.buzz,False
клубника,klubnika.xlsx,HostsTable,2026-10-08T10:06:50.660212+00:00,dkq2.buzz,False
клубника,klubnika.xlsx,HostsTable,2026-10-08T10:06:50.660212+00:00,bonus-betting.ru,True
клубника,klubnika.xlsx,HostsTable,2026-10-08T10:06:50.660212+00:00,ria.ru,True
клубника,klubnika.xlsx,HostsTable,2026-10-08T10:06:50.660212+00:00,ruq.casino,False
клубника,klubnika.xlsx,HostsTable,2026-10-08T10:06:50.660212+00:00,clubnika-casino-mql.top,False
клубника,klubnika.xlsx,HostsTable,2026-10-08T10:06:50.660212+00:00,kdnb.team,False
клубника,klubnika.xlsx,HostsTable,2026-10-08T10:06:50.660212+00:00,lfb.casino,False
клубника,klubnika.xlsx,HostsTable,2026-10-08T10:06:50.660212+00:00,klubnikaklubnikaklbnika.top,False
клубника,klubnika.xlsx,HostsTable,2026-10-08T10:06:50.660212+00:00,9900fs.casino,False
клубника,klubnika.xlsx,HostsTable,2026-10-08T10:06:50.660212+00:00,casinolic.com,True
клубника,klubnika.xlsx,HostsTable,2026-10-08T10:06:50.660212+00:00,kikimorashop.ru,False
клубника,klubnika.xlsx,HostsTable,2026-10-08T10:06:50.660212+00:00,chocowell.ru,False
клубника,klubnika.xlsx,HostsTable,2026-10-08T10:06:50.660212+00:00,25k8.buzz,False
клубника,klubnika.xlsx,HostsTable,2026-10-08T10:06:50.660212+00:00,hak.casino,True
клубника,klubnika.xlsx,HostsTable,2026-10-08T10:06:50.660212+00:00,7355-casino.buzz,False
клубника,klubnika.xlsx,HostsTable,2026-10-08T10:06:50.660212+00:00,n6pc.team,False
клубника,klubnika.xlsx,HostsTable,2026-10-08T10:06:50.660212+00:00,clubnika-112.top,False
клубника,klubnika.xlsx,HostsTable,2026-10-08T10:06:50.660212+00:00,online-best.buzz,False
клубника,klubnika.xlsx,HostsTable,2026-10-08T10:06:50.660212+00:00,piyx.casino,False
клубника,klubnika.xlsx,HostsTable,2026-10-08T10:06:50.660212+00:00,04r5.buzz,False
клубника,klubnika.xlsx,HostsTable,2026-10-08T10:06:50.660212+00:00,99498.casino,False
клубника,klubnika.xlsx,HostsTable,2026-10-08T10:06:50.660212+00:00,fa-casino11.buzz,False
клубника,klubnika.xlsx,HostsTable,2026-10-08T10:06:50.660212+00:00,mklubni.ru,False
клубника,klubnika.xlsx,HostsTable,2026-10-08T10:06:50.660212+00:00,clubnika-782.top,False
клубника,klubnika.xlsx,HostsTable,2026-10-08T10:06:50.660212+00:00,cvnp.team,False
клубника,klubnika.xlsx,HostsTable,2026-10-08T10:06:50.660212+00:00,tv.apple.com,True
клубника,klubnika.xlsx,HostsTable,2026-10-08T10:06:50.660212+00:00,clubnika-kgj95.buzz,False
клубника,klubnika.xlsx,HostsTable,2026-10-08T10:06:50.660212+00:00,casinosa35.buzz,False
клубника,klubnika.xlsx,HostsTable,2026-10-08T10:06:50.660212+00:00,vsetopcasino.biz,True
клубника,klubnika.xlsx,HostsTable,2026-10-08T10:06:50.660212+00:00,2408m.casino,False
клубника,klubnika.xlsx,HostsTable,2026-10-08T10:06:50.660212+00:00,1077.buzz,False
клубника,klubnika.xlsx,HostsTable,2026-10-08T10:06:50.660212+00:00,n05.casino,False
клубника,klubnika.xlsx,HostsTable,2026-10-08T10:06:50.660212+00:00,klubnichnysalut.ru,False
клубника,klubnika.xlsx,HostsTable,2026-10-08T10:06:50.660212+00:00,2916.team,False
клубника,klubnika.xlsx,HostsTable,2026-10-08T10:06:50.660212+00:00,sadovyi-mir.ru,True
клубника,klubnika.xlsx,HostsTable,2026-10-08T10:06:50.660212+00:00,jbj.casino,True
клубника,klubnika.xlsx,HostsTable,2026-10-08T10:06:50.660212+00:00,metro-cc.ru,True
клубника,klubnika.xlsx,HostsTable,2026-10-08T10:06:50.660212+00:00,casinopotato.buzz,False
клубника,klubnika.xlsx,HostsTable,2026-10-08T10:06:50.660212+00:00,vashnil.ru,True
клубника,klubnika.xlsx,HostsTable,2026-10-08T10:06:50.660212+00:00,casino77b.lol,False
клубника,klubnika.xlsx,HostsTable,2026-10-08T10:06:50.660212+00:00,fmwc.team,False
клубника,klubnika.xlsx,HostsTable,2026-10-08T10:06:50.660212+00:00,nux.casino,False
клубника,klubnika.xlsx,HostsTable,2026-10-08T10:06:50.660212+00:00,chocoroz.ru,False
клубника,klubnika.xlsx,HostsTable,2026-10-08T10:06:50.660212+00:00,kino-teatr.ru,True
клубника,klubnika.xlsx,HostsTable,2026-10-08T10:06:50.660212+00:00,vfh.buzz,False
клубника,klubnika.xlsx,HostsTable,2026-10-08T10:06:50.660212+00:00,306.buzz,False
клубника,klubnika.xlsx,HostsTable,2026-10-08T10:06:50.660212+00:00,clubnika-8.top,False
клубника,klubnika.xlsx,HostsTable,2026-10-08T10:06:50.660212+00:00,plodopitomnik-sad.ru,True
клубника,klubnika.xlsx,HostsTable,2026-10-08T10:06:50.660212+00:00,topcasino133.buzz,False
клубника,klubnika.xlsx,HostsTable,2026-10-08T10:06:50.660212+00:00,5490.buzz,False
клубника,klubnika.xlsx,HostsTable,2026-10-08T10:06:50.660212+00:00,joyinberry.ru,False
клубника,klubnika.xlsx,HostsTable,2026-10-08T10:06:50.660212+00:00,butterfly-flower.ru,False
клубника,klubnika.xlsx,HostsTable,2026-10-08T10:06:50.660212+00:00,918x.buzz,False
клубника,klubnika.xlsx,HostsTable,2026-10-08T10:06:50.660212+00:00,parkrasteniy.ru,True
клубника,klubnika.xlsx,HostsTable,2026-10-08T10:06:50.660212+00:00,5867.team,False
клубника,klubnika.xlsx,HostsTable,2026-10-08T10:06:50.660212+00:00,clubnika-casino-tgs.buzz,False
клубника,klubnika.xlsx,HostsTable,2026-10-08T10:06:50.660212+00:00,casinosa24.buzz,False
клубника,klubnika.xlsx,HostsTable,2026-10-08T10:06:50.660212+00:00,fruktobuket.ru,False
клубника,klubnika.xlsx,HostsTable,2026-10-08T10:06:50.660212+00:00,ais.casino,False
клубника,klubnika.xlsx,HostsTable,2026-10-08T10:06:50.660212+00:00,bezdepslot18.vip,False
клубника,klubnika.xlsx,HostsTable,2026-10-08T10:06:50.660212+00:00,top1casino.online,False
клубника,klubnika.xlsx,HostsTable,2026-10-08T10:06:50.660212+00:00,slot-game1.ru,True
клубника,klubnika.xlsx,HostsTable,2026-10-08T10:06:50.660212+00:00,shazam.com,True
клубника,klubnika.xlsx,HostsTable,2026-10-08T10:06:50.660212+00:00,biu.casino,False
клубника,klubnika.xlsx,HostsTable,2026-10-08T10:06:50.660212+00:00,rtnm.team,False
клубника,klubnika.xlsx,HostsTable,2026-10-08T10:06:50.660212+00:00,y6i.casino,False
клубника,klubnika.xlsx,HostsTable,2026-10-08T10:06:50.660212+00:00,clubnika-casino-enr.top,False
клубника,klubnika.xlsx,HostsTable,2026-10-08T10:06:50.660212+00:00,wcd.buzz,False
клубника,klubnika.xlsx,HostsTable,2026-10-08T10:06:50.660212+00:00,954.buzz,False
клубника,klubnika.xlsx,HostsTable,2026-10-08T10:06:50.660212+00:00,clubnika-wxe28.sbs,False
клубника,klubnika.xlsx,HostsTable,2026-10-08T10:06:50.660212+00:00,1sad.shop,True
клубника,klubnika.xlsx,HostsTable,2026-10-08T10:06:50.660212+00:00,clubnika-casino-mtj.top,False
клубника,klubnika.xlsx,HostsTable,2026-10-08T10:06:50.660212+00:00,9847.buzz,False
клубника,klubnika.xlsx,HostsTable,2026-10-08T10:06:50.660212+00:00,casino1608no.fun,False
клубника,klubnika.xlsx,HostsTable,2026-10-08T10:06:50.660212+00:00,k381.buzz,False
клубника,klubnika.xlsx,HostsTable,2026-10-08T10:06:50.660212+00:00,berryfantasy.ru,False
клубника,klubnika.xlsx,HostsTable,2026-10-08T10:06:50.660212+00:00,novochag.ru,True
клубника,klubnika.xlsx,HostsTable,2026-10-08T10:06:50.660212+00:00,g2k.team,False
клубника,klubnika.xlsx,HostsTable,2026-10-08T10:06:50.660212+00:00,klubnikakazino.ink,False
клубника,klubnika.xlsx,HostsTable,2026-10-08T10:06:50.660212+00:00,xic.casino,False
клубника,klubnika.xlsx,HostsTable,2026-10-08T10:06:50.660212+00:00,183.buzz,False
клубника,klubnika.xlsx,HostsTable,2026-10-08T10:06:50.660212+00:00,flx1508casino.buzz,False
клубника,klubnika.xlsx,HostsTable,2026-10-08T10:06:50.660212+00:00,rg.ru,True
клубника,klubnika.xlsx,HostsTable,2026-10-08T10:06:50.660212+00:00,d122.buzz,False
клубника,klubnika.xlsx,HostsTable,2026-10-08T10:06:50.660212+00:00,endorfin-gift.ru,False
клубника,klubnika.xlsx,HostsTable,2026-10-08T10:06:50.660212+00:00,topcasino.lol,False
клубника,klubnika.xlsx,HostsTable,2026-10-08T10:06:50.660212+00:00,3-sada.ru,True
клубника,klubnika.xlsx,HostsTable,2026-10-08T10:06:50.660212+00:00,6928.team,False
клубника,klubnika.xlsx,HostsTable,2026-10-08T10:06:50.660212+00:00,casino-1908cgh.cfd,False
клубника,klubnika.xlsx,HostsTable,2026-10-08T10:06:50.660212+00:00,50283.casino,False
клубника,klubnika.xlsx,HostsTable,2026-10-08T10:06:50.660212+00:00,2354.team,False
клубника,klubnika.xlsx,HostsTable,2026-10-08T10:06:50.660212+00:00,mntb.team,False
клубника,klubnika.xlsx,HostsTable,2026-10-08T10:06:50.660212+00:00,3mh.buzz,False
клубника,klubnika.xlsx,HostsTable,2026-10-08T10:06:50.660212+00:00,k973.buzz,False
клубника,klubnika.xlsx,HostsTable,2026-10-08T10:06:50.660212+00:00,clubnika-805.top,False
клубника,klubnika.xlsx,HostsTable,2026-10-08T10:06:50.660212+00:00,igamingrus.com,True
клубника,klubnika.xlsx,HostsTable,2026-10-08T10:06:50.660212+00:00,eps.casino,False
клубника,klubnika.xlsx,HostsTable,2026-10-08T10:06:50.660212+00:00,clubnika-casino-dcy.top,False
клубника,klubnika.xlsx,HostsTable,2026-10-08T10:06:50.660212+00:00,rbc.ru,True
клубника,klubnika.xlsx,HostsTable,2026-10-08T10:06:50.660212+00:00,u419.buzz,False
клубника,klubnika.xlsx,HostsTable,2026-10-08T10:06:50.660212+00:00,casino5386bons.buzz,False
клубника,klubnika.xlsx,HostsTable,2026-10-08T10:06:50.660212+00:00,1467.team,False
клубника,klubnika.xlsx,HostsTable,2026-10-08T10:06:50.660212+00:00,casinosan.team,False
клубника,klubnika.xlsx,HostsTable,2026-10-08T10:06:50.660212+00:00,34871.casino,False
клубника,klubnika.xlsx,HostsTable,2026-10-08T10:06:50.660212+00:00,clubnika-gru.top,False
клубника,klubnika.xlsx,HostsTable,2026-10-08T10:06:50.660212+00:00,zbw.casino,False
клубника,klubnika.xlsx,HostsTable,2026-10-08T10:06:50.660212+00:00,mts.ru,True
клубника,klubnika.xlsx,HostsTable,2026-10-08T10:06:50.660212+00:00,twinspin.ru,True
клубника,klubnika.xlsx,HostsTable,2026-10-08T10:06:50.660212+00:00,berry-basket.ru,False
клубника,klubnika.xlsx,HostsTable,2026-10-08T10:06:50.660212+00:00,clubnika-casino-0zap6.top,False
клубника,klubnika.xlsx,HostsTable,2026-10-08T10:06:50.660212+00:00,i631.buzz,False
клубника,klubnika.xlsx,HostsTable,2026-10-08T10:06:50.660212+00:00,clubnikamusic.ru,False
клубника,klubnika.xlsx,HostsTable,2026-10-08T10:06:50.660212+00:00,edimdoma.ru,True
клубника,klubnika.xlsx,HostsTable,2026-10-08T10:06:50.660212+00:00,03-08m.casino,False
клубника,klubnika.xlsx,HostsTable,2026-10-08T10:06:50.660212+00:00,tob.casino,False
клубника,klubnika.xlsx,HostsTable,2026-10-08T10:06:50.660212+00:00,m704.buzz,False
клубника,klubnika.xlsx,HostsTable,2026-10-08T10:06:50.660212+00:00,29-08casino.buzz,False
клубника,klubnika.xlsx,HostsTable,2026-10-08T10:06:50.660212+00:00,2078.buzz,False
клубника,klubnika.xlsx,HostsTable,2026-10-08T10:06:50.660212+00:00,sasinoclubnikarf-ru.ru,False
клубника,klubnika.xlsx,HostsTable,2026-10-08T10:06:50.660212+00:00,fruitcocktail.buzz,True
клубника,klubnika.xlsx,HostsTable,2026-10-08T10:06:50.660212+00:00,kulinarenok.ru,True
клубника,klubnika.xlsx,HostsTable,2026-10-08T10:06:50.660212+00:00,3791.buzz,False
клубника,klubnika.xlsx,HostsTable,2026-10-08T10:06:50.660212+00:00,ejt.casino,False
клубника,klubnika.xlsx,HostsTable,2026-10-08T10:06:50.660212+00:00,lifehacker.ru,True
клубника,klubnika.xlsx,HostsTable,2026-10-08T10:06:50.660212+00:00,5k76.buzz,False
клубника,klubnika.xlsx,HostsTable,2026-10-08T10:06:50.660212+00:00,la-fruit.ru,False
клубника,klubnika.xlsx,HostsTable,2026-10-08T10:06:50.660212+00:00,6976.buzz,False
клубника,klubnika.xlsx,HostsTable,2026-10-08T10:06:50.660212+00:00,6lc.casino,False
клубника,klubnika.xlsx,HostsTable,2026-10-08T10:06:50.660212+00:00,stl.casino,False
клубника,klubnika.xlsx,HostsTable,2026-10-08T10:06:50.660212+00:00,clubnika-casino-eyi.top,False
клубника,klubnika.xlsx,HostsTable,2026-10-08T10:06:50.660212+00:00,games-cv.com,False
клубника,klubnika.xlsx,HostsTable,2026-10-08T10:06:50.660212+00:00,q900.buzz,False
клубника,klubnika.xlsx,HostsTable,2026-10-08T10:06:50.660212+00:00,instagram.com,False
клубника,klubnika.xlsx,HostsTable,2026-10-08T10:06:50.660212+00:00,casino85f.team,False
клубника,klubnika.xlsx,HostsTable,2026-10-08T10:06:50.660212+00:00,casino-clubnika-mc.top,False
клубника,klubnika.xlsx,HostsTable,2026-10-08T10:06:50.660212+00:00,gipfel.ru,True
клубника,klubnika.xlsx,HostsTable,2026-10-08T10:06:50.660212+00:00,gametrica.ru,True
клубника,klubnika.xlsx,HostsTable,2026-10-08T10:06:50.660212+00:00,u82.buzz,False
клубника,klubnika.xlsx,HostsTable,2026-10-08T10:06:50.660212+00:00,evi.casino,False
клубника,klubnika.xlsx,HostsTable,2026-10-08T10:06:50.660212+00:00,darvin-market.ru,True
клубника,klubnika.xlsx,HostsTable,2026-10-08T10:06:50.660212+00:00,79y0.buzz,False
клубника,klubnika.xlsx,HostsTable,2026-10-08T10:06:50.660212+00:00,casino0b3.team,False
клубника,klubnika.xlsx,HostsTable,2026-10-08T10:06:50.660212+00:00,5374.team,False
клубника,klubnika.xlsx,HostsTable,2026-10-08T10:06:50.660212+00:00,uln.casino,False
клубника,klubnika.xlsx,HostsTable,2026-10-08T10:06:50.660212+00:00,agromarket.ru,True
клубника,klubnika.xlsx,HostsTable,2026-10-08T10:06:50.660212+00:00,s586.buzz,False
клубника,klubnika.xlsx,HostsTable,2026-10-08T10:06:50.660212+00:00,kbc.casino,False
клубника,klubnika.xlsx,HostsTable,2026-10-08T10:06:50.660212+00:00,360p.buzz,False
клубника,klubnika.xlsx,HostsTable,2026-10-08T10:06:50.660212+00:00,casinosvyvodom.com,True
клубника,klubnika.xlsx,HostsTable,2026-10-08T10:06:50.660212+00:00,jn5.casino,False
клубника,klubnika.xlsx,HostsTable,2026-10-08T10:06:50.660212+00:00,kinorium.com,True
клубника,klubnika.xlsx,HostsTable,2026-10-08T10:06:50.660212+00:00,clubnika-016.top,False
клубника,klubnika.xlsx,HostsTable,2026-10-08T10:06:50.660212+00:00,nld.casino,False
клубника,klubnika.xlsx,HostsTable,2026-10-08T10:06:50.660212+00:00,98m4.buzz,False
клубника,klubnika.xlsx,HostsTable,2026-10-08T10:06:50.660212+00:00,c7o.casino,False
клубника,klubnika.xlsx,HostsTable,2026-10-08T10:06:50.660212+00:00,clubnika-casino-xcx.top,False
клубника,klubnika.xlsx,HostsTable,2026-10-08T10:06:50.660212+00:00,2008t.casino,False
клубника,klubnika.xlsx,HostsTable,2026-10-08T10:06:50.660212+00:00,07b2.buzz,False
клубника,klubnika.xlsx,HostsTable,2026-10-08T10:06:50.660212+00:00,2214.team,False
клубника,klubnika.xlsx,HostsTable,2026-10-08T10:06:50.660212+00:00,p338.buzz,False
клубника,klubnika.xlsx,HostsTable,2026-10-08T10:06:50.660212+00:00,semena.ru,True
клубника,klubnika.xlsx,HostsTable,2026-10-08T10:06:50.660212+00:00,9661.buzz,False
клубника,klubnika.xlsx,HostsTable,2026-10-08T10:06:50.660212+00:00,25k6.buzz,False
клубника,klubnika.xlsx,HostsTable,2026-10-08T10:06:50.660212+00:00,15n8.buzz,False
клубника,klubnika.xlsx,HostsTable,2026-10-08T10:06:50.660212+00:00,roscasinos.com,True
клубника,klubnika.xlsx,HostsTable,2026-10-08T10:06:50.660212+00:00,fruitcocktailrus.site,True
клубника,klubnika.xlsx,HostsTable,2026-10-08T10:06:50.660212+00:00,roza4u.ru,True
клубника,klubnika.xlsx,HostsTable,2026-10-08T10:06:50.660212+00:00,zapah-klubniki-lordfilms.ru,False
клубника,klubnika.xlsx,HostsTable,2026-10-08T10:06:50.660212+00:00,rrm.casino,False
клубника,klubnika.xlsx,HostsTable,2026-10-08T10:06:50.660212+00:00,povarenok.ru,True
клубника,klubnika.xlsx,HostsTable,2026-10-08T10:06:50.660212+00:00,873.lol,False
клубника,klubnika.xlsx,HostsTable,2026-10-08T10:06:50.660212+00:00,48x8.buzz,False
клубника,klubnika.xlsx,HostsTable,2026-10-08T10:06:50.660212+00:00,g711.buzz,False
клубника,klubnika.xlsx,HostsTable,2026-10-08T10:06:50.660212+00:00,zfi.casino,True
клубника,klubnika.xlsx,HostsTable,2026-10-08T10:06:50.660212+00:00,gardenmart24.ru,True
клубника,klubnika.xlsx,HostsTable,2026-10-08T10:06:50.660212+00:00,7dach.ru,True
клубника,klubnika.xlsx,HostsTable,2026-10-08T10:06:50.660212+00:00,boosty.to,True
клубника,klubnika.xlsx,HostsTable,2026-10-08T10:06:50.660212+00:00,282l.buzz,False
клубника,klubnika.xlsx,HostsTable,2026-10-08T10:06:50.660212+00:00,2669.casino,False
клубника,klubnika.xlsx,HostsTable,2026-10-08T10:06:50.660212+00:00,hru.casino,False
клубника,klubnika.xlsx,HostsTable,2026-10-08T10:06:50.660212+00:00,orton.ru,True
клубника,klubnika.xlsx,HostsTable,2026-10-08T10:06:50.660212+00:00,128g.buzz,False
клубника,klubnika.xlsx,HostsTable,2026-10-08T10:06:50.660212+00:00,bea.casino,False
клубника,klubnika.xlsx,HostsTable,2026-10-08T10:06:50.660212+00:00,wikihow.com,True
клубника,klubnika.xlsx,HostsTable,2026-10-08T10:06:50.660212+00:00,pravda.ru,True
клубника,klubnika.xlsx,HostsTable,2026-10-08T10:06:50.660212+00:00,music.apple.com,True
клубника,klubnika.xlsx,HostsTable,2026-10-08T10:06:50.660212+00:00,ql0.buzz,False
клубника,klubnika.xlsx,HostsTable,2026-10-08T10:06:50.660212+00:00,83474.casino,False
клубника,klubnika.xlsx,HostsTable,2026-10-08T10:06:50.660212+00:00,wmboost.site,True
клубника,klubnika.xlsx,HostsTable,2026-10-08T10:06:50.660212+00:00,ruwiki.ru,True
клубника,klubnika.xlsx,HostsTable,2026-10-08T10:06:50.660212+00:00,777go.buzz,False
клубника,klubnika.xlsx,HostsTable,2026-10-08T10:06:50.660212+00:00,casino3960.lol,False
клубника,klubnika.xlsx,HostsTable,2026-10-08T10:06:50.660212+00:00,u74.site,False
клубника,klubnika.xlsx,HostsTable,2026-10-08T10:06:50.660212+00:00,8000g.buzz,False
клубника,klubnika.xlsx,HostsTable,2026-10-08T10:06:50.660212+00:00,profitoffer.ru,True
клубника,klubnika.xlsx,HostsTable,2026-10-08T10:06:50.660212+00:00,iris-casino17.click,False
клубника,klubnika.xlsx,HostsTable,2026-10-08T10:06:50.660212+00:00,8c91.buzz,False
клубника,klubnika.xlsx,HostsTable,2026-10-08T10:06:50.660212+00:00,povar.ru,True
клубника,klubnika.xlsx,HostsTable,2026-10-08T10:06:50.660212+00:00,94294.casino,False
клубника,klubnika.xlsx,HostsTable,2026-10-08T10:06:50.660212+00:00,7227.team,False
клубника,klubnika.xlsx,HostsTable,2026-10-08T10:06:50.660212+00:00,casino-official.buzz,False
клубника,klubnika.xlsx,HostsTable,2026-10-08T10:06:50.660212+00:00,ailita-shop.ru,True
клубника,klubnika.xlsx,HostsTable,2026-10-08T10:06:50.660212+00:00,choco-berry.ru,False
клубника,klubnika.xlsx,HostsTable,2026-10-08T10:06:50.660212+00:00,clubnika-play.site,False
клубника,klubnika.xlsx,HostsTable,2026-10-08T10:06:50.660212+00:00,24smi.org,True
клубника,klubnika.xlsx,HostsTable,2026-10-08T10:06:50.660212+00:00,casino2908d.team,False
клубника,klubnika.xlsx,HostsTable,2026-10-08T10:06:50.660212+00:00,clubnika-casino-ymo.buzz,False
клубника,klubnika.xlsx,HostsTable,2026-10-08T10:06:50.660212+00:00,spvu.team,False
клубника,klubnika.xlsx,HostsTable,2026-10-08T10:06:50.660212+00:00,m693.buzz,False
клубника,klubnika.xlsx,HostsTable,2026-10-08T10:06:50.660212+00:00,clubnika-zzw36.buzz,False
клубника,klubnika.xlsx,HostsTable,2026-10-08T10:06:50.660212+00:00,195y.buzz,False
клубника,klubnika.xlsx,HostsTable,2026-10-08T10:06:50.660212+00:00,9h2.casino,False
клубника,klubnika.xlsx,HostsTable,2026-10-08T10:06:50.660212+00:00,3008m.casino,True
клубника,klubnika.xlsx,HostsTable,2026-10-08T10:06:50.660212+00:00,3518.team,False
клубника,klubnika.xlsx,HostsTable,2026-10-08T10:06:50.660212+00:00,yagodnoe-velichestvo.ru,True
клубника,klubnika.xlsx,HostsTable,2026-10-08T10:06:50.660212+00:00,casino-otzovik.su,True
клубника,klubnika.xlsx,HostsTable,2026-10-08T10:06:50.660212+00:00,tennis-bet.ru,True
клубника,klubnika.xlsx,HostsTable,2026-10-08T10:06:50.660212+00:00,kino.mail.ru,True
клубника,klubnika.xlsx,HostsTable,2026-10-08T10:06:50.660212+00:00,cadeaux.ru,True
клубника,klubnika.xlsx,HostsTable,2026-10-08T10:06:50.660212+00:00,4979.buzz,False
клубника,klubnika.xlsx,HostsTable,2026-10-08T10:06:50.660212+00:00,market.yandex.ru,True
клубника,klubnika.xlsx,HostsTable,2026-10-08T10:06:50.660212+00:00,gribanovosad.ru,True
клубника,klubnika.xlsx,HostsTable,2026-10-08T10:06:50.660212+00:00,680z.buzz,False
клубника,klubnika.xlsx,HostsTable,2026-10-08T10:06:50.660212+00:00,tim1608-casino.fun,False
клубника,klubnika.xlsx,HostsTable,2026-10-08T10:06:50.660212+00:00,happyberrychoco.ru,False
клубника,klubnika.xlsx,HostsTable,2026-10-08T10:06:50.660212+00:00,clubnika-sot86.cfd,False
клубника,klubnika.xlsx,HostsTable,2026-10-08T10:06:50.660212+00:00,sad-365.ru,True
клубника,klubnika.xlsx,HostsTable,2026-10-08T10:06:50.660212+00:00,n2rf.team,False
клубника,klubnika.xlsx,HostsTable,2026-10-08T10:06:50.660212+00:00,7rh.casino,False
клубника,klubnika.xlsx,HostsTable,2026-10-08T10:06:50.660212+00:00,sazhency-bori.ru,True
клубника,klubnika.xlsx,HostsTable,2026-10-08T10:06:50.660212+00:00,casino4jm.buzz,False
клубника,klubnika.xlsx,HostsTable,2026-10-08T10:06:50.660212+00:00,web20.top,True
клубника,klubnika.xlsx,HostsTable,2026-10-08T10:06:50.660212+00:00,171r.buzz,False
клубника,klubnika.xlsx,HostsTable,2026-10-08T10:06:50.660212+00:00,casino16-08sa.buzz,False
клубника,klubnika.xlsx,HostsTable,2026-10-08T10:06:50.660212+00:00,2fk.buzz,False
клубника,klubnika.xlsx,HostsTable,2026-10-08T10:06:50.660212+00:00,svoy-pitomnik.ru,True
клубника,klubnika.xlsx,HostsTable,2026-10-08T10:06:50.660212+00:00,clubnika-casinos.com,False
клубника,klubnika.xlsx,HostsTable,2026-10-08T10:06:50.660212+00:00,lady.mail.ru,True
клубника,klubnika.xlsx,HostsTable,2026-10-08T10:06:50.660212+00:00,vk.me,True
клубника,klubnika.xlsx,HostsTable,2026-10-08T10:06:50.660212+00:00,usadba-shop.ru,True
клубника,klubnika.xlsx,HostsTable,2026-10-08T10:06:50.660212+00:00,v33.buzz,False
клубника,klubnika.xlsx,HostsTable,2026-10-08T10:06:50.660212+00:00,03-08z.casino,False
клубника,klubnika.xlsx,HostsTable,2026-10-08T10:06:50.660212+00:00,1932.buzz,False
клубника,klubnika.xlsx,HostsTable,2026-10-08T10:06:50.660212+00:00,cod-promo.com,True
клубника,klubnika.xlsx,HostsTable,2026-10-08T10:06:50.660212+00:00,2fn.casino,False
клубника,klubnika.xlsx,HostsTable,2026-10-08T10:06:50.660212+00:00,zapah-klubniku-lordfilm.ru,False
клубника,klubnika.xlsx,HostsTable,2026-10-08T10:06:50.660212+00:00,5682.casino,False
клубника,klubnika.xlsx,HostsTable,2026-10-08T10:06:50.660212+00:00,v131.buzz,False
клубника,klubnika.xlsx,HostsTable,2026-10-08T10:06:50.660212+00:00,casino1608rofl.buzz,False
клубника,klubnika.xlsx,HostsTable,2026-10-08T10:06:50.660212+00:00,casino0608d.buzz,False
клубника,klubnika.xlsx,HostsTable,2026-10-08T10:06:50.660212+00:00,klubniks-stacked.top,False
клубника,klubnika.xlsx,HostsTable,2026-10-08T10:06:50.660212+00:00,buketprosto.ru,True
клубника,klubnika.xlsx,HostsTable,2026-10-08T10:06:50.660212+00:00,belnovosti.by,True
клубника,klubnika.xlsx,HostsTable,2026-10-08T10:06:50.660212+00:00,otzovik.com,True
клубника,klubnika.xlsx,HostsTable,2026-10-08T10:06:50.660212+00:00,dikoed.ru,False
клубника,klubnika.xlsx,HostsTable,2026-10-08T10:06:50.660212+00:00,casinoclubnika-bc.top,False
клубника,klubnika.xlsx,HostsTable,2026-10-08T10:06:50.660212+00:00,hd888.buzz,False
клубника,klubnika.xlsx,HostsTable,2026-10-08T10:06:50.660212+00:00,h21.casino,False
клубника,klubnika.xlsx,HostsTable,2026-10-08T10:06:50.660212+00:00,tagilcity.ru,True
клубника,klubnika.xlsx,HostsTable,2026-10-08T10:06:50.660212+00:00,hjsf.team,True
клубника,klubnika.xlsx,HostsTable,2026-10-08T10:06:50.660212+00:00,sakh.online,True
клубника,klubnika.xlsx,HostsTable,2026-10-08T10:06:50.660212+00:00,casino57946.buzz,False
клубника,klubnika.xlsx,HostsTable,2026-10-08T10:06:50.660212+00:00,2748.team,False
клубника,klubnika.xlsx,HostsTable,2026-10-08T10:06:50.660212+00:00,igraklubnichkiqw.run,False
клубника,klubnika.xlsx,HostsTable,2026-10-08T10:06:50.660212+00:00,30x1.buzz,False
клубника,klubnika.xlsx,HostsTable,2026-10-08T10:06:50.660212+00:00,7152.buzz,False
клубника,klubnika.xlsx,HostsTable,2026-10-08T10:06:50.660212+00:00,casinoprofits-win.ru,False
клубника,klubnika.xlsx,HostsTable,2026-10-08T10:06:50.660212+00:00,fhg.casino,False
клубника,klubnika.xlsx,HostsTable,2026-10-08T10:06:50.660212+00:00,rejting-top.buzz,False
клубника,klubnika.xlsx,HostsTable,2026-10-08T10:06:50.660212+00:00,25x8.buzz,False
клубника,klubnika.xlsx,HostsTable,2026-10-08T10:06:50.660212+00:00,verria.ru,False
клубника,klubnika.xlsx,HostsTable,2026-10-08T10:06:50.660212+00:00,wtn.casino,True
клубника,klubnika.xlsx,HostsTable,2026-10-08T10:06:50.660212+00:00,rosbalt.ru,True
клубника,klubnika.xlsx,HostsTable,2026-10-08T10:06:50.660212+00:00,casino369.sbs,False
клубника,klubnika.xlsx,HostsTable,2026-10-08T10:06:50.660212+00:00,kwb.casino,False
клубника,klubnika.xlsx,HostsTable,2026-10-08T10:06:50.660212+00:00,eef.casino,False
клубника,klubnika.xlsx,HostsTable,2026-10-08T10:06:50.660212+00:00,casino15reg.buzz,False
клубника,klubnika.xlsx,HostsTable,2026-10-08T10:06:50.660212+00:00,clubnika.casino,False
клубника,klubnika.xlsx,HostsTable,2026-10-08T10:06:50.660212+00:00,clubnika-rvu34.top,False
клубника,klubnika.xlsx,HostsTable,2026-10-08T10:06:50.660212+00:00,5x25.buzz,False
клубника,klubnika.xlsx,HostsTable,2026-10-08T10:06:50.660212+00:00,chocoboom.spb.ru,False
клубника,klubnika.xlsx,HostsTable,2026-10-08T10:06:50.660212+00:00,chefmarket.ru,True
клубника,klubnika.xlsx,HostsTable,2026-10-08T10:06:50.660212+00:00,5469.buzz,False
клубника,klubnika.xlsx,HostsTable,2026-10-08T10:06:50.660212+00:00,plodovyimir.ru,False
клубника,klubnika.xlsx,HostsTable,2026-10-08T10:06:50.660212+00:00,iamcook.ru,True
клубника,klubnika.xlsx,HostsTable,2026-10-08T10:06:50.660212+00:00,973.buzz,False
клубника,klubnika.xlsx,HostsTable,2026-10-08T10:06:50.660212+00:00,001j.buzz,False
клубника,klubnika.xlsx,HostsTable,2026-10-08T10:06:50.660212+00:00,casino1408d.buzz,False
клубника,klubnika.xlsx,HostsTable,2026-10-08T10:06:50.660212+00:00,xvr.casino,False
клубника,klubnika.xlsx,HostsTable,2026-10-08T10:06:50.660212+00:00,clubnika-casino.com,False
клубника,klubnika.xlsx,HostsTable,2026-10-08T10:06:50.660212+00:00,rfkazino.com,True
клубника,klubnika.xlsx,HostsTable,2026-10-08T10:06:50.660212+00:00,440g.buzz,False
клубника,klubnika.xlsx,HostsTable,2026-10-08T10:06:50.660212+00:00,k52.buzz,False
клубника,klubnika.xlsx,HostsTable,2026-10-08T10:06:50.660212+00:00,abekker.ru,True
клубника,klubnika.xlsx,HostsTable,2026-10-08T10:06:50.660212+00:00,c730.buzz,False
клубника,klubnika.xlsx,HostsTable,2026-10-08T10:06:50.660212+00:00,korolevskysad.ru,True
клубника,klubnika.xlsx,HostsTable,2026-10-08T10:06:50.660212+00:00,gexa.ru,True
клубника,klubnika.xlsx,HostsTable,2026-10-08T10:06:50.660212+00:00,3u51.buzz,False
клубника,klubnika.xlsx,HostsTable,2026-10-08T10:06:50.660212+00:00,casinos1a.com,True
клубника,klubnika.xlsx,HostsTable,2026-10-08T10:06:50.660212+00:00,clubnika-win.online,False
клубника,klubnika.xlsx,HostsTable,2026-10-08T10:06:50.660212+00:00,klubnika-casino-vx4.ru,False
клубника,klubnika.xlsx,HostsTable,2026-10-08T10:06:50.660212+00:00,casinosa26.buzz,False
клубника,klubnika.xlsx,HostsTable,2026-10-08T10:06:50.660212+00:00,dom.mail.ru,True
клубника,klubnika.xlsx,HostsTable,2026-10-08T10:06:50.660212+00:00,aw3.buzz,False
клубника,klubnika.xlsx,HostsTable,2026-10-08T10:06:50.660212+00:00,kerubini.ru,True
клубника,klubnika.xlsx,HostsTable,2026-10-08T10:06:50.660212+00:00,r55.buzz,False
клубника,klubnika.xlsx,HostsTable,2026-10-08T10:06:50.660212+00:00,vprok.ru,True
клубника,klubnika.xlsx,HostsTable,2026-10-08T10:06:50.660212+00:00,plodopitomnik-sad.by,True
клубника,klubnika.xlsx,HostsTable,2026-10-08T10:06:50.660212+00:00,cge48.ru,True
клубника,klubnika.xlsx,HostsTable,2026-10-08T10:06:50.660212+00:00,irecommend.ru,True
клубника,klubnika.xlsx,HostsTable,2026-10-08T10:06:50.660212+00:00,rospotrebnadzor.ru,True
клубника,klubnika.xlsx,HostsTable,2026-10-08T10:06:50.660212+00:00,abekker.by,True
клубника,klubnika.xlsx,HostsTable,2026-10-08T10:06:50.660212+00:00,77q4.buzz,False
клубника,klubnika.xlsx,HostsTable,2026-10-08T10:06:50.660212+00:00,68g8.buzz,False
клубника,klubnika.xlsx,HostsTable,2026-10-08T10:06:50.660212+00:00,r682.buzz,False
клубника,klubnika.xlsx,HostsTable,2026-10-08T10:06:50.660212+00:00,casino-8815.buzz,False
клубника,klubnika.xlsx,HostsTable,2026-10-08T10:06:50.660212+00:00,olbt.buzz,False
клубника,klubnika.xlsx,HostsTable,2026-10-08T10:06:50.660212+00:00,clubnika.click,False
клубника,klubnika.xlsx,HostsTable,2026-10-08T10:06:50.660212+00:00,7k70.buzz,False
клубника,klubnika.xlsx,HostsTable,2026-10-08T10:06:50.660212+00:00,y2w.casino,False
клубника,klubnika.xlsx,HostsTable,2026-10-08T10:06:50.660212+00:00,x093.buzz,False
клубника,klubnika.xlsx,HostsTable,2026-10-08T10:06:50.660212+00:00,1947.team,False
клубника,klubnika.xlsx,HostsTable,2026-10-08T10:06:50.660212+00:00,5360.buzz,False
клубника,klubnika.xlsx,HostsTable,2026-10-08T10:06:50.660212+00:00,r441.buzz,False
клубника,klubnika.xlsx,HostsTable,2026-10-08T10:06:50.660212+00:00,sad-express24.ru,True
клубника,klubnika.xlsx,HostsTable,2026-10-08T10:06:50.660212+00:00,116.ru,True
клубника,klubnika.xlsx,HostsTable,2026-10-08T10:06:50.660212+00:00,clubnika-gmh52.buzz,False
клубника,klubnika.xlsx,HostsTable,2026-10-08T10:06:50.660212+00:00,casinosa22.buzz,False
клубника,klubnika.xlsx,HostsTable,2026-10-08T10:06:50.660212+00:00,martin-sad.ru,True
клубника,klubnika.xlsx,HostsTable,2026-10-08T10:06:50.660212+00:00,roza78.ru,False
клубника,klubnika.xlsx,HostsTable,2026-10-08T10:06:50.660212+00:00,burninghut.ru,True
клубника,klubnika.xlsx,HostsTable,2026-10-08T10:06:50.660212+00:00,m1k.team,False
клубника,klubnika.xlsx,HostsTable,2026-10-08T10:06:50.660212+00:00,clubnika-casino-nw.top,False
клубника,klubnika.xlsx,HostsTable,2026-10-08T10:06:50.660212+00:00,casinosa50.buzz,True
клубника,klubnika.xlsx,HostsTable,2026-10-08T10:06:50.660212+00:00,clubnikacasino-ka.buzz,False
клубника,klubnika.xlsx,HostsTable,2026-10-08T10:06:50.660212+00:00,casinoo7l.sbs,False
клубника,klubnika.xlsx,HostsTable,2026-10-08T10:06:50.660212+00:00,a3d.team,False
клубника,klubnika.xlsx,HostsTable,2026-10-08T10:06:50.660212+00:00,ffb.buzz,False
клубника,klubnika.xlsx,HostsTable,2026-10-08T10:06:50.660212+00:00,berrystore.ru,True
клубника,klubnika.xlsx,HostsTable,2026-10-08T10:06:50.660212+00:00,1308q.casino,False
клубника,klubnika.xlsx,HostsTable,2026-10-08T10:06:50.660212+00:00,rambler.ru,True
клубника,klubnika.xlsx,HostsTable,2026-10-08T10:06:50.660212+00:00,1cf.team,False
клубника,klubnika.xlsx,HostsTable,2026-10-08T10:06:50.660212+00:00,casinogamble.ru,False
клубника,klubnika.xlsx,HostsTable,2026-10-08T10:06:50.660212+00:00,091r.buzz,False
клубника,klubnika.xlsx,HostsTable,2026-10-08T10:06:50.660212+00:00,top-kazino-rejting.com,True
клубника,klubnika.xlsx,HostsTable,2026-10-08T10:06:50.660212+00:00,nct.casino,True
клубника,klubnika.xlsx,HostsTable,2026-10-08T10:06:50.660212+00:00,casino-wom.team,False
клубника,klubnika.xlsx,HostsTable,2026-10-08T10:06:50.660212+00:00,270l.buzz,False
клубника,klubnika.xlsx,HostsTable,2026-10-08T10:06:50.660212+00:00,6729.team,False
клубника,klubnika.xlsx,HostsTable,2026-10-08T10:06:50.660212+00:00,vulkanrussia-kasino.xyz,False
клубника,klubnika.xlsx,HostsTable,2026-10-08T10:06:50.660212+00:00,koolinar.ru,True
клубника,klubnika.xlsx,HostsTable,2026-10-08T10:06:50.660212+00:00,a67.buzz,False
клубника,klubnika.xlsx,HostsTable,2026-10-08T10:06:50.660212+00:00,xn----7sbahcidia5fd3ae5rh.xn--p1ai,True
клубника,klubnika.xlsx,HostsTable,2026-10-08T10:06:50.660212+00:00,food.ru,True
клубника,klubnika.xlsx,HostsTable,2026-10-08T10:06:50.660212+00:00,lemanapro.ru,True
клубника,klubnika.xlsx,HostsTable,2026-10-08T10:06:50.660212+00:00,clubnika-casino-0uxp2.top,False
клубника,klubnika.xlsx,HostsTable,2026-10-08T10:06:50.660212+00:00,2508q.casino,False
клубника,klubnika.xlsx,HostsTable,2026-10-08T10:06:50.660212+00:00,inw.casino,False
клубника,klubnika.xlsx,HostsTable,2026-10-08T10:06:50.660212+00:00,9m62.buzz,False
клубника,klubnika.xlsx,HostsTable,2026-10-08T10:06:50.660212+00:00,flowers-sib.ru,True
клубника,klubnika.xlsx,HostsTable,2026-10-08T10:06:50.660212+00:00,bb83r.team,False
клубника,klubnika.xlsx,HostsTable,2026-10-08T10:06:50.660212+00:00,68042.casino,False
клубника,klubnika.xlsx,HostsTable,2026-10-08T10:06:50.660212+00:00,sadowodam.ru,False
клубника,klubnika.xlsx,HostsTable,2026-10-08T10:06:50.660212+00:00,borschbuket.ru,False
клубника,klubnika.xlsx,HostsTable,2026-10-08T10:06:50.660212+00:00,bona-forte.ru,True
клубника,klubnika.xlsx,HostsTable,2026-10-08T10:06:50.660212+00:00,vhoz.ru,True
клубника,klubnika.xlsx,HostsTable,2026-10-08T10:06:50.660212+00:00,173c.buzz,False
клубника,klubnika.xlsx,HostsTable,2026-10-08T10:06:50.660212+00:00,o9j.buzz,False
клубника,klubnika.xlsx,HostsTable,2026-10-08T10:06:50.660212+00:00,fkmz.team,False
клубника,klubnika.xlsx,HostsTable,2026-10-08T10:06:50.660212+00:00,soccerland.ru,True
клубника,klubnika.xlsx,HostsTable,2026-10-08T10:06:50.660212+00:00,mdiy.casino,False
клубника,klubnika.xlsx,HostsTable,2026-10-08T10:06:50.660212+00:00,flomarket.com,True
клубника,klubnika.xlsx,HostsTable,2026-10-08T10:06:50.660212+00:00,52257.casino,False
клубника,klubnika.xlsx,HostsTable,2026-10-08T10:06:50.660212+00:00,casino1508qq.buzz,False
клубника,klubnika.xlsx,HostsTable,2026-10-08T10:06:50.660212+00:00,klubnikaluck.xyz,False
клубника,klubnika.xlsx,HostsTable,2026-10-08T10:06:50.660212+00:00,q9000.buzz,False
клубника,klubnika.xlsx,HostsTable,2026-10-08T10:06:50.660212+00:00,vsedlyasada.com,True
клубника,klubnika.xlsx,HostsTable,2026-10-08T10:06:50.660212+00:00,prihoz.ru,True
клубника,klubnika.xlsx,HostsTable,2026-10-08T10:06:50.660212+00:00,cus.casino,False
клубника,klubnika.xlsx,HostsTable,2026-10-08T10:06:50.660212+00:00,ncsemena.ru,True
клубника,klubnika.xlsx,HostsTable,2026-10-08T10:06:50.660212+00:00,clubnika-casinos.top,False
клубника,klubnika.xlsx,HostsTable,2026-10-08T10:06:50.660212+00:00,redberry-buket.ru,False
клубника,klubnika.xlsx,HostsTable,2026-10-08T10:06:50.660212+00:00,r134.buzz,False
клубника,klubnika.xlsx,HostsTable,2026-10-08T10:06:50.660212+00:00,r8i2.buzz,False
клубника,klubnika.xlsx,HostsTable,2026-10-08T10:06:50.660212+00:00,29326.cfd,False
клубника,klubnika.xlsx,HostsTable,2026-10-08T10:06:50.660212+00:00,clubnika-top.online,False
клубника,klubnika.xlsx,HostsTable,2026-10-08T10:06:50.660212+00:00,casino08711b.buzz,False
клубника,klubnika.xlsx,HostsTable,2026-10-08T10:06:50.660212+00:00,5113.team,False
клубника,klubnika.xlsx,HostsTable,2026-10-08T10:06:50.660212+00:00,labyket124.ru,False
клубника,klubnika.xlsx,HostsTable,2026-10-08T10:06:50.660212+00:00,778n.buzz,False
клубника,klubnika.xlsx,HostsTable,2026-10-08T10:06:50.660212+00:00,chipollino-sad.ru,True
клубника,klubnika.xlsx,HostsTable,2026-10-08T10:06:50.660212+00:00,casino-1508si.sbs,False
клубника,klubnika.xlsx,HostsTable,2026-10-08T10:06:50.660212+00:00,legendi-rastenii.ru,True
клубника,klubnika.xlsx,HostsTable,2026-10-08T10:06:50.660212+00:00,vgr.casino,False
клубника,klubnika.xlsx,HostsTable,2026-10-08T10:06:50.660212+00:00,26a9.buzz,False
клубника,klubnika.xlsx,HostsTable,2026-10-08T10:06:50.660212+00:00,telegram-store.com,True
клубника,klubnika.xlsx,HostsTable,2026-10-08T10:06:50.660212+00:00,c8l.casino,False
клубника,klubnika.xlsx,HostsTable,2026-10-08T10:06:50.660212+00:00,46421.casino,False
клубника,klubnika.xlsx,HostsTable,2026-10-08T10:06:50.660212+00:00,zapah-klubnjki-lordfilm.ru,False
клубника,klubnika.xlsx,HostsTable,2026-10-08T10:06:50.660212+00:00,pinterest.com,True
клубника,klubnika.xlsx,HostsTable,2026-10-08T10:06:50.660212+00:00,astc.casino,False
клубника,klubnika.xlsx,HostsTable,2026-10-08T10:06:50.660212+00:00,clubnika-casino-0urzk.top,False
клубника,klubnika.xlsx,HostsTable,2026-10-08T10:06:50.660212+00:00,casino1108cr.buzz,False
клубника,klubnika.xlsx,HostsTable,2026-10-08T10:06:50.660212+00:00,v24-kasino.info,False
клубника,klubnika.xlsx,HostsTable,2026-10-08T10:06:50.660212+00:00,casino76p.buzz,False
клубника,klubnika.xlsx,HostsTable,2026-10-08T10:06:50.660212+00:00,x3w.casino,False
клубника,klubnika.xlsx,HostsTable,2026-10-08T10:06:50.660212+00:00,3047.team,False
клубника,klubnika.xlsx,HostsTable,2026-10-08T10:06:50.660212+00:00,news.ru,True
клубника,klubnika.xlsx,HostsTable,2026-10-08T10:06:50.660212+00:00,kimberry.ru,False
клубника,klubnika.xlsx,HostsTable,2026-10-08T10:06:50.660212+00:00,kazinoisloty.com,True
клубника,klubnika.xlsx,HostsTable,2026-10-08T10:06:50.660212+00:00,h29f.buzz,False
клубника,klubnika.xlsx,HostsTable,2026-10-08T10:06:50.660212+00:00,0208d.casino,False
клубника,klubnika.xlsx,HostsTable,2026-10-08T10:06:50.660212+00:00,playclubnika.top,False
клубника,klubnika.xlsx,HostsTable,2026-10-08T10:06:50.660212+00:00,4617-9.casino,False
клубника,klubnika.xlsx,HostsTable,2026-10-08T10:06:50.660212+00:00,jjo.casino,False
клубника,klubnika.xlsx,HostsTable,2026-10-08T10:06:50.660212+00:00,official-casino6361.buzz,False
клубника,klubnika.xlsx,HostsTable,2026-10-08T10:06:50.660212+00:00,5290.fun,False
клубника,klubnika.xlsx,HostsTable,2026-10-08T10:06:50.660212+00:00,fruitcocktailru.space,False
клубника,klubnika.xlsx,HostsTable,2026-10-08T10:06:50.660212+00:00,pitomnik-rastenij.ru,True
клубника,klubnika.xlsx,HostsTable,2026-10-08T10:06:50.660212+00:00,clubnika-964.top,False
клубника,klubnika.xlsx,HostsTable,2026-10-08T10:06:50.660212+00:00,xn--80aalqkugr.xn--p1ai,True
клубника,klubnika.xlsx,HostsTable,2026-10-08T10:06:50.660212+00:00,acj.casino,True
клубника,klubnika.xlsx,HostsTable,2026-10-08T10:06:50.660212+00:00,clubnikaexposure.top,False
клубника,klubnika.xlsx,HostsTable,2026-10-08T10:06:50.660212+00:00,clubnika-casino-hif.buzz,False
клубника,klubnika.xlsx,HostsTable,2026-10-08T10:06:50.660212+00:00,kk0.casino,False
клубника,klubnika.xlsx,HostsTable,2026-10-08T10:06:50.660212+00:00,fitaudit.ru,True
клубника,klubnika.xlsx,HostsTable,2026-10-08T10:06:50.660212+00:00,5vb.team,False
клубника,klubnika.xlsx,HostsTable,2026-10-08T10:06:50.660212+00:00,ilb.casino,False
клубника,klubnika.xlsx,HostsTable,2026-10-08T10:06:50.660212+00:00,clubnika-casino-vn.buzz,False
клубника,klubnika.xlsx,HostsTable,2026-10-08T10:06:50.660212+00:00,freshberry.moscow,False
клубника,klubnika.xlsx,HostsTable,2026-10-08T10:06:50.660212+00:00,g9d.team,False
клубника,klubnika.xlsx,HostsTable,2026-10-08T10:06:50.660212+00:00,iab.casino,False
клубника,klubnika.xlsx,HostsTable,2026-10-08T10:06:50.660212+00:00,clubnika-whf.top,False
клубника,klubnika.xlsx,HostsTable,2026-10-08T10:06:50.660212+00:00,clubnikacasino-kv.buzz,False
клубника,klubnika.xlsx,HostsTable,2026-10-08T10:06:50.660212+00:00,fruitcocktail247go.ru,True
клубника,klubnika.xlsx,HostsTable,2026-10-08T10:06:50.660212+00:00,9pz.casino,False
клубника,klubnika.xlsx,HostsTable,2026-10-08T10:06:50.660212+00:00,h7j.casino,False
клубника,klubnika.xlsx,HostsTable,2026-10-08T10:06:50.660212+00:00,rutxt.ru,True
клубника,klubnika.xlsx,HostsTable,2026-10-08T10:06:50.660212+00:00,hitmos.me,True
клубника,klubnika.xlsx,HostsTable,2026-10-08T10:06:50.660212+00:00,rudesignshop.ru,True
клубника,klubnika.xlsx,HostsTable,2026-10-08T10:06:50.660212+00:00,yuga.ru,True
клубника,klubnika.xlsx,HostsTable,2026-10-08T10:06:50.660212+00:00,2164.team,False
клубника,klubnika.xlsx,HostsTable,2026-10-08T10:06:50.660212+00:00,0a32.buzz,False
клубника,klubnika.xlsx,HostsTable,2026-10-08T10:06:50.660212+00:00,health-diet.ru,True
клубника,klubnika.xlsx,HostsTable,2026-10-08T10:06:50.660212+00:00,748.buzz,False
клубника,klubnika.xlsx,HostsTable,2026-10-08T10:06:50.660212+00:00,28005.cfd,False
клубника,klubnika.xlsx,HostsTable,2026-10-08T10:06:50.660212+00:00,kinoafisha.info,True
клубника,klubnika.xlsx,HostsTable,2026-10-08T10:06:50.660212+00:00,clubnika-eos44.buzz,False
клубника,klubnika.xlsx,HostsTable,2026-10-08T10:06:50.660212+00:00,cch.casino,False
клубника,klubnika.xlsx,HostsTable,2026-10-08T10:06:50.660212+00:00,gayatilab.ru,False
клубника,klubnika.xlsx,HostsTable,2026-10-08T10:06:50.660212+00:00,a936.buzz,False
клубника,klubnika.xlsx,HostsTable,2026-10-08T10:06:50.660212+00:00,tzfl.team,False
клубника,klubnika.xlsx,HostsTable,2026-10-08T10:06:50.660212+00:00,yfn.casino,False
клубника,klubnika.xlsx,HostsTable,2026-10-08T10:06:50.660212+00:00,euw.casino,False
клубника,klubnika.xlsx,HostsTable,2026-10-08T10:06:50.660212+00:00,ojj.casino,False
клубника,klubnika.xlsx,HostsTable,2026-10-08T10:06:50.660212+00:00,cazino-top.buzz,False
клубника,klubnika.xlsx,HostsTable,2026-10-08T10:06:50.660212+00:00,clubnika-fej.top,False
клубника,klubnika.xlsx,HostsTable,2026-10-08T10:06:50.660212+00:00,5285-casino.buzz,False
клубника,klubnika.xlsx,HostsTable,2026-10-08T10:06:50.660212+00:00,venusinfleurs.ru,True
клубника,klubnika.xlsx,HostsTable,2026-10-08T10:06:50.660212+00:00,540p.buzz,False
клубника,klubnika.xlsx,HostsTable,2026-10-08T10:06:50.660212+00:00,semena-sad.ru,True
клубника,klubnika.xlsx,HostsTable,2026-10-08T10:06:50.660212+00:00,clubnika-casino-uwy.top,False
клубника,klubnika.xlsx,HostsTable,2026-10-08T10:06:50.660212+00:00,t7g.team,False
клубника,klubnika.xlsx,HostsTable,2026-10-08T10:06:50.660212+00:00,casino985.buzz,False
клубника,klubnika.xlsx,HostsTable,2026-10-08T10:06:50.660212+00:00,1l94.buzz,False
клубника,klubnika.xlsx,HostsTable,2026-10-08T10:06:50.660212+00:00,clubnika-casino-smb.top,False
клубника,klubnika.xlsx,HostsTable,2026-10-08T10:06:50.660212+00:00,casino-420xr.top,False
клубника,klubnika.xlsx,HostsTable,2026-10-08T10:06:50.660212+00:00,m2x.buzz,False
клубника,klubnika.xlsx,HostsTable,2026-10-08T10:06:50.660212+00:00,q2l.buzz,False
клубника,klubnika.xlsx,HostsTable,2026-10-08T10:06:50.660212+00:00,clubnika-casinoa.buzz,False
клубника,klubnika.xlsx,HostsTable,2026-10-08T10:06:50.660212+00:00,zjl.casino,False
клубника,klubnika.xlsx,HostsTable,2026-10-08T10:06:50.660212+00:00,afisha.ru,True
клубника,klubnika.xlsx,HostsTable,2026-10-08T10:06:50.660212+00:00,klubnichnyj-raj.clients.site,False
клубника,klubnika.xlsx,HostsTable,2026-10-08T10:06:50.660212+00:00,clubnika-moa73.sbs,False
клубника,klubnika.xlsx,HostsTable,2026-10-08T10:06:50.660212+00:00,nxy.casino,False
клубника,klubnika.xlsx,HostsTable,2026-10-08T10:06:50.660212+00:00,clubnika-esj39.buzz,False
клубника,klubnika.xlsx,HostsTable,2026-10-08T10:06:50.660212+00:00,klubnika.casino,False
клубника,klubnika.xlsx,HostsTable,2026-10-08T10:06:50.660212+00:00,clubklubnika.net,False
клубника,klubnika.xlsx,HostsTable,2026-10-08T10:06:50.660212+00:00,6y40.buzz,False
клубника,klubnika.xlsx,HostsTable,2026-10-08T10:06:50.660212+00:00,5p07.buzz,False
клубника,klubnika.xlsx,HostsTable,2026-10-08T10:06:50.660212+00:00,ogorodum.ru,True
клубника,klubnika.xlsx,HostsTable,2026-10-08T10:06:50.660212+00:00,9922.casino,False
клубника,klubnika.xlsx,HostsTable,2026-10-08T10:06:50.660212+00:00,top-android.org,True
клубника,klubnika.xlsx,HostsTable,2026-10-08T10:06:50.660212+00:00,d9d.team,False
клубника,klubnika.xlsx,HostsTable,2026-10-08T10:06:50.660212+00:00,purshat.com,True
клубника,klubnika.xlsx,HostsTable,2026-10-08T10:06:50.660212+00:00,3925.buzz,False
клубника,klubnika.xlsx,HostsTable,2026-10-08T10:06:50.660212+00:00,island-green.ru,True
клубника,klubnika.xlsx,HostsTable,2026-10-08T10:06:50.660212+00:00,casino0308d.buzz,False
клубника,klubnika.xlsx,HostsTable,2026-10-08T10:06:50.660212+00:00,freshlavka.ru,True
клубника,klubnika.xlsx,HostsTable,2026-10-08T10:06:50.660212+00:00,luchshii-sad.ru,True
клубника,klubnika.xlsx,HostsTable,2026-10-08T10:06:50.660212+00:00,3n66.buzz,False
клубника,klubnika.xlsx,HostsTable,2026-10-08T10:06:50.660212+00:00,cqrw.rest,False
клубника,klubnika.xlsx,HostsTable,2026-10-08T10:06:50.660212+00:00,ivd.ru,True
клубника,klubnika.xlsx,HostsTable,2026-10-08T10:06:50.660212+00:00,d752.buzz,False
клубника,klubnika.xlsx,HostsTable,2026-10-08T10:06:50.660212+00:00,o1d.buzz,False
клубника,klubnika.xlsx,HostsTable,2026-10-08T10:06:50.660212+00:00,20388.casino,True
клубника,klubnika.xlsx,HostsTable,2026-10-08T10:06:50.660212+00:00,9q16.buzz,False
клубника,klubnika.xlsx,HostsTable,2026-10-08T10:06:50.660212+00:00,zmfq.buzz,False
клубника,klubnika.xlsx,HostsTable,2026-10-08T10:06:50.660212+00:00,2808e.buzz,False
клубника,klubnika.xlsx,HostsTable,2026-10-08T10:06:50.660212+00:00,9330.casino,False
клубника,klubnika.xlsx,HostsTable,2026-10-08T10:06:50.660212+00:00,crazy-monkey.casino,False
клубника,klubnika.xlsx,HostsTable,2026-10-08T10:06:50.660212+00:00,casinomyk.buzz,False
клубника,klubnika.xlsx,HostsTable,2026-10-08T10:06:50.660212+00:00,64a.buzz,False
клубника,klubnika.xlsx,HostsTable,2026-10-08T10:06:50.660212+00:00,oficialnoecasino.com,True
клубника,klubnika.xlsx,HostsTable,2026-10-08T10:06:50.660212+00:00,3045.team,False
клубника,klubnika.xlsx,HostsTable,2026-10-08T10:06:50.660212+00:00,1208q.casino,False
клубника,klubnika.xlsx,HostsTable,2026-10-08T10:06:50.660212+00:00,clubnika-casino-0zjmk.top,False
клубника,klubnika.xlsx,HostsTable,2026-10-08T10:06:50.660212+00:00,nwjf.buzz,False
клубника,klubnika.xlsx,HostsTable,2026-10-08T10:06:50.660212+00:00,clubnika-tkb99.cfd,False
клубника,klubnika.xlsx,HostsTable,2026-10-08T10:06:50.660212+00:00,lapa.buzz,False
клубника,klubnika.xlsx,HostsTable,2026-10-08T10:06:50.660212+00:00,casinoasy.lol,False
клубника,klubnika.xlsx,HostsTable,2026-10-08T10:06:50.660212+00:00,5m45.buzz,False
клубника,klubnika.xlsx,HostsTable,2026-10-08T10:06:50.660212+00:00,clubnika241.fun,False
клубника,klubnika.xlsx,HostsTable,2026-10-08T10:06:50.660212+00:00,radiotochki.net,True
клубника,klubnika.xlsx,HostsTable,2026-10-08T10:06:50.660212+00:00,wgmr.team,False
клубника,klubnika.xlsx,HostsTable,2026-10-08T10:06:50.660212+00:00,2622.casino,False
клубника,klubnika.xlsx,HostsTable,2026-10-08T10:06:50.660212+00:00,clubnika-wku33.buzz,False
клубника,klubnika.xlsx,HostsTable,2026-10-08T10:06:50.660212+00:00,jvv.casino,False
клубника,klubnika.xlsx,HostsTable,2026-10-08T10:06:50.660212+00:00,betslive.ru,True
клубника,klubnika.xlsx,HostsTable,2026-10-08T10:06:50.660212+00:00,v24casino-online.com,False
клубника,klubnika.xlsx,HostsTable,2026-10-08T10:06:50.660212+00:00,clubnika-casino-dcw.buzz,False
клубника,klubnika.xlsx,HostsTable,2026-10-08T10:06:50.660212+00:00,clubnikacasino-ehv.buzz,False
клубника,klubnika.xlsx,HostsTable,2026-10-08T10:06:50.660212+00:00,rassada.by,True
клубника,klubnika.xlsx,HostsTable,2026-10-08T10:06:50.660212+00:00,491h.buzz,False
клубника,klubnika.xlsx,HostsTable,2026-10-08T10:06:50.660212+00:00,zhn.casino,False
клубника,klubnika.xlsx,HostsTable,2026-10-08T10:06:50.660212+00:00,clubnika-casino-ymu.buzz,False
клубника,klubnika.xlsx,HostsTable,2026-10-08T10:06:50.660212+00:00,49t6.buzz,False
клубника,klubnika.xlsx,HostsTable,2026-10-08T10:06:50.660212+00:00,sunmag.me,True
клубника,klubnika.xlsx,HostsTable,2026-10-08T10:06:50.660212+00:00,0808t.casino,False
клубника,klubnika.xlsx,HostsTable,2026-10-08T10:06:50.660212+00:00,csm.casino,False
клубника,klubnika.xlsx,HostsTable,2026-10-08T10:06:50.660212+00:00,v8k.team,False
клубника,klubnika.xlsx,HostsTable,2026-10-08T10:06:50.660212+00:00,g9o.team,False
клубника,klubnika.xlsx,HostsTable,2026-10-08T10:06:50.660212+00:00,gcz.casino,False
клубника,klubnika.xlsx,HostsTable,2026-10-08T10:06:50.660212+00:00,4629.team,False
клубника,klubnika.xlsx,HostsTable,2026-10-08T10:06:50.660212+00:00,expertcen.ru,True
клубника,klubnika.xlsx,HostsTable,2026-10-08T10:06:50.660212+00:00,itn.casino,False
клубника,klubnika.xlsx,HostsTable,2026-10-08T10:06:50.660212+00:00,casino-8ojbw.buzz,False
клубника,klubnika.xlsx,HostsTable,2026-10-08T10:06:50.660212+00:00,ekq.casino,False
клубника,klubnika.xlsx,HostsTable,2026-10-08T10:06:50.660212+00:00,846.team,False
клубника,klubnika.xlsx,HostsTable,2026-10-08T10:06:50.660212+00:00,cazinoklubnika.com,False
клубника,klubnika.xlsx,HostsTable,2026-10-08T10:06:50.660212+00:00,clubnika-jiu41.buzz,False
клубника,klubnika.xlsx,HostsTable,2026-10-08T10:06:50.660212+00:00,clubnika-casino-uwb.buzz,False
клубника,klubnika.xlsx,HostsTable,2026-10-08T10:06:50.660212+00:00,o314.buzz,False
клубника,klubnika.xlsx,HostsTable,2026-10-08T10:06:50.660212+00:00,greenagrosad.ru,True
клубника,klubnika.xlsx,HostsTable,2026-10-08T10:06:50.660212+00:00,clubnika-casino-0sa3f.top,False
клубника,klubnika.xlsx,HostsTable,2026-10-08T10:06:50.660212+00:00,klubnikausd.ru,False
клубника,klubnika.xlsx,HostsTable,2026-10-08T10:06:50.660212+00:00,fsvps.gov.ru,True
клубника,klubnika.xlsx,HostsTable,2026-10-08T10:06:50.660212+00:00,crazybuket.ru,True
клубника,klubnika.xlsx,HostsTable,2026-10-08T10:06:50.660212+00:00,5ar.buzz,False
клубника,klubnika.xlsx,HostsTable,2026-10-08T10:06:50.660212+00:00,122p.buzz,False
клубника,klubnika.xlsx,HostsTable,2026-10-08T10:06:50.660212+00:00,crazymonkeyspins.ru,False
клубника,klubnika.xlsx,HostsTable,2026-10-08T10:06:50.660212+00:00,h842.buzz,False
клубника,klubnika.xlsx,HostsTable,2026-10-08T10:06:50.660212+00:00,buinsk.tatarstan.ru,True
клубника,klubnika.xlsx,HostsTable,2026-10-08T10:06:50.660212+00:00,rh3.casino,False
клубника,klubnika.xlsx,HostsTable,2026-10-08T10:06:50.660212+00:00,25i2.buzz,False
клубника,klubnika.xlsx,HostsTable,2026-10-08T10:06:50.660212+00:00,astromeridian.ru,True
клубника,klubnika.xlsx,HostsTable,2026-10-08T10:06:50.660212+00:00,androidbets.ru,False
клубника,klubnika.xlsx,HostsTable,2026-10-08T10:06:50.660212+00:00,h2z.casino,False
клубника,klubnika.xlsx,HostsTable,2026-10-08T10:06:50.660212+00:00,casino20-08ta.fun,False
клубника,klubnika.xlsx,HostsTable,2026-10-08T10:06:50.660212+00:00,cco.casino,False
клубника,klubnika.xlsx,HostsTable,2026-10-08T10:06:50.660212+00:00,dll.casino,False
клубника,klubnika.xlsx,HostsTable,2026-10-08T10:06:50.660212+00:00,vkvideo.ru,True
клубника,klubnika.xlsx,HostsTable,2026-10-08T10:06:50.660212+00:00,clubnika-ufs67.top,False
клубника,klubnika.xlsx,HostsTable,2026-10-08T10:06:50.660212+00:00,awb.casino,False
клубника,klubnika.xlsx,HostsTable,2026-10-08T10:06:50.660212+00:00,procvetok.com,True
клубника,klubnika.xlsx,HostsTable,2026-10-08T10:06:50.660212+00:00,tomatipomidori.ru,True
клубника,klubnika.xlsx,HostsTable,2026-10-08T10:06:50.660212+00:00,min2win.ru,True
клубника,klubnika.xlsx,HostsTable,2026-10-08T10:06:50.660212+00:00,eco-berries.ru,False
клубника,klubnika.xlsx,HostsTable,2026-10-08T10:06:50.660212+00:00,0ar.buzz,False
клубника,klubnika.xlsx,HostsTable,2026-10-08T10:06:50.660212+00:00,8888s.casino,False
клубника,klubnika.xlsx,HostsTable,2026-10-08T10:06:50.660212+00:00,40394.cfd,False
клубника,klubnika.xlsx,HostsTable,2026-10-08T10:06:50.660212+00:00,sedobnye-bukety.ru,False
клубника,klubnika.xlsx,HostsTable,2026-10-08T10:06:50.660212+00:00,dvemorkovki.ru,True
клубника,klubnika.xlsx,HostsTable,2026-10-08T10:06:50.660212+00:00,gtj.casino,True
клубника,klubnika.xlsx,HostsTable,2026-10-08T10:06:50.660212+00:00,rgg.buzz,False
клубника,klubnika.xlsx,HostsTable,2026-10-08T10:06:50.660212+00:00,1f30.casino,False
клубника,klubnika.xlsx,HostsTable,2026-10-08T10:06:50.660212+00:00,blsr.team,False
клубника,klubnika.xlsx,HostsTable,2026-10-08T10:06:50.660212+00:00,50b.buzz,False
клубника,klubnika.xlsx,HostsTable,2026-10-08T10:06:50.660212+00:00,casinolja.lol,False
клубника,klubnika.xlsx,HostsTable,2026-10-08T10:06:50.660212+00:00,108b.buzz,False
клубника,klubnika.xlsx,HostsTable,2026-10-08T10:06:50.660212+00:00,x516.buzz,False
клубника,klubnika.xlsx,HostsTable,2026-10-08T10:06:50.660212+00:00,sobakarisovaka.ru,True
клубника,klubnika.xlsx,HostsTable,2026-10-08T10:06:50.660212+00:00,cil.casino,False
клубника,klubnika.xlsx,HostsTable,2026-10-08T10:06:50.660212+00:00,vulkanrussia-games.biz,False
клубника,klubnika.xlsx,HostsTable,2026-10-08T10:06:50.660212+00:00,r2b.buzz,False
клубника,klubnika.xlsx,HostsTable,2026-10-08T10:06:50.660212+00:00,maa.casino,False
клубника,klubnika.xlsx,HostsTable,2026-10-08T10:06:50.660212+00:00,01e.casino,False
клубника,klubnika.xlsx,HostsTable,2026-10-08T10:06:50.660212+00:00,f14.buzz,False
клубника,klubnika.xlsx,HostsTable,2026-10-08T10:06:50.660212+00:00,icu.casino,False
клубника,klubnika.xlsx,HostsTable,2026-10-08T10:06:50.660212+00:00,1625.team,False
клубника,klubnika.xlsx,HostsTable,2026-10-08T10:06:50.660212+00:00,workion.org,True
клубника,klubnika.xlsx,HostsTable,2026-10-08T10:06:50.660212+00:00,casino-clubnika-mh.buzz,False
клубника,klubnika.xlsx,HostsTable,2026-10-08T10:06:50.660212+00:00,myshows.me,True
клубника,klubnika.xlsx,HostsTable,2026-10-08T10:06:50.660212+00:00,klubnikiss.ru,False
клубника,klubnika.xlsx,HostsTable,2026-10-08T10:06:50.660212+00:00,chocomatreshka.ru,False
клубника,klubnika.xlsx,HostsTable,2026-10-08T10:06:50.660212+00:00,casino7885.makeup,False
клубника,klubnika.xlsx,HostsTable,2026-10-08T10:06:50.660212+00:00,s1q5.buzz,False
клубника,klubnika.xlsx,HostsTable,2026-10-08T10:06:50.660212+00:00,1o98.buzz,False
клубника,klubnika.xlsx,HostsTable,2026-10-08T10:06:50.660212+00:00,0556.casino,False
клубника,klubnika.xlsx,HostsTable,2026-10-08T10:06:50.660212+00:00,1tv.ru,True
клубника,klubnika.xlsx,HostsTable,2026-10-08T10:06:50.660212+00:00,tiktok.com,True
клубника,klubnika.xlsx,HostsTable,2026-10-08T10:06:50.660212+00:00,fonwall.ru,True
клубника,klubnika.xlsx,HostsTable,2026-10-08T10:06:50.660212+00:00,ixbt.com,True
клубника,klubnika.xlsx,HostsTable,2026-10-08T10:06:50.660212+00:00,4m24.buzz,False
клубника,klubnika.xlsx,HostsTable,2026-10-08T10:06:50.660212+00:00,velislava-sad.ru,True
клубника,klubnika.xlsx,HostsTable,2026-10-08T10:06:50.660212+00:00,gnxb.team,False
клубника,klubnika.xlsx,HostsTable,2026-10-08T10:06:50.660212+00:00,rwdk.team,False
клубника,klubnika.xlsx,HostsTable,2026-10-08T10:06:50.660212+00:00,clubnika-jan28.sbs,False
клубника,klubnika.xlsx,HostsTable,2026-10-08T10:06:50.660212+00:00,clubnika-kca54.top,False
клубника,klubnika.xlsx,HostsTable,2026-10-08T10:06:50.660212+00:00,h202.buzz,False
клубника,klubnika.xlsx,HostsTable,2026-10-08T10:06:50.660212+00:00,awu.casino,False
клубника,klubnika.xlsx,HostsTable,2026-10-08T10:06:50.660212+00:00,s155.buzz,False
клубника,klubnika.xlsx,HostsTable,2026-10-08T10:06:50.660212+00:00,fgf.casino,False
клубника,klubnika.xlsx,HostsTable,2026-10-08T10:06:50.660212+00:00,favoritnr1.com,True
клубника,klubnika.xlsx,HostsTable,2026-10-08T10:06:50.660212+00:00,mann-ivanov-ferber.ru,True
клубника,klubnika.xlsx,HostsTable,2026-10-08T10:06:50.660212+00:00,4q56.buzz,False
клубника,klubnika.xlsx,HostsTable,2026-10-08T10:06:50.660212+00:00,dachadacha.com,True
клубника,klubnika.xlsx,HostsTable,2026-10-08T10:06:50.660212+00:00,24vulcan.win,False
клубника,klubnika.xlsx,HostsTable,2026-10-08T10:06:50.660212+00:00,e98.casino,False
клубника,klubnika.xlsx,HostsTable,2026-10-08T10:06:50.660212+00:00,qpc.casino,False
клубника,klubnika.xlsx,HostsTable,2026-10-08T10:06:50.660212+00:00,tentium.ru,True
клубника,klubnika.xlsx,HostsTable,2026-10-08T10:06:50.660212+00:00,e6u.casino,False
клубника,klubnika.xlsx,HostsTable,2026-10-08T10:06:50.660212+00:00,imperia-pikcher.online,True
клубника,klubnika.xlsx,HostsTable,2026-10-08T10:06:50.660212+00:00,jxb.casino,False
клубника,klubnika.xlsx,HostsTable,2026-10-08T10:06:50.660212+00:00,fantasyroom.online,True
клубника,klubnika.xlsx,HostsTable,2026-10-08T10:06:50.660212+00:00,1975.team,False
клубника,klubnika.xlsx,HostsTable,2026-10-08T10:06:50.660212+00:00,qwnb.team,False
клубника,klubnika.xlsx,HostsTable,2026-10-08T10:06:50.660212+00:00,casino5448.shop,False
клубника,klubnika.xlsx,HostsTable,2026-10-08T10:06:50.660212+00:00,maxslotszerkalo.info,True
клубника,klubnika.xlsx,HostsTable,2026-10-08T10:06:50.660212+00:00,casino28w.team,False
клубника,klubnika.xlsx,HostsTable,2026-10-08T10:06:50.660212+00:00,film.ru,True
клубника,klubnika.xlsx,HostsTable,2026-10-08T10:06:50.660212+00:00,a142.buzz,False
клубника,klubnika.xlsx,HostsTable,2026-10-08T10:06:50.660212+00:00,wtt.casino,False
клубника,klubnika.xlsx,HostsTable,2026-10-08T10:06:50.660212+00:00,85a0.buzz,False
клубника,klubnika.xlsx,HostsTable,2026-10-08T10:06:50.660212+00:00,6719.buzz,False
клубника,klubnika.xlsx,HostsTable,2026-10-08T10:06:50.660212+00:00,5-tv.ru,True
клубника,klubnika.xlsx,HostsTable,2026-10-08T10:06:50.660212+00:00,casino87a.team,False
клубника,klubnika.xlsx,HostsTable,2026-10-08T10:06:50.660212+00:00,7h85.buzz,False
клубника,klubnika.xlsx,HostsTable,2026-10-08T10:06:50.660212+00:00,casino05348.buzz,False
клубника,klubnika.xlsx,HostsTable,2026-10-08T10:06:50.660212+00:00,t9kf.team,False
клубника,klubnika.xlsx,HostsTable,2026-10-08T10:06:50.660212+00:00,casino58975b.buzz,False
клубника,klubnika.xlsx,HostsTable,2026-10-08T10:06:50.660212+00:00,rukazinotop.com,True
клубника,klubnika.xlsx,HostsTable,2026-10-08T10:06:50.660212+00:00,2l1.casino,False
клубника,klubnika.xlsx,HostsTable,2026-10-08T10:06:50.660212+00:00,nn2.buzz,False
клубника,klubnika.xlsx,HostsTable,2026-10-08T10:06:50.660212+00:00,pitomnik-rose.ru,True
клубника,klubnika.xlsx,HostsTable,2026-10-08T10:06:50.660212+00:00,casino30530.buzz,False
клубника,klubnika.xlsx,HostsTable,2026-10-08T10:06:50.660212+00:00,mikeklubnika.com,False
клубника,klubnika.xlsx,HostsTable,2026-10-08T10:06:50.660212+00:00,10topkazino.com,True
клубника,klubnika.xlsx,HostsTable,2026-10-08T10:06:50.660212+00:00,casino72m.team,False
клубника,klubnika.xlsx,HostsTable,2026-10-08T10:06:50.660212+00:00,edaplus.info,True
клубника,klubnika.xlsx,HostsTable,2026-10-08T10:06:50.660212+00:00,yft6.buzz,False
клубника,klubnika.xlsx,HostsTable,2026-10-08T10:06:50.660212+00:00,bkmv.casino,False
клубника,klubnika.xlsx,HostsTable,2026-10-08T10:06:50.660212+00:00,unlimgames775.casino,False
клубника,klubnika.xlsx,HostsTable,2026-10-08T10:06:50.660212+00:00,barhatflowers.ru,True
клубника,klubnika.xlsx,HostsTable,2026-10-08T10:06:50.660212+00:00,clubnika-casinos.site,False
клубника,klubnika.xlsx,HostsTable,2026-10-08T10:06:50.660212+00:00,clubnikalove7.ru,False
клубника,klubnika.xlsx,HostsTable,2026-10-08T10:06:50.660212+00:00,myfoodbro.ru,True
клубника,klubnika.xlsx,HostsTable,2026-10-08T10:06:50.660212+00:00,3be.casino,True
клубника,klubnika.xlsx,HostsTable,2026-10-08T10:06:50.660212+00:00,xn----8sb3aogy9a.xn--p1ai,False
клубника,klubnika.xlsx,HostsTable,2026-10-08T10:06:50.660212+00:00,avito.ru,True
клубника,klubnika.xlsx,HostsTable,2026-10-08T10:06:50.660212+00:00,casino3092.buzz,False
клубника,klubnika.xlsx,HostsTable,2026-10-08T10:06:50.660212+00:00,dachaotzyv.ru,False
клубника,klubnika.xlsx,HostsTable,2026-10-08T10:06:50.660212+00:00,ballberry.fun,False
клубника,klubnika.xlsx,HostsTable,2026-10-08T10:06:50.660212+00:00,frenchkiss.ru,True
клубника,klubnika.xlsx,HostsTable,2026-10-08T10:06:50.660212+00:00,ikz.casino,False
клубника,klubnika.xlsx,HostsTable,2026-10-08T10:06:50.660212+00:00,1052.team,False
клубника,klubnika.xlsx,HostsTable,2026-10-08T10:06:50.660212+00:00,naymenok.ru,True
клубника,klubnika.xlsx,HostsTable,2026-10-08T10:06:50.660212+00:00,kartaslov.ru,True
клубника,klubnika.xlsx,HostsTable,2026-10-08T10:06:50.660212+00:00,casino-21177.lol,False
клубника,klubnika.xlsx,HostsTable,2026-10-08T10:06:50.660212+00:00,kemaclub.ru,True
клубника,klubnika.xlsx,HostsTable,2026-10-08T10:06:50.660212+00:00,ooe.casino,False
клубника,klubnika.xlsx,HostsTable,2026-10-08T10:06:50.660212+00:00,casino6121.lat,False
клубника,klubnika.xlsx,HostsTable,2026-10-08T10:06:50.660212+00:00,klybnikaberry.ru,False
клубника,klubnika.xlsx,HostsTable,2026-10-08T10:06:50.660212+00:00,youtube.com,True
клубника,klubnika.xlsx,HostsTable,2026-10-08T10:06:50.660212+00:00,translate.ru,True
клубника,klubnika.xlsx,HostsTable,2026-10-08T10:06:50.660212+00:00,moscow-garden24.ru,False
клубника,klubnika.xlsx,HostsTable,2026-10-08T10:06:50.660212+00:00,life.ru,True
клубника,klubnika.xlsx,HostsTable,2026-10-08T10:06:50.660212+00:00,29-07m.casino,False
клубника,klubnika.xlsx,HostsTable,2026-10-08T10:06:50.660212+00:00,8698.buzz,False
клубника,klubnika.xlsx,HostsTable,2026-10-08T10:06:50.660212+00:00,19663.casino,False
клубника,klubnika.xlsx,HostsTable,2026-10-08T10:06:50.660212+00:00,clubnika-dep.online,False
клубника,klubnika.xlsx,HostsTable,2026-10-08T10:06:50.660212+00:00,casinozec.mom,False
клубника,klubnika.xlsx,HostsTable,2026-10-08T10:06:50.660212+00:00,698m.buzz,False
клубника,klubnika.xlsx,HostsTable,2026-10-08T10:06:50.660212+00:00,f7n.team,False
клубника,klubnika.xlsx,HostsTable,2026-10-08T10:06:50.660212+00:00,cvetov.com,True
клубника,klubnika.xlsx,HostsTable,2026-10-08T10:06:50.660212+00:00,clubnika-casino-ymc.buzz,False
клубника,klubnika.xlsx,HostsTable,2026-10-08T10:06:50.660212+00:00,75482.casino,False
клубника,klubnika.xlsx,HostsTable,2026-10-08T10:06:50.660212+00:00,4394i.casino,False
клубника,klubnika.xlsx,HostsTable,2026-10-08T10:06:50.660212+00:00,mrkonditer.ru,True
клубника,klubnika.xlsx,HostsTable,2026-10-08T10:06:50.660212+00:00,clubnikagames777login.click,False
клубника,klubnika.xlsx,HostsTable,2026-10-08T10:06:50.660212+00:00,apkpure.net,True
клубника,klubnika.xlsx,HostsTable,2026-10-08T10:06:50.660212+00:00,profi.ru,True
клубника,klubnika.xlsx,HostsTable,2026-10-08T10:06:50.660212+00:00,130x.buzz,False
клубника,klubnika.xlsx,HostsTable,2026-10-08T10:06:50.660212+00:00,2745.team,False
клубника,klubnika.xlsx,HostsTable,2026-10-08T10:06:50.660212+00:00,casinosa11.buzz,False
клубника,klubnika.xlsx,HostsTable,2026-10-08T10:06:50.660212+00:00,gy7.buzz,False
клубника,klubnika.xlsx,HostsTable,2026-10-08T10:06:50.660212+00:00,xn--80aam4asi.xn--p1ai,False
клубника,klubnika.xlsx,HostsTable,2026-10-08T10:06:50.660212+00:00,edadeal.ru,True
клубника,klubnika.xlsx,HostsTable,2026-10-08T10:06:50.660212+00:00,0882.buzz,False
клубника,klubnika.xlsx,HostsTable,2026-10-08T10:06:50.660212+00:00,aqv.buzz,False
клубника,klubnika.xlsx,HostsTable,2026-10-08T10:06:50.660212+00:00,72192.cfd,False
клубника,klubnika.xlsx,HostsTable,2026-10-08T10:06:50.660212+00:00,nutribirdapp.ru,True
клубника,klubnika.xlsx,HostsTable,2026-10-08T10:06:50.660212+00:00,vwkp.team,False
клубника,klubnika.xlsx,HostsTable,2026-10-08T10:06:50.660212+00:00,kedr812.ru,True
клубника,klubnika.xlsx,HostsTable,2026-10-08T10:06:50.660212+00:00,83z6.buzz,False
клубника,klubnika.xlsx,HostsTable,2026-10-08T10:06:50.660212+00:00,casino7k7o.buzz,False
клубника,klubnika.xlsx,HostsTable,2026-10-08T10:06:50.660212+00:00,sadkompleks.ru,True
клубника,klubnika.xlsx,HostsTable,2026-10-08T10:06:50.660212+00:00,casino544.com,False
клубника,klubnika.xlsx,HostsTable,2026-10-08T10:06:50.660212+00:00,31090.casino,False
клубника,klubnika.xlsx,HostsTable,2026-10-08T10:06:50.660212+00:00,enigma-project.ru,True
клубника,klubnika.xlsx,HostsTable,2026-10-08T10:06:50.660212+00:00,playhop.com,True
клубника,klubnika.xlsx,HostsTable,2026-10-08T10:06:50.660212+00:00,6004.casino,False
клубника,klubnika.xlsx,HostsTable,2026-10-08T10:06:50.660212+00:00,49t7.buzz,False
клубника,klubnika.xlsx,HostsTable,2026-10-08T10:06:50.660212+00:00,prokonditer.shop,True
клубника,klubnika.xlsx,HostsTable,2026-10-08T10:06:50.660212+00:00,9h37.buzz,False
клубника,klubnika.xlsx,HostsTable,2026-10-08T10:06:50.660212+00:00,htv.casino,False
клубника,klubnika.xlsx,HostsTable,2026-10-08T10:06:50.660212+00:00,37clubvulkan4.com,False
клубника,klubnika.xlsx,HostsTable,2026-10-08T10:06:50.660212+00:00,r05.casino,False
клубника,klubnika.xlsx,HostsTable,2026-10-08T10:06:50.660212+00:00,3010.casino,False
клубника,klubnika.xlsx,HostsTable,2026-10-08T10:06:50.660212+00:00,042.lol,False
клубника,klubnika.xlsx,HostsTable,2026-10-08T10:06:50.660212+00:00,luckslot.xyz,False
клубника,klubnika.xlsx,HostsTable,2026-10-08T10:06:50.660212+00:00,clubnika-casino-odi.buzz,False
клубника,klubnika.xlsx,HostsTable,2026-10-08T10:06:50.660212+00:00,15-07a.casino,False
клубника,klubnika.xlsx,HostsTable,2026-10-08T10:06:50.660212+00:00,clubnika-zbu.top,False
клубника,klubnika.xlsx,HostsTable,2026-10-08T10:06:50.660212+00:00,op9.casino,False
клубника,klubnika.xlsx,HostsTable,2026-10-08T10:06:50.660212+00:00,funburg.ru,True
клубника,klubnika.xlsx,HostsTable,2026-10-08T10:06:50.660212+00:00,2908a.casino,False
клубника,klubnika.xlsx,HostsTable,2026-10-08T10:06:50.660212+00:00,xn--80aam0cf1a8b.xn--p1ai,True
клубника,klubnika.xlsx,HostsTable,2026-10-08T10:06:50.660212+00:00,kfs.casino,False
клубника,klubnika.xlsx,HostsTable,2026-10-08T10:06:50.660212+00:00,rassada4all.ru,False
клубника,klubnika.xlsx,HostsTable,2026-10-08T10:06:50.660212+00:00,756.buzz,False
клубника,klubnika.xlsx,HostsTable,2026-10-08T10:06:50.660212+00:00,t7w.casino,False
клубника,klubnika.xlsx,HostsTable,2026-10-08T10:06:50.660212+00:00,z76.casino,False
клубника,klubnika.xlsx,HostsTable,2026-10-08T10:06:50.660212+00:00,klubnika55.ru,False
клубника,klubnika.xlsx,HostsTable,2026-10-08T10:06:50.660212+00:00,f5d.casino,False
клубника,klubnika.xlsx,HostsTable,2026-10-08T10:06:50.660212+00:00,my-calend.ru,True
клубника,klubnika.xlsx,HostsTable,2026-10-08T10:06:50.660212+00:00,xute.casino,False
клубника,klubnika.xlsx,HostsTable,2026-10-08T10:06:50.660212+00:00,1208m.casino,False
клубника,klubnika.xlsx,HostsTable,2026-10-08T10:06:50.660212+00:00,mk.ru,True
клубника,klubnika.xlsx,HostsTable,2026-10-08T10:06:50.660212+00:00,official-casino8800.buzz,False
клубника,klubnika.xlsx,HostsTable,2026-10-08T10:06:50.660212+00:00,9804-casino.buzz,False
клубника,klubnika.xlsx,HostsTable,2026-10-08T10:06:50.660212+00:00,upi.casino,False
клубника,klubnika.xlsx,HostsTable,2026-10-08T10:06:50.660212+00:00,darisboutique.ru,False
клубника,klubnika.xlsx,HostsTable,2026-10-08T10:06:50.660212+00:00,cktw.team,False
клубника,klubnika.xlsx,HostsTable,2026-10-08T10:06:50.660212+00:00,467.buzz,False
клубника,klubnika.xlsx,HostsTable,2026-10-08T10:06:50.660212+00:00,cvetok.shop,True
клубника,klubnika.xlsx,HostsTable,2026-10-08T10:06:50.660212+00:00,h3qb.team,False
клубника,klubnika.xlsx,HostsTable,2026-10-08T10:06:50.660212+00:00,m.ok.ru,True
клубника,klubnika.xlsx,HostsTable,2026-10-08T10:06:50.660212+00:00,yl3o.buzz,False
клубника,klubnika.xlsx,HostsTable,2026-10-08T10:06:50.660212+00:00,0k80.buzz,False
клубника,klubnika.xlsx,HostsTable,2026-10-08T10:06:50.660212+00:00,gdz.ru,True
клубника,klubnika.xlsx,HostsTable,2026-10-08T10:06:50.660212+00:00,morengo55.ru,False
клубника,klubnika.xlsx,HostsTable,2026-10-08T10:06:50.660212+00:00,0z33.buzz,False
клубника,klubnika.xlsx,HostsTable,2026-10-08T10:06:50.660212+00:00,7828.buzz,False
клубника,klubnika.xlsx,HostsTable,2026-10-08T10:06:50.660212+00:00,strawberry44.ru,False
клубника,klubnika.xlsx,HostsTable,2026-10-08T10:06:50.660212+00:00,85342.casino,True
клубника,klubnika.xlsx,HostsTable,2026-10-08T10:06:50.660212+00:00,freepik.com,True
клубника,klubnika.xlsx,HostsTable,2026-10-08T10:06:50.660212+00:00,xn--e1aapcrn.xn--p1ai,False
клубника,klubnika.xlsx,HostsTable,2026-10-08T10:06:50.660212+00:00,3n64.buzz,False
клубника,klubnika.xlsx,HostsTable,2026-10-08T10:06:50.660212+00:00,qqf.casino,False
клубника,klubnika.xlsx,HostsTable,2026-10-08T10:06:50.660212+00:00,1dc.casino,False
клубника,klubnika.xlsx,HostsTable,2026-10-08T10:06:50.660212+00:00,regions.ru,True
клубника,klubnika.xlsx,HostsTable,2026-10-08T10:06:50.660212+00:00,casino0508d.buzz,False
клубника,klubnika.xlsx,HostsTable,2026-10-08T10:06:50.660212+00:00,nqb.casino,True
клубника,klubnika.xlsx,HostsTable,2026-10-08T10:06:50.660212+00:00,liubimyi-sad.ru,True
клубника,klubnika.xlsx,HostsTable,2026-10-08T10:06:50.660212+00:00,nsportal.ru,True
клубника,klubnika.xlsx,HostsTable,2026-10-08T10:06:50.660212+00:00,0q04.buzz,False
клубника,klubnika.xlsx,HostsTable,2026-10-08T10:06:50.660212+00:00,alcofan.com,True
клубника,klubnika.xlsx,HostsTable,2026-10-08T10:06:50.660212+00:00,c562.buzz,False
клубника,klubnika.xlsx,HostsTable,2026-10-08T10:06:50.660212+00:00,577o.buzz,False
клубника,klubnika.xlsx,HostsTable,2026-10-08T10:06:50.660212+00:00,e183.buzz,False
клубника,klubnika.xlsx,HostsTable,2026-10-08T10:06:50.660212+00:00,cflw.team,False
клубника,klubnika.xlsx,HostsTable,2026-10-08T10:06:50.660212+00:00,84w3.buzz,False
клубника,klubnika.xlsx,HostsTable,2026-10-08T10:06:50.660212+00:00,1208bvcasino.fun,False
клубника,klubnika.xlsx,HostsTable,2026-10-08T10:06:50.660212+00:00,3286.team,False
клубника,klubnika.xlsx,HostsTable,2026-10-08T10:06:50.660212+00:00,sb.by,True
клубника,klubnika.xlsx,HostsTable,2026-10-08T10:06:50.660212+00:00,5440.buzz,False
клубника,klubnika.xlsx,HostsTable,2026-10-08T10:06:50.660212+00:00,zooma-1660.cfd,False
клубника,klubnika.xlsx,HostsTable,2026-10-08T10:06:50.660212+00:00,kitsgroup.ru,False
клубника,klubnika.xlsx,HostsTable,2026-10-08T10:06:50.660212+00:00,eda.yandex,True
клубника,klubnika.xlsx,HostsTable,2026-10-08T10:06:50.660212+00:00,2c4.casino,True
клубника,klubnika.xlsx,HostsTable,2026-10-08T10:06:50.660212+00:00,ly5.buzz,False
клубника,klubnika.xlsx,HostsTable,2026-10-08T10:06:50.660212+00:00,kiwi-buket-spb.ru,False
клубника,klubnika.xlsx,HostsTable,2026-10-08T10:06:50.660212+00:00,xn----ctbjnor0abca9a4dr6b.xn--p1ai,False
клубника,klubnika.xlsx,HostsTable,2026-10-08T10:06:50.660212+00:00,bph.casino,True
клубника,klubnika.xlsx,HostsTable,2026-10-08T10:06:50.660212+00:00,8r0.casino,False
клубника,klubnika.xlsx,HostsTable,2026-10-08T10:06:50.660212+00:00,clubnika-casino-sea.buzz,False
клубника,klubnika.xlsx,HostsTable,2026-10-08T10:06:50.660212+00:00,irh.casino,False
клубника,klubnika.xlsx,HostsTable,2026-10-08T10:06:50.660212+00:00,7k3589.casino,False
клубника,klubnika.xlsx,HostsTable,2026-10-08T10:06:50.660212+00:00,buketnitsa96.ru,False
клубника,klubnika.xlsx,HostsTable,2026-10-08T10:06:50.660212+00:00,hjtb.team,False
клубника,klubnika.xlsx,HostsTable,2026-10-08T10:06:50.660212+00:00,wcv.buzz,False
клубника,klubnika.xlsx,HostsTable,2026-10-08T10:06:50.660212+00:00,9108.buzz,False
клубника,klubnika.xlsx,HostsTable,2026-10-08T10:06:50.660212+00:00,libmonster.ru,True
клубника,klubnika.xlsx,HostsTable,2026-10-08T10:06:50.660212+00:00,af5.casino,False
клубника,klubnika.xlsx,HostsTable,2026-10-08T10:06:50.660212+00:00,klvr.team,False
клубника,klubnika.xlsx,HostsTable,2026-10-08T10:06:50.660212+00:00,rus-yagoda.ru,False
клубника,klubnika.xlsx,HostsTable,2026-10-08T10:06:50.660212+00:00,my.mail.ru,True
клубника,klubnika.xlsx,HostsTable,2026-10-08T10:06:50.660212+00:00,casinokdw.buzz,False
клубника,klubnika.xlsx,HostsTable,2026-10-08T10:06:50.660212+00:00,prdc.team,False
клубника,klubnika.xlsx,HostsTable,2026-10-08T10:06:50.660212+00:00,zapah-klubniki-lordfilm2.ru,False
клубника,klubnika.xlsx,HostsTable,2026-10-08T10:06:50.660212+00:00,archive.org,True
клубника,klubnika.xlsx,HostsTable,2026-10-08T10:06:50.660212+00:00,xn--80adjrjvx2b1e.xn--p1ai,False
клубника,klubnika.xlsx,HostsTable,2026-10-08T10:06:50.660212+00:00,kamelia-gardens.ru,True
клубника,klubnika.xlsx,HostsTable,2026-10-08T10:06:50.660212+00:00,gpf.casino,False
клубника,klubnika.xlsx,HostsTable,2026-10-08T10:06:50.660212+00:00,2984-casino.buzz,False
клубника,klubnika.xlsx,HostsTable,2026-10-08T10:06:50.660212+00:00,138t.buzz,False
клубника,klubnika.xlsx,HostsTable,2026-10-08T10:06:50.660212+00:00,clubnika-aip43.cam,False
клубника,klubnika.xlsx,HostsTable,2026-10-08T10:06:50.660212+00:00,casino-2671.buzz,False
клубника,klubnika.xlsx,HostsTable,2026-10-08T10:06:50.660212+00:00,multiurok.ru,True
клубника,klubnika.xlsx,HostsTable,2026-10-08T10:06:50.660212+00:00,x302.buzz,False
клубника,klubnika.xlsx,HostsTable,2026-10-08T10:06:50.660212+00:00,bdwn.team,False
клубника,klubnika.xlsx,HostsTable,2026-10-08T10:06:50.660212+00:00,dqf.casino,False
клубника,klubnika.xlsx,HostsTable,2026-10-08T10:06:50.660212+00:00,i888.buzz,False
клубника,klubnika.xlsx,HostsTable,2026-10-08T10:06:50.660212+00:00,lenta.com,True
клубника,klubnika.xlsx,HostsTable,2026-10-08T10:06:50.660212+00:00,fruitykiss.ru,False
клубника,klubnika.xlsx,HostsTable,2026-10-08T10:06:50.660212+00:00,c075.buzz,False
клубника,klubnika.xlsx,HostsTable,2026-10-08T10:06:50.660212+00:00,uflor.ru,False
клубника,klubnika.xlsx,HostsTable,2026-10-08T10:06:50.660212+00:00,leaflor.ru,False
клубника,klubnika.xlsx,HostsTable,2026-10-08T10:06:50.660212+00:00,zdravcity.ru,True
клубника,klubnika.xlsx,HostsTable,2026-10-08T10:06:50.660212+00:00,12011.casino,False
клубника,klubnika.xlsx,HostsTable,2026-10-08T10:06:50.660212+00:00,8859.buzz,False
клубника,klubnika.xlsx,HostsTable,2026-10-08T10:06:50.660212+00:00,0k18.buzz,False
клубника,klubnika.xlsx,HostsTable,2026-10-08T10:06:50.660212+00:00,specbuket.com,False
клубника,klubnika.xlsx,HostsTable,2026-10-08T10:06:50.660212+00:00,3vuc.buzz,False
клубника,klubnika.xlsx,HostsTable,2026-10-08T10:06:50.660212+00:00,clubnika-nld76.buzz,False
клубника,klubnika.xlsx,HostsTable,2026-10-08T10:06:50.660212+00:00,zvuk.com,True
клубника,klubnika.xlsx,HostsTable,2026-10-08T10:06:50.660212+00:00,2l31.buzz,False
клубника,klubnika.xlsx,HostsTable,2026-10-08T10:06:50.660212+00:00,drbakers.ru,True
клубника,klubnika.xlsx,HostsTable,2026-10-08T10:06:50.660212+00:00,027v.buzz,False
клубника,klubnika.xlsx,HostsTable,2026-10-08T10:06:50.660212+00:00,vulkandelux-zerkalo.info,True
клубника,klubnika.xlsx,HostsTable,2026-10-08T10:06:50.660212+00:00,kiskinsad.ru,True
клубника,klubnika.xlsx,HostsTable,2026-10-08T10:06:50.660212+00:00,lrzn.team,False
клубника,klubnika.xlsx,HostsTable,2026-10-08T10:06:50.660212+00:00,v750.buzz,False
клубника,klubnika.xlsx,HostsTable,2026-10-08T10:06:50.660212+00:00,i5x.team,False
клубника,klubnika.xlsx,HostsTable,2026-10-08T10:06:50.660212+00:00,flowberry.ru,False
клубника,klubnika.xlsx,HostsTable,2026-10-08T10:06:50.660212+00:00,glhd.team,True
клубника,klubnika.xlsx,HostsTable,2026-10-08T10:06:50.660212+00:00,clubnika-casino-mqs.buzz,False
клубника,klubnika.xlsx,HostsTable,2026-10-08T10:06:50.660212+00:00,kasino-vulkanrussia.net,False
клубника,klubnika.xlsx,HostsTable,2026-10-08T10:06:50.660212+00:00,vsesorta.ru,False
клубника,klubnika.xlsx,HostsTable,2026-10-08T10:06:50.660212+00:00,69z6.buzz,False
клубника,klubnika.xlsx,HostsTable,2026-10-08T10:06:50.660212+00:00,magnific.com,True
клубника,klubnika.xlsx,HostsTable,2026-10-08T10:06:50.660212+00:00,gramota.ru,True
клубника,klubnika.xlsx,HostsTable,2026-10-08T10:06:50.660212+00:00,7545.buzz,False
клубника,klubnika.xlsx,HostsTable,2026-10-08T10:06:50.660212+00:00,clubnika-casino-mqj.buzz,False
клубника,klubnika.xlsx,HostsTable,2026-10-08T10:06:50.660212+00:00,online-casino2108.buzz,False
клубника,klubnika.xlsx,HostsTable,2026-10-08T10:06:50.660212+00:00,pgyer.com,True
клубника,klubnika.xlsx,HostsTable,2026-10-08T10:06:50.660212+00:00,wcz.casino,False
клубника,klubnika.xlsx,HostsTable,2026-10-08T10:06:50.660212+00:00,optort.ru,False
клубника,klubnika.xlsx,HostsTable,2026-10-08T10:06:50.660212+00:00,casinowos.cfd,False
клубника,klubnika.xlsx,HostsTable,2026-10-08T10:06:50.660212+00:00,lavue55.ru,False
клубника,klubnika.xlsx,HostsTable,2026-10-08T10:06:50.660212+00:00,totalwars.help,True
клубника,klubnika.xlsx,HostsTable,2026-10-08T10:06:50.660212+00:00,f042.buzz,False
клубника,klubnika.xlsx,HostsTable,2026-10-08T10:06:50.660212+00:00,kronidov.ru,True
клубника,klubnika.xlsx,HostsTable,2026-10-08T10:06:50.660212+00:00,myspar.ru,True
клубника,klubnika.xlsx,HostsTable,2026-10-08T10:06:50.660212+00:00,421n.buzz,False
клубника,klubnika.xlsx,HostsTable,2026-10-08T10:06:50.660212+00:00,m0b.buzz,False
клубника,klubnika.xlsx,HostsTable,2026-10-08T10:06:50.660212+00:00,rassadacvetov.ru,True
клубника,klubnika.xlsx,HostsTable,2026-10-08T10:06:50.660212+00:00,n938.buzz,False
клубника,klubnika.xlsx,HostsTable,2026-10-08T10:06:50.660212+00:00,p776.buzz,False
клубника,klubnika.xlsx,HostsTable,2026-10-08T10:06:50.660212+00:00,klubnikaray.ru,False
клубника,klubnika.xlsx,HostsTable,2026-10-08T10:06:50.660212+00:00,steampowered.com,True
клубника,klubnika.xlsx,HostsTable,2026-10-08T10:06:50.660212+00:00,jls.casino,False
клубника,klubnika.xlsx,HostsTable,2026-10-08T10:06:50.660212+00:00,casino-l0t.team,False
клубника,klubnika.xlsx,HostsTable,2026-10-08T10:06:50.660212+00:00,lunaro.ru,True
клубника,klubnika.xlsx,HostsTable,2026-10-08T10:06:50.660212+00:00,c7v.team,False
клубника,klubnika.xlsx,HostsTable,2026-10-08T10:06:50.660212+00:00,n2c.team,False
клубника,klubnika.xlsx,HostsTable,2026-10-08T10:06:50.660212+00:00,h876.buzz,False
клубника,klubnika.xlsx,HostsTable,2026-10-08T10:06:50.660212+00:00,9834.buzz,False
клубника,klubnika.xlsx,HostsTable,2026-10-08T10:06:50.660212+00:00,shutterstock.com,True
клубника,klubnika.xlsx,HostsTable,2026-10-08T10:06:50.660212+00:00,chocolavka.com,False
клубника,klubnika.xlsx,HostsTable,2026-10-08T10:06:50.660212+00:00,zhf.casino,False
клубника,klubnika.xlsx,HostsTable,2026-10-08T10:06:50.660212+00:00,dogsbezdep.top,True
клубника,klubnika.xlsx,HostsTable,2026-10-08T10:06:50.660212+00:00,25m.casino,False
клубника,klubnika.xlsx,HostsTable,2026-10-08T10:06:50.660212+00:00,infourok.ru,True
клубника,klubnika.xlsx,HostsTable,2026-10-08T10:06:50.660212+00:00,vavada-casino9417.cfd,False
клубника,klubnika.xlsx,HostsTable,2026-10-08T10:06:50.660212+00:00,qlj.buzz,False
клубника,klubnika.xlsx,HostsTable,2026-10-08T10:06:50.660212+00:00,euroki.org,True
клубника,klubnika.xlsx,HostsTable,2026-10-08T10:06:50.660212+00:00,dragon-money-casino070.cfd,False
клубника,klubnika.xlsx,HostsTable,2026-10-08T10:06:50.660212+00:00,casinoclubnika-bq.buzz,False
клубника,klubnika.xlsx,HostsTable,2026-10-08T10:06:50.660212+00:00,calorizator.ru,True
клубника,klubnika.xlsx,HostsTable,2026-10-08T10:06:50.660212+00:00,wilder-casino000.cyou,False
клубника,klubnika.xlsx,HostsTable,2026-10-08T10:06:50.660212+00:00,3107s.casino,False
клубника,klubnika.xlsx,HostsTable,2026-10-08T10:06:50.660212+00:00,beef-940.buzz,False
клубника,klubnika.xlsx,HostsTable,2026-10-08T10:06:50.660212+00:00,8t30.buzz,False
клубника,klubnika.xlsx,HostsTable,2026-10-08T10:06:50.660212+00:00,1b46.buzz,False
клубника,klubnika.xlsx,HostsTable,2026-10-08T10:06:50.660212+00:00,one-berry.ru,False
клубника,klubnika.xlsx,HostsTable,2026-10-08T10:06:50.660212+00:00,07f.buzz,False
клубника,klubnika.xlsx,HostsTable,2026-10-08T10:06:50.660212+00:00,medra.ru,True
клубника,klubnika.xlsx,HostsTable,2026-10-08T10:06:50.660212+00:00,6rm.casino,False
клубника,klubnika.xlsx,HostsTable,2026-10-08T10:06:50.660212+00:00,0255.buzz,False
клубника,klubnika.xlsx,HostsTable,2026-10-08T10:06:50.660212+00:00,genius.com,True
клубника,klubnika.xlsx,HostsTable,2026-10-08T10:06:50.660212+00:00,moneysbet.xyz,False
клубника,klubnika.xlsx,HostsTable,2026-10-08T10:06:50.660212+00:00,iris-casino156.monster,False
клубника,klubnika.xlsx,HostsTable,2026-10-08T10:06:50.660212+00:00,ollgames.ru,True
клубника,klubnika.xlsx,HostsTable,2026-10-08T10:06:50.660212+00:00,tribuketa.ru,False
клубника,klubnika.xlsx,HostsTable,2026-10-08T10:06:50.660212+00:00,ruscemena.ru,True
клубника,klubnika.xlsx,HostsTable,2026-10-08T10:06:50.660212+00:00,7days.ru,True
клубника,klubnika.xlsx,HostsTable,2026-10-08T10:06:50.660212+00:00,6k62.buzz,False
клубника,klubnika.xlsx,HostsTable,2026-10-08T10:06:50.660212+00:00,ghco.buzz,False
клубника,klubnika.xlsx,HostsTable,2026-10-08T10:06:50.660212+00:00,casino5932.lifestyle,False
клубника,klubnika.xlsx,HostsTable,2026-10-08T10:06:50.660212+00:00,plantmania.ru,True
клубника,klubnika.xlsx,HostsTable,2026-10-08T10:06:50.660212+00:00,beef-xnu.buzz,False
клубника,klubnika.xlsx,HostsTable,2026-10-08T10:06:50.660212+00:00,rampitomnik.ru,False
клубника,klubnika.xlsx,HostsTable,2026-10-08T10:06:50.660212+00:00,bkzm.team,False
клубника,klubnika.xlsx,HostsTable,2026-10-08T10:06:50.660212+00:00,7k-clyb-kaslno.com,False
клубника,klubnika.xlsx,HostsTable,2026-10-08T10:06:50.660212+00:00,rusturks.com,True
клубника,klubnika.xlsx,HostsTable,2026-10-08T10:06:50.660212+00:00,157y.buzz,False
клубника,klubnika.xlsx,HostsTable,2026-10-08T10:06:50.660212+00:00,strawberry-dream.ru,False
клубника,klubnika.xlsx,HostsTable,2026-10-08T10:06:50.660212+00:00,ogorodnik.ru,True
клубника,klubnika.xlsx,HostsTable,2026-10-08T10:06:50.660212+00:00,002d.buzz,False
клубника,klubnika.xlsx,HostsTable,2026-10-08T10:06:50.660212+00:00,nid.casino,False
клубника,klubnika.xlsx,HostsTable,2026-10-08T10:06:50.660212+00:00,3b95.buzz,False
клубника,klubnika.xlsx,HostsTable,2026-10-08T10:06:50.660212+00:00,clubnika-casino-vm.buzz,False
клубника,klubnika.xlsx,HostsTable,2026-10-08T10:06:50.660212+00:00,zbm.casino,False
клубника,klubnika.xlsx,HostsTable,2026-10-08T10:06:50.660212+00:00,r521.buzz,False
клубника,klubnika.xlsx,HostsTable,2026-10-08T10:06:50.660212+00:00,2592.casino,False
клубника,klubnika.xlsx,HostsTable,2026-10-08T10:06:50.660212+00:00,onlinemahjong.ru,True
клубника,klubnika.xlsx,HostsTable,2026-10-08T10:06:50.660212+00:00,forum-casino.com,True
клубника,klubnika.xlsx,HostsTable,2026-10-08T10:06:50.660212+00:00,clubnika-casino.ru,False
клубника,klubnika.xlsx,HostsTable,2026-10-08T10:06:50.660212+00:00,6w71.buzz,False
клубника,klubnika.xlsx,HostsTable,2026-10-08T10:06:50.660212+00:00,clubnika-220.top,False
клубника,klubnika.xlsx,HostsTable,2026-10-08T10:06:50.660212+00:00,vegatostudio.ru,False
клубника,klubnika.xlsx,HostsTable,2026-10-08T10:06:50.660212+00:00,sibkray.ru,True
клубника,klubnika.xlsx,HostsTable,2026-10-08T10:06:50.660212+00:00,1524.team,False
клубника,klubnika.xlsx,HostsTable,2026-10-08T10:06:50.660212+00:00,casino49542.buzz,False
клубника,klubnika.xlsx,HostsTable,2026-10-08T10:06:50.660212+00:00,rumbaba.ru,False
клубника,klubnika.xlsx,HostsTable,2026-10-08T10:06:50.660212+00:00,p655.buzz,False
клубника,klubnika.xlsx,HostsTable,2026-10-08T10:06:50.660212+00:00,fcgu.buzz,False
клубника,klubnika.xlsx,HostsTable,2026-10-08T10:06:50.660212+00:00,www-casino.ru,False
клубника,klubnika.xlsx,HostsTable,2026-10-08T10:06:50.660212+00:00,labyket24.ru,False
клубника,klubnika.xlsx,HostsTable,2026-10-08T10:06:50.660212+00:00,tracker-casino.ru,True
клубника,klubnika.xlsx,HostsTable,2026-10-08T10:06:50.660212+00:00,solo-games.ru,True
клубника,klubnika.xlsx,HostsTable,2026-10-08T10:06:50.660212+00:00,casino-a72.lol,False
клубника,klubnika.xlsx,HostsTable,2026-10-08T10:06:50.660212+00:00,pravilamag.ru,True
клубника,klubnika.xlsx,HostsTable,2026-10-08T10:06:50.660212+00:00,xn--80aaie1alnex6la.xn--p1ai,True
клубника,klubnika.xlsx,HostsTable,2026-10-08T10:06:50.660212+00:00,clubnika-wpa75.cfd,False
клубника,klubnika.xlsx,HostsTable,2026-10-08T10:06:50.660212+00:00,0qn.casino,True
клубника,klubnika.xlsx,HostsTable,2026-10-08T10:06:50.660212+00:00,n8rw.team,False
клубника,klubnika.xlsx,HostsTable,2026-10-08T10:06:50.660212+00:00,jr3.buzz,False
клубника,klubnika.xlsx,HostsTable,2026-10-08T10:06:50.660212+00:00,chocofoot.ru,False
клубника,klubnika.xlsx,HostsTable,2026-10-08T10:06:50.660212+00:00,t471.buzz,False
клубника,klubnika.xlsx,HostsTable,2026-10-08T10:06:50.660212+00:00,casino-clubnika-me.buzz,False
клубника,klubnika.xlsx,HostsTable,2026-10-08T10:06:50.660212+00:00,9a48.buzz,False
клубника,klubnika.xlsx,HostsTable,2026-10-08T10:06:50.660212+00:00,polinapastry.com,True
клубника,klubnika.xlsx,HostsTable,2026-10-08T10:06:50.660212+00:00,70k4.buzz,False
клубника,klubnika.xlsx,HostsTable,2026-10-08T10:06:50.660212+00:00,q551.buzz,False
клубника,klubnika.xlsx,HostsTable,2026-10-08T10:06:50.660212+00:00,475.casino,False
клубника,klubnika.xlsx,HostsTable,2026-10-08T10:06:50.660212+00:00,chr.casino,True
клубника,klubnika.xlsx,HostsTable,2026-10-08T10:06:50.660212+00:00,dreamstime.com,True
клубника,klubnika.xlsx,HostsTable,2026-10-08T10:06:50.660212+00:00,firstfloral.ru,False
клубника,klubnika.xlsx,HostsTable,2026-10-08T10:06:50.660212+00:00,igroutka.ru,True
клубника,klubnika.xlsx,HostsTable,2026-10-08T10:06:50.660212+00:00,casino75u.buzz,False
клубника,klubnika.xlsx,HostsTable,2026-10-08T10:06:50.660212+00:00,freshberry-perm.ru,False
клубника,klubnika.xlsx,HostsTable,2026-10-08T10:06:50.660212+00:00,rbk.casino,True
клубника,klubnika.xlsx,HostsTable,2026-10-08T10:06:50.660212+00:00,91716.casino,False
клубника,klubnika.xlsx,HostsTable,2026-10-08T10:06:50.660212+00:00,delish-krd.ru,False
клубника,klubnika.xlsx,HostsTable,2026-10-08T10:06:50.660212+00:00,d997.buzz,False
клубника,klubnika.xlsx,HostsTable,2026-10-08T10:06:50.660212+00:00,klubnika-casino-jg0.ru,False
клубника,klubnika.xlsx,HostsTable,2026-10-08T10:06:50.660212+00:00,casino48935.buzz,False
клубника,klubnika.xlsx,HostsTable,2026-10-08T10:06:50.660212+00:00,fkxb.team,True
клубника,klubnika.xlsx,HostsTable,2026-10-08T10:06:50.660212+00:00,casino4212.buzz,False
клубника,klubnika.xlsx,HostsTable,2026-10-08T10:06:50.660212+00:00,32x8.buzz,False
клубника,klubnika.xlsx,HostsTable,2026-10-08T10:06:50.660212+00:00,m7p.buzz,False
клубника,klubnika.xlsx,HostsTable,2026-10-08T10:06:50.660212+00:00,ldtq.click,False
клубника,klubnika.xlsx,HostsTable,2026-10-08T10:06:50.660212+00:00,x6k.buzz,False
клубника,klubnika.xlsx,HostsTable,2026-10-08T10:06:50.660212+00:00,gardensad-spb.ru,True
клубника,klubnika.xlsx,HostsTable,2026-10-08T10:06:50.660212+00:00,gya.casino,False
клубника,klubnika.xlsx,HostsTable,2026-10-08T10:06:50.660212+00:00,46d9.buzz,False
клубника,klubnika.xlsx,HostsTable,2026-10-08T10:06:50.660212+00:00,mr5.casino,False
клубника,klubnika.xlsx,HostsTable,2026-10-08T10:06:50.660212+00:00,7356.buzz,False
клубника,klubnika.xlsx,HostsTable,2026-10-08T10:06:50.660212+00:00,smzk.lol,False
клубника,klubnika.xlsx,HostsTable,2026-10-08T10:06:50.660212+00:00,casino66983b.buzz,False
клубника,klubnika.xlsx,HostsTable,2026-10-08T10:06:50.660212+00:00,poebyshki.online,False
клубника,klubnika.xlsx,HostsTable,2026-10-08T10:06:50.660212+00:00,jbp.casino,True
клубника,klubnika.xlsx,HostsTable,2026-10-08T10:06:50.660212+00:00,001p.buzz,False
клубника,klubnika.xlsx,HostsTable,2026-10-08T10:06:50.660212+00:00,av.ru,True
клубника,klubnika.xlsx,HostsTable,2026-10-08T10:06:50.660212+00:00,zking.ru,True
клубника,klubnika.xlsx,HostsTable,2026-10-08T10:06:50.660212+00:00,6ur.casino,False
клубника,klubnika.xlsx,HostsTable,2026-10-08T10:06:50.660212+00:00,e-passion.bet,True
клубника,klubnika.xlsx,HostsTable,2026-10-08T10:06:50.660212+00:00,clubnika-meq71.cfd,False
клубника,klubnika.xlsx,HostsTable,2026-10-08T10:06:50.660212+00:00,ysxr.buzz,False
клубника,klubnika.xlsx,HostsTable,2026-10-08T10:06:50.660212+00:00,fr.gov.by,True
клубника,klubnika.xlsx,HostsTable,2026-10-08T10:06:50.660212+00:00,clubnika-gjd77.top,False
клубника,klubnika.xlsx,HostsTable,2026-10-08T10:06:50.660212+00:00,4x82.casino,False
клубника,klubnika.xlsx,HostsTable,2026-10-08T10:06:50.660212+00:00,casino-vgr8.buzz,False
клубника,klubnika.xlsx,HostsTable,2026-10-08T10:06:50.660212+00:00,tgramsearch.com,True
клубника,klubnika.xlsx,HostsTable,2026-10-08T10:06:50.660212+00:00,casino33703.buzz,False
клубника,klubnika.xlsx,HostsTable,2026-10-08T10:06:50.660212+00:00,nfz.casino,False
клубника,klubnika.xlsx,HostsTable,2026-10-08T10:06:50.660212+00:00,casino1933.fun,False
клубника,klubnika.xlsx,HostsTable,2026-10-08T10:06:50.660212+00:00,6i58.buzz,False
клубника,klubnika.xlsx,HostsTable,2026-10-08T10:06:50.660212+00:00,solo-mahjong.ru,True
клубника,klubnika.xlsx,HostsTable,2026-10-08T10:06:50.660212+00:00,2ud.buzz,False
клубника,klubnika.xlsx,HostsTable,2026-10-08T10:06:50.660212+00:00,casino5229.shop,False
клубника,klubnika.xlsx,HostsTable,2026-10-08T10:06:50.660212+00:00,mqvb.team,False
клубника,klubnika.xlsx,HostsTable,2026-10-08T10:06:50.660212+00:00,ezcash-342.cfd,False
клубника,klubnika.xlsx,HostsTable,2026-10-08T10:06:50.660212+00:00,geoplastbord.ru,True
клубника,klubnika.xlsx,HostsTable,2026-10-08T10:06:50.660212+00:00,casino-pwh.buzz,False
клубника,klubnika.xlsx,HostsTable,2026-10-08T10:06:50.660212+00:00,rubin-games.org,False
клубника,klubnika.xlsx,HostsTable,2026-10-08T10:06:50.660212+00:00,clubnika-dpl54.buzz,False
клубника,klubnika.xlsx,HostsTable,2026-10-08T10:06:50.660212+00:00,kazino-klubnika.ru,False
клубника,klubnika.xlsx,HostsTable,2026-10-08T10:06:50.660212+00:00,sovhozlenina.ru,True
клубника,klubnika.xlsx,HostsTable,2026-10-08T10:06:50.660212+00:00,casino64706.buzz,False
клубника,klubnika.xlsx,HostsTable,2026-10-08T10:06:50.660212+00:00,vulkan777-casinosite.xyz,False
клубника,klubnika.xlsx,HostsTable,2026-10-08T10:06:50.660212+00:00,casino25.buzz,False
клубника,klubnika.xlsx,HostsTable,2026-10-08T10:06:50.660212+00:00,casino-6722.sbs,False
клубника,klubnika.xlsx,HostsTable,2026-10-08T10:06:50.660212+00:00,casino088.top,False
клубника,klubnika.xlsx,HostsTable,2026-10-08T10:06:50.660212+00:00,tr-page.yandex.ru,False
клубника,klubnika.xlsx,HostsTable,2026-10-08T10:06:50.660212+00:00,xn----7sbbhwhcbmyefd7w.xn--p1ai,False
клубника,klubnika.xlsx,HostsTable,2026-10-08T10:06:50.660212+00:00,rzhunbezdep.vip,True
клубника,klubnika.xlsx,HostsTable,2026-10-08T10:06:50.660212+00:00,66351.casino,False
клубника,klubnika.xlsx,HostsTable,2026-10-08T10:06:50.660212+00:00,5919d.casino,False
клубника,klubnika.xlsx,HostsTable,2026-10-08T10:06:50.660212+00:00,clubnikacasino-pnuv.buzz,False
клубника,klubnika.xlsx,HostsTable,2026-10-08T10:06:50.660212+00:00,811p.buzz,False
клубника,klubnika.xlsx,HostsTable,2026-10-08T10:06:50.660212+00:00,casino-clubnika-mu.buzz,False
клубника,klubnika.xlsx,HostsTable,2026-10-08T10:06:50.660212+00:00,thecake-school.ru,True
клубника,klubnika.xlsx,HostsTable,2026-10-08T10:06:50.660212+00:00,casino0109d.buzz,False
клубника,klubnika.xlsx,HostsTable,2026-10-08T10:06:50.660212+00:00,4208.buzz,False
клубника,klubnika.xlsx,HostsTable,2026-10-08T10:06:50.660212+00:00,casino80740com.cyou,False
клубника,klubnika.xlsx,HostsTable,2026-10-08T10:06:50.660212+00:00,5x02.buzz,False
клубника,klubnika.xlsx,HostsTable,2026-10-08T10:06:50.660212+00:00,m5tv.store,False
клубника,klubnika.xlsx,HostsTable,2026-10-08T10:06:50.660212+00:00,n6gl.buzz,False
клубника,klubnika.xlsx,HostsTable,2026-10-08T10:06:50.660212+00:00,66z4.buzz,False
клубника,klubnika.xlsx,HostsTable,2026-10-08T10:06:50.660212+00:00,k07.casino,False
клубника,klubnika.xlsx,HostsTable,2026-10-08T10:06:50.660212+00:00,jacobs26.buzz,False
клубника,klubnika.xlsx,HostsTable,2026-10-08T10:06:50.660212+00:00,casino725.team,False
клубника,klubnika.xlsx,HostsTable,2026-10-08T10:06:50.660212+00:00,popcornnews.ru,True
клубника,klubnika.xlsx,HostsTable,2026-10-08T10:06:50.660212+00:00,3x88.buzz,False
клубника,klubnika.xlsx,HostsTable,2026-10-08T10:06:50.660212+00:00,fruitcocktail-automat.com,False
клубника,klubnika.xlsx,HostsTable,2026-10-08T10:06:50.660212+00:00,betaren.ru,True
клубника,klubnika.xlsx,HostsTable,2026-10-08T10:06:50.660212+00:00,omi.casino,False
клубника,klubnika.xlsx,HostsTable,2026-10-08T10:06:50.660212+00:00,tablicakalorijnosti.ru,True
клубника,klubnika.xlsx,HostsTable,2026-10-08T10:06:50.660212+00:00,2607.team,False
клубника,klubnika.xlsx,HostsTable,2026-10-08T10:06:50.660212+00:00,vk.com,True
клубника,klubnika.xlsx,HostsTable,2026-10-08T10:06:50.660212+00:00,1993.buzz,False
клубника,klubnika.xlsx,HostsTable,2026-10-08T10:06:50.660212+00:00,wcht.team,False
клубника,klubnika.xlsx,HostsTable,2026-10-08T10:06:50.660212+00:00,5070.buzz,False
клубника,klubnika.xlsx,HostsTable,2026-10-08T10:06:50.660212+00:00,azbyka.ru,True
клубника,klubnika.xlsx,HostsTable,2026-10-08T10:06:50.660212+00:00,t186.buzz,False
клубника,klubnika.xlsx,HostsTable,2026-10-08T10:06:50.660212+00:00,sedobnyebukety.ru,False
клубника,klubnika.xlsx,HostsTable,2026-10-08T10:06:50.660212+00:00,clubnika-lxc.top,False
клубника,klubnika.xlsx,HostsTable,2026-10-08T10:06:50.660212+00:00,ingershop.ru,False
клубника,klubnika.xlsx,HostsTable,2026-10-08T10:06:50.660212+00:00,casinoj3r.cfd,False
клубника,klubnika.xlsx,HostsTable,2026-10-08T10:06:50.660212+00:00,shocko.ru,True
клубника,klubnika.xlsx,HostsTable,2026-10-08T10:06:50.660212+00:00,vll.casino,False
клубника,klubnika.xlsx,HostsTable,2026-10-08T10:06:50.660212+00:00,clubnika-cez89.cfd,False
клубника,klubnika.xlsx,HostsTable,2026-10-08T10:06:50.660212+00:00,87r.buzz,False
клубника,klubnika.xlsx,HostsTable,2026-10-08T10:06:50.660212+00:00,grandgames.net,True
клубника,klubnika.xlsx,HostsTable,2026-10-08T10:06:50.660212+00:00,monitta.ru,False
клубника,klubnika.xlsx,HostsTable,2026-10-08T10:06:50.660212+00:00,j369.buzz,False
клубника,klubnika.xlsx,HostsTable,2026-10-08T10:06:50.660212+00:00,1558-casino.buzz,False
клубника,klubnika.xlsx,HostsTable,2026-10-08T10:06:50.660212+00:00,casino447.com,False
клубника,klubnika.xlsx,HostsTable,2026-10-08T10:06:50.660212+00:00,casino7833.lifestyle,False
клубника,klubnika.xlsx,HostsTable,2026-10-08T10:06:50.660212+00:00,8b82.buzz,False
клубника,klubnika.xlsx,HostsTable,2026-10-08T10:06:50.660212+00:00,gmslotscash.com,True
клубника,klubnika.xlsx,HostsTable,2026-10-08T10:06:50.660212+00:00,oreshka-pitomnik.ru,True
клубника,klubnika.xlsx,HostsTable,2026-10-08T10:06:50.660212+00:00,50g9.buzz,False
клубника,klubnika.xlsx,HostsTable,2026-10-08T10:06:50.660212+00:00,3861.team,False
клубника,klubnika.xlsx,HostsTable,2026-10-08T10:06:50.660212+00:00,edaprof.ru,True
клубника,klubnika.xlsx,HostsTable,2026-10-08T10:06:50.660212+00:00,940z.buzz,False
клубника,klubnika.xlsx,HostsTable,2026-10-08T10:06:50.660212+00:00,036j.buzz,False
клубника,klubnika.xlsx,HostsTable,2026-10-08T10:06:50.660212+00:00,b025.buzz,False
клубника,klubnika.xlsx,HostsTable,2026-10-08T10:06:50.660212+00:00,cgnr.team,False
клубника,klubnika.xlsx,HostsTable,2026-10-08T10:06:50.660212+00:00,sok59.ru,False
клубника,klubnika.xlsx,HostsTable,2026-10-08T10:06:50.660212+00:00,opt-hoz.ru,True
клубника,klubnika.xlsx,HostsTable,2026-10-08T10:06:50.660212+00:00,as6.buzz,False
клубника,klubnika.xlsx,HostsTable,2026-10-08T10:06:50.660212+00:00,recomics.org,True
клубника,klubnika.xlsx,HostsTable,2026-10-08T10:06:50.660212+00:00,clubnika-tip17.cam,False
клубника,klubnika.xlsx,HostsTable,2026-10-08T10:06:50.660212+00:00,6la.buzz,False
клубника,klubnika.xlsx,HostsTable,2026-10-08T10:06:50.660212+00:00,izarmenii.ru,True
клубника,klubnika.xlsx,HostsTable,2026-10-08T10:06:50.660212+00:00,5390.team,False
клубника,klubnika.xlsx,HostsTable,2026-10-08T10:06:50.660212+00:00,clubnika-tdw51.sbs,False
клубника,klubnika.xlsx,HostsTable,2026-10-08T10:06:50.660212+00:00,h8zl.buzz,False
клубника,klubnika.xlsx,HostsTable,2026-10-08T10:06:50.660212+00:00,iris-casino390.monster,False
клубника,klubnika.xlsx,HostsTable,2026-10-08T10:06:50.660212+00:00,ya.ru,True
клубника,klubnika.xlsx,HostsTable,2026-10-08T10:06:50.660212+00:00,keytoheart.ru,False
клубника,klubnika.xlsx,HostsTable,2026-10-08T10:06:50.660212+00:00,zapakh-klubniki-fullhd.rest,False
клубника,klubnika.xlsx,HostsTable,2026-10-08T10:06:50.660212+00:00,9597.buzz,False
клубника,klubnika.xlsx,HostsTable,2026-10-08T10:06:50.660212+00:00,103r.buzz,False
клубника,klubnika.xlsx,HostsTable,2026-10-08T10:06:50.660212+00:00,5074.team,False
клубника,klubnika.xlsx,HostsTable,2026-10-08T10:06:50.660212+00:00,4nq.casino,False
клубника,klubnika.xlsx,HostsTable,2026-10-08T10:06:50.660212+00:00,vsem-sad.ru,False
клубника,klubnika.xlsx,HostsTable,2026-10-08T10:06:50.660212+00:00,tep.casino,False
клубника,klubnika.xlsx,HostsTable,2026-10-08T10:06:50.660212+00:00,4f82.buzz,False
клубника,klubnika.xlsx,HostsTable,2026-10-08T10:06:50.660212+00:00,bqvr.team,False
клубника,klubnika.xlsx,HostsTable,2026-10-08T10:06:50.660212+00:00,uei.casino,False
клубника,klubnika.xlsx,HostsTable,2026-10-08T10:06:50.660212+00:00,fandom.com,False
клубника,klubnika.xlsx,HostsTable,2026-10-08T10:06:50.660212+00:00,vulkan24-onlinecasino.vip,False
клубника,klubnika.xlsx,HostsTable,2026-10-08T10:06:50.660212+00:00,2n14.buzz,False
клубника,klubnika.xlsx,HostsTable,2026-10-08T10:06:50.660212+00:00,10144.casino,False
клубника,klubnika.xlsx,HostsTable,2026-10-08T10:06:50.660212+00:00,casino742.team,True
клубника,klubnika.xlsx,HostsTable,2026-10-08T10:06:50.660212+00:00,00b8.buzz,False
клубника,klubnika.xlsx,HostsTable,2026-10-08T10:06:50.660212+00:00,2bs.casino,True
клубника,klubnika.xlsx,HostsTable,2026-10-08T10:06:50.660212+00:00,lfy.casino,False
клубника,klubnika.xlsx,HostsTable,2026-10-08T10:06:50.660212+00:00,babkicasino.cfd,False
клубника,klubnika.xlsx,HostsTable,2026-10-08T10:06:50.660212+00:00,2p82.buzz,False
клубника,klubnika.xlsx,HostsTable,2026-10-08T10:06:50.660212+00:00,iris-casino51.click,False
клубника,klubnika.xlsx,HostsTable,2026-10-08T10:06:50.660212+00:00,megamarket.ru,True
клубника,klubnika.xlsx,HostsTable,2026-10-08T10:06:50.660212+00:00,iny.casino,True
клубника,klubnika.xlsx,HostsTable,2026-10-08T10:06:50.660212+00:00,profile.ru,True
клубника,klubnika.xlsx,HostsTable,2026-10-08T10:06:50.660212+00:00,9226.casino,False
клубника,klubnika.xlsx,HostsTable,2026-10-08T10:06:50.660212+00:00,casino0534.cfd,False
клубника,klubnika.xlsx,HostsTable,2026-10-08T10:06:50.660212+00:00,irk-sad.ru,True
клубника,klubnika.xlsx,HostsTable,2026-10-08T10:06:50.660212+00:00,a900.buzz,False
клубника,klubnika.xlsx,HostsTable,2026-10-08T10:06:50.660212+00:00,unsplash.com,True
клубника,klubnika.xlsx,HostsTable,2026-10-08T10:06:50.660212+00:00,r2x.buzz,False
клубника,klubnika.xlsx,HostsTable,2026-10-08T10:06:50.660212+00:00,gazonov.com,True
клубника,klubnika.xlsx,HostsTable,2026-10-08T10:06:50.660212+00:00,6p62.buzz,False
клубника,klubnika.xlsx,HostsTable,2026-10-08T10:06:50.660212+00:00,vulkan-kingcasino.sbs,False
клубника,klubnika.xlsx,HostsTable,2026-10-08T10:06:50.660212+00:00,68l0.buzz,False
клубника,klubnika.xlsx,HostsTable,2026-10-08T10:06:50.660212+00:00,klubnika-izhevsk.ru,False
клубника,klubnika.xlsx,HostsTable,2026-10-08T10:06:50.660212+00:00,igm.casino,False
клубника,klubnika.xlsx,HostsTable,2026-10-08T10:06:50.660212+00:00,83clubvulkan742.com,False
клубника,klubnika.xlsx,HostsTable,2026-10-08T10:06:50.660212+00:00,chocolike.ru,False
клубника,klubnika.xlsx,HostsTable,2026-10-08T10:06:50.660212+00:00,7419.buzz,False
клубника,klubnika.xlsx,HostsTable,2026-10-08T10:06:50.660212+00:00,jgm.casino,False
клубника,klubnika.xlsx,HostsTable,2026-10-08T10:06:50.660212+00:00,music.yandex.ru,True
клубника,klubnika.xlsx,HostsTable,2026-10-08T10:06:50.660212+00:00,superklubnika.by,True
клубника,klubnika.xlsx,HostsTable,2026-10-08T10:06:50.660212+00:00,berriesmeister.clients.site,False
клубника,klubnika.xlsx,HostsTable,2026-10-08T10:06:50.660212+00:00,qsd.casino,False
клубника,klubnika.xlsx,HostsTable,2026-10-08T10:06:50.660212+00:00,nchg.team,False
клубника,klubnika.xlsx,HostsTable,2026-10-08T10:06:50.660212+00:00,latestcasinobonuses.su,True
клубника,klubnika.xlsx,HostsTable,2026-10-08T10:06:50.660212+00:00,93i6.buzz,False
клубника,klubnika.xlsx,HostsTable,2026-10-08T10:06:50.660212+00:00,daq.casino,False
клубника,klubnika.xlsx,HostsTable,2026-10-08T10:06:50.660212+00:00,shopsad.ru,True
клубника,klubnika.xlsx,HostsTable,2026-10-08T10:06:50.660212+00:00,cas4.casino,False
клубника,klubnika.xlsx,HostsTable,2026-10-08T10:06:50.660212+00:00,31350.casino,False
клубника,klubnika.xlsx,HostsTable,2026-10-08T10:06:50.660212+00:00,onetable.ru,True
клубника,klubnika.xlsx,HostsTable,2026-10-08T10:06:50.660212+00:00,clubnika-casinod.buzz,False
клубника,klubnika.xlsx,HostsTable,2026-10-08T10:06:50.660212+00:00,07m4.buzz,False
клубника,klubnika.xlsx,HostsTable,2026-10-08T10:06:50.660212+00:00,eblorus.org,True
клубника,klubnika.xlsx,HostsTable,2026-10-08T10:06:50.660212+00:00,casinoua3.buzz,False
клубника,klubnika.xlsx,HostsTable,2026-10-08T10:06:50.660212+00:00,mxt.casino,False
клубника,klubnika.xlsx,HostsTable,2026-10-08T10:06:50.660212+00:00,tortomaster.ru,True
клубника,klubnika.xlsx,HostsTable,2026-10-08T10:06:50.660212+00:00,1208z.casino,False
клубника,klubnika.xlsx,HostsTable,2026-10-08T10:06:50.660212+00:00,52821.cfd,False
клубника,klubnika.xlsx,HostsTable,2026-10-08T10:06:50.660212+00:00,5713.buzz,False
клубника,klubnika.xlsx,HostsTable,2026-10-08T10:06:50.660212+00:00,casinoovu.sbs,False
клубника,klubnika.xlsx,HostsTable,2026-10-08T10:06:50.660212+00:00,270c.buzz,False
клубника,klubnika.xlsx,HostsTable,2026-10-08T10:06:50.660212+00:00,zapakh-klubniki-lordfilm.ru,False
клубника,klubnika.xlsx,HostsTable,2026-10-08T10:06:50.660212+00:00,wallpaperscraft.ru,True
клубника,klubnika.xlsx,HostsTable,2026-10-08T10:06:50.660212+00:00,kleo.ru,True
клубника,klubnika.xlsx,HostsTable,2026-10-08T10:06:50.660212+00:00,3z86.buzz,False
клубника,klubnika.xlsx,HostsTable,2026-10-08T10:06:50.660212+00:00,casino-9862.buzz,False
клубника,klubnika.xlsx,HostsTable,2026-10-08T10:06:50.660212+00:00,9zq.casino,False
клубника,klubnika.xlsx,HostsTable,2026-10-08T10:06:50.660212+00:00,enh.casino,False
клубника,klubnika.xlsx,HostsTable,2026-10-08T10:06:50.660212+00:00,sladko62.ru,False
клубника,klubnika.xlsx,HostsTable,2026-10-08T10:06:50.660212+00:00,qr8.casino,False
клубника,klubnika.xlsx,HostsTable,2026-10-08T10:06:50.660212+00:00,andychef.ru,True
клубника,klubnika.xlsx,HostsTable,2026-10-08T10:06:50.660212+00:00,apkshki.com,True
клубника,klubnika.xlsx,HostsTable,2026-10-08T10:06:50.660212+00:00,mad-9115.cfd,False
клубника,klubnika.xlsx,HostsTable,2026-10-08T10:06:50.660212+00:00,7386.team,False
клубника,klubnika.xlsx,HostsTable,2026-10-08T10:06:50.660212+00:00,946z.buzz,False
клубника,klubnika.xlsx,HostsTable,2026-10-08T10:06:50.660212+00:00,j114.buzz,False
клубника,klubnika.xlsx,HostsTable,2026-10-08T10:06:50.660212+00:00,clubnikacasino735.site,False
клубника,klubnika.xlsx,HostsTable,2026-10-08T10:06:50.660212+00:00,konditersity.ru,False
клубника,klubnika.xlsx,HostsTable,2026-10-08T10:06:50.660212+00:00,18236.casino,False
клубника,klubnika.xlsx,HostsTable,2026-10-08T10:06:50.660212+00:00,rast-market.ru,False
клубника,klubnika.xlsx,HostsTable,2026-10-08T10:06:50.660212+00:00,0xb.casino,False
клубника,klubnika.xlsx,HostsTable,2026-10-08T10:06:50.660212+00:00,klubnichka-games.vip,False
клубника,klubnika.xlsx,HostsTable,2026-10-08T10:06:50.660212+00:00,vsegda-sezon.ru,True
клубника,klubnika.xlsx,HostsTable,2026-10-08T10:06:50.660212+00:00,v5d.team,False
клубника,klubnika.xlsx,HostsTable,2026-10-08T10:06:50.660212+00:00,930u.buzz,False
клубника,klubnika.xlsx,HostsTable,2026-10-08T10:06:50.660212+00:00,winning-clubnikaz.xyz,False
клубника,klubnika.xlsx,HostsTable,2026-10-08T10:06:50.660212+00:00,pitomkino.ru,False
клубника,klubnika.xlsx,HostsTable,2026-10-08T10:06:50.660212+00:00,aif.ru,True
клубника,klubnika.xlsx,HostsTable,2026-10-08T10:06:50.660212+00:00,bakerstore.ru,True
клубника,klubnika.xlsx,HostsTable,2026-10-08T10:06:50.660212+00:00,urozhay35.ru,True
клубника,klubnika.xlsx,HostsTable,2026-10-08T10:06:50.660212+00:00,hrh.casino,False
клубника,klubnika.xlsx,HostsTable,2026-10-08T10:06:50.660212+00:00,volshebnaya-eda.ru,True
клубника,klubnika.xlsx,HostsTable,2026-10-08T10:06:50.660212+00:00,casinoazu.lol,False
клубника,klubnika.xlsx,HostsTable,2026-10-08T10:06:50.660212+00:00,llc.casino,False
клубника,klubnika.xlsx,HostsTable,2026-10-08T10:06:50.660212+00:00,c2x.buzz,False
клубника,klubnika.xlsx,HostsTable,2026-10-08T10:06:50.660212+00:00,vershki-koreshki.su,True
клубника,klubnika.xlsx,HostsTable,2026-10-08T10:06:50.660212+00:00,casino0408d.buzz,False
клубника,klubnika.xlsx,HostsTable,2026-10-08T10:06:50.660212+00:00,9347.buzz,False
клубника,klubnika.xlsx,HostsTable,2026-10-08T10:06:50.660212+00:00,1r19.buzz,False
клубника,klubnika.xlsx,HostsTable,2026-10-08T10:06:50.660212+00:00,74n0.buzz,False
клубника,klubnika.xlsx,HostsTable,2026-10-08T10:06:50.660212+00:00,lookturk.tv,True
клубника,klubnika.xlsx,HostsTable,2026-10-08T10:06:50.660212+00:00,maggi.ru,True
клубника,klubnika.xlsx,HostsTable,2026-10-08T10:06:50.660212+00:00,ndh.casino,False
клубника,klubnika.xlsx,HostsTable,2026-10-08T10:06:50.660212+00:00,casino17.buzz,False
клубника,klubnika.xlsx,HostsTable,2026-10-08T10:06:50.660212+00:00,273c.buzz,False
клубника,klubnika.xlsx,HostsTable,2026-10-08T10:06:50.660212+00:00,1000apk.ru,True
клубника,klubnika.xlsx,HostsTable,2026-10-08T10:06:50.660212+00:00,casino-qvl.buzz,False
клубника,klubnika.xlsx,HostsTable,2026-10-08T10:06:50.660212+00:00,ura.news,True
клубника,klubnika.xlsx,HostsTable,2026-10-08T10:06:50.660212+00:00,mos-berry.ru,False
клубника,klubnika.xlsx,HostsTable,2026-10-08T10:06:50.660212+00:00,satellit3-ap3x19.com,False
клубника,klubnika.xlsx,HostsTable,2026-10-08T10:06:50.660212+00:00,vdu.casino,False
клубника,klubnika.xlsx,HostsTable,2026-10-08T10:06:50.660212+00:00,boom-casinovx.team,False
клубника,klubnika.xlsx,HostsTable,2026-10-08T10:06:50.660212+00:00,pornodevki.cc,False
клубника,klubnika.xlsx,HostsTable,2026-10-08T10:06:50.660212+00:00,frutto-ostrov.ru,False
клубника,klubnika.xlsx,HostsTable,2026-10-08T10:06:50.660212+00:00,club-vulkan-online.click,False
клубника,klubnika.xlsx,HostsTable,2026-10-08T10:06:50.660212+00:00,turktv.onl,True
клубника,klubnika.xlsx,HostsTable,2026-10-08T10:06:50.660212+00:00,fruit-cocktail.top,False
клубника,klubnika.xlsx,HostsTable,2026-10-08T10:06:50.660212+00:00,2rw.buzz,False
клубника,klubnika.xlsx,HostsTable,2026-10-08T10:06:50.660212+00:00,v553.casino,False
клубника,klubnika.xlsx,HostsTable,2026-10-08T10:06:50.660212+00:00,m92.buzz,False
клубника,klubnika.xlsx,HostsTable,2026-10-08T10:06:50.660212+00:00,x8p.team,False
клубника,klubnika.xlsx,HostsTable,2026-10-08T10:06:50.660212+00:00,livemaster.ru,True
клубника,klubnika.xlsx,HostsTable,2026-10-08T10:06:50.660212+00:00,918z.buzz,False
клубника,klubnika.xlsx,HostsTable,2026-10-08T10:06:50.660212+00:00,2s28.buzz,False
клубника,klubnika.xlsx,HostsTable,2026-10-08T10:06:50.660212+00:00,victoriachoco.ru,False
клубника,klubnika.xlsx,HostsTable,2026-10-08T10:06:50.660212+00:00,casino38144.buzz,False
клубника,klubnika.xlsx,HostsTable,2026-10-08T10:06:50.660212+00:00,ckw.casino,False
клубника,klubnika.xlsx,HostsTable,2026-10-08T10:06:50.660212+00:00,105z.buzz,False
клубника,klubnika.xlsx,HostsTable,2026-10-08T10:06:50.660212+00:00,clubnika-casino-vr.buzz,False
клубника,klubnika.xlsx,HostsTable,2026-10-08T10:06:50.660212+00:00,5647.buzz,False
клубника,klubnika.xlsx,HostsTable,2026-10-08T10:06:50.660212+00:00,casinozut.buzz,False
клубника,klubnika.xlsx,HostsTable,2026-10-08T10:06:50.660212+00:00,h2x.online,False
клубника,klubnika.xlsx,HostsTable,2026-10-08T10:06:50.660212+00:00,zapah-klubniikky-lordfilm.ru,False
клубника,klubnika.xlsx,HostsTable,2026-10-08T10:06:50.660212+00:00,vstars-zerkalo.com,False
клубника,klubnika.xlsx,HostsTable,2026-10-08T10:06:50.660212+00:00,sadovnik-sam.ru,False
клубника,klubnika.xlsx,HostsTable,2026-10-08T10:06:50.660212+00:00,26clubvulkan307.com,False
клубника,klubnika.xlsx,HostsTable,2026-10-08T10:06:50.660212+00:00,clubnika-casino-rx.top,False
клубника,klubnika.xlsx,HostsTable,2026-10-08T10:06:50.660212+00:00,0328.buzz,False
клубника,klubnika.xlsx,HostsTable,2026-10-08T10:06:50.660212+00:00,rassadoff.ru,False
клубника,klubnika.xlsx,HostsTable,2026-10-08T10:06:50.660212+00:00,gltb.team,False
клубника,klubnika.xlsx,HostsTable,2026-10-08T10:06:50.660212+00:00,j-flo.ru,True
клубника,klubnika.xlsx,HostsTable,2026-10-08T10:06:50.660212+00:00,sport24.ru,True
клубника,klubnika.xlsx,HostsTable,2026-10-08T10:06:50.660212+00:00,st7.casino,False
клубника,klubnika.xlsx,HostsTable,2026-10-08T10:06:50.660212+00:00,expressbuket24.ru,False
клубника,klubnika.xlsx,HostsTable,2026-10-08T10:06:50.660212+00:00,2619.casino,False
клубника,klubnika.xlsx,HostsTable,2026-10-08T10:06:50.660212+00:00,ofs.casino,False
клубника,klubnika.xlsx,HostsTable,2026-10-08T10:06:50.660212+00:00,klops.ru,True
клубника,klubnika.xlsx,HostsTable,2026-10-08T10:06:50.660212+00:00,ocz.lol,False
клубника,klubnika.xlsx,HostsTable,2026-10-08T10:06:50.660212+00:00,ru-porno.site,False
клубника,klubnika.xlsx,HostsTable,2026-10-08T10:06:50.660212+00:00,6eg.casino,False
клубника,klubnika.xlsx,HostsTable,2026-10-08T10:06:50.660212+00:00,clubnikacasino-kp.buzz,False
клубника,klubnika.xlsx,HostsTable,2026-10-08T10:06:50.660212+00:00,solo-mahjong.online,True
клубника,klubnika.xlsx,HostsTable,2026-10-08T10:06:50.660212+00:00,rassadatd.com,True
клубника,klubnika.xlsx,HostsTable,2026-10-08T10:06:50.660212+00:00,h5r.team,False
клубника,klubnika.xlsx,HostsTable,2026-10-08T10:06:50.660212+00:00,labirint.ru,True
клубника,klubnika.xlsx,HostsTable,2026-10-08T10:06:50.660212+00:00,habr.com,True
клубника,klubnika.xlsx,HostsTable,2026-10-08T10:06:50.660212+00:00,e710.buzz,False
клубника,klubnika.xlsx,HostsTable,2026-10-08T10:06:50.660212+00:00,ollgames.net,True
клубника,klubnika.xlsx,HostsTable,2026-10-08T10:06:50.660212+00:00,by7.buzz,False
клубника,klubnika.xlsx,HostsTable,2026-10-08T10:06:50.660212+00:00,rxt.casino,False
клубника,klubnika.xlsx,HostsTable,2026-10-08T10:06:50.660212+00:00,pcpro100.info,True
клубника,klubnika.xlsx,HostsTable,2026-10-08T10:06:50.660212+00:00,4464.team,False
клубника,klubnika.xlsx,HostsTable,2026-10-08T10:06:50.660212+00:00,dostavka-cvetov365.ru,True
клубника,klubnika.xlsx,HostsTable,2026-10-08T10:06:50.660212+00:00,1080.casino,False
клубника,klubnika.xlsx,HostsTable,2026-10-08T10:06:50.660212+00:00,ru6.casino,False
клубника,klubnika.xlsx,HostsTable,2026-10-08T10:06:50.660212+00:00,monro-casino432.cfd,False
клубника,klubnika.xlsx,HostsTable,2026-10-08T10:06:50.660212+00:00,movix.ru,True
клубника,klubnika.xlsx,HostsTable,2026-10-08T10:06:50.660212+00:00,markakachestva.ru,True
клубника,klubnika.xlsx,HostsTable,2026-10-08T10:06:50.660212+00:00,kpw.casino,False
клубника,klubnika.xlsx,HostsTable,2026-10-08T10:06:50.660212+00:00,casino908.com,False
клубника,klubnika.xlsx,HostsTable,2026-10-08T10:06:50.660212+00:00,ok.ru,True
клубника,klubnika.xlsx,HostsTable,2026-10-08T10:06:50.660212+00:00,clubnika-kku.top,False
клубника,klubnika.xlsx,HostsTable,2026-10-08T10:06:50.660212+00:00,5057-casino.buzz,False
клубника,klubnika.xlsx,HostsTable,2026-10-08T10:06:50.660212+00:00,7254.team,False
клубника,klubnika.xlsx,HostsTable,2026-10-08T10:06:50.660212+00:00,cdu.casino,False
клубника,klubnika.xlsx,HostsTable,2026-10-08T10:06:50.660212+00:00,bolshoyvopros.ru,True
клубника,klubnika.xlsx,HostsTable,2026-10-08T10:06:50.660212+00:00,sex-studentki.sale,True
клубника,klubnika.xlsx,HostsTable,2026-10-08T10:06:50.660212+00:00,3621.casino,False
клубника,klubnika.xlsx,HostsTable,2026-10-08T10:06:50.660212+00:00,vsevsad67.ru,True
клубника,klubnika.xlsx,HostsTable,2026-10-08T10:06:50.660212+00:00,s6wb.team,False
клубника,klubnika.xlsx,HostsTable,2026-10-08T10:06:50.660212+00:00,cilek-kokusu-hdrezka.net,False
клубника,klubnika.xlsx,HostsTable,2026-10-08T10:06:50.660212+00:00,kazino-otziv.cfd,False
клубника,klubnika.xlsx,HostsTable,2026-10-08T10:06:50.660212+00:00,7k1193.casino,True
клубника,klubnika.xlsx,HostsTable,2026-10-08T10:06:50.660212+00:00,u5l.casino,True
клубника,klubnika.xlsx,HostsTable,2026-10-08T10:06:50.660212+00:00,app-vulkan.cfd,True
клубника,klubnika.xlsx,HostsTable,2026-10-08T10:06:50.660212+00:00,m446.buzz,False
клубника,klubnika.xlsx,HostsTable,2026-10-08T10:06:50.660212+00:00,casino04803b.buzz,False
клубника,klubnika.xlsx,HostsTable,2026-10-08T10:06:50.660212+00:00,hmh.casino,False
клубника,klubnika.xlsx,HostsTable,2026-10-08T10:06:50.660212+00:00,lmms.buzz,False
клубника,klubnika.xlsx,HostsTable,2026-10-08T10:06:50.660212+00:00,casino6101.site,False
клубника,klubnika.xlsx,HostsTable,2026-10-08T10:06:50.660212+00:00,k952.buzz,False
клубника,klubnika.xlsx,HostsTable,2026-10-08T10:06:50.660212+00:00,norm-uew.buzz,False
клубника,klubnika.xlsx,HostsTable,2026-10-08T10:06:50.660212+00:00,vtk-moscow.ru,True
клубника,klubnika.xlsx,HostsTable,2026-10-08T10:06:50.660212+00:00,casino97983.buzz,False
клубника,klubnika.xlsx,HostsTable,2026-10-08T10:06:50.660212+00:00,clubnika-casino-kfj.top,False
клубника,klubnika.xlsx,HostsTable,2026-10-08T10:06:50.660212+00:00,noodlemagazine.com,True
клубника,klubnika.xlsx,HostsTable,2026-10-08T10:06:50.660212+00:00,pornhub.org,True
клубника,klubnika.xlsx,HostsTable,2026-10-08T10:06:50.660212+00:00,4521-casino.buzz,False
клубника,klubnika.xlsx,HostsTable,2026-10-08T10:06:50.660212+00:00,62bezdepobonus.site,True
клубника,klubnika.xlsx,HostsTable,2026-10-08T10:06:50.660212+00:00,fkrt.team,False
клубника,klubnika.xlsx,HostsTable,2026-10-08T10:06:50.660212+00:00,tentisib.ru,True
клубника,klubnika.xlsx,HostsTable,2026-10-08T10:06:50.660212+00:00,vk.link,True
клубника,klubnika.xlsx,HostsTable,2026-10-08T10:06:50.660212+00:00,8611.buzz,False
клубника,klubnika.xlsx,HostsTable,2026-10-08T10:06:50.660212+00:00,casher-jpi.buzz,False
клубника,klubnika.xlsx,HostsTable,2026-10-08T10:06:50.660212+00:00,casino-82u.buzz,False
клубника,klubnika.xlsx,HostsTable,2026-10-08T10:06:50.660212+00:00,casino-71789.team,False
клубника,klubnika.xlsx,HostsTable,2026-10-08T10:06:50.660212+00:00,l2d.casino,False
клубника,klubnika.xlsx,HostsTable,2026-10-08T10:06:50.660212+00:00,66l.click,True
клубника,klubnika.xlsx,HostsTable,2026-10-08T10:06:50.660212+00:00,casino8872.fun,False
клубника,klubnika.xlsx,HostsTable,2026-10-08T10:06:50.660212+00:00,clubnikacasino987.site,False
клубника,klubnika.xlsx,HostsTable,2026-10-08T10:06:50.660212+00:00,940.buzz,False
клубника,klubnika.xlsx,HostsTable,2026-10-08T10:06:50.660212+00:00,y877.buzz,False
клубника,klubnika.xlsx,HostsTable,2026-10-08T10:06:50.660212+00:00,ei8n.buzz,False
клубника,klubnika.xlsx,HostsTable,2026-10-08T10:06:50.660212+00:00,9m55.buzz,False
клубника,klubnika.xlsx,HostsTable,2026-10-08T10:06:50.660212+00:00,jlv.casino,False
клубника,klubnika.xlsx,HostsTable,2026-10-08T10:06:50.660212+00:00,5l56.buzz,False
клубника,klubnika.xlsx,HostsTable,2026-10-08T10:06:50.660212+00:00,zeus-slot.ink,True
клубника,klubnika.xlsx,HostsTable,2026-10-08T10:06:50.660212+00:00,chitai-gorod.ru,True
клубника,klubnika.xlsx,HostsTable,2026-10-08T10:06:50.660212+00:00,clubnika-casino-rt.buzz,False
клубника,klubnika.xlsx,HostsTable,2026-10-08T10:06:50.660212+00:00,casinoglobal.info,False
клубника,klubnika.xlsx,HostsTable,2026-10-08T10:06:50.660212+00:00,xn--80aikl5af8e.xn--p1ai,False
клубника,klubnika.xlsx,HostsTable,2026-10-08T10:06:50.660212+00:00,r7p0.team,False
клубника,klubnika.xlsx,HostsTable,2026-10-08T10:06:50.660212+00:00,casher-casino114.cfd,False
клубника,klubnika.xlsx,HostsTable,2026-10-08T10:06:50.660212+00:00,6481.buzz,False
клубника,klubnika.xlsx,HostsTable,2026-10-08T10:06:50.660212+00:00,u050.buzz,False
клубника,klubnika.xlsx,HostsTable,2026-10-08T10:06:50.660212+00:00,3067.team,False
клубника,klubnika.xlsx,HostsTable,2026-10-08T10:06:50.660212+00:00,topazart.ru,True
клубника,klubnika.xlsx,HostsTable,2026-10-08T10:06:50.660212+00:00,zqk.casino,False
клубника,klubnika.xlsx,HostsTable,2026-10-08T10:06:50.660212+00:00,48q7.buzz,False
клубника,klubnika.xlsx,HostsTable,2026-10-08T10:06:50.660212+00:00,zapah-klubniki-turktv.ru,False
клубника,klubnika.xlsx,HostsTable,2026-10-08T10:06:50.660212+00:00,zvezdalesh.ru,True
клубника,klubnika.xlsx,HostsTable,2026-10-08T10:06:50.660212+00:00,514p.buzz,False
клубника,klubnika.xlsx,HostsTable,2026-10-08T10:06:50.660212+00:00,bighappy.ru,True
клубника,klubnika.xlsx,HostsTable,2026-10-08T10:06:50.660212+00:00,nur.kz,False
клубника,klubnika.xlsx,HostsTable,2026-10-08T10:06:50.660212+00:00,590n.buzz,False
клубника,klubnika.xlsx,HostsTable,2026-10-08T10:06:50.660212+00:00,evdj.team,False
клубника,klubnika.xlsx,HostsTable,2026-10-08T10:06:50.660212+00:00,gof.casino,True
клубника,klubnika.xlsx,HostsTable,2026-10-08T10:06:50.660212+00:00,zapah-klubniki-smotret.biz,False
клубника,klubnika.xlsx,HostsTable,2026-10-08T10:06:50.660212+00:00,sweettun.ru,True
клубника,klubnika.xlsx,HostsTable,2026-10-08T10:06:50.660212+00:00,123rf.com,True
клубника,klubnika.xlsx,HostsTable,2026-10-08T10:06:50.660212+00:00,bpd.casino,True
клубника,klubnika.xlsx,HostsTable,2026-10-08T10:06:50.660212+00:00,4h16.buzz,False
клубника,klubnika.xlsx,HostsTable,2026-10-08T10:06:50.660212+00:00,green-code.ru,True
клубника,klubnika.xlsx,HostsTable,2026-10-08T10:06:50.660212+00:00,4m59.buzz,False
клубника,klubnika.xlsx,HostsTable,2026-10-08T10:06:50.660212+00:00,67s2.buzz,False
клубника,klubnika.xlsx,HostsTable,2026-10-08T10:06:50.660212+00:00,rsload.net,True
клубника,klubnika.xlsx,HostsTable,2026-10-08T10:06:50.660212+00:00,casino-v24.vip,False
клубника,klubnika.xlsx,HostsTable,2026-10-08T10:06:50.660212+00:00,5ah.casino,False
клубника,klubnika.xlsx,HostsTable,2026-10-08T10:06:50.660212+00:00,u72.casino,True
клубника,klubnika.xlsx,HostsTable,2026-10-08T10:06:50.660212+00:00,c4wr.team,False
клубника,klubnika.xlsx,HostsTable,2026-10-08T10:06:50.660212+00:00,fruitcocktail-playslots1.top,False
клубника,klubnika.xlsx,HostsTable,2026-10-08T10:06:50.660212+00:00,976.casino,False
клубника,klubnika.xlsx,HostsTable,2026-10-08T10:06:50.660212+00:00,qup.casino,False
клубника,klubnika.xlsx,HostsTable,2026-10-08T10:06:50.660212+00:00,mnt.casino,False
клубника,klubnika.xlsx,HostsTable,2026-10-08T10:06:50.660212+00:00,1563.online,False
клубника,klubnika.xlsx,HostsTable,2026-10-08T10:06:50.660212+00:00,amournsk.ru,True
клубника,klubnika.xlsx,HostsTable,2026-10-08T10:06:50.660212+00:00,casino1928.bond,False
клубника,klubnika.xlsx,HostsTable,2026-10-08T10:06:50.660212+00:00,65q5.buzz,False
клубника,klubnika.xlsx,HostsTable,2026-10-08T10:06:50.660212+00:00,vladtv.ru,True
клубника,klubnika.xlsx,HostsTable,2026-10-08T10:06:50.660212+00:00,efa.casino,False
клубника,klubnika.xlsx,HostsTable,2026-10-08T10:06:50.660212+00:00,rospn.gov.ru,True
клубника,klubnika.xlsx,HostsTable,2026-10-08T10:06:50.660212+00:00,1cl.casino,False
клубника,klubnika.xlsx,HostsTable,2026-10-08T10:06:50.660212+00:00,c2kp.team,False
клубника,klubnika.xlsx,HostsTable,2026-10-08T10:06:50.660212+00:00,casino98142.buzz,False
клубника,klubnika.xlsx,HostsTable,2026-10-08T10:06:50.660212+00:00,eksmo.ru,True
клубника,klubnika.xlsx,HostsTable,2026-10-08T10:06:50.660212+00:00,berryyou24.ru,False
клубника,klubnika.xlsx,HostsTable,2026-10-08T10:06:50.660212+00:00,8kc.buzz,False
клубника,klubnika.xlsx,HostsTable,2026-10-08T10:06:50.660212+00:00,c3c.lol,False
клубника,klubnika.xlsx,HostsTable,2026-10-08T10:06:50.660212+00:00,226b.buzz,False
клубника,klubnika.xlsx,HostsTable,2026-10-08T10:06:50.660212+00:00,growtool.ru,True
клубника,klubnika.xlsx,HostsTable,2026-10-08T10:06:50.660212+00:00,pun.casino,False
клубника,klubnika.xlsx,HostsTable,2026-10-08T10:06:50.660212+00:00,gotavita.ru,True
клубника,klubnika.xlsx,HostsTable,2026-10-08T10:06:50.660212+00:00,otvet.mail.ru,True
клубника,klubnika.xlsx,HostsTable,2026-10-08T10:06:50.660212+00:00,marieclaire.ru,True
клубника,klubnika.xlsx,HostsTable,2026-10-08T10:06:50.660212+00:00,official-casino5486.buzz,False
клубника,klubnika.xlsx,HostsTable,2026-10-08T10:06:50.660212+00:00,udt.buzz,False
клубника,klubnika.xlsx,HostsTable,2026-10-08T10:06:50.660212+00:00,pngtree.com,True
клубника,klubnika.xlsx,HostsTable,2026-10-08T10:06:50.660212+00:00,229s.buzz,False
клубника,klubnika.xlsx,HostsTable,2026-10-08T10:06:50.660212+00:00,pmw.casino,False
клубника,klubnika.xlsx,HostsTable,2026-10-08T10:06:50.660212+00:00,apeti.ru,True
клубника,klubnika.xlsx,HostsTable,2026-10-08T10:06:50.660212+00:00,growbox.ru,True
клубника,klubnika.xlsx,HostsTable,2026-10-08T10:06:50.660212+00:00,sublimera.ru,False
клубника,klubnika.xlsx,HostsTable,2026-10-08T10:06:50.660212+00:00,pn6.casino,False
клубника,klubnika.xlsx,HostsTable,2026-10-08T10:06:50.660212+00:00,0v73.buzz,False
клубника,klubnika.xlsx,HostsTable,2026-10-08T10:06:50.660212+00:00,joha.buzz,False
клубника,klubnika.xlsx,HostsTable,2026-10-08T10:06:50.660212+00:00,clubnika-casino-eg.buzz,False
клубника,klubnika.xlsx,HostsTable,2026-10-08T10:06:50.660212+00:00,vkusnyblog.com,True
клубника,klubnika.xlsx,HostsTable,2026-10-08T10:06:50.660212+00:00,4y3.casino,False
клубника,klubnika.xlsx,HostsTable,2026-10-08T10:06:50.660212+00:00,cnwd.ru,True
клубника,klubnika.xlsx,HostsTable,2026-10-08T10:06:50.660212+00:00,reflexflower.ru,False
клубника,klubnika.xlsx,HostsTable,2026-10-08T10:06:50.660212+00:00,amb3r-10cush.com,False
клубника,klubnika.xlsx,HostsTable,2026-10-08T10:06:50.660212+00:00,366d.buzz,False
клубника,klubnika.xlsx,HostsTable,2026-10-08T10:06:50.660212+00:00,ho-ho.buzz,False
клубника,klubnika.xlsx,HostsTable,2026-10-08T10:06:50.660212+00:00,26a.casino,False
клубника,klubnika.xlsx,HostsTable,2026-10-08T10:06:50.660212+00:00,bonusi-kazino-2026.online,True
клубника,klubnika.xlsx,HostsTable,2026-10-08T10:06:50.660212+00:00,p22.buzz,False
клубника,klubnika.xlsx,HostsTable,2026-10-08T10:06:50.660212+00:00,fruit-cocktail-igrosoft.ru,False
клубника,klubnika.xlsx,HostsTable,2026-10-08T10:06:50.660212+00:00,xn--24-9kcanfcb8b1aj7awl1hvag.xn--p1ai,False
клубника,klubnika.xlsx,HostsTable,2026-10-08T10:06:50.660212+00:00,7841w.casino,False
клубника,klubnika.xlsx,HostsTable,2026-10-08T10:06:50.660212+00:00,felomena.com,True
клубника,klubnika.xlsx,HostsTable,2026-10-08T10:06:50.660212+00:00,6986-casino.buzz,False
клубника,klubnika.xlsx,HostsTable,2026-10-08T10:06:50.660212+00:00,clubnikacasino-yya.buzz,False
клубника,klubnika.xlsx,HostsTable,2026-10-08T10:06:50.660212+00:00,casinoc2y.buzz,False
клубника,klubnika.xlsx,HostsTable,2026-10-08T10:06:50.660212+00:00,9933.buzz,False
клубника,klubnika.xlsx,HostsTable,2026-10-08T10:06:50.660212+00:00,7j8.buzz,False
клубника,klubnika.xlsx,HostsTable,2026-10-08T10:06:50.660212+00:00,kasino-vulkan777.info,False
клубника,klubnika.xlsx,HostsTable,2026-10-08T10:06:50.660212+00:00,5k5.casino,False
клубника,klubnika.xlsx,HostsTable,2026-10-08T10:06:50.660212+00:00,bfkq.team,False
клубника,klubnika.xlsx,HostsTable,2026-10-08T10:06:50.660212+00:00,clubnika-casino-ra.buzz,False
клубника,klubnika.xlsx,HostsTable,2026-10-08T10:06:50.660212+00:00,327clubvulkan45.com,False
клубника,klubnika.xlsx,HostsTable,2026-10-08T10:06:50.660212+00:00,clubnika-ogv15.buzz,False
клубника,klubnika.xlsx,HostsTable,2026-10-08T10:06:50.660212+00:00,mikeklubnika.itch.io,False
клубника,klubnika.xlsx,HostsTable,2026-10-08T10:06:50.660212+00:00,liantrade.ru,True
клубника,klubnika.xlsx,HostsTable,2026-10-08T10:06:50.660212+00:00,casino9021.lol,False
клубника,klubnika.xlsx,HostsTable,2026-10-08T10:06:50.660212+00:00,casino-6028.cfd,False
клубника,klubnika.xlsx,HostsTable,2026-10-08T10:06:50.660212+00:00,clubnika-casino-rp.buzz,False
клубника,klubnika.xlsx,HostsTable,2026-10-08T10:06:50.660212+00:00,80s8.buzz,False
клубника,klubnika.xlsx,HostsTable,2026-10-08T10:06:50.660212+00:00,casino44.sbs,False
клубника,klubnika.xlsx,HostsTable,2026-10-08T10:06:50.660212+00:00,casino-clubnika-mr.buzz,False
клубника,klubnika.xlsx,HostsTable,2026-10-08T10:06:50.660212+00:00,e9k.casino,False
клубника,klubnika.xlsx,HostsTable,2026-10-08T10:06:50.660212+00:00,4328.team,True
клубника,klubnika.xlsx,HostsTable,2026-10-08T10:06:50.660212+00:00,sad-i-ogorod.com,True
клубника,klubnika.xlsx,HostsTable,2026-10-08T10:06:50.660212+00:00,7h23.buzz,False
клубника,klubnika.xlsx,HostsTable,2026-10-08T10:06:50.660212+00:00,8802.buzz,False
клубника,klubnika.xlsx,HostsTable,2026-10-08T10:06:50.660212+00:00,j6v.team,False
клубника,klubnika.xlsx,HostsTable,2026-10-08T10:06:50.660212+00:00,bsn.casino,False
клубника,klubnika.xlsx,HostsTable,2026-10-08T10:06:50.660212+00:00,hprl.team,False
клубника,klubnika.xlsx,HostsTable,2026-10-08T10:06:50.660212+00:00,litlife.club,True
клубника,klubnika.xlsx,HostsTable,2026-10-08T10:06:50.660212+00:00,53i6.buzz,False
клубника,klubnika.xlsx,HostsTable,2026-10-08T10:06:50.660212+00:00,mahjongclubgame.com,True
клубника,klubnika.xlsx,HostsTable,2026-10-08T10:06:50.660212+00:00,2v67.buzz,False
клубника,klubnika.xlsx,HostsTable,2026-10-08T10:06:50.660212+00:00,turk-zone1.lat,True
клубника,klubnika.xlsx,HostsTable,2026-10-08T10:06:50.660212+00:00,x086.buzz,False
клубника,klubnika.xlsx,HostsTable,2026-10-08T10:06:50.660212+00:00,ebalka.live,False
клубника,klubnika.xlsx,HostsTable,2026-10-08T10:06:50.660212+00:00,bas-m.ru,True
клубника,klubnika.xlsx,HostsTable,2026-10-08T10:06:50.660212+00:00,31i5.buzz,False
клубника,klubnika.xlsx,HostsTable,2026-10-08T10:06:50.660212+00:00,clubnika-casino889.cfd,False
клубника,klubnika.xlsx,HostsTable,2026-10-08T10:06:50.660212+00:00,milfxteen.day,True
клубника,klubnika.xlsx,HostsTable,2026-10-08T10:06:50.660212+00:00,bhzshop.ru,True
клубника,klubnika.xlsx,HostsTable,2026-10-08T10:06:50.660212+00:00,8009.buzz,False
клубника,klubnika.xlsx,HostsTable,2026-10-08T10:06:50.660212+00:00,orw.casino,True
клубника,klubnika.xlsx,HostsTable,2026-10-08T10:06:50.660212+00:00,agronomvip.ru,False
клубника,klubnika.xlsx,HostsTable,2026-10-08T10:06:50.660212+00:00,434c.buzz,False
клубника,klubnika.xlsx,HostsTable,2026-10-08T10:06:50.660212+00:00,6820.team,False
клубника,klubnika.xlsx,HostsTable,2026-10-08T10:06:50.660212+00:00,017t.buzz,False
клубника,klubnika.xlsx,HostsTable,2026-10-08T10:06:50.660212+00:00,eroticlab.studio,False
клубника,klubnika.xlsx,HostsTable,2026-10-08T10:06:50.660212+00:00,3112.team,False
клубника,klubnika.xlsx,HostsTable,2026-10-08T10:06:50.660212+00:00,4r95.buzz,False
клубника,klubnika.xlsx,HostsTable,2026-10-08T10:06:50.660212+00:00,4013.casino,False
клубника,klubnika.xlsx,HostsTable,2026-10-08T10:06:50.660212+00:00,casino924.team,False
клубника,klubnika.xlsx,HostsTable,2026-10-08T10:06:50.660212+00:00,xn--80aaig9ahr.xn--c1avg,True
клубника,klubnika.xlsx,HostsTable,2026-10-08T10:06:50.660212+00:00,apex-4573.lat,False
клубника,klubnika.xlsx,HostsTable,2026-10-08T10:06:50.660212+00:00,delo-vcusa.ru,True
клубника,klubnika.xlsx,HostsTable,2026-10-08T10:06:50.660212+00:00,casino-1108si.team,False
клубника,klubnika.xlsx,HostsTable,2026-10-08T10:06:50.660212+00:00,hxi.lol,False
клубника,klubnika.xlsx,HostsTable,2026-10-08T10:06:50.660212+00:00,fermilon.ru,True
клубника,klubnika.xlsx,HostsTable,2026-10-08T10:06:50.660212+00:00,180826.buzz,False
клубника,klubnika.xlsx,HostsTable,2026-10-08T10:06:50.660212+00:00,hypewinbig.casino,False
клубника,klubnika.xlsx,HostsTable,2026-10-08T10:06:50.660212+00:00,u559.buzz,False
клубника,klubnika.xlsx,HostsTable,2026-10-08T10:06:50.660212+00:00,6009.casino,False
клубника,klubnika.xlsx,HostsTable,2026-10-08T10:06:50.660212+00:00,57255.cfd,False
клубника,klubnika.xlsx,HostsTable,2026-10-08T10:06:50.660212+00:00,bxt.casino,False
клубника,klubnika.xlsx,HostsTable,2026-10-08T10:06:50.660212+00:00,klubnika-kazan.ru,False
клубника,klubnika.xlsx,HostsTable,2026-10-08T10:06:50.660212+00:00,a9r.casino,False
клубника,klubnika.xlsx,HostsTable,2026-10-08T10:06:50.660212+00:00,livelib.ru,True
клубника,klubnika.xlsx,HostsTable,2026-10-08T10:06:50.660212+00:00,bestrucasinos.top,True
клубника,klubnika.xlsx,HostsTable,2026-10-08T10:06:50.660212+00:00,v4tl.team,False
клубника,klubnika.xlsx,HostsTable,2026-10-08T10:06:50.660212+00:00,ukdevilz.com,False
клубника,klubnika.xlsx,HostsTable,2026-10-08T10:06:50.660212+00:00,casino-aka.team,False
клубника,klubnika.xlsx,HostsTable,2026-10-08T10:06:50.660212+00:00,clubnikacasino675.fun,False
клубника,klubnika.xlsx,HostsTable,2026-10-08T10:06:50.660212+00:00,kulina.ru,True
клубника,klubnika.xlsx,HostsTable,2026-10-08T10:06:50.660212+00:00,b5wt.team,False
клубника,klubnika.xlsx,HostsTable,2026-10-08T10:06:50.660212+00:00,fruit-berries.ru,False
клубника,klubnika.xlsx,HostsTable,2026-10-08T10:06:50.660212+00:00,i4m.casino,True
клубника,klubnika.xlsx,HostsTable,2026-10-08T10:06:50.660212+00:00,klubnikawbtc.ru,False
клубника,klubnika.xlsx,HostsTable,2026-10-08T10:06:50.660212+00:00,gadalkindom.ru,True
клубника,klubnika.xlsx,HostsTable,2026-10-08T10:06:50.660212+00:00,nemalina.com,False
клубника,klubnika.xlsx,HostsTable,2026-10-08T10:06:50.660212+00:00,vercel.app,False
клубника,klubnika.xlsx,HostsTable,2026-10-08T10:06:50.660212+00:00,39vulkanbonus.site,True
клубника,klubnika.xlsx,HostsTable,2026-10-08T10:06:50.660212+00:00,iapt.buzz,False
клубника,klubnika.xlsx,HostsTable,2026-10-08T10:06:50.660212+00:00,expertology.ru,True
клубника,klubnika.xlsx,HostsTable,2026-10-08T10:06:50.660212+00:00,v24-zerkalo.club,False
клубника,klubnika.xlsx,HostsTable,2026-10-08T10:06:50.660212+00:00,beri-berry.ru,False
клубника,klubnika.xlsx,HostsTable,2026-10-08T10:06:50.660212+00:00,7123-casino.buzz,False
клубника,klubnika.xlsx,HostsTable,2026-10-08T10:06:50.660212+00:00,biolocus-plant.pro,True
клубника,klubnika.xlsx,HostsTable,2026-10-08T10:06:50.660212+00:00,mah-jong.ru,False
клубника,klubnika.xlsx,HostsTable,2026-10-08T10:06:50.660212+00:00,ipepper.org,True
клубника,klubnika.xlsx,HostsTable,2026-10-08T10:06:50.660212+00:00,lafoy.ru,True
клубника,klubnika.xlsx,HostsTable,2026-10-08T10:06:50.660212+00:00,casino-mxj.buzz,False
клубника,klubnika.xlsx,HostsTable,2026-10-08T10:06:50.660212+00:00,klubnichka.live,False
клубника,klubnika.xlsx,HostsTable,2026-10-08T10:06:50.660212+00:00,69j7.buzz,False
клубника,klubnika.xlsx,HostsTable,2026-10-08T10:06:50.660212+00:00,echrnavigator.ru,False
клубника,klubnika.xlsx,HostsTable,2026-10-08T10:06:50.660212+00:00,fruitcocktail-playslots.ru,False
клубника,klubnika.xlsx,HostsTable,2026-10-08T10:06:50.660212+00:00,udsezon.ru,True
клубника,klubnika.xlsx,HostsTable,2026-10-08T10:06:50.660212+00:00,dachnyuchastok.ru,True
клубника,klubnika.xlsx,HostsTable,2026-10-08T10:06:50.660212+00:00,clubnika-casinos1.buzz,False
клубника,klubnika.xlsx,HostsTable,2026-10-08T10:06:50.660212+00:00,bfb.casino,False
клубника,klubnika.xlsx,HostsTable,2026-10-08T10:06:50.660212+00:00,815v.buzz,False
клубника,klubnika.xlsx,HostsTable,2026-10-08T10:06:50.660212+00:00,svoefermerstvo.ru,True
клубника,klubnika.xlsx,HostsTable,2026-10-08T10:06:50.660212+00:00,7k3094.casino,False
клубника,klubnika.xlsx,HostsTable,2026-10-08T10:06:50.660212+00:00,best-gryadka.ru,True
клубника,klubnika.xlsx,HostsTable,2026-10-08T10:06:50.660212+00:00,vulkan777casino-online.pro,False
клубника,klubnika.xlsx,HostsTable,2026-10-08T10:06:50.660212+00:00,zelionii-dvorik.ru,False
клубника,klubnika.xlsx,HostsTable,2026-10-08T10:06:50.660212+00:00,luxe-present.ru,False
клубника,klubnika.xlsx,HostsTable,2026-10-08T10:06:50.660212+00:00,d4v.team,False
клубника,klubnika.xlsx,HostsTable,2026-10-08T10:06:50.660212+00:00,finecooking.ru,True
клубника,klubnika.xlsx,HostsTable,2026-10-08T10:06:50.660212+00:00,xg3.casino,False
клубника,klubnika.xlsx,HostsTable,2026-10-08T10:06:50.660212+00:00,1040.casino,False
клубника,klubnika.xlsx,HostsTable,2026-10-08T10:06:50.660212+00:00,967v.buzz,False
клубника,klubnika.xlsx,HostsTable,2026-10-08T10:06:50.660212+00:00,porno365.broker,False
клубника,klubnika.xlsx,HostsTable,2026-10-08T10:06:50.660212+00:00,babyblog.ru,True
клубника,klubnika.xlsx,HostsTable,2026-10-08T10:06:50.660212+00:00,igraz.ru,True
клубника,klubnika.xlsx,HostsTable,2026-10-08T10:06:50.660212+00:00,clubnika-casino-vnp.buzz,False
клубника,klubnika.xlsx,HostsTable,2026-10-08T10:06:50.660212+00:00,82r9.buzz,False
клубника,klubnika.xlsx,HostsTable,2026-10-08T10:06:50.660212+00:00,thevoicemag.ru,True
клубника,klubnika.xlsx,HostsTable,2026-10-08T10:06:50.660212+00:00,oazg.buzz,False
клубника,klubnika.xlsx,HostsTable,2026-10-08T10:06:50.660212+00:00,fleurme.ru,False
клубника,klubnika.xlsx,HostsTable,2026-10-08T10:06:50.660212+00:00,iris-casino78.team,False
клубника,klubnika.xlsx,HostsTable,2026-10-08T10:06:50.660212+00:00,ziu.buzz,False
клубника,klubnika.xlsx,HostsTable,2026-10-08T10:06:50.660212+00:00,48465.casino,False
клубника,klubnika.xlsx,HostsTable,2026-10-08T10:06:50.660212+00:00,proeby.online,False
клубника,klubnika.xlsx,HostsTable,2026-10-08T10:06:50.660212+00:00,myinstants.com,True
клубника,klubnika.xlsx,HostsTable,2026-10-08T10:06:50.660212+00:00,casino-clubnika-ma.buzz,False
клубника,klubnika.xlsx,HostsTable,2026-10-08T10:06:50.660212+00:00,91d3.buzz,False
клубника,klubnika.xlsx,HostsTable,2026-10-08T10:06:50.660212+00:00,sima-land.ru,True
клубника,klubnika.xlsx,HostsTable,2026-10-08T10:06:50.660212+00:00,efy.casino,True
клубника,klubnika.xlsx,HostsTable,2026-10-08T10:06:50.660212+00:00,klubnika42.ru,False
клубника,klubnika.xlsx,HostsTable,2026-10-08T10:06:50.660212+00:00,cazinozklubnikas.xyz,False
клубника,klubnika.xlsx,HostsTable,2026-10-08T10:06:50.660212+00:00,casino-vki.casino,False
клубника,klubnika.xlsx,HostsTable,2026-10-08T10:06:50.660212+00:00,klubnichnaya.ru,False
клубника,klubnika.xlsx,HostsTable,2026-10-08T10:06:50.660212+00:00,ioc.casino,False
клубника,klubnika.xlsx,HostsTable,2026-10-08T10:06:50.660212+00:00,fruttosmile.ru,False
клубника,klubnika.xlsx,HostsTable,2026-10-08T10:06:50.660212+00:00,sputnik.by,True
клубника,klubnika.xlsx,HostsTable,2026-10-08T10:06:50.660212+00:00,132casino.online,False
клубника,klubnika.xlsx,HostsTable,2026-10-08T10:06:50.660212+00:00,g8b.buzz,False
клубника,klubnika.xlsx,HostsTable,2026-10-08T10:06:50.660212+00:00,hzh.casino,False
клубника,klubnika.xlsx,HostsTable,2026-10-08T10:06:50.660212+00:00,7w16.buzz,False
клубника,klubnika.xlsx,HostsTable,2026-10-08T10:06:50.660212+00:00,77206.cfd,False
клубника,klubnika.xlsx,HostsTable,2026-10-08T10:06:50.660212+00:00,mixporn.monster,True
клубника,klubnika.xlsx,HostsTable,2026-10-08T10:06:50.660212+00:00,bmwclub.ru,True
клубника,klubnika.xlsx,HostsTable,2026-10-08T10:06:50.660212+00:00,vokrug.tv,True
клубника,klubnika.xlsx,HostsTable,2026-10-08T10:06:50.660212+00:00,8j9.casino,True
клубника,klubnika.xlsx,HostsTable,2026-10-08T10:06:50.660212+00:00,hyz.casino,False
клубника,klubnika.xlsx,HostsTable,2026-10-08T10:06:50.660212+00:00,2i47.buzz,False
клубника,klubnika.xlsx,HostsTable,2026-10-08T10:06:50.660212+00:00,vhod-71.casino,False
клубника,klubnika.xlsx,HostsTable,2026-10-08T10:06:50.660212+00:00,19682.cfd,False
клубника,klubnika.xlsx,HostsTable,2026-10-08T10:06:50.660212+00:00,luba-jagoda.com,True
клубника,klubnika.xlsx,HostsTable,2026-10-08T10:06:50.660212+00:00,1kg.casino,True
клубника,klubnika.xlsx,HostsTable,2026-10-08T10:06:50.660212+00:00,afisha.yandex.ru,True
клубника,klubnika.xlsx,HostsTable,2026-10-08T10:06:50.660212+00:00,vkusocvet.ru,False
клубника,klubnika.xlsx,HostsTable,2026-10-08T10:06:50.660212+00:00,tiw.casino,False
клубника,klubnika.xlsx,HostsTable,2026-10-08T10:06:50.660212+00:00,xn--80afdyrlcg2k.xn--p1ai,True
клубника,klubnika.xlsx,HostsTable,2026-10-08T10:06:50.660212+00:00,tsv.casino,False
клубника,klubnika.xlsx,HostsTable,2026-10-08T10:06:50.660212+00:00,5109.team,True
клубника,klubnika.xlsx,HostsTable,2026-10-08T10:06:50.660212+00:00,27y5.buzz,False
клубника,klubnika.xlsx,HostsTable,2026-10-08T10:06:50.660212+00:00,05c3.buzz,False
клубника,klubnika.xlsx,HostsTable,2026-10-08T10:06:50.660212+00:00,ovkuse.ru,True
клубника,klubnika.xlsx,HostsTable,2026-10-08T10:06:50.660212+00:00,58e7.buzz,False
клубника,klubnika.xlsx,HostsTable,2026-10-08T10:06:50.660212+00:00,rjff.team,False
клубника,klubnika.xlsx,HostsTable,2026-10-08T10:06:50.660212+00:00,rdshop.ru,True
клубника,klubnika.xlsx,HostsTable,2026-10-08T10:06:50.660212+00:00,tvbm.team,False
клубника,klubnika.xlsx,HostsTable,2026-10-08T10:06:50.660212+00:00,m24.ru,True
клубника,klubnika.xlsx,HostsTable,2026-10-08T10:06:50.660212+00:00,du44.beer,False
клубника,klubnika.xlsx,HostsTable,2026-10-08T10:06:50.660212+00:00,0dr.casino,False
клубника,klubnika.xlsx,HostsTable,2026-10-08T10:06:50.660212+00:00,russkoe365.me,True
клубника,klubnika.xlsx,HostsTable,2026-10-08T10:06:50.660212+00:00,h603.buzz,False
клубника,klubnika.xlsx,HostsTable,2026-10-08T10:06:50.660212+00:00,w658.buzz,False
клубника,klubnika.xlsx,HostsTable,2026-10-08T10:06:50.660212+00:00,29q7.buzz,False
клубника,klubnika.xlsx,HostsTable,2026-10-08T10:06:50.660212+00:00,justmedia.ru,True
клубника,klubnika.xlsx,HostsTable,2026-10-08T10:06:50.660212+00:00,47n6.buzz,False
клубника,klubnika.xlsx,HostsTable,2026-10-08T10:06:50.660212+00:00,7k1914.casino,False
клубника,klubnika.xlsx,HostsTable,2026-10-08T10:06:50.660212+00:00,ural-plant.ru,True
клубника,klubnika.xlsx,HostsTable,2026-10-08T10:06:50.660212+00:00,htr.casino,True
клубника,klubnika.xlsx,HostsTable,2026-10-08T10:06:50.660212+00:00,c5e.casino,True
клубника,klubnika.xlsx,HostsTable,2026-10-08T10:06:50.660212+00:00,150r.buzz,False
клубника,klubnika.xlsx,HostsTable,2026-10-08T10:06:50.660212+00:00,taller.ru,True
клубника,klubnika.xlsx,HostsTable,2026-10-08T10:06:50.660212+00:00,vsebezdepbonusi.biz,False
клубника,klubnika.xlsx,HostsTable,2026-10-08T10:06:50.660212+00:00,clubnika-ekt.top,False
клубника,klubnika.xlsx,HostsTable,2026-10-08T10:06:50.660212+00:00,t099.buzz,False
клубника,klubnika.xlsx,HostsTable,2026-10-08T10:06:50.660212+00:00,logrcge.by,True
клубника,klubnika.xlsx,HostsTable,2026-10-08T10:06:50.660212+00:00,forumhouse.ru,True
клубника,klubnika.xlsx,HostsTable,2026-10-08T10:06:50.660212+00:00,trava55.ru,False
клубника,klubnika.xlsx,HostsTable,2026-10-08T10:06:50.660212+00:00,74t4.buzz,False
клубника,klubnika.xlsx,HostsTable,2026-10-08T10:06:50.660212+00:00,craftology.ru,True
клубника,klubnika.xlsx,HostsTable,2026-10-08T10:06:50.660212+00:00,78s.casino,False
клубника,klubnika.xlsx,HostsTable,2026-10-08T10:06:50.660212+00:00,victoryclubnika.top,False
клубника,klubnika.xlsx,HostsTable,2026-10-08T10:06:50.660212+00:00,9364.team,False
клубника,klubnika.xlsx,HostsTable,2026-10-08T10:06:50.660212+00:00,a7s.casino,False
клубника,klubnika.xlsx,HostsTable,2026-10-08T10:06:50.660212+00:00,zapyah-klubniki-lordfilm.ru,False
клубника,klubnika.xlsx,HostsTable,2026-10-08T10:06:50.660212+00:00,casino24039.buzz,False
клубника,klubnika.xlsx,HostsTable,2026-10-08T10:06:50.660212+00:00,xn--80akvccf.xn--p1ai,True
клубника,klubnika.xlsx,HostsTable,2026-10-08T10:06:50.660212+00:00,6n26.buzz,False
клубника,klubnika.xlsx,HostsTable,2026-10-08T10:06:50.660212+00:00,snkf.team,False
клубника,klubnika.xlsx,HostsTable,2026-10-08T10:06:50.660212+00:00,velikolepnyvostok.ru,True
клубника,klubnika.xlsx,HostsTable,2026-10-08T10:06:50.660212+00:00,porevohds.com,True
клубника,klubnika.xlsx,HostsTable,2026-10-08T10:06:50.660212+00:00,vastorgsad.ru,False
клубника,klubnika.xlsx,HostsTable,2026-10-08T10:06:50.660212+00:00,luckycazino.com,False
клубника,klubnika.xlsx,HostsTable,2026-10-08T10:06:50.660212+00:00,clubnika-425.top,False
клубника,klubnika.xlsx,HostsTable,2026-10-08T10:06:50.660212+00:00,casino-2257.buzz,False
клубника,klubnika.xlsx,HostsTable,2026-10-08T10:06:50.660212+00:00,56901.cfd,False
клубника,klubnika.xlsx,HostsTable,2026-10-08T10:06:50.660212+00:00,g16ue.sbs,False
клубника,klubnika.xlsx,HostsTable,2026-10-08T10:06:50.660212+00:00,iris-casino717.monster,False
клубника,klubnika.xlsx,HostsTable,2026-10-08T10:06:50.660212+00:00,clubnika-nvy34.cfd,False
клубника,klubnika.xlsx,HostsTable,2026-10-08T10:06:50.660212+00:00,clubnika-casino-see.buzz,False
клубника,klubnika.xlsx,HostsTable,2026-10-08T10:06:50.660212+00:00,casinoclubnika-bw.buzz,False
клубника,klubnika.xlsx,HostsTable,2026-10-08T10:06:50.660212+00:00,bow.casino,False
клубника,klubnika.xlsx,HostsTable,2026-10-08T10:06:50.660212+00:00,04p4.buzz,False
клубника,klubnika.xlsx,HostsTable,2026-10-08T10:06:50.660212+00:00,fnb.casino,False
клубника,klubnika.xlsx,HostsTable,2026-10-08T10:06:50.660212+00:00,t3mb.team,False
клубника,klubnika.xlsx,HostsTable,2026-10-08T10:06:50.660212+00:00,4c85.buzz,False
клубника,klubnika.xlsx,HostsTable,2026-10-08T10:06:50.660212+00:00,s26.casino,False
клубника,klubnika.xlsx,HostsTable,2026-10-08T10:06:50.660212+00:00,kraj.by,True
клубника,klubnika.xlsx,HostsTable,2026-10-08T10:06:50.660212+00:00,allrecipes.com,True
клубника,klubnika.xlsx,HostsTable,2026-10-08T10:06:50.660212+00:00,56u6.buzz,False
клубника,klubnika.xlsx,HostsTable,2026-10-08T10:06:50.660212+00:00,krasporn.com,False
клубника,klubnika.xlsx,HostsTable,2026-10-08T10:06:50.660212+00:00,2qg.buzz,False
клубника,klubnika.xlsx,HostsTable,2026-10-08T10:06:50.660212+00:00,xn----8sbflcxhcmtedbpu8c.xn--p1ai,False
клубника,klubnika.xlsx,HostsTable,2026-10-08T10:06:50.660212+00:00,xn-----blccpcb7aewmcy3ahbfhj0mh1a6b.xn--p1ai,False
клубника,klubnika.xlsx,HostsTable,2026-10-08T10:06:50.660212+00:00,323d.buzz,False
клубника,klubnika.xlsx,HostsTable,2026-10-08T10:06:50.660212+00:00,ajajases.cc,False
клубника,klubnika.xlsx,HostsTable,2026-10-08T10:06:50.660212+00:00,rugbyrussians.ru,True
клубника,klubnika.xlsx,HostsTable,2026-10-08T10:06:50.660212+00:00,fotostrana.ru,True
клубника,klubnika.xlsx,HostsTable,2026-10-08T10:06:50.660212+00:00,isidapark.ru,True
клубника,klubnika.xlsx,HostsTable,2026-10-08T10:06:50.660212+00:00,zjhb.buzz,False
клубника,klubnika.xlsx,HostsTable,2026-10-08T10:06:50.660212+00:00,nothollywood.ru,False
клубника,klubnika.xlsx,HostsTable,2026-10-08T10:06:50.660212+00:00,8sy.buzz,False
клубника,klubnika.xlsx,HostsTable,2026-10-08T10:06:50.660212+00:00,buketo-leto-tmn.ru,False
клубника,klubnika.xlsx,HostsTable,2026-10-08T10:06:50.660212+00:00,yagodnykust.ru,True
клубника,klubnika.xlsx,HostsTable,2026-10-08T10:06:50.660212+00:00,poker-royal777.ru,True
клубника,klubnika.xlsx,HostsTable,2026-10-08T10:06:50.660212+00:00,gamblingobzor.com,False
клубника,klubnika.xlsx,HostsTable,2026-10-08T10:06:50.660212+00:00,tgstat.ru,True
клубника,klubnika.xlsx,HostsTable,2026-10-08T10:06:50.660212+00:00,skolko-seriy.ru,False
клубника,klubnika.xlsx,HostsTable,2026-10-08T10:06:50.660212+00:00,ndvk.team,False
клубника,klubnika.xlsx,HostsTable,2026-10-08T10:06:50.660212+00:00,casino3267.fun,False
клубника,klubnika.xlsx,HostsTable,2026-10-08T10:06:50.660212+00:00,jfp.casino,False
клубника,klubnika.xlsx,HostsTable,2026-10-08T10:06:50.660212+00:00,fruitonline.ru,True
клубника,klubnika.xlsx,HostsTable,2026-10-08T10:06:50.660212+00:00,my-bezdep.space,False
клубника,klubnika.xlsx,HostsTable,2026-10-08T10:06:50.660212+00:00,gjpz.team,False
клубника,klubnika.xlsx,HostsTable,2026-10-08T10:06:50.660212+00:00,010m.buzz,False
клубника,klubnika.xlsx,HostsTable,2026-10-08T10:06:50.660212+00:00,mah-jong.online,True
клубника,klubnika.xlsx,HostsTable,2026-10-08T10:06:50.660212+00:00,klubnika-club.ru,True
клубника,klubnika.xlsx,HostsTable,2026-10-08T10:06:50.660212+00:00,9047.team,False
клубника,klubnika.xlsx,HostsTable,2026-10-08T10:06:50.660212+00:00,blueberries-buket.ru,False
клубника,klubnika.xlsx,HostsTable,2026-10-08T10:06:50.660212+00:00,4713.team,False
клубника,klubnika.xlsx,HostsTable,2026-10-08T10:06:50.660212+00:00,fvq.casino,False
клубника,klubnika.xlsx,HostsTable,2026-10-08T10:06:50.660212+00:00,sadovniki.org,True
клубника,klubnika.xlsx,HostsTable,2026-10-08T10:06:50.660212+00:00,693casino.rest,False
клубника,klubnika.xlsx,HostsTable,2026-10-08T10:06:50.660212+00:00,tv41.ru,True
клубника,klubnika.xlsx,HostsTable,2026-10-08T10:06:50.660212+00:00,turkishseries.ru,True
клубника,klubnika.xlsx,HostsTable,2026-10-08T10:06:50.660212+00:00,q6i.casino,False
клубника,klubnika.xlsx,HostsTable,2026-10-08T10:06:50.660212+00:00,casino3621.beer,False
клубника,klubnika.xlsx,HostsTable,2026-10-08T10:06:50.660212+00:00,clubnika-casino-odo.buzz,False
клубника,klubnika.xlsx,HostsTable,2026-10-08T10:06:50.660212+00:00,turktve.ru,False
клубника,klubnika.xlsx,HostsTable,2026-10-08T10:06:50.660212+00:00,ufa1.ru,True
клубника,klubnika.xlsx,HostsTable,2026-10-08T10:06:50.660212+00:00,773b.buzz,False
клубника,klubnika.xlsx,HostsTable,2026-10-08T10:06:50.660212+00:00,greensad36.ru,True
клубника,klubnika.xlsx,HostsTable,2026-10-08T10:06:50.660212+00:00,casino-ggi.casino,False
клубника,klubnika.xlsx,HostsTable,2026-10-08T10:06:50.660212+00:00,vulkanrussia-kasino.live,False
клубника,klubnika.xlsx,HostsTable,2026-10-08T10:06:50.660212+00:00,gqj.casino,False
клубника,klubnika.xlsx,HostsTable,2026-10-08T10:06:50.660212+00:00,0z55.buzz,False
клубника,klubnika.xlsx,HostsTable,2026-10-08T10:06:50.660212+00:00,84y4.buzz,False
клубника,klubnika.xlsx,HostsTable,2026-10-08T10:06:50.660212+00:00,casinoerl.buzz,False
клубника,klubnika.xlsx,HostsTable,2026-10-08T10:06:50.660212+00:00,casinomve.top,False
клубника,klubnika.xlsx,HostsTable,2026-10-08T10:06:50.660212+00:00,xnyn.buzz,False
клубника,klubnika.xlsx,HostsTable,2026-10-08T10:06:50.660212+00:00,6d9.buzz,False
клубника,klubnika.xlsx,HostsTable,2026-10-08T10:06:50.660212+00:00,clubnika-casino-ymj.buzz,False
клубника,klubnika.xlsx,HostsTable,2026-10-08T10:06:50.660212+00:00,dev.to,True
клубника,klubnika.xlsx,HostsTable,2026-10-08T10:06:50.660212+00:00,095p.buzz,False
клубника,klubnika.xlsx,HostsTable,2026-10-08T10:06:50.660212+00:00,izvrata-net.com,False
клубника,klubnika.xlsx,HostsTable,2026-10-08T10:06:50.660212+00:00,re8.casino,False
клубника,klubnika.xlsx,HostsTable,2026-10-08T10:06:50.660212+00:00,clubnika-casino-vns.buzz,False
клубника,klubnika.xlsx,HostsTable,2026-10-08T10:06:50.660212+00:00,casino1569.bond,False
клубника,klubnika.xlsx,HostsTable,2026-10-08T10:06:50.660212+00:00,beef-655.casino,False
клубника,klubnika.xlsx,HostsTable,2026-10-08T10:06:50.660212+00:00,pornobolt.me,True
клубника,klubnika.xlsx,HostsTable,2026-10-08T10:06:50.660212+00:00,c098.buzz,False
клубника,klubnika.xlsx,HostsTable,2026-10-08T10:06:50.660212+00:00,iris-casino88.click,False
клубника,klubnika.xlsx,HostsTable,2026-10-08T10:06:50.660212+00:00,oyf.casino,False
клубника,klubnika.xlsx,HostsTable,2026-10-08T10:06:50.660212+00:00,casino5759.top,False
клубника,klubnika.xlsx,HostsTable,2026-10-08T10:06:50.660212+00:00,ru-turk.tv,False
клубника,klubnika.xlsx,HostsTable,2026-10-08T10:06:50.660212+00:00,stazo.online,False
клубника,klubnika.xlsx,HostsTable,2026-10-08T10:06:50.660212+00:00,casino-v24.info,False
клубника,klubnika.xlsx,HostsTable,2026-10-08T10:06:50.660212+00:00,bollywood-casino045.cfd,False
клубника,klubnika.xlsx,HostsTable,2026-10-08T10:06:50.660212+00:00,601n.buzz,False
клубника,klubnika.xlsx,HostsTable,2026-10-08T10:06:50.660212+00:00,hitmos.fm,True
клубника,klubnika.xlsx,HostsTable,2026-10-08T10:06:50.660212+00:00,facebook.com,False
клубника,klubnika.xlsx,HostsTable,2026-10-08T10:06:50.660212+00:00,clubnika-1236.ru,False
клубника,klubnika.xlsx,HostsTable,2026-10-08T10:06:50.660212+00:00,mognotak.ru,False
клубника,klubnika.xlsx,HostsTable,2026-10-08T10:06:50.660212+00:00,turok-rus-tv.online,True
клубника,klubnika.xlsx,HostsTable,2026-10-08T10:06:50.660212+00:00,hpl.casino,True
клубника,klubnika.xlsx,HostsTable,2026-10-08T10:06:50.660212+00:00,jhz.buzz,False
клубника,klubnika.xlsx,HostsTable,2026-10-08T10:06:50.660212+00:00,2674.team,False
клубника,klubnika.xlsx,HostsTable,2026-10-08T10:06:50.660212+00:00,n747.buzz,False
клубника,klubnika.xlsx,HostsTable,2026-10-08T10:06:50.660212+00:00,udom33.ru,True
клубника,klubnika.xlsx,HostsTable,2026-10-08T10:06:50.660212+00:00,iris-casino95.click,False
клубника,klubnika.xlsx,HostsTable,2026-10-08T10:06:50.660212+00:00,vulkan24casino-online.live,False
клубника,klubnika.xlsx,HostsTable,2026-10-08T10:06:50.660212+00:00,omoimot.ru,True
клубника,klubnika.xlsx,HostsTable,2026-10-08T10:06:50.660212+00:00,frukti-yagodi.ru,True
клубника,klubnika.xlsx,HostsTable,2026-10-08T10:06:50.660212+00:00,stake-casino906.cyou,False
клубника,klubnika.xlsx,HostsTable,2026-10-08T10:06:50.660212+00:00,71z4.buzz,False
клубника,klubnika.xlsx,HostsTable,2026-10-08T10:06:50.660212+00:00,y719.buzz,False
клубника,klubnika.xlsx,HostsTable,2026-10-08T10:06:50.660212+00:00,3007s.casino,False
клубника,klubnika.xlsx,HostsTable,2026-10-08T10:06:50.660212+00:00,tvoisad54.ru,False
клубника,klubnika.xlsx,HostsTable,2026-10-08T10:06:50.660212+00:00,clubnika-casino-ysm.buzz,False
клубника,klubnika.xlsx,HostsTable,2026-10-08T10:06:50.660212+00:00,turkttv-lordfillm.ru,False
клубника,klubnika.xlsx,HostsTable,2026-10-08T10:06:50.660212+00:00,casino7364.buzz,False
клубника,klubnika.xlsx,HostsTable,2026-10-08T10:06:50.660212+00:00,casino6813dg.fun,False
клубника,klubnika.xlsx,HostsTable,2026-10-08T10:06:50.660212+00:00,pornokaef.live,True
клубника,klubnika.xlsx,HostsTable,2026-10-08T10:06:50.660212+00:00,klubnika-usdt.ru,False
клубника,klubnika.xlsx,HostsTable,2026-10-08T10:06:50.660212+00:00,tvnovelas.ru,True
клубника,klubnika.xlsx,HostsTable,2026-10-08T10:06:50.660212+00:00,ebungaa.online,False
клубника,klubnika.xlsx,HostsTable,2026-10-08T10:06:50.660212+00:00,berryhm.ru,False
клубника,klubnika.xlsx,HostsTable,2026-10-08T10:06:50.660212+00:00,casino5190.team,False
клубника,klubnika.xlsx,HostsTable,2026-10-08T10:06:50.660212+00:00,gmsdeluxecasino.info,False
клубника,klubnika.xlsx,HostsTable,2026-10-08T10:06:50.660212+00:00,thkr.buzz,False
клубника,klubnika.xlsx,HostsTable,2026-10-08T10:06:50.660212+00:00,clubnika-hze.top,False
клубника,klubnika.xlsx,HostsTable,2026-10-08T10:06:50.660212+00:00,xn--80ainpjo0cxac.xn--p1ai,True
клубника,klubnika.xlsx,HostsTable,2026-10-08T10:06:50.660212+00:00,telegra.ph,True
клубника,klubnika.xlsx,HostsTable,2026-10-08T10:06:50.660212+00:00,awo.casino,False
клубника,klubnika.xlsx,HostsTable,2026-10-08T10:06:50.660212+00:00,tuz-bet-casino496.cfd,False
малина,malina.xlsx,HostsTable,2026-10-08T09:53:49.599462+00:00,dzen.ru,True
малина,malina.xlsx,HostsTable,2026-10-08T09:53:49.599462+00:00,yandex.ru,True
малина,malina.xlsx,HostsTable,2026-10-08T09:53:49.599462+00:00,kp.ru,True
малина,malina.xlsx,HostsTable,2026-10-08T09:53:49.599462+00:00,antonovsad.ru,True
малина,malina.xlsx,HostsTable,2026-10-08T09:53:49.599462+00:00,vk.ru,True
малина,malina.xlsx,HostsTable,2026-10-08T09:53:49.599462+00:00,rbc.ru,True
малина,malina.xlsx,HostsTable,2026-10-08T09:53:49.599462+00:00,ozon.ru,True
малина,malina.xlsx,HostsTable,2026-10-08T09:53:49.599462+00:00,petrovich.ru,True
малина,malina.xlsx,HostsTable,2026-10-08T09:53:49.599462+00:00,botanichka.ru,True
малина,malina.xlsx,HostsTable,2026-10-08T09:53:49.599462+00:00,pogoda.mail.ru,True
малина,malina.xlsx,HostsTable,2026-10-08T09:53:49.599462+00:00,maxidom.ru,True
малина,malina.xlsx,HostsTable,2026-10-08T09:53:49.599462+00:00,wildberries.ru,True
малина,malina.xlsx,HostsTable,2026-10-08T09:53:49.599462+00:00,lady.mail.ru,True
малина,malina.xlsx,HostsTable,2026-10-08T09:53:49.599462+00:00,t-j.ru,True
малина,malina.xlsx,HostsTable,2026-10-08T09:53:49.599462+00:00,velislava-sad.ru,True
малина,malina.xlsx,HostsTable,2026-10-08T09:53:49.599462+00:00,russianfood.com,True
малина,malina.xlsx,HostsTable,2026-10-08T09:53:49.599462+00:00,malinabonita.com,True
малина,malina.xlsx,HostsTable,2026-10-08T09:53:49.599462+00:00,semena-zakaz.ru,True
малина,malina.xlsx,HostsTable,2026-10-08T09:53:49.599462+00:00,garshinka.ru,True
малина,malina.xlsx,HostsTable,2026-10-08T09:53:49.599462+00:00,novochag.ru,True
малина,malina.xlsx,HostsTable,2026-10-08T09:53:49.599462+00:00,1000.menu,True
малина,malina.xlsx,HostsTable,2026-10-08T09:53:49.599462+00:00,2gis.ru,True
малина,malina.xlsx,HostsTable,2026-10-08T09:53:49.599462+00:00,semena.ru,True
малина,malina.xlsx,HostsTable,2026-10-08T09:53:49.599462+00:00,ogorod.ru,False
малина,malina.xlsx,HostsTable,2026-10-08T09:53:49.599462+00:00,podvorje.ru,True
малина,malina.xlsx,HostsTable,2026-10-08T09:53:49.599462+00:00,gastronom.ru,True
малина,malina.xlsx,HostsTable,2026-10-08T09:53:49.599462+00:00,kulinarenok.ru,True
малина,malina.xlsx,HostsTable,2026-10-08T09:53:49.599462+00:00,rostok-pitomnik.ru,True
малина,malina.xlsx,HostsTable,2026-10-08T09:53:49.599462+00:00,stroy-podskazka.ru,True
малина,malina.xlsx,HostsTable,2026-10-08T09:53:49.599462+00:00,megapteka.ru,True
малина,malina.xlsx,HostsTable,2026-10-08T09:53:49.599462+00:00,plantsad.ru,True
малина,malina.xlsx,HostsTable,2026-10-08T09:53:49.599462+00:00,agrodecor.ru,True
малина,malina.xlsx,HostsTable,2026-10-08T09:53:49.599462+00:00,hitmos.me,True
малина,malina.xlsx,HostsTable,2026-10-08T09:53:49.599462+00:00,my.mail.ru,True
малина,malina.xlsx,HostsTable,2026-10-08T09:53:49.599462+00:00,sad-i-ogorod.ru,True
малина,malina.xlsx,HostsTable,2026-10-08T09:53:49.599462+00:00,rg.ru,True
малина,malina.xlsx,HostsTable,2026-10-08T09:53:49.599462+00:00,hoff.ru,True
малина,malina.xlsx,HostsTable,2026-10-08T09:53:49.599462+00:00,malina64.ru,True
малина,malina.xlsx,HostsTable,2026-10-08T09:53:49.599462+00:00,wikipedia.org,True
малина,malina.xlsx,HostsTable,2026-10-08T09:53:49.599462+00:00,lemanapro.ru,True
малина,malina.xlsx,HostsTable,2026-10-08T09:53:49.599462+00:00,rutube.ru,True
малина,malina.xlsx,HostsTable,2026-10-08T09:53:49.599462+00:00,prosazhency.ru,True
малина,malina.xlsx,HostsTable,2026-10-08T09:53:49.599462+00:00,kinopoisk.ru,True
малина,malina.xlsx,HostsTable,2026-10-08T09:53:49.599462+00:00,alcofan.com,True
малина,malina.xlsx,HostsTable,2026-10-08T09:53:49.599462+00:00,xn----jtbhhqcetr1b.xn--p1ai,True
малина,malina.xlsx,HostsTable,2026-10-08T09:53:49.599462+00:00,pitomnik-zr.ru,True
малина,malina.xlsx,HostsTable,2026-10-08T09:53:49.599462+00:00,malina66.ru,False
малина,malina.xlsx,HostsTable,2026-10-08T09:53:49.599462+00:00,kinoafisha.info,True
малина,malina.xlsx,HostsTable,2026-10-08T09:53:49.599462+00:00,mossad24.ru,True
малина,malina.xlsx,HostsTable,2026-10-08T09:53:49.599462+00:00,kutepovo.ru,True
малина,malina.xlsx,HostsTable,2026-10-08T09:53:49.599462+00:00,povar.ru,True
малина,malina.xlsx,HostsTable,2026-10-08T09:53:49.599462+00:00,ncsemena.ru,True
малина,malina.xlsx,HostsTable,2026-10-08T09:53:49.599462+00:00,korolevskysad.ru,True
малина,malina.xlsx,HostsTable,2026-10-08T09:53:49.599462+00:00,perekrestok.ru,True
малина,malina.xlsx,HostsTable,2026-10-08T09:53:49.599462+00:00,halvacard.ru,True
малина,malina.xlsx,HostsTable,2026-10-08T09:53:49.599462+00:00,dom.mail.ru,True
малина,malina.xlsx,HostsTable,2026-10-08T09:53:49.599462+00:00,t.me,True
малина,malina.xlsx,HostsTable,2026-10-08T09:53:49.599462+00:00,ria.ru,True
малина,malina.xlsx,HostsTable,2026-10-08T09:53:49.599462+00:00,vkusvill.ru,True
малина,malina.xlsx,HostsTable,2026-10-08T09:53:49.599462+00:00,vhoz.ru,True
малина,malina.xlsx,HostsTable,2026-10-08T09:53:49.599462+00:00,gardenmart24.ru,True
малина,malina.xlsx,HostsTable,2026-10-08T09:53:49.599462+00:00,afisha.ru,True
малина,malina.xlsx,HostsTable,2026-10-08T09:53:49.599462+00:00,onlinesemena.ru,True
малина,malina.xlsx,HostsTable,2026-10-08T09:53:49.599462+00:00,afisha.yandex.ru,True
малина,malina.xlsx,HostsTable,2026-10-08T09:53:49.599462+00:00,parkrasteniy.ru,True
малина,malina.xlsx,HostsTable,2026-10-08T09:53:49.599462+00:00,sazhency-bori.ru,True
малина,malina.xlsx,HostsTable,2026-10-08T09:53:49.599462+00:00,mehamalina.ru,True
малина,malina.xlsx,HostsTable,2026-10-08T09:53:49.599462+00:00,isidapark.ru,True
малина,malina.xlsx,HostsTable,2026-10-08T09:53:49.599462+00:00,malina-ecopark.ru,False
малина,malina.xlsx,HostsTable,2026-10-08T09:53:49.599462+00:00,plodopitomnik-sad.ru,True
малина,malina.xlsx,HostsTable,2026-10-08T09:53:49.599462+00:00,menunedeli.ru,True
малина,malina.xlsx,HostsTable,2026-10-08T09:53:49.599462+00:00,xn--80aefbvrodbz.xn--p1ai,True
малина,malina.xlsx,HostsTable,2026-10-08T09:53:49.599462+00:00,semena-sad.ru,True
малина,malina.xlsx,HostsTable,2026-10-08T09:53:49.599462+00:00,lavka.yandex.ru,True
малина,malina.xlsx,HostsTable,2026-10-08T09:53:49.599462+00:00,lenta.ru,True
малина,malina.xlsx,HostsTable,2026-10-08T09:53:49.599462+00:00,kubnews.ru,True
малина,malina.xlsx,HostsTable,2026-10-08T09:53:49.599462+00:00,music.yandex.ru,True
малина,malina.xlsx,HostsTable,2026-10-08T09:53:49.599462+00:00,rospotrebnadzor.ru,True
малина,malina.xlsx,HostsTable,2026-10-08T09:53:49.599462+00:00,rskrf.ru,True
малина,malina.xlsx,HostsTable,2026-10-08T09:53:49.599462+00:00,gemotest.ru,True
малина,malina.xlsx,HostsTable,2026-10-08T09:53:49.599462+00:00,ferma.expert,True
малина,malina.xlsx,HostsTable,2026-10-08T09:53:49.599462+00:00,aogarden.ru,True
малина,malina.xlsx,HostsTable,2026-10-08T09:53:49.599462+00:00,kalina-malina.ru,False
малина,malina.xlsx,HostsTable,2026-10-08T09:53:49.599462+00:00,lifehacker.ru,True
малина,malina.xlsx,HostsTable,2026-10-08T09:53:49.599462+00:00,procvetok.com,True
малина,malina.xlsx,HostsTable,2026-10-08T09:53:49.599462+00:00,food.ru,True
малина,malina.xlsx,HostsTable,2026-10-08T09:53:49.599462+00:00,malina26.ru,False
малина,malina.xlsx,HostsTable,2026-10-08T09:53:49.599462+00:00,sibsad-pitomnik.ru,True
малина,malina.xlsx,HostsTable,2026-10-08T09:53:49.599462+00:00,vseinstrumenti.ru,True
малина,malina.xlsx,HostsTable,2026-10-08T09:53:49.599462+00:00,povarenok.ru,True
малина,malina.xlsx,HostsTable,2026-10-08T09:53:49.599462+00:00,ruscemena.ru,True
малина,malina.xlsx,HostsTable,2026-10-08T09:53:49.599462+00:00,agroxxi.ru,True
малина,malina.xlsx,HostsTable,2026-10-08T09:53:49.599462+00:00,lenta.com,True
малина,malina.xlsx,HostsTable,2026-10-08T09:53:49.599462+00:00,market.yandex.ru,True
малина,malina.xlsx,HostsTable,2026-10-08T09:53:49.599462+00:00,5ka.ru,True
малина,malina.xlsx,HostsTable,2026-10-08T09:53:49.599462+00:00,rosbalt.ru,True
малина,malina.xlsx,HostsTable,2026-10-08T09:53:49.599462+00:00,rosselhoscenter.ru,True
малина,malina.xlsx,HostsTable,2026-10-08T09:53:49.599462+00:00,zoon.ru,True
малина,malina.xlsx,HostsTable,2026-10-08T09:53:49.599462+00:00,1sad.shop,True
малина,malina.xlsx,HostsTable,2026-10-08T09:53:49.599462+00:00,tbank.ru,True
малина,malina.xlsx,HostsTable,2026-10-08T09:53:49.599462+00:00,otzovik.com,True
малина,malina.xlsx,HostsTable,2026-10-08T09:53:49.599462+00:00,urozhaj-malina.clients.site,False
малина,malina.xlsx,HostsTable,2026-10-08T09:53:49.599462+00:00,rutxt.ru,True
малина,malina.xlsx,HostsTable,2026-10-08T09:53:49.599462+00:00,gribanovosad.ru,True
малина,malina.xlsx,HostsTable,2026-10-08T09:53:49.599462+00:00,organic-mix.ru,True
малина,malina.xlsx,HostsTable,2026-10-08T09:53:49.599462+00:00,samokat.ru,True
малина,malina.xlsx,HostsTable,2026-10-08T09:53:49.599462+00:00,delikateska.ru,True
малина,malina.xlsx,HostsTable,2026-10-08T09:53:49.599462+00:00,irecommend.ru,True
малина,malina.xlsx,HostsTable,2026-10-08T09:53:49.599462+00:00,malinaekb.ru,False
малина,malina.xlsx,HostsTable,2026-10-08T09:53:49.599462+00:00,supermalina.ru,True
малина,malina.xlsx,HostsTable,2026-10-08T09:53:49.599462+00:00,kuper.ru,True
малина,malina.xlsx,HostsTable,2026-10-08T09:53:49.599462+00:00,dikoed.ru,False
малина,malina.xlsx,HostsTable,2026-10-08T09:53:49.599462+00:00,lamoda.ru,True
малина,malina.xlsx,HostsTable,2026-10-08T09:53:49.599462+00:00,belnovosti.by,True
малина,malina.xlsx,HostsTable,2026-10-08T09:53:49.599462+00:00,edimdoma.ru,True
малина,malina.xlsx,HostsTable,2026-10-08T09:53:49.599462+00:00,belta.by,True
малина,malina.xlsx,HostsTable,2026-10-08T09:53:49.599462+00:00,svoevse.ru,True
малина,malina.xlsx,HostsTable,2026-10-08T09:53:49.599462+00:00,pitomnik-rose.ru,True
малина,malina.xlsx,HostsTable,2026-10-08T09:53:49.599462+00:00,luchshii-sad.ru,True
малина,malina.xlsx,HostsTable,2026-10-08T09:53:49.599462+00:00,kino.mail.ru,True
малина,malina.xlsx,HostsTable,2026-10-08T09:53:49.599462+00:00,mnogo-rastenii.ru,True
малина,malina.xlsx,HostsTable,2026-10-08T09:53:49.599462+00:00,film.ru,True
малина,malina.xlsx,HostsTable,2026-10-08T09:53:49.599462+00:00,iamcook.ru,True
малина,malina.xlsx,HostsTable,2026-10-08T09:53:49.599462+00:00,rudesignshop.ru,True
малина,malina.xlsx,HostsTable,2026-10-08T09:53:49.599462+00:00,spa-men.ru,True
малина,malina.xlsx,HostsTable,2026-10-08T09:53:49.599462+00:00,zvuk.com,True
малина,malina.xlsx,HostsTable,2026-10-08T09:53:49.599462+00:00,dachatea.ru,True
малина,malina.xlsx,HostsTable,2026-10-08T09:53:49.599462+00:00,floristics.info,True
малина,malina.xlsx,HostsTable,2026-10-08T09:53:49.599462+00:00,archive.org,True
малина,malina.xlsx,HostsTable,2026-10-08T09:53:49.599462+00:00,music.apple.com,True
малина,malina.xlsx,HostsTable,2026-10-08T09:53:49.599462+00:00,ruwiki.ru,True
малина,malina.xlsx,HostsTable,2026-10-08T09:53:49.599462+00:00,finecooking.ru,True
малина,malina.xlsx,HostsTable,2026-10-08T09:53:49.599462+00:00,7dach.ru,True
малина,malina.xlsx,HostsTable,2026-10-08T09:53:49.599462+00:00,malina-mall.ru,False
малина,malina.xlsx,HostsTable,2026-10-08T09:53:49.599462+00:00,kustiksad.ru,True
малина,malina.xlsx,HostsTable,2026-10-08T09:53:49.599462+00:00,avito.ru,True
малина,malina.xlsx,HostsTable,2026-10-08T09:53:49.599462+00:00,oum.ru,True
малина,malina.xlsx,HostsTable,2026-10-08T09:53:49.599462+00:00,pravda.ru,True
малина,malina.xlsx,HostsTable,2026-10-08T09:53:49.599462+00:00,legendi-rastenii.ru,True
малина,malina.xlsx,HostsTable,2026-10-08T09:53:49.599462+00:00,labora.by,True
малина,malina.xlsx,HostsTable,2026-10-08T09:53:49.599462+00:00,villamalina-arshan.ru,False
малина,malina.xlsx,HostsTable,2026-10-08T09:53:49.599462+00:00,martin-sad.ru,True
малина,malina.xlsx,HostsTable,2026-10-08T09:53:49.599462+00:00,bona-forte.ru,True
малина,malina.xlsx,HostsTable,2026-10-08T09:53:49.599462+00:00,ivi.ru,True
малина,malina.xlsx,HostsTable,2026-10-08T09:53:49.599462+00:00,semenagavrish.ru,True
малина,malina.xlsx,HostsTable,2026-10-08T09:53:49.599462+00:00,irk-sad.ru,True
малина,malina.xlsx,HostsTable,2026-10-08T09:53:49.599462+00:00,wikihow.com,True
малина,malina.xlsx,HostsTable,2026-10-08T09:53:49.599462+00:00,best-gryadka.ru,True
малина,malina.xlsx,HostsTable,2026-10-08T09:53:49.599462+00:00,yagoda-malina.site,False
малина,malina.xlsx,HostsTable,2026-10-08T09:53:49.599462+00:00,vkvideo.ru,True
малина,malina.xlsx,HostsTable,2026-10-08T09:53:49.599462+00:00,centerkurort.ru,True
малина,malina.xlsx,HostsTable,2026-10-08T09:53:49.599462+00:00,darvin-market.ru,True
малина,malina.xlsx,HostsTable,2026-10-08T09:53:49.599462+00:00,sadovyi-mir.ru,True
малина,malina.xlsx,HostsTable,2026-10-08T09:53:49.599462+00:00,malinaproperty.ru,True
малина,malina.xlsx,HostsTable,2026-10-08T09:53:49.599462+00:00,lafoy.ru,True
малина,malina.xlsx,HostsTable,2026-10-08T09:53:49.599462+00:00,freshlavka.ru,True
малина,malina.xlsx,HostsTable,2026-10-08T09:53:49.599462+00:00,eda.yandex.ru,True
малина,malina.xlsx,HostsTable,2026-10-08T09:53:49.599462+00:00,green-malina.ru,False
малина,malina.xlsx,HostsTable,2026-10-08T09:53:49.599462+00:00,orton.ru,True
малина,malina.xlsx,HostsTable,2026-10-08T09:53:49.599462+00:00,akulovka.com,True
малина,malina.xlsx,HostsTable,2026-10-08T09:53:49.599462+00:00,uds.app,True
малина,malina.xlsx,HostsTable,2026-10-08T09:53:49.599462+00:00,ellycakes.kz,True
малина,malina.xlsx,HostsTable,2026-10-08T09:53:49.599462+00:00,glampingmalina.ru,False
малина,malina.xlsx,HostsTable,2026-10-08T09:53:49.599462+00:00,agrosemfond.ru,True
малина,malina.xlsx,HostsTable,2026-10-08T09:53:49.599462+00:00,bistrykulinar.ru,True
малина,malina.xlsx,HostsTable,2026-10-08T09:53:49.599462+00:00,malina-homeshop.ru,False
малина,malina.xlsx,HostsTable,2026-10-08T09:53:49.599462+00:00,vsesazhency.ru,False
малина,malina.xlsx,HostsTable,2026-10-08T09:53:49.599462+00:00,xn--80aam0cf1a8b.xn--p1ai,True
малина,malina.xlsx,HostsTable,2026-10-08T09:53:49.599462+00:00,mirturbaz.ru,True
малина,malina.xlsx,HostsTable,2026-10-08T09:53:49.599462+00:00,vsedlyasada.com,True
малина,malina.xlsx,HostsTable,2026-10-08T09:53:49.599462+00:00,rusradio.ru,True
малина,malina.xlsx,HostsTable,2026-10-08T09:53:49.599462+00:00,sk10.ru,False
малина,malina.xlsx,HostsTable,2026-10-08T09:53:49.599462+00:00,kino-teatr.ru,True
малина,malina.xlsx,HostsTable,2026-10-08T09:53:49.599462+00:00,sweetgift.ru,True
малина,malina.xlsx,HostsTable,2026-10-08T09:53:49.599462+00:00,flowwow.com,True
малина,malina.xlsx,HostsTable,2026-10-08T09:53:49.599462+00:00,inshaker.com,True
малина,malina.xlsx,HostsTable,2026-10-08T09:53:49.599462+00:00,nsportal.ru,True
малина,malina.xlsx,HostsTable,2026-10-08T09:53:49.599462+00:00,hitmos.fm,True
малина,malina.xlsx,HostsTable,2026-10-08T09:53:49.599462+00:00,eda.yandex,True
малина,malina.xlsx,HostsTable,2026-10-08T09:53:49.599462+00:00,cian.ru,True
малина,malina.xlsx,HostsTable,2026-10-08T09:53:49.599462+00:00,xn--80aindfmf1a1d8aj.xn--p1ai,True
малина,malina.xlsx,HostsTable,2026-10-08T09:53:49.599462+00:00,xn--80aalqkugr.xn--p1ai,True
малина,malina.xlsx,HostsTable,2026-10-08T09:53:49.599462+00:00,smule.com,True
малина,malina.xlsx,HostsTable,2026-10-08T09:53:49.599462+00:00,malinayagoda.ru,False
малина,malina.xlsx,HostsTable,2026-10-08T09:53:49.599462+00:00,malina-58.ru,False
малина,malina.xlsx,HostsTable,2026-10-08T09:53:49.599462+00:00,tyumsmu.ru,True
малина,malina.xlsx,HostsTable,2026-10-08T09:53:49.599462+00:00,sadovayalavka.ru,True
малина,malina.xlsx,HostsTable,2026-10-08T09:53:49.599462+00:00,shazam.com,True
малина,malina.xlsx,HostsTable,2026-10-08T09:53:49.599462+00:00,gnicpm.ru,True
малина,malina.xlsx,HostsTable,2026-10-08T09:53:49.599462+00:00,malina.in,False
малина,malina.xlsx,HostsTable,2026-10-08T09:53:49.599462+00:00,topflavors.ru,True
малина,malina.xlsx,HostsTable,2026-10-08T09:53:49.599462+00:00,xn--b1aqlk6e.xn--p1ai,True
малина,malina.xlsx,HostsTable,2026-10-08T09:53:49.599462+00:00,mts.ru,True
малина,malina.xlsx,HostsTable,2026-10-08T09:53:49.599462+00:00,sunmag.me,True
малина,malina.xlsx,HostsTable,2026-10-08T09:53:49.599462+00:00,otvet.mail.ru,True
малина,malina.xlsx,HostsTable,2026-10-08T09:53:49.599462+00:00,purshat.com,True
малина,malina.xlsx,HostsTable,2026-10-08T09:53:49.599462+00:00,wink.ru,True
малина,malina.xlsx,HostsTable,2026-10-08T09:53:49.599462+00:00,pinterest.com,True
малина,malina.xlsx,HostsTable,2026-10-08T09:53:49.599462+00:00,dolinasad.by,True
малина,malina.xlsx,HostsTable,2026-10-08T09:53:49.599462+00:00,zdravcity.ru,True
малина,malina.xlsx,HostsTable,2026-10-08T09:53:49.599462+00:00,fsvps.gov.ru,True
малина,malina.xlsx,HostsTable,2026-10-08T09:53:49.599462+00:00,travel.yandex.ru,True
малина,malina.xlsx,HostsTable,2026-10-08T09:53:49.599462+00:00,usadba-shop.ru,True
малина,malina.xlsx,HostsTable,2026-10-08T09:53:49.599462+00:00,lefood.menu,True
малина,malina.xlsx,HostsTable,2026-10-08T09:53:49.599462+00:00,spelov.ru,True
малина,malina.xlsx,HostsTable,2026-10-08T09:53:49.599462+00:00,7ya.ru,True
малина,malina.xlsx,HostsTable,2026-10-08T09:53:49.599462+00:00,nutrio.plus,True
малина,malina.xlsx,HostsTable,2026-10-08T09:53:49.599462+00:00,chocomatreshka.ru,False
малина,malina.xlsx,HostsTable,2026-10-08T09:53:49.599462+00:00,stroyday.ru,True
малина,malina.xlsx,HostsTable,2026-10-08T09:53:49.599462+00:00,malinaclub.com,False
малина,malina.xlsx,HostsTable,2026-10-08T09:53:49.599462+00:00,seloveselo.online,True
малина,malina.xlsx,HostsTable,2026-10-08T09:53:49.599462+00:00,pitomnik-rastenij.ru,True
малина,malina.xlsx,HostsTable,2026-10-08T09:53:49.599462+00:00,slavusadba.ru,True
малина,malina.xlsx,HostsTable,2026-10-08T09:53:49.599462+00:00,taplink.cc,True
малина,malina.xlsx,HostsTable,2026-10-08T09:53:49.599462+00:00,flowlove.ru,True
малина,malina.xlsx,HostsTable,2026-10-08T09:53:49.599462+00:00,ivd.ru,True
малина,malina.xlsx,HostsTable,2026-10-08T09:53:49.599462+00:00,realty.yandex.ru,True
малина,malina.xlsx,HostsTable,2026-10-08T09:53:49.599462+00:00,abekker.ru,True
малина,malina.xlsx,HostsTable,2026-10-08T09:53:49.599462+00:00,wiki2.org,True
малина,malina.xlsx,HostsTable,2026-10-08T09:53:49.599462+00:00,next-portal.ru,True
малина,malina.xlsx,HostsTable,2026-10-08T09:53:49.599462+00:00,altflora.ru,True
малина,malina.xlsx,HostsTable,2026-10-08T09:53:49.599462+00:00,ura.news,True
малина,malina.xlsx,HostsTable,2026-10-08T09:53:49.599462+00:00,kemaclub.ru,True
малина,malina.xlsx,HostsTable,2026-10-08T09:53:49.599462+00:00,ru.tv,True
малина,malina.xlsx,HostsTable,2026-10-08T09:53:49.599462+00:00,ok-ua.ru,True
малина,malina.xlsx,HostsTable,2026-10-08T09:53:49.599462+00:00,landshaftniy-dizayn.ru,True
малина,malina.xlsx,HostsTable,2026-10-08T09:53:49.599462+00:00,pikabu.ru,True
малина,malina.xlsx,HostsTable,2026-10-08T09:53:49.599462+00:00,hozayka.top,True
малина,malina.xlsx,HostsTable,2026-10-08T09:53:49.599462+00:00,mrkonditer.ru,True
малина,malina.xlsx,HostsTable,2026-10-08T09:53:49.599462+00:00,andychef.ru,True
малина,malina.xlsx,HostsTable,2026-10-08T09:53:49.599462+00:00,dachnyuchastok.ru,True
малина,malina.xlsx,HostsTable,2026-10-08T09:53:49.599462+00:00,afishakino.ru,True
малина,malina.xlsx,HostsTable,2026-10-08T09:53:49.599462+00:00,opt-hoz.ru,True
малина,malina.xlsx,HostsTable,2026-10-08T09:53:49.599462+00:00,ixbt.com,True
малина,malina.xlsx,HostsTable,2026-10-08T09:53:49.599462+00:00,vashnil.ru,True
малина,malina.xlsx,HostsTable,2026-10-08T09:53:49.599462+00:00,mishugin.com,True
малина,malina.xlsx,HostsTable,2026-10-08T09:53:49.599462+00:00,dixy.ru,True
малина,malina.xlsx,HostsTable,2026-10-08T09:53:49.599462+00:00,plodovyimir.ru,False
малина,malina.xlsx,HostsTable,2026-10-08T09:53:49.599462+00:00,zpitomnik.ru,True
малина,malina.xlsx,HostsTable,2026-10-08T09:53:49.599462+00:00,apteka.ru,True
малина,malina.xlsx,HostsTable,2026-10-08T09:53:49.599462+00:00,drivemusic.me,True
малина,malina.xlsx,HostsTable,2026-10-08T09:53:49.599462+00:00,1tv.ru,True
малина,malina.xlsx,HostsTable,2026-10-08T09:53:49.599462+00:00,dvemorkovki.ru,True
малина,malina.xlsx,HostsTable,2026-10-08T09:53:49.599462+00:00,xn--e1ajku9b.xn--p1ai,True
малина,malina.xlsx,HostsTable,2026-10-08T09:53:49.599462+00:00,optort.ru,False
малина,malina.xlsx,HostsTable,2026-10-08T09:53:49.599462+00:00,dostavka-cvetov365.ru,True
малина,malina.xlsx,HostsTable,2026-10-08T09:53:49.599462+00:00,horo.mail.ru,True
малина,malina.xlsx,HostsTable,2026-10-08T09:53:49.599462+00:00,baikalia.com,True
малина,malina.xlsx,HostsTable,2026-10-08T09:53:49.599462+00:00,uzhniy.ru,True
малина,malina.xlsx,HostsTable,2026-10-08T09:53:49.599462+00:00,kiskinsad.ru,True
малина,malina.xlsx,HostsTable,2026-10-08T09:53:49.599462+00:00,radio.yandex.ru,True
малина,malina.xlsx,HostsTable,2026-10-08T09:53:49.599462+00:00,m.ok.ru,True
малина,malina.xlsx,HostsTable,2026-10-08T09:53:49.599462+00:00,blagodatmir.ru,True
малина,malina.xlsx,HostsTable,2026-10-08T09:53:49.599462+00:00,gosuslugi.ru,True
малина,malina.xlsx,HostsTable,2026-10-08T09:53:49.599462+00:00,profile.ru,True
малина,malina.xlsx,HostsTable,2026-10-08T09:53:49.599462+00:00,tiktok.com,True
малина,malina.xlsx,HostsTable,2026-10-08T09:53:49.599462+00:00,aif.ru,True
малина,malina.xlsx,HostsTable,2026-10-08T09:53:49.599462+00:00,cadeaux.ru,True
малина,malina.xlsx,HostsTable,2026-10-08T09:53:49.599462+00:00,funburg.ru,True
малина,malina.xlsx,HostsTable,2026-10-08T09:53:49.599462+00:00,sb.by,True
малина,malina.xlsx,HostsTable,2026-10-08T09:53:49.599462+00:00,uteka.ru,True
малина,malina.xlsx,HostsTable,2026-10-08T09:53:49.599462+00:00,lisa.ru,True
малина,malina.xlsx,HostsTable,2026-10-08T09:53:49.599462+00:00,otello.ru,True
малина,malina.xlsx,HostsTable,2026-10-08T09:53:49.599462+00:00,znanierussia.ru,True
малина,malina.xlsx,HostsTable,2026-10-08T09:53:49.599462+00:00,prokonditer.shop,True
малина,malina.xlsx,HostsTable,2026-10-08T09:53:49.599462+00:00,blog-travushka.ru,True
малина,malina.xlsx,HostsTable,2026-10-08T09:53:49.599462+00:00,malina-flowers72.ru,False
малина,malina.xlsx,HostsTable,2026-10-08T09:53:49.599462+00:00,genius.com,True
малина,malina.xlsx,HostsTable,2026-10-08T09:53:49.599462+00:00,kedr812.ru,True
малина,malina.xlsx,HostsTable,2026-10-08T09:53:49.599462+00:00,magnit.ru,True
малина,malina.xlsx,HostsTable,2026-10-08T09:53:49.599462+00:00,mpr-shop.ru,True
малина,malina.xlsx,HostsTable,2026-10-08T09:53:49.599462+00:00,d-seminar.ru,True
малина,malina.xlsx,HostsTable,2026-10-08T09:53:49.599462+00:00,asna.ru,True
малина,malina.xlsx,HostsTable,2026-10-08T09:53:49.599462+00:00,3-sada.ru,True
малина,malina.xlsx,HostsTable,2026-10-08T09:53:49.599462+00:00,shedevrum.ai,False
малина,malina.xlsx,HostsTable,2026-10-08T09:53:49.599462+00:00,vk.com,True
малина,malina.xlsx,HostsTable,2026-10-08T09:53:49.599462+00:00,regions.ru,True
малина,malina.xlsx,HostsTable,2026-10-08T09:53:49.599462+00:00,xn--j1abjnl0c.xn--80adxhks,True
малина,malina.xlsx,HostsTable,2026-10-08T09:53:49.599462+00:00,plantmania.ru,True
малина,malina.xlsx,HostsTable,2026-10-08T09:53:49.599462+00:00,jarden.ru,False
малина,malina.xlsx,HostsTable,2026-10-08T09:53:49.599462+00:00,imperia-pikcher.online,True
малина,malina.xlsx,HostsTable,2026-10-08T09:53:49.599462+00:00,edaprof.ru,True
малина,malina.xlsx,HostsTable,2026-10-08T09:53:49.599462+00:00,sadurala.com,True
малина,malina.xlsx,HostsTable,2026-10-08T09:53:49.599462+00:00,rastisad.ru,True
малина,malina.xlsx,HostsTable,2026-10-08T09:53:49.599462+00:00,medra.ru,True
малина,malina.xlsx,HostsTable,2026-10-08T09:53:49.599462+00:00,restaurantguru.ru,True
малина,malina.xlsx,HostsTable,2026-10-08T09:53:49.599462+00:00,kraj.by,True
малина,malina.xlsx,HostsTable,2026-10-08T09:53:49.599462+00:00,casinortx4060.buzz,False
малина,malina.xlsx,HostsTable,2026-10-08T09:53:49.599462+00:00,napitki.ru,True
малина,malina.xlsx,HostsTable,2026-10-08T09:53:49.599462+00:00,winestyle.ru,True
малина,malina.xlsx,HostsTable,2026-10-08T09:53:49.599462+00:00,wine-shopper.ru,True
малина,malina.xlsx,HostsTable,2026-10-08T09:53:49.599462+00:00,xn--80ahmohdapg.xn--80asehdb,True
малина,malina.xlsx,HostsTable,2026-10-08T09:53:49.599462+00:00,dachaotzyv.ru,False
малина,malina.xlsx,HostsTable,2026-10-08T09:53:49.599462+00:00,svoy-pitomnik.ru,True
малина,malina.xlsx,HostsTable,2026-10-08T09:53:49.599462+00:00,sokovoz.ru,False
малина,malina.xlsx,HostsTable,2026-10-08T09:53:49.599462+00:00,karaoke.ru,True
малина,malina.xlsx,HostsTable,2026-10-08T09:53:49.599462+00:00,mk-mosobl.ru,True
малина,malina.xlsx,HostsTable,2026-10-08T09:53:49.599462+00:00,ngs24.ru,True
малина,malina.xlsx,HostsTable,2026-10-08T09:53:49.599462+00:00,tutu.ru,True
малина,malina.xlsx,HostsTable,2026-10-08T09:53:49.599462+00:00,moroshka.ru,True
малина,malina.xlsx,HostsTable,2026-10-08T09:53:49.599462+00:00,mirfermera.ru,True
малина,malina.xlsx,HostsTable,2026-10-08T09:53:49.599462+00:00,villamalina.ru,False
малина,malina.xlsx,HostsTable,2026-10-08T09:53:49.599462+00:00,vodovoz.ru,True
малина,malina.xlsx,HostsTable,2026-10-08T09:53:49.599462+00:00,ped-kopilka.ru,True
малина,malina.xlsx,HostsTable,2026-10-08T09:53:49.599462+00:00,delo-vcusa.ru,True
малина,malina.xlsx,HostsTable,2026-10-08T09:53:49.599462+00:00,casinotritren.buzz,False
малина,malina.xlsx,HostsTable,2026-10-08T09:53:49.599462+00:00,news.ru,True
малина,malina.xlsx,HostsTable,2026-10-08T09:53:49.599462+00:00,okigo.ru,True
малина,malina.xlsx,HostsTable,2026-10-08T09:53:49.599462+00:00,abekker.by,True
малина,malina.xlsx,HostsTable,2026-10-08T09:53:49.599462+00:00,xn----7sbahcidia5fd3ae5rh.xn--p1ai,True
малина,malina.xlsx,HostsTable,2026-10-08T09:53:49.599462+00:00,rambler.ru,True
малина,malina.xlsx,HostsTable,2026-10-08T09:53:49.599462+00:00,biomir.ru,True
малина,malina.xlsx,HostsTable,2026-10-08T09:53:49.599462+00:00,promodj.com,True
малина,malina.xlsx,HostsTable,2026-10-08T09:53:49.599462+00:00,cafemalina.ru,False
малина,malina.xlsx,HostsTable,2026-10-08T09:53:49.599462+00:00,magazintrav.ru,True
малина,malina.xlsx,HostsTable,2026-10-08T09:53:49.599462+00:00,seed.ru,True
малина,malina.xlsx,HostsTable,2026-10-08T09:53:49.599462+00:00,otlichnye-tseny.ru,True
малина,malina.xlsx,HostsTable,2026-10-08T09:53:49.599462+00:00,my-calend.ru,True
малина,malina.xlsx,HostsTable,2026-10-08T09:53:49.599462+00:00,plodovyipitomnik.ru,True
малина,malina.xlsx,HostsTable,2026-10-08T09:53:49.599462+00:00,barista-ltd.ru,True
малина,malina.xlsx,HostsTable,2026-10-08T09:53:49.599462+00:00,dfm.ru,True
малина,malina.xlsx,HostsTable,2026-10-08T09:53:49.599462+00:00,pornsliv.com,False
малина,malina.xlsx,HostsTable,2026-10-08T09:53:49.599462+00:00,volshebnaya-eda.ru,True
малина,malina.xlsx,HostsTable,2026-10-08T09:53:49.599462+00:00,enigma-project.ru,True
малина,malina.xlsx,HostsTable,2026-10-08T09:53:49.599462+00:00,malina-fashion.clients.site,False
малина,malina.xlsx,HostsTable,2026-10-08T09:53:49.599462+00:00,ingershop.ru,False
малина,malina.xlsx,HostsTable,2026-10-08T09:53:49.599462+00:00,radiopotok.ru,True
малина,malina.xlsx,HostsTable,2026-10-08T09:53:49.599462+00:00,ok.ru,True
малина,malina.xlsx,HostsTable,2026-10-08T09:53:49.599462+00:00,astromeridian.ru,True
малина,malina.xlsx,HostsTable,2026-10-08T09:53:49.599462+00:00,litprichal.ru,True
малина,malina.xlsx,HostsTable,2026-10-08T09:53:49.599462+00:00,ovkuse.ru,True
малина,malina.xlsx,HostsTable,2026-10-08T09:53:49.599462+00:00,lyricsworld.ru,True
малина,malina.xlsx,HostsTable,2026-10-08T09:53:49.599462+00:00,tr-page.yandex.ru,False
малина,malina.xlsx,HostsTable,2026-10-08T09:53:49.599462+00:00,bolshoyvopros.ru,True
малина,malina.xlsx,HostsTable,2026-10-08T09:53:49.599462+00:00,viola.ru,True
малина,malina.xlsx,HostsTable,2026-10-08T09:53:49.599462+00:00,edadeal.ru,True
малина,malina.xlsx,HostsTable,2026-10-08T09:53:49.599462+00:00,agropark-shop.ru,True
малина,malina.xlsx,HostsTable,2026-10-08T09:53:49.599462+00:00,dolina-sad.ru,True
малина,malina.xlsx,HostsTable,2026-10-08T09:53:49.599462+00:00,malinafm-rock.ru,False
малина,malina.xlsx,HostsTable,2026-10-08T09:53:49.599462+00:00,etagi.com,True
малина,malina.xlsx,HostsTable,2026-10-08T09:53:49.599462+00:00,peterpeat.ru,True
малина,malina.xlsx,HostsTable,2026-10-08T09:53:49.599462+00:00,malinabar.one,False
малина,malina.xlsx,HostsTable,2026-10-08T09:53:49.599462+00:00,pngtree.com,True
малина,malina.xlsx,HostsTable,2026-10-08T09:53:49.599462+00:00,101.ru,True
малина,malina.xlsx,HostsTable,2026-10-08T09:53:49.599462+00:00,villamalina-olkhon.ru,False
малина,malina.xlsx,HostsTable,2026-10-08T09:53:49.599462+00:00,kinorium.com,True
малина,malina.xlsx,HostsTable,2026-10-08T09:53:49.599462+00:00,romashkino.ru,True
малина,malina.xlsx,HostsTable,2026-10-08T09:53:49.599462+00:00,galina-malina.ru,False
малина,malina.xlsx,HostsTable,2026-10-08T09:53:49.599462+00:00,yagodnykust.ru,True
малина,malina.xlsx,HostsTable,2026-10-08T09:53:49.599462+00:00,kronidov.ru,True
малина,malina.xlsx,HostsTable,2026-10-08T09:53:49.599462+00:00,youtube.com,True
малина,malina.xlsx,HostsTable,2026-10-08T09:53:49.599462+00:00,berry-bouquet.ru,True
малина,malina.xlsx,HostsTable,2026-10-08T09:53:49.599462+00:00,zamorskayalavka.com,True
малина,malina.xlsx,HostsTable,2026-10-08T09:53:49.599462+00:00,malina-vip.ru,False
малина,malina.xlsx,HostsTable,2026-10-08T09:53:49.599462+00:00,omsksadovod.ru,True
малина,malina.xlsx,HostsTable,2026-10-08T09:53:49.599462+00:00,ezhemarina.ru,True
малина,malina.xlsx,HostsTable,2026-10-08T09:53:49.599462+00:00,dachadacha.com,True
малина,malina.xlsx,HostsTable,2026-10-08T09:53:49.599462+00:00,vsesorta.ru,False
малина,malina.xlsx,HostsTable,2026-10-08T09:53:49.599462+00:00,iz.ru,True
малина,malina.xlsx,HostsTable,2026-10-08T09:53:49.599462+00:00,postila.ru,True
малина,malina.xlsx,HostsTable,2026-10-08T09:53:49.599462+00:00,fertika.com,True
малина,malina.xlsx,HostsTable,2026-10-08T09:53:49.599462+00:00,borschbuket.ru,False
малина,malina.xlsx,HostsTable,2026-10-08T09:53:49.599462+00:00,istockphoto.com,True
малина,malina.xlsx,HostsTable,2026-10-08T09:53:49.599462+00:00,rassadacvetov.ru,True
малина,malina.xlsx,HostsTable,2026-10-08T09:53:49.599462+00:00,moscow-garden24.ru,False
малина,malina.xlsx,HostsTable,2026-10-08T09:53:49.599462+00:00,profilaktica.ru,True
малина,malina.xlsx,HostsTable,2026-10-08T09:53:49.599462+00:00,zcelebs.com,True
малина,malina.xlsx,HostsTable,2026-10-08T09:53:49.599462+00:00,yagodkamalinka.ru,False
малина,malina.xlsx,HostsTable,2026-10-08T09:53:49.599462+00:00,sadowodam.ru,False
малина,malina.xlsx,HostsTable,2026-10-08T09:53:49.599462+00:00,xxsliv.com,False
малина,malina.xlsx,HostsTable,2026-10-08T09:53:49.599462+00:00,purmix.net,True
малина,malina.xlsx,HostsTable,2026-10-08T09:53:49.599462+00:00,onetable.ru,True
малина,malina.xlsx,HostsTable,2026-10-08T09:53:49.599462+00:00,bashinkom.ru,True
малина,malina.xlsx,HostsTable,2026-10-08T09:53:49.599462+00:00,bakerstore.ru,True
малина,malina.xlsx,HostsTable,2026-10-08T09:53:49.599462+00:00,frambini.ru,True
малина,malina.xlsx,HostsTable,2026-10-08T09:53:49.599462+00:00,rastenika.ru,True
малина,malina.xlsx,HostsTable,2026-10-08T09:53:49.599462+00:00,azbyka.ru,True
малина,malina.xlsx,HostsTable,2026-10-08T09:53:49.599462+00:00,meharossii.ru,False
малина,malina.xlsx,HostsTable,2026-10-08T09:53:49.599462+00:00,iskittle.clients.site,False
малина,malina.xlsx,HostsTable,2026-10-08T09:53:49.599462+00:00,krasnodarmedia.su,True
малина,malina.xlsx,HostsTable,2026-10-08T09:53:49.599462+00:00,altaimag.ru,True
малина,malina.xlsx,HostsTable,2026-10-08T09:53:49.599462+00:00,sc-victoriya.ru,True
малина,malina.xlsx,HostsTable,2026-10-08T09:53:49.599462+00:00,fotosliv.org,False
малина,malina.xlsx,HostsTable,2026-10-08T09:53:49.599462+00:00,super-fruit.ru,True
малина,malina.xlsx,HostsTable,2026-10-08T09:53:49.599462+00:00,fonwall.ru,True
малина,malina.xlsx,HostsTable,2026-10-08T09:53:49.599462+00:00,sk10malinapark.ru,False
малина,malina.xlsx,HostsTable,2026-10-08T09:53:49.599462+00:00,shutterstock.com,True
малина,malina.xlsx,HostsTable,2026-10-08T09:53:49.599462+00:00,poryadok.ru,True
малина,malina.xlsx,HostsTable,2026-10-08T09:53:49.599462+00:00,abri-kos.ru,True
малина,malina.xlsx,HostsTable,2026-10-08T09:53:49.599462+00:00,vk.me,True
малина,malina.xlsx,HostsTable,2026-10-08T09:53:49.599462+00:00,pesni.fm,False
малина,malina.xlsx,HostsTable,2026-10-08T09:53:49.599462+00:00,granelle.ru,True
малина,malina.xlsx,HostsTable,2026-10-08T09:53:49.599462+00:00,freepik.com,True
малина,malina.xlsx,HostsTable,2026-10-08T09:53:49.599462+00:00,vkusnyblog.com,True
малина,malina.xlsx,HostsTable,2026-10-08T09:53:49.599462+00:00,esh-derevenskoe.ru,True
малина,malina.xlsx,HostsTable,2026-10-08T09:53:49.599462+00:00,hitfm.ru,True
малина,malina.xlsx,HostsTable,2026-10-08T09:53:49.599462+00:00,noodlemagazine.com,True
малина,malina.xlsx,HostsTable,2026-10-08T09:53:49.599462+00:00,promodj.me,True
малина,malina.xlsx,HostsTable,2026-10-08T09:53:49.599462+00:00,floriasib.ru,False
малина,malina.xlsx,HostsTable,2026-10-08T09:53:49.599462+00:00,zaycev.net,True
малина,malina.xlsx,HostsTable,2026-10-08T09:53:49.599462+00:00,atletic-food.ru,True
малина,malina.xlsx,HostsTable,2026-10-08T09:53:49.599462+00:00,elementaree.ru,True
малина,malina.xlsx,HostsTable,2026-10-08T09:53:49.599462+00:00,rampitomnik.ru,False
малина,malina.xlsx,HostsTable,2026-10-08T09:53:49.599462+00:00,nogti-v-maline.clients.site,False
малина,malina.xlsx,HostsTable,2026-10-08T09:53:49.599462+00:00,udsezon.ru,True
малина,malina.xlsx,HostsTable,2026-10-08T09:53:49.599462+00:00,sadkompleks.ru,True
малина,malina.xlsx,HostsTable,2026-10-08T09:53:49.599462+00:00,malna-bar.clients.site,False
малина,malina.xlsx,HostsTable,2026-10-08T09:53:49.599462+00:00,shopcakes.ru,False
малина,malina.xlsx,HostsTable,2026-10-08T09:53:49.599462+00:00,xn----7sbab1brflut.xn--p1ai,False
малина,malina.xlsx,HostsTable,2026-10-08T09:53:49.599462+00:00,av.ru,True
малина,malina.xlsx,HostsTable,2026-10-08T09:53:49.599462+00:00,babyblog.ru,True
малина,malina.xlsx,HostsTable,2026-10-08T09:53:49.599462+00:00,konditersity.ru,False
малина,malina.xlsx,HostsTable,2026-10-08T09:53:49.599462+00:00,xn--80aaxldjwpj.xn--p1ai,False
малина,malina.xlsx,HostsTable,2026-10-08T09:53:49.599462+00:00,liubimyi-sad.ru,True
малина,malina.xlsx,HostsTable,2026-10-08T09:53:49.599462+00:00,plodpitomnik.ru,True
малина,malina.xlsx,HostsTable,2026-10-08T09:53:49.599462+00:00,malina-nails-profi.ru,False
малина,malina.xlsx,HostsTable,2026-10-08T09:53:49.599462+00:00,rdshop.ru,True
малина,malina.xlsx,HostsTable,2026-10-08T09:53:49.599462+00:00,tv.apple.com,True
малина,malina.xlsx,HostsTable,2026-10-08T09:53:49.599462+00:00,xcelebs.ru,False
малина,malina.xlsx,HostsTable,2026-10-08T09:53:49.599462+00:00,metro-cc.ru,True
малина,malina.xlsx,HostsTable,2026-10-08T09:53:49.599462+00:00,fontanka.ru,True
малина,malina.xlsx,HostsTable,2026-10-08T09:53:49.599462+00:00,travy-kavkaza.ru,True
малина,malina.xlsx,HostsTable,2026-10-08T09:53:49.599462+00:00,azti.ru,True
малина,malina.xlsx,HostsTable,2026-10-08T09:53:49.599462+00:00,magnific.com,True
малина,malina.xlsx,HostsTable,2026-10-08T09:53:49.599462+00:00,eco-pitomnik.ru,True
малина,malina.xlsx,HostsTable,2026-10-08T09:53:49.599462+00:00,hot-fish.ru,True
малина,malina.xlsx,HostsTable,2026-10-08T09:53:49.599462+00:00,103.by,True
малина,malina.xlsx,HostsTable,2026-10-08T09:53:49.599462+00:00,spellsmell.ru,True
малина,malina.xlsx,HostsTable,2026-10-08T09:53:49.599462+00:00,tvoisadrus.ru,True
малина,malina.xlsx,HostsTable,2026-10-08T09:53:49.599462+00:00,rast-market.ru,False
малина,malina.xlsx,HostsTable,2026-10-08T09:53:49.599462+00:00,aromacode.ru,True
малина,malina.xlsx,HostsTable,2026-10-08T09:53:49.599462+00:00,ctc.ru,True
малина,malina.xlsx,HostsTable,2026-10-08T09:53:49.599462+00:00,pornhub.org,True
малина,malina.xlsx,HostsTable,2026-10-08T09:53:49.599462+00:00,tut-news.ru,True
малина,malina.xlsx,HostsTable,2026-10-08T09:53:49.599462+00:00,sonline.su,True
малина,malina.xlsx,HostsTable,2026-10-08T09:53:49.599462+00:00,vidal.by,True
малина,malina.xlsx,HostsTable,2026-10-08T09:53:49.599462+00:00,sadovod-yasenevo.ru,True
малина,malina.xlsx,HostsTable,2026-10-08T09:53:49.599462+00:00,malinaru.ru,False
малина,malina.xlsx,HostsTable,2026-10-08T09:53:49.599462+00:00,slivach.com,True
малина,malina.xlsx,HostsTable,2026-10-08T09:53:49.599462+00:00,ukdevilz.com,False
малина,malina.xlsx,HostsTable,2026-10-08T09:53:49.599462+00:00,chitalnya.ru,True
малина,malina.xlsx,HostsTable,2026-10-08T09:53:49.599462+00:00,orb.ru,True
малина,malina.xlsx,HostsTable,2026-10-08T09:53:49.599462+00:00,auchan.ru,True
малина,malina.xlsx,HostsTable,2026-10-08T09:53:49.599462+00:00,forumhouse.ru,True
малина,malina.xlsx,HostsTable,2026-10-08T09:53:49.599462+00:00,mirbeer.ru,True
малина,malina.xlsx,HostsTable,2026-10-08T09:53:49.599462+00:00,dikidi.net,True
малина,malina.xlsx,HostsTable,2026-10-08T09:53:49.599462+00:00,dachnayalife.ru,True
малина,malina.xlsx,HostsTable,2026-10-08T09:53:49.599462+00:00,kerubini.ru,True
малина,malina.xlsx,HostsTable,2026-10-08T09:53:49.599462+00:00,pastarama.ru,True
малина,malina.xlsx,HostsTable,2026-10-08T09:53:49.599462+00:00,hitmo.net,True
малина,malina.xlsx,HostsTable,2026-10-08T09:53:49.599462+00:00,craftology.ru,True
малина,malina.xlsx,HostsTable,2026-10-08T09:53:49.599462+00:00,plodopitomnik-sad.by,True
малина,malina.xlsx,HostsTable,2026-10-08T09:53:49.599462+00:00,chudesenka.ru,True
малина,malina.xlsx,HostsTable,2026-10-08T09:53:49.599462+00:00,chibbis.ru,True
малина,malina.xlsx,HostsTable,2026-10-08T09:53:49.599462+00:00,yagody.ru,True
малина,malina.xlsx,HostsTable,2026-10-08T09:53:49.599462+00:00,nocens.top,False
малина,malina.xlsx,HostsTable,2026-10-08T09:53:49.599462+00:00,bakcharopss.ru,True
малина,malina.xlsx,HostsTable,2026-10-08T09:53:49.599462+00:00,sterlegrad.ru,True
малина,malina.xlsx,HostsTable,2026-10-08T09:53:49.599462+00:00,vanilos.ru,False
малина,malina.xlsx,HostsTable,2026-10-08T09:53:49.599462+00:00,sinonim.org,True
малина,malina.xlsx,HostsTable,2026-10-08T09:53:49.599462+00:00,zvuch.com,True
малина,malina.xlsx,HostsTable,2026-10-08T09:53:49.599462+00:00,radiosputnik.ru,True
малина,malina.xlsx,HostsTable,2026-10-08T09:53:49.599462+00:00,allureparfum.ru,True
малина,malina.xlsx,HostsTable,2026-10-08T09:53:49.599462+00:00,malinaspa.ru,False
малина,malina.xlsx,HostsTable,2026-10-08T09:53:49.599462+00:00,cmphmao.ru,True
малина,malina.xlsx,HostsTable,2026-10-08T09:53:49.599462+00:00,sadko-plant.ru,True
малина,malina.xlsx,HostsTable,2026-10-08T09:53:49.599462+00:00,xn--80aikl5af8e.xn--p1ai,False
малина,malina.xlsx,HostsTable,2026-10-08T09:53:49.599462+00:00,posudamart.ru,True
малина,malina.xlsx,HostsTable,2026-10-08T09:53:49.599462+00:00,sadovkin.com,False
малина,malina.xlsx,HostsTable,2026-10-08T09:53:49.599462+00:00,med-rf.ru,True
малина,malina.xlsx,HostsTable,2026-10-08T09:53:49.599462+00:00,yagodamalina-dom.ru,False
малина,malina.xlsx,HostsTable,2026-10-08T09:53:49.599462+00:00,mat6tube.com,False
малина,malina.xlsx,HostsTable,2026-10-08T09:53:49.599462+00:00,rustore.ru,True
малина,malina.xlsx,HostsTable,2026-10-08T09:53:49.599462+00:00,mk.ru,True
малина,malina.xlsx,HostsTable,2026-10-08T09:53:49.599462+00:00,vokrugsveta.ru,True
малина,malina.xlsx,HostsTable,2026-10-08T09:53:49.599462+00:00,zceleb.org,False
малина,malina.xlsx,HostsTable,2026-10-08T09:53:49.599462+00:00,koolinar.ru,True
малина,malina.xlsx,HostsTable,2026-10-08T09:53:49.599462+00:00,aif.by,True
малина,malina.xlsx,HostsTable,2026-10-08T09:53:49.599462+00:00,sladkiexroniki.ru,True
малина,malina.xlsx,HostsTable,2026-10-08T09:53:49.599462+00:00,spbvedomosti.ru,True
малина,malina.xlsx,HostsTable,2026-10-08T09:53:49.599462+00:00,kccc.ru,True
малина,malina.xlsx,HostsTable,2026-10-08T09:53:49.599462+00:00,malinatver.ru,False
малина,malina.xlsx,HostsTable,2026-10-08T09:53:49.599462+00:00,kupisad.ru,False
малина,malina.xlsx,HostsTable,2026-10-08T09:53:49.599462+00:00,interfax-russia.ru,True
малина,malina.xlsx,HostsTable,2026-10-08T09:53:49.599462+00:00,kbpravda.ru,True
малина,malina.xlsx,HostsTable,2026-10-08T09:53:49.599462+00:00,edaplus.info,True
малина,malina.xlsx,HostsTable,2026-10-08T09:53:49.599462+00:00,tortomaster.ru,True
малина,malina.xlsx,HostsTable,2026-10-08T09:53:49.599462+00:00,proza.ru,True
малина,malina.xlsx,HostsTable,2026-10-08T09:53:49.599462+00:00,xn--80adbfg7avbbdbuno0d.xn--p1ai,False
малина,malina.xlsx,HostsTable,2026-10-08T09:53:49.599462+00:00,lubvit.ru,True
малина,malina.xlsx,HostsTable,2026-10-08T09:53:49.599462+00:00,xn--80aamooekj0b5a9d.xn--p1ai,False
малина,malina.xlsx,HostsTable,2026-10-08T09:53:49.599462+00:00,farpost.ru,True
малина,malina.xlsx,HostsTable,2026-10-08T09:53:49.599462+00:00,medicina.ru,True
малина,malina.xlsx,HostsTable,2026-10-08T09:53:49.599462+00:00,torrefacto.ru,True
малина,malina.xlsx,HostsTable,2026-10-08T09:53:49.599462+00:00,ongrad.ru,False
малина,malina.xlsx,HostsTable,2026-10-08T09:53:49.599462+00:00,medaboutme.ru,True
малина,malina.xlsx,HostsTable,2026-10-08T09:53:49.599462+00:00,tvcook.ru,True
малина,malina.xlsx,HostsTable,2026-10-08T09:53:49.599462+00:00,market-delivery.yandex.ru,True
малина,malina.xlsx,HostsTable,2026-10-08T09:53:49.599462+00:00,chukotkamedia.ru,True
малина,malina.xlsx,HostsTable,2026-10-08T09:53:49.599462+00:00,sad-i-ogorod.com,True
малина,malina.xlsx,HostsTable,2026-10-08T09:53:49.599462+00:00,megamarket.ru,True
малина,malina.xlsx,HostsTable,2026-10-08T09:53:49.599462+00:00,livemaster.ru,True
малина,malina.xlsx,HostsTable,2026-10-08T09:53:49.599462+00:00,12sotok.spb.ru,False
малина,malina.xlsx,HostsTable,2026-10-08T09:53:49.599462+00:00,randewoo.ru,True
малина,malina.xlsx,HostsTable,2026-10-08T09:53:49.599462+00:00,downsideup.org,True
малина,malina.xlsx,HostsTable,2026-10-08T09:53:49.599462+00:00,hitsad.ru,True
малина,malina.xlsx,HostsTable,2026-10-08T09:53:49.599462+00:00,chefmarket.ru,True
малина,malina.xlsx,HostsTable,2026-10-08T09:53:49.599462+00:00,listmax.ru,True
малина,malina.xlsx,HostsTable,2026-10-08T09:53:49.599462+00:00,eco-skovoroda.ru,True
малина,malina.xlsx,HostsTable,2026-10-08T09:53:49.599462+00:00,agronomvip.ru,False
малина,malina.xlsx,HostsTable,2026-10-08T09:53:49.599462+00:00,xn--d1aqf.xn--p1ai,True
малина,malina.xlsx,HostsTable,2026-10-08T09:53:49.599462+00:00,muzland.ru,False
малина,malina.xlsx,HostsTable,2026-10-08T09:53:49.599462+00:00,zavodgefest.ru,False
малина,malina.xlsx,HostsTable,2026-10-08T09:53:49.599462+00:00,marybakery.ru,True
малина,malina.xlsx,HostsTable,2026-10-08T09:53:49.599462+00:00,kulinarnia.ru,True
малина,malina.xlsx,HostsTable,2026-10-08T09:53:49.599462+00:00,berekat.ru,True
малина,malina.xlsx,HostsTable,2026-10-08T09:53:49.599462+00:00,muzofond.fm,True
малина,malina.xlsx,HostsTable,2026-10-08T09:53:49.599462+00:00,svoefermerstvo.ru,True
малина,malina.xlsx,HostsTable,2026-10-08T09:53:49.599462+00:00,malina-pushkino.ru,False
малина,malina.xlsx,HostsTable,2026-10-08T09:53:49.599462+00:00,gettyimages.co.uk,True
малина,malina.xlsx,HostsTable,2026-10-08T09:53:49.599462+00:00,totadres.ru,True
малина,malina.xlsx,HostsTable,2026-10-08T09:53:49.599462+00:00,sravni.ru,True
малина,malina.xlsx,HostsTable,2026-10-08T09:53:49.599462+00:00,big-radio.ru,True
малина,malina.xlsx,HostsTable,2026-10-08T09:53:49.599462+00:00,unilab.su,True
малина,malina.xlsx,HostsTable,2026-10-08T09:53:49.599462+00:00,slivpw.com,False
малина,malina.xlsx,HostsTable,2026-10-08T09:53:49.599462+00:00,therumdiary.ru,True
малина,malina.xlsx,HostsTable,2026-10-08T09:53:49.599462+00:00,popcornnews.ru,True
малина,malina.xlsx,HostsTable,2026-10-08T09:53:49.599462+00:00,sublim-rus.ru,False
малина,malina.xlsx,HostsTable,2026-10-08T09:53:49.599462+00:00,ok-by.ru,True
малина,malina.xlsx,HostsTable,2026-10-08T09:53:49.599462+00:00,daniosvet.ru,True
малина,malina.xlsx,HostsTable,2026-10-08T09:53:49.599462+00:00,putevka.com,True
малина,malina.xlsx,HostsTable,2026-10-08T09:53:49.599462+00:00,malinant.tilda.ws,False
малина,malina.xlsx,HostsTable,2026-10-08T09:53:49.599462+00:00,max.ru,True
малина,malina.xlsx,HostsTable,2026-10-08T09:53:49.599462+00:00,malinarest.tilda.ws,False
малина,malina.xlsx,HostsTable,2026-10-08T09:53:49.599462+00:00,permrg.ru,True
малина,malina.xlsx,HostsTable,2026-10-08T09:53:49.599462+00:00,udmurtgaz.ru,True
малина,malina.xlsx,HostsTable,2026-10-08T09:53:49.599462+00:00,jsprav.ru,True
малина,malina.xlsx,HostsTable,2026-10-08T09:53:49.599462+00:00,baby.ru,True
малина,malina.xlsx,HostsTable,2026-10-08T09:53:49.599462+00:00,mrg43.ru,True
малина,malina.xlsx,HostsTable,2026-10-08T09:53:49.599462+00:00,sianie1.ru,True
малина,malina.xlsx,HostsTable,2026-10-08T09:53:49.599462+00:00,sibirskiy-oazis.ru,True
малина,malina.xlsx,HostsTable,2026-10-08T09:53:49.599462+00:00,malina159.ru,False
малина,malina.xlsx,HostsTable,2026-10-08T09:53:49.599462+00:00,apeti.ru,True
малина,malina.xlsx,HostsTable,2026-10-08T09:53:49.599462+00:00,kontur.ru,True
малина,malina.xlsx,HostsTable,2026-10-08T09:53:49.599462+00:00,prodservice.shop,True
малина,malina.xlsx,HostsTable,2026-10-08T09:53:49.599462+00:00,xn----8sbekbt4bgkof8d.xn--p1ai,True
малина,malina.xlsx,HostsTable,2026-10-08T09:53:49.599462+00:00,myseldon.com,True
малина,malina.xlsx,HostsTable,2026-10-08T09:53:49.599462+00:00,aroma-butik.ru,True
малина,malina.xlsx,HostsTable,2026-10-08T09:53:49.599462+00:00,rusprofile.ru,True
малина,malina.xlsx,HostsTable,2026-10-08T09:53:49.599462+00:00,vbr.ru,True
малина,malina.xlsx,HostsTable,2026-10-08T09:53:49.599462+00:00,malina-pitomnik.ru,False
малина,malina.xlsx,HostsTable,2026-10-08T09:53:49.599462+00:00,xn--80ainpjo0cxac.xn--p1ai,True
малина,malina.xlsx,HostsTable,2026-10-08T09:53:49.599462+00:00,sad-sazhencev.ru,False
малина,malina.xlsx,HostsTable,2026-10-08T09:53:49.599462+00:00,celebsfoto.com,False
малина,malina.xlsx,HostsTable,2026-10-08T09:53:49.599462+00:00,checko.ru,True
малина,malina.xlsx,HostsTable,2026-10-08T09:53:49.599462+00:00,rastenia-biolit.ru,True
малина,malina.xlsx,HostsTable,2026-10-08T09:53:49.599462+00:00,sprosivracha.com,True
малина,malina.xlsx,HostsTable,2026-10-08T09:53:49.599462+00:00,xn----8sbehgcimb3cfabqj3b.xn--p1ai,True
малина,malina.xlsx,HostsTable,2026-10-08T09:53:49.599462+00:00,lyricshare.net,True
малина,malina.xlsx,HostsTable,2026-10-08T09:53:49.599462+00:00,fonogramm.info,True
малина,malina.xlsx,HostsTable,2026-10-08T09:53:49.599462+00:00,vtk-moscow.ru,True
малина,malina.xlsx,HostsTable,2026-10-08T09:53:49.599462+00:00,xcadr.online,False
малина,malina.xlsx,HostsTable,2026-10-08T09:53:49.599462+00:00,celebbro.com,True
малина,malina.xlsx,HostsTable,2026-10-08T09:53:49.599462+00:00,freshberry.moscow,False
малина,malina.xlsx,HostsTable,2026-10-08T09:53:49.599462+00:00,netminusa.ru,True
малина,malina.xlsx,HostsTable,2026-10-08T09:53:49.599462+00:00,parader.ru,True
малина,malina.xlsx,HostsTable,2026-10-08T09:53:49.599462+00:00,karaoke-play.ru,False
малина,malina.xlsx,HostsTable,2026-10-08T09:53:49.599462+00:00,malina-cash.ru,False
малина,malina.xlsx,HostsTable,2026-10-08T09:53:49.599462+00:00,sweettun.ru,True
малина,malina.xlsx,HostsTable,2026-10-08T09:53:49.599462+00:00,a-flora.ru,True
малина,malina.xlsx,HostsTable,2026-10-08T09:53:49.599462+00:00,7days.ru,True
малина,malina.xlsx,HostsTable,2026-10-08T09:53:49.599462+00:00,gazmsk.ru,True
малина,malina.xlsx,HostsTable,2026-10-08T09:53:49.599462+00:00,rusteaco.ru,True
малина,malina.xlsx,HostsTable,2026-10-08T09:53:49.599462+00:00,maxchart.ru,True
малина,malina.xlsx,HostsTable,2026-10-08T09:53:49.599462+00:00,accio.com,True
малина,malina.xlsx,HostsTable,2026-10-08T09:53:49.599462+00:00,taplink.ws,False
малина,malina.xlsx,HostsTable,2026-10-08T09:53:49.599462+00:00,around.organic,False
малина,malina.xlsx,HostsTable,2026-10-08T09:53:49.599462+00:00,top-radio.ru,True
малина,malina.xlsx,HostsTable,2026-10-08T09:53:49.599462+00:00,mvideo.ru,True
малина,malina.xlsx,HostsTable,2026-10-08T09:53:49.599462+00:00,sergeylazarev.ru,True
малина,malina.xlsx,HostsTable,2026-10-08T09:53:49.599462+00:00,azbuka-produktov.ru,False
малина,malina.xlsx,HostsTable,2026-10-08T09:53:49.599462+00:00,malina-rooms-1735935105.clients.site,False
малина,malina.xlsx,HostsTable,2026-10-08T09:53:49.599462+00:00,malinkibirds.ru,True
малина,malina.xlsx,HostsTable,2026-10-08T09:53:49.599462+00:00,gas-nn.ru,True
малина,malina.xlsx,HostsTable,2026-10-08T09:53:49.599462+00:00,rastenievod.com,True
малина,malina.xlsx,HostsTable,2026-10-08T09:53:49.599462+00:00,sublimera.ru,False
малина,malina.xlsx,HostsTable,2026-10-08T09:53:49.599462+00:00,ostrovok.ru,True
малина,malina.xlsx,HostsTable,2026-10-08T09:53:49.599462+00:00,tripadvisor.ru,True
малина,malina.xlsx,HostsTable,2026-10-08T09:53:49.599462+00:00,sad-express24.ru,True
малина,malina.xlsx,HostsTable,2026-10-08T09:53:49.599462+00:00,qgarden.ru,False
малина,malina.xlsx,HostsTable,2026-10-08T09:53:49.599462+00:00,sliv-tg.com,True
малина,malina.xlsx,HostsTable,2026-10-08T09:53:49.599462+00:00,world-weather.ru,True
малина,malina.xlsx,HostsTable,2026-10-08T09:53:49.599462+00:00,vzboltay.com,True
малина,malina.xlsx,HostsTable,2026-10-08T09:53:49.599462+00:00,prognoz3.ru,True
малина,malina.xlsx,HostsTable,2026-10-08T09:53:49.599462+00:00,meteocast.in,True
малина,malina.xlsx,HostsTable,2026-10-08T09:53:49.599462+00:00,xn--80aam4asi.xn--p1ai,False
малина,malina.xlsx,HostsTable,2026-10-08T09:53:49.599462+00:00,ticketland.ru,True
малина,malina.xlsx,HostsTable,2026-10-08T09:53:49.599462+00:00,gismeteo.by,True
малина,malina.xlsx,HostsTable,2026-10-08T09:53:49.599462+00:00,pogoda7.ru,True
малина,malina.xlsx,HostsTable,2026-10-08T09:53:49.599462+00:00,oblgazeta.ru,True
малина,malina.xlsx,HostsTable,2026-10-08T09:53:49.599462+00:00,pornobolt.me,True
малина,malina.xlsx,HostsTable,2026-10-08T09:53:49.599462+00:00,fermentlive.ru,True
малина,malina.xlsx,HostsTable,2026-10-08T09:53:49.599462+00:00,altzapovednik.ru,True
малина,malina.xlsx,HostsTable,2026-10-08T09:53:49.599462+00:00,komplemed.ru,True
малина,malina.xlsx,HostsTable,2026-10-08T09:53:49.599462+00:00,audset.ru,True
малина,malina.xlsx,HostsTable,2026-10-08T09:53:49.599462+00:00,shansonprofi.ru,True
малина,malina.xlsx,HostsTable,2026-10-08T09:53:49.599462+00:00,tyler-brown.com,False
малина,malina.xlsx,HostsTable,2026-10-08T09:53:49.599462+00:00,letu.ru,True
малина,malina.xlsx,HostsTable,2026-10-08T09:53:49.599462+00:00,sporked.com,True
малина,malina.xlsx,HostsTable,2026-10-08T09:53:49.599462+00:00,zelionii-dvorik.ru,False
малина,malina.xlsx,HostsTable,2026-10-08T09:53:49.599462+00:00,companium.ru,True
малина,malina.xlsx,HostsTable,2026-10-08T09:53:49.599462+00:00,xn--80afdys4h.xn--90ais,True
малина,malina.xlsx,HostsTable,2026-10-08T09:53:49.599462+00:00,top100vk.com,True
малина,malina.xlsx,HostsTable,2026-10-08T09:53:49.599462+00:00,1bigboss.com,True
малина,malina.xlsx,HostsTable,2026-10-08T09:53:49.599462+00:00,radio-online.ru,True
малина,malina.xlsx,HostsTable,2026-10-08T09:53:49.599462+00:00,porno666.tube,False
малина,malina.xlsx,HostsTable,2026-10-08T09:53:49.599462+00:00,xn--80acgfbsl1azdqr.xn--p1ai,True
малина,malina.xlsx,HostsTable,2026-10-08T09:53:49.599462+00:00,xn--d1ai6ai.xn--p1ai,True
малина,malina.xlsx,HostsTable,2026-10-08T09:53:49.599462+00:00,tamrg.ru,True
малина,malina.xlsx,HostsTable,2026-10-08T09:53:49.599462+00:00,rlsnet.ru,True
малина,malina.xlsx,HostsTable,2026-10-08T09:53:49.599462+00:00,programmy-dlya-android.ru,True
малина,malina.xlsx,HostsTable,2026-10-08T09:53:49.599462+00:00,na-tort.ru,False
малина,malina.xlsx,HostsTable,2026-10-08T09:53:49.599462+00:00,fandom.com,False
малина,malina.xlsx,HostsTable,2026-10-08T09:53:49.599462+00:00,relax-info.ru,True
малина,malina.xlsx,HostsTable,2026-10-08T09:53:49.599462+00:00,cosmoport-s.ru,True
малина,malina.xlsx,HostsTable,2026-10-08T09:53:49.599462+00:00,porno365.broker,False
малина,malina.xlsx,HostsTable,2026-10-08T09:53:49.599462+00:00,coffeemag.ru,True
малина,malina.xlsx,HostsTable,2026-10-08T09:53:49.599462+00:00,malina71.ru,False
малина,malina.xlsx,HostsTable,2026-10-08T09:53:49.599462+00:00,kinomax.ru,True
малина,malina.xlsx,HostsTable,2026-10-08T09:53:49.599462+00:00,ulgov.ru,True
малина,malina.xlsx,HostsTable,2026-10-08T09:53:49.599462+00:00,ecomarket.ru,True
малина,malina.xlsx,HostsTable,2026-10-08T09:53:49.599462+00:00,info-people.com,True
малина,malina.xlsx,HostsTable,2026-10-08T09:53:49.599462+00:00,frostopt.ru,True
малина,malina.xlsx,HostsTable,2026-10-08T09:53:49.599462+00:00,glav-dacha.ru,True
малина,malina.xlsx,HostsTable,2026-10-08T09:53:49.599462+00:00,fruktim.ru,False
малина,malina.xlsx,HostsTable,2026-10-08T09:53:49.599462+00:00,dreamstime.com,True
малина,malina.xlsx,HostsTable,2026-10-08T09:53:49.599462+00:00,xn--e1adehesl3d.com,False
малина,malina.xlsx,HostsTable,2026-10-08T09:53:49.599462+00:00,casino.ru,True
малина,malina.xlsx,HostsTable,2026-10-08T09:53:49.599462+00:00,malina-casino-lbb1.ru,False
малина,malina.xlsx,HostsTable,2026-10-08T09:53:49.599462+00:00,vsegda-sezon.ru,True
малина,malina.xlsx,HostsTable,2026-10-08T09:53:49.599462+00:00,xn--90abkax3ce.xn--p1ai,False
малина,malina.xlsx,HostsTable,2026-10-08T09:53:49.599462+00:00,astrussia.com,True
малина,malina.xlsx,HostsTable,2026-10-08T09:53:49.599462+00:00,maggi.ru,True
малина,malina.xlsx,HostsTable,2026-10-08T09:53:49.599462+00:00,xn--59-6kcm9cl.xn--p1ai,True
малина,malina.xlsx,HostsTable,2026-10-08T09:53:49.599462+00:00,foodpicasso.com,False
малина,malina.xlsx,HostsTable,2026-10-08T09:53:49.599462+00:00,nikita-garden.ru,True
малина,malina.xlsx,HostsTable,2026-10-08T09:53:49.599462+00:00,stihi.ru,True
малина,malina.xlsx,HostsTable,2026-10-08T09:53:49.599462+00:00,russtroykzn.ru,False
малина,malina.xlsx,HostsTable,2026-10-08T09:53:49.599462+00:00,delicity.ru,True
малина,malina.xlsx,HostsTable,2026-10-08T09:53:49.599462+00:00,hibiny.ru,True
малина,malina.xlsx,HostsTable,2026-10-08T09:53:49.599462+00:00,peterburgregiongaz.ru,True
малина,malina.xlsx,HostsTable,2026-10-08T09:53:49.599462+00:00,shocko.ru,True
малина,malina.xlsx,HostsTable,2026-10-08T09:53:49.599462+00:00,yabalovo.love,True
малина,malina.xlsx,HostsTable,2026-10-08T09:53:49.599462+00:00,gardensad-spb.ru,True
малина,malina.xlsx,HostsTable,2026-10-08T09:53:49.599462+00:00,ssnab.ru,True
малина,malina.xlsx,HostsTable,2026-10-08T09:53:49.599462+00:00,cityorg.net,True
малина,malina.xlsx,HostsTable,2026-10-08T09:53:49.599462+00:00,tvspb.ru,True
малина,malina.xlsx,HostsTable,2026-10-08T09:53:49.599462+00:00,author.today,True
малина,malina.xlsx,HostsTable,2026-10-08T09:53:49.599462+00:00,tel,False
малина,malina.xlsx,HostsTable,2026-10-08T09:53:49.599462+00:00,volkov42.ru,False
малина,malina.xlsx,HostsTable,2026-10-08T09:53:49.599462+00:00,top-pesenki.ru,True
малина,malina.xlsx,HostsTable,2026-10-08T09:53:49.599462+00:00,tanynadacha.ru,True
малина,malina.xlsx,HostsTable,2026-10-08T09:53:49.599462+00:00,sadoviy-ray.ru,False
малина,malina.xlsx,HostsTable,2026-10-08T09:53:49.599462+00:00,gettyimages.com,True
малина,malina.xlsx,HostsTable,2026-10-08T09:53:49.599462+00:00,chay.info,True
малина,malina.xlsx,HostsTable,2026-10-08T09:53:49.599462+00:00,skysmart.ru,True
малина,malina.xlsx,HostsTable,2026-10-08T09:53:49.599462+00:00,yagodyspb.ru,False
малина,malina.xlsx,HostsTable,2026-10-08T09:53:49.599462+00:00,stavropol.media,True
малина,malina.xlsx,HostsTable,2026-10-08T09:53:49.599462+00:00,krrot.net,True
малина,malina.xlsx,HostsTable,2026-10-08T09:53:49.599462+00:00,volcov.ru,False
малина,malina.xlsx,HostsTable,2026-10-08T09:53:49.599462+00:00,glamping-kaliningrad.ru,False
малина,malina.xlsx,HostsTable,2026-10-08T09:53:49.599462+00:00,uchi.ru,True
малина,malina.xlsx,HostsTable,2026-10-08T09:53:49.599462+00:00,textologia.ru,True
малина,malina.xlsx,HostsTable,2026-10-08T09:53:49.599462+00:00,nalyvky.com,False
малина,malina.xlsx,HostsTable,2026-10-08T09:53:49.599462+00:00,spamalina.com,False
малина,malina.xlsx,HostsTable,2026-10-08T09:53:49.599462+00:00,cybersport.ru,True
малина,malina.xlsx,HostsTable,2026-10-08T09:53:49.599462+00:00,tochka.com,True
малина,malina.xlsx,HostsTable,2026-10-08T09:53:49.599462+00:00,eco-berries.ru,False
малина,malina.xlsx,HostsTable,2026-10-08T09:53:49.599462+00:00,zvu4it.org,True
малина,malina.xlsx,HostsTable,2026-10-08T09:53:49.599462+00:00,maria-ra.ru,True
малина,malina.xlsx,HostsTable,2026-10-08T09:53:49.599462+00:00,monfon.org,True
малина,malina.xlsx,HostsTable,2026-10-08T09:53:49.599462+00:00,xn----mtbea0ackdka9h.xn--p1ai,False
малина,malina.xlsx,HostsTable,2026-10-08T09:53:49.599462+00:00,allmusic.kz,True
малина,malina.xlsx,HostsTable,2026-10-08T09:53:49.599462+00:00,tripadvisor.com,True
малина,malina.xlsx,HostsTable,2026-10-08T09:53:49.599462+00:00,malinabartumen.ru,False
малина,malina.xlsx,HostsTable,2026-10-08T09:53:49.599462+00:00,rmj.ru,True
малина,malina.xlsx,HostsTable,2026-10-08T09:53:49.599462+00:00,bakels.ru,False
малина,malina.xlsx,HostsTable,2026-10-08T09:53:49.599462+00:00,baking-academy.ru,True
малина,malina.xlsx,HostsTable,2026-10-08T09:53:49.599462+00:00,muzvox.org,True
малина,malina.xlsx,HostsTable,2026-10-08T09:53:49.599462+00:00,art-eda.info,True
малина,malina.xlsx,HostsTable,2026-10-08T09:53:49.599462+00:00,felomena.com,True
малина,malina.xlsx,HostsTable,2026-10-08T09:53:49.599462+00:00,109spa.ru,True
малина,malina.xlsx,HostsTable,2026-10-08T09:53:49.599462+00:00,sport24.ru,True
малина,malina.xlsx,HostsTable,2026-10-08T09:53:49.599462+00:00,academic.ru,True
малина,malina.xlsx,HostsTable,2026-10-08T09:53:49.599462+00:00,rusmeteo.by,True
малина,malina.xlsx,HostsTable,2026-10-08T09:53:49.599462+00:00,fialkaspb.ru,True
малина,malina.xlsx,HostsTable,2026-10-08T09:53:49.599462+00:00,spamalina.ru,False
малина,malina.xlsx,HostsTable,2026-10-08T09:53:49.599462+00:00,sadovodklin.ru,True
малина,malina.xlsx,HostsTable,2026-10-08T09:53:49.599462+00:00,vecteezy.com,True
малина,malina.xlsx,HostsTable,2026-10-08T09:53:49.599462+00:00,mosyagodka.ru,False
малина,malina.xlsx,HostsTable,2026-10-08T09:53:49.599462+00:00,muzjam.org,True
малина,malina.xlsx,HostsTable,2026-10-08T09:53:49.599462+00:00,greensad82.ru,True
малина,malina.xlsx,HostsTable,2026-10-08T09:53:49.599462+00:00,dom-konditera.ru,False
малина,malina.xlsx,HostsTable,2026-10-08T09:53:49.599462+00:00,myasko.spb.ru,True
малина,malina.xlsx,HostsTable,2026-10-08T09:53:49.599462+00:00,kartaslov.ru,True
малина,malina.xlsx,HostsTable,2026-10-08T09:53:49.599462+00:00,diamed.ru,True
малина,malina.xlsx,HostsTable,2026-10-08T09:53:49.599462+00:00,radiotochki.net,True
малина,malina.xlsx,HostsTable,2026-10-08T09:53:49.599462+00:00,litlife.club,True
малина,malina.xlsx,HostsTable,2026-10-08T09:53:49.599462+00:00,moskvichmag.ru,True
малина,malina.xlsx,HostsTable,2026-10-08T09:53:49.599462+00:00,eco-resource.com,True
малина,malina.xlsx,HostsTable,2026-10-08T09:53:49.599462+00:00,timiryazevecz.ru,False
малина,malina.xlsx,HostsTable,2026-10-08T09:53:49.599462+00:00,sad-crimea.ru,True
малина,malina.xlsx,HostsTable,2026-10-08T09:53:49.599462+00:00,twitch.tv,True
малина,malina.xlsx,HostsTable,2026-10-08T09:53:49.599462+00:00,poleznovik.ru,False
малина,malina.xlsx,HostsTable,2026-10-08T09:53:49.599462+00:00,rt.com,True
малина,malina.xlsx,HostsTable,2026-10-08T09:53:49.599462+00:00,sutochno.ru,True
малина,malina.xlsx,HostsTable,2026-10-08T09:53:49.599462+00:00,xn--80abmqgd1bqjg9e.xn--p1ai,False
малина,malina.xlsx,HostsTable,2026-10-08T09:53:49.599462+00:00,votpusk.ru,True
малина,malina.xlsx,HostsTable,2026-10-08T09:53:49.599462+00:00,2samogona.ru,True
малина,malina.xlsx,HostsTable,2026-10-08T09:53:49.599462+00:00,vpravda.ru,True
малина,malina.xlsx,HostsTable,2026-10-08T09:53:49.599462+00:00,milfxteen.day,True
малина,malina.xlsx,HostsTable,2026-10-08T09:53:49.599462+00:00,ntv.ru,True
малина,malina.xlsx,HostsTable,2026-10-08T09:53:49.599462+00:00,green-code.ru,True
малина,malina.xlsx,HostsTable,2026-10-08T09:53:49.599462+00:00,roscasinos.com,True
малина,malina.xlsx,HostsTable,2026-10-08T09:53:49.599462+00:00,tropki.ru,True
малина,malina.xlsx,HostsTable,2026-10-08T09:53:49.599462+00:00,edumsko.ru,True
малина,malina.xlsx,HostsTable,2026-10-08T09:53:49.599462+00:00,lightaudio.ru,True
малина,malina.xlsx,HostsTable,2026-10-08T09:53:49.599462+00:00,masterclassy.ru,True
малина,malina.xlsx,HostsTable,2026-10-08T09:53:49.599462+00:00,rozhdenievkusa.ru,False
малина,malina.xlsx,HostsTable,2026-10-08T09:53:49.599462+00:00,xn----7sbbawujmhn4e.xn--p1ai,False
малина,malina.xlsx,HostsTable,2026-10-08T09:53:49.599462+00:00,podrochi.net,False
малина,malina.xlsx,HostsTable,2026-10-08T09:53:49.599462+00:00,agroserver.ru,True
малина,malina.xlsx,HostsTable,2026-10-08T09:53:49.599462+00:00,opt-konditer.ru,False
малина,malina.xlsx,HostsTable,2026-10-08T09:53:49.599462+00:00,ngs.ru,True
малина,malina.xlsx,HostsTable,2026-10-08T09:53:49.599462+00:00,frozentdshkurenko.ru,False
малина,malina.xlsx,HostsTable,2026-10-08T09:53:49.599462+00:00,poleznii-site.ru,True
малина,malina.xlsx,HostsTable,2026-10-08T09:53:49.599462+00:00,malinafashion.tilda.ws,False
малина,malina.xlsx,HostsTable,2026-10-08T09:53:49.599462+00:00,detskiepesenki.ru,True
малина,malina.xlsx,HostsTable,2026-10-08T09:53:49.599462+00:00,pornosliv.org,False
малина,malina.xlsx,HostsTable,2026-10-08T09:53:49.599462+00:00,nur.kz,False
малина,malina.xlsx,HostsTable,2026-10-08T09:53:49.599462+00:00,gotovim.ru,True
малина,malina.xlsx,HostsTable,2026-10-08T09:53:49.599462+00:00,yagoda-malina.com,False
малина,malina.xlsx,HostsTable,2026-10-08T09:53:49.599462+00:00,xn--h1ajim.xn--p1ai,True
малина,malina.xlsx,HostsTable,2026-10-08T09:53:49.599462+00:00,yaroblgaz.ru,True
малина,malina.xlsx,HostsTable,2026-10-08T09:53:49.599462+00:00,xn--22-6kctynmr8a6f.xn--p1ai,True
малина,malina.xlsx,HostsTable,2026-10-08T09:53:49.599462+00:00,british-bakery.ru,True
малина,malina.xlsx,HostsTable,2026-10-08T09:53:49.599462+00:00,wallpaperscraft.ru,True
малина,malina.xlsx,HostsTable,2026-10-08T09:53:49.599462+00:00,bazamp3.com,True
малина,malina.xlsx,HostsTable,2026-10-08T09:53:49.599462+00:00,36gp.by,True
малина,malina.xlsx,HostsTable,2026-10-08T09:53:49.599462+00:00,geograftour.com,True
малина,malina.xlsx,HostsTable,2026-10-08T09:53:49.599462+00:00,inmyroom.ru,True
малина,malina.xlsx,HostsTable,2026-10-08T09:53:49.599462+00:00,fruitonline.ru,True
малина,malina.xlsx,HostsTable,2026-10-08T09:53:49.599462+00:00,artstory-design.com,True
малина,malina.xlsx,HostsTable,2026-10-08T09:53:49.599462+00:00,jagoda-malina-1780993214425.clients.site,False
малина,malina.xlsx,HostsTable,2026-10-08T09:53:49.599462+00:00,slivfoto.com,False
малина,malina.xlsx,HostsTable,2026-10-08T09:53:49.599462+00:00,maximonline.ru,True
малина,malina.xlsx,HostsTable,2026-10-08T09:53:49.599462+00:00,wa.me,False
малина,malina.xlsx,HostsTable,2026-10-08T09:53:49.599462+00:00,pornomilf.vip,True
малина,malina.xlsx,HostsTable,2026-10-08T09:53:49.599462+00:00,progoroduhta.ru,True
малина,malina.xlsx,HostsTable,2026-10-08T09:53:49.599462+00:00,sex-studentki.sale,True
малина,malina.xlsx,HostsTable,2026-10-08T09:53:49.599462+00:00,tandyrnaja-krasnoarmejskaja-ulitsa.clients.site,False
малина,malina.xlsx,HostsTable,2026-10-08T09:53:49.599462+00:00,pitomkino.ru,False
малина,malina.xlsx,HostsTable,2026-10-08T09:53:49.599462+00:00,b17.ru,True
малина,malina.xlsx,HostsTable,2026-10-08T09:53:49.599462+00:00,apolloniya-clinic.com,True
малина,malina.xlsx,HostsTable,2026-10-08T09:53:49.599462+00:00,rompik.com,False
малина,malina.xlsx,HostsTable,2026-10-08T09:53:49.599462+00:00,livelib.ru,True
малина,malina.xlsx,HostsTable,2026-10-08T09:53:49.599462+00:00,evilangelfilms.com,False
малина,malina.xlsx,HostsTable,2026-10-08T09:53:49.599462+00:00,vesti.ru,True
малина,malina.xlsx,HostsTable,2026-10-08T09:53:49.599462+00:00,orgzz.ru,True
малина,malina.xlsx,HostsTable,2026-10-08T09:53:49.599462+00:00,liwood.ru,True
малина,malina.xlsx,HostsTable,2026-10-08T09:53:49.599462+00:00,veles.vip,False
малина,malina.xlsx,HostsTable,2026-10-08T09:53:49.599462+00:00,zakupka.com,True
малина,malina.xlsx,HostsTable,2026-10-08T09:53:49.599462+00:00,alimero.ru,True
малина,malina.xlsx,HostsTable,2026-10-08T09:53:49.599462+00:00,championat.com,True
малина,malina.xlsx,HostsTable,2026-10-08T09:53:49.599462+00:00,lgz.ru,True
малина,malina.xlsx,HostsTable,2026-10-08T09:53:49.599462+00:00,musmore.org,True
малина,malina.xlsx,HostsTable,2026-10-08T09:53:49.599462+00:00,xn--80aaahqp5ab1bk.xn--p1ai,True
малина,malina.xlsx,HostsTable,2026-10-08T09:53:49.599462+00:00,barmalina.ru,False
малина,malina.xlsx,HostsTable,2026-10-08T09:53:49.599462+00:00,giperbola.ru,True
малина,malina.xlsx,HostsTable,2026-10-08T09:53:49.599462+00:00,cyclowiki.org,True
малина,malina.xlsx,HostsTable,2026-10-08T09:53:49.599462+00:00,yblesk.art,False
малина,malina.xlsx,HostsTable,2026-10-08T09:53:49.599462+00:00,beautywin.ru,True
малина,malina.xlsx,HostsTable,2026-10-08T09:53:49.599462+00:00,sad-torg.ru,True
малина,malina.xlsx,HostsTable,2026-10-08T09:53:49.599462+00:00,rixmelo.com,True
малина,malina.xlsx,HostsTable,2026-10-08T09:53:49.599462+00:00,greenagrosad.ru,True
малина,malina.xlsx,HostsTable,2026-10-08T09:53:49.599462+00:00,topkonditer.com,False
малина,malina.xlsx,HostsTable,2026-10-08T09:53:49.599462+00:00,starmakerstudios.com,True
малина,malina.xlsx,HostsTable,2026-10-08T09:53:49.599462+00:00,esgms.ru,True
малина,malina.xlsx,HostsTable,2026-10-08T09:53:49.599462+00:00,readytotrip.ru,True
малина,malina.xlsx,HostsTable,2026-10-08T09:53:49.599462+00:00,sonarium.ru,True
малина,malina.xlsx,HostsTable,2026-10-08T09:53:49.599462+00:00,azbuka-sada96.ru,True
малина,malina.xlsx,HostsTable,2026-10-08T09:53:49.599462+00:00,slivgod.com,True
малина,malina.xlsx,HostsTable,2026-10-08T09:53:49.599462+00:00,palese.by,True
малина,malina.xlsx,HostsTable,2026-10-08T09:53:49.599462+00:00,wikifeet.com,True
малина,malina.xlsx,HostsTable,2026-10-08T09:53:49.599462+00:00,ayzdorov.ru,True
малина,malina.xlsx,HostsTable,2026-10-08T09:53:49.599462+00:00,vc.ru,True
малина,malina.xlsx,HostsTable,2026-10-08T09:53:49.599462+00:00,fb.ru,True
малина,malina.xlsx,HostsTable,2026-10-08T09:53:49.599462+00:00,lovecooking.ru,True
малина,malina.xlsx,HostsTable,2026-10-08T09:53:49.599462+00:00,kylinariya.ru,True
малина,malina.xlsx,HostsTable,2026-10-08T09:53:49.599462+00:00,suvider.ru,True
малина,malina.xlsx,HostsTable,2026-10-08T09:53:49.599462+00:00,kamelena.com,True
малина,malina.xlsx,HostsTable,2026-10-08T09:53:49.599462+00:00,uroker.com,True
малина,malina.xlsx,HostsTable,2026-10-08T09:53:49.599462+00:00,kopilka-kulinara.ru,True
малина,malina.xlsx,HostsTable,2026-10-08T09:53:49.599462+00:00,gsv.casino,False
малина,malina.xlsx,HostsTable,2026-10-08T09:53:49.599462+00:00,muzneo.org,True
малина,malina.xlsx,HostsTable,2026-10-08T09:53:49.599462+00:00,lmusic.kz,True
малина,malina.xlsx,HostsTable,2026-10-08T09:53:49.599462+00:00,malina-hotel.ru,False
малина,malina.xlsx,HostsTable,2026-10-08T09:53:49.599462+00:00,prostoporno.place,True
малина,malina.xlsx,HostsTable,2026-10-08T09:53:49.599462+00:00,adj.st,False
малина,malina.xlsx,HostsTable,2026-10-08T09:53:49.599462+00:00,minimalcook.com,True
малина,malina.xlsx,HostsTable,2026-10-08T09:53:49.599462+00:00,softonic.ru,False
малина,malina.xlsx,HostsTable,2026-10-08T09:53:49.599462+00:00,xn----ftbdnajdojfdge7b2j9b.xn--p1ai,False
малина,malina.xlsx,HostsTable,2026-10-08T09:53:49.599462+00:00,fermilon.ru,True
малина,malina.xlsx,HostsTable,2026-10-08T09:53:49.599462+00:00,visitdon.ru,True
малина,malina.xlsx,HostsTable,2026-10-08T09:53:49.599462+00:00,n1b.casino,False
малина,malina.xlsx,HostsTable,2026-10-08T09:53:49.599462+00:00,trn.casino,False
малина,malina.xlsx,HostsTable,2026-10-08T09:53:49.599462+00:00,gryadka77.ru,False
малина,malina.xlsx,HostsTable,2026-10-08T09:53:49.599462+00:00,mrg48.ru,True
малина,malina.xlsx,HostsTable,2026-10-08T09:53:49.599462+00:00,az5.casino,False
малина,malina.xlsx,HostsTable,2026-10-08T09:53:49.599462+00:00,ipepper.org,True
малина,malina.xlsx,HostsTable,2026-10-08T09:53:49.599462+00:00,ogorodum.ru,True
малина,malina.xlsx,HostsTable,2026-10-08T09:53:49.599462+00:00,sever04.ru,True
малина,malina.xlsx,HostsTable,2026-10-08T09:53:49.599462+00:00,kb8-fmba.ru,True
малина,malina.xlsx,HostsTable,2026-10-08T09:53:49.599462+00:00,malinaexpert.sbs,True
малина,malina.xlsx,HostsTable,2026-10-08T09:53:49.599462+00:00,fialka.tomsk.ru,True
малина,malina.xlsx,HostsTable,2026-10-08T09:53:49.599462+00:00,reddit.com,True
малина,malina.xlsx,HostsTable,2026-10-08T09:53:49.599462+00:00,rusprod-97.ru,False
малина,malina.xlsx,HostsTable,2026-10-08T09:53:49.599462+00:00,portal-minusy.ru,True
малина,malina.xlsx,HostsTable,2026-10-08T09:53:49.599462+00:00,vufer.net,True
малина,malina.xlsx,HostsTable,2026-10-08T09:53:49.599462+00:00,pgn.casino,False
малина,malina.xlsx,HostsTable,2026-10-08T09:53:49.599462+00:00,prihoz.ru,True
малина,malina.xlsx,HostsTable,2026-10-08T09:53:49.599462+00:00,xn----7sbbasv7di6bh8f.xn--p1ai,True
малина,malina.xlsx,HostsTable,2026-10-08T09:53:49.599462+00:00,skmalina62.ru,False
малина,malina.xlsx,HostsTable,2026-10-08T09:53:49.599462+00:00,dom.ru,True
малина,malina.xlsx,HostsTable,2026-10-08T09:53:49.599462+00:00,vslovarike.ru,True
малина,malina.xlsx,HostsTable,2026-10-08T09:53:49.599462+00:00,teanin.shop,False
малина,malina.xlsx,HostsTable,2026-10-08T09:53:49.599462+00:00,modnyfermer.ru,True
малина,malina.xlsx,HostsTable,2026-10-08T09:53:49.599462+00:00,256c.buzz,False
малина,malina.xlsx,HostsTable,2026-10-08T09:53:49.599462+00:00,telegram.me,True
малина,malina.xlsx,HostsTable,2026-10-08T09:53:49.599462+00:00,fapachi.com,False
малина,malina.xlsx,HostsTable,2026-10-08T09:53:49.599462+00:00,kulinarnoe-nasledie.ru,True
малина,malina.xlsx,HostsTable,2026-10-08T09:53:49.599462+00:00,woman.ru,True
малина,malina.xlsx,HostsTable,2026-10-08T09:53:49.599462+00:00,muzjoy.net,True
малина,malina.xlsx,HostsTable,2026-10-08T09:53:49.599462+00:00,klubnichnaya.ru,False
малина,malina.xlsx,HostsTable,2026-10-08T09:53:49.599462+00:00,spa-ego.ru,False
малина,malina.xlsx,HostsTable,2026-10-08T09:53:49.599462+00:00,artmark-corp.ru,False
малина,malina.xlsx,HostsTable,2026-10-08T09:53:49.599462+00:00,greenlife-tmn.com,False
малина,malina.xlsx,HostsTable,2026-10-08T09:53:49.599462+00:00,vino-svoe.ru,True
малина,malina.xlsx,HostsTable,2026-10-08T09:53:49.599462+00:00,bongacams3.com,False
малина,malina.xlsx,HostsTable,2026-10-08T09:53:49.599462+00:00,knigavuhe.org,True
малина,malina.xlsx,HostsTable,2026-10-08T09:53:49.599462+00:00,life.ru,True
малина,malina.xlsx,HostsTable,2026-10-08T09:53:49.599462+00:00,zdravstvyite.ru,True
малина,malina.xlsx,HostsTable,2026-10-08T09:53:49.599462+00:00,siberia.eco,True
малина,malina.xlsx,HostsTable,2026-10-08T09:53:49.599462+00:00,365c.ru,True
малина,malina.xlsx,HostsTable,2026-10-08T09:53:49.599462+00:00,orgs.biz,False
малина,malina.xlsx,HostsTable,2026-10-08T09:53:49.599462+00:00,soligorskcrb.by,True
малина,malina.xlsx,HostsTable,2026-10-08T09:53:49.599462+00:00,kulina.ru,True
малина,malina.xlsx,HostsTable,2026-10-08T09:53:49.599462+00:00,empire59.ru,False
малина,malina.xlsx,HostsTable,2026-10-08T09:53:49.599462+00:00,reviews.yandex.ru,True
малина,malina.xlsx,HostsTable,2026-10-08T09:53:49.599462+00:00,fantasy-food.ru,True
малина,malina.xlsx,HostsTable,2026-10-08T09:53:49.599462+00:00,ayaznal.cc,True
малина,malina.xlsx,HostsTable,2026-10-08T09:53:49.599462+00:00,tgramsearch.com,True
малина,malina.xlsx,HostsTable,2026-10-08T09:53:49.599462+00:00,sonnik.expert,True
малина,malina.xlsx,HostsTable,2026-10-08T09:53:49.599462+00:00,kitchenmania.ru,True
малина,malina.xlsx,HostsTable,2026-10-08T09:53:49.599462+00:00,iafd.com,True
малина,malina.xlsx,HostsTable,2026-10-08T09:53:49.599462+00:00,udom33.ru,True
малина,malina.xlsx,HostsTable,2026-10-08T09:53:49.599462+00:00,nukadeti.ru,True
малина,malina.xlsx,HostsTable,2026-10-08T09:53:49.599462+00:00,hdthot.com,False
малина,malina.xlsx,HostsTable,2026-10-08T09:53:49.599462+00:00,taigatea.ru,True
малина,malina.xlsx,HostsTable,2026-10-08T09:53:49.599462+00:00,txm.casino,False
малина,malina.xlsx,HostsTable,2026-10-08T09:53:49.599462+00:00,alice.yandex.ru,True
малина,malina.xlsx,HostsTable,2026-10-08T09:53:49.599462+00:00,cheese-cake.ru,True
малина,malina.xlsx,HostsTable,2026-10-08T09:53:49.599462+00:00,orenburgregiongaz.ru,True
малина,malina.xlsx,HostsTable,2026-10-08T09:53:49.599462+00:00,uslugi.yandex.ru,True
малина,malina.xlsx,HostsTable,2026-10-08T09:53:49.599462+00:00,59.ru,True
малина,malina.xlsx,HostsTable,2026-10-08T09:53:49.599462+00:00,mds.yandex.net,False
малина,malina.xlsx,HostsTable,2026-10-08T09:53:49.599462+00:00,arenda.yandex.ru,True
малина,malina.xlsx,HostsTable,2026-10-08T09:53:49.599462+00:00,vsetopcasino.biz,True
малина,malina.xlsx,HostsTable,2026-10-08T09:53:49.599462+00:00,tastingtable.com,True
малина,malina.xlsx,HostsTable,2026-10-08T09:53:49.599462+00:00,malina-bar-klub.ru,False
малина,malina.xlsx,HostsTable,2026-10-08T09:53:49.599462+00:00,theguardian.com,False
малина,malina.xlsx,HostsTable,2026-10-08T09:53:49.599462+00:00,sadykamchatki.ru,True
малина,malina.xlsx,HostsTable,2026-10-08T09:53:49.599462+00:00,5-tv.ru,True
малина,malina.xlsx,HostsTable,2026-10-08T09:53:49.599462+00:00,ru.actor,False
малина,malina.xlsx,HostsTable,2026-10-08T09:53:49.599462+00:00,300.ya.ru,False
малина,malina.xlsx,HostsTable,2026-10-08T09:53:49.599462+00:00,globusvn.ru,False
малина,malina.xlsx,HostsTable,2026-10-08T09:53:49.599462+00:00,gac.ru,True
малина,malina.xlsx,HostsTable,2026-10-08T09:53:49.599462+00:00,igamingrus.com,True
малина,malina.xlsx,HostsTable,2026-10-08T09:53:49.599462+00:00,donresort.ru,True
малина,malina.xlsx,HostsTable,2026-10-08T09:53:49.599462+00:00,rusvideos.one,True
малина,malina.xlsx,HostsTable,2026-10-08T09:53:49.599462+00:00,spankbang1.com,False
малина,malina.xlsx,HostsTable,2026-10-08T09:53:49.599462+00:00,all-dojki.ru,False
малина,malina.xlsx,HostsTable,2026-10-08T09:53:49.599462+00:00,vk.link,True
малина,malina.xlsx,HostsTable,2026-10-08T09:53:49.599462+00:00,eblorus.org,True
малина,malina.xlsx,HostsTable,2026-10-08T09:53:49.599462+00:00,snob.ru,True
малина,malina.xlsx,HostsTable,2026-10-08T09:53:49.599462+00:00,sortoved.ru,True
малина,malina.xlsx,HostsTable,2026-10-08T09:53:49.599462+00:00,casino3044.buzz,False
малина,malina.xlsx,HostsTable,2026-10-08T09:53:49.599462+00:00,sportobzor.ru,True
малина,malina.xlsx,HostsTable,2026-10-08T09:53:49.599462+00:00,niceart.club,False
малина,malina.xlsx,HostsTable,2026-10-08T09:53:49.599462+00:00,fragrantica.ru,True
малина,malina.xlsx,HostsTable,2026-10-08T09:53:49.599462+00:00,xn----8sbanwrfl9e.xn--p1ai,False
малина,malina.xlsx,HostsTable,2026-10-08T09:53:49.599462+00:00,semenasad.ru,True
малина,malina.xlsx,HostsTable,2026-10-08T09:53:49.599462+00:00,malinansk.ru,False
малина,malina.xlsx,HostsTable,2026-10-08T09:53:49.599462+00:00,maxi-retail.ru,True
малина,malina.xlsx,HostsTable,2026-10-08T09:53:49.599462+00:00,luxorfilm.ru,True
малина,malina.xlsx,HostsTable,2026-10-08T09:53:49.599462+00:00,vsetopcasino.com,True
малина,malina.xlsx,HostsTable,2026-10-08T09:53:49.599462+00:00,domostroydon.ru,True
малина,malina.xlsx,HostsTable,2026-10-08T09:53:49.599462+00:00,vfokuse.mail.ru,True
малина,malina.xlsx,HostsTable,2026-10-08T09:53:49.599462+00:00,vsaduidoma.com,True
малина,malina.xlsx,HostsTable,2026-10-08T09:53:49.599462+00:00,vorotrdk.ru,True
малина,malina.xlsx,HostsTable,2026-10-08T09:53:49.599462+00:00,vkusnogotovlu.ru,True
малина,malina.xlsx,HostsTable,2026-10-08T09:53:49.599462+00:00,taigapar.ru,True
малина,malina.xlsx,HostsTable,2026-10-08T09:53:49.599462+00:00,5743.casino,False
малина,malina.xlsx,HostsTable,2026-10-08T09:53:49.599462+00:00,novcity.ru,False
малина,malina.xlsx,HostsTable,2026-10-08T09:53:49.599462+00:00,yagodkavrn.ru,False
малина,malina.xlsx,HostsTable,2026-10-08T09:53:49.599462+00:00,x-minusovka.com,True
малина,malina.xlsx,HostsTable,2026-10-08T09:53:49.599462+00:00,scr.pro,False
малина,malina.xlsx,HostsTable,2026-10-08T09:53:49.599462+00:00,pornogram.tv,False
малина,malina.xlsx,HostsTable,2026-10-08T09:53:49.599462+00:00,zvooq.net,True
малина,malina.xlsx,HostsTable,2026-10-08T09:53:49.599462+00:00,onlinetrade.ru,True
малина,malina.xlsx,HostsTable,2026-10-08T09:53:49.599462+00:00,xphoto.name,False
малина,malina.xlsx,HostsTable,2026-10-08T09:53:49.599462+00:00,newspiter.tilda.ws,False
малина,malina.xlsx,HostsTable,2026-10-08T09:53:49.599462+00:00,greenory.online,False
малина,malina.xlsx,HostsTable,2026-10-08T09:53:49.599462+00:00,tagilcity.ru,True
малина,malina.xlsx,HostsTable,2026-10-08T09:53:49.599462+00:00,xn----ctbegabb9bf5cl9d.xn--p1ai,False
малина,malina.xlsx,HostsTable,2026-10-08T09:53:49.599462+00:00,broni.travel,True
малина,malina.xlsx,HostsTable,2026-10-08T09:53:49.599462+00:00,webmodel.cam,False
малина,malina.xlsx,HostsTable,2026-10-08T09:53:49.599462+00:00,8an.casino,False
малина,malina.xlsx,HostsTable,2026-10-08T09:53:49.599462+00:00,aqviron.ru,False
малина,malina.xlsx,HostsTable,2026-10-08T09:53:49.599462+00:00,zimus-pro.com,True
малина,malina.xlsx,HostsTable,2026-10-08T09:53:49.599462+00:00,i11.casino,True
малина,malina.xlsx,HostsTable,2026-10-08T09:53:49.599462+00:00,trl.casino,True
малина,malina.xlsx,HostsTable,2026-10-08T09:53:49.599462+00:00,haval-avtoruss-chat.moscow,False
малина,malina.xlsx,HostsTable,2026-10-08T09:53:49.599462+00:00,xn--80apgfh0ct5a.xn--p1ai,True
малина,malina.xlsx,HostsTable,2026-10-08T09:53:49.599462+00:00,porncide.online,False
малина,malina.xlsx,HostsTable,2026-10-08T09:53:49.599462+00:00,plushe4ka.ru,True
малина,malina.xlsx,HostsTable,2026-10-08T09:53:49.599462+00:00,drive2.ru,True
малина,malina.xlsx,HostsTable,2026-10-08T09:53:49.599462+00:00,demetratur.ru,False
малина,malina.xlsx,HostsTable,2026-10-08T09:53:49.599462+00:00,centrskol.ru,True
малина,malina.xlsx,HostsTable,2026-10-08T09:53:49.599462+00:00,vsedeserti.ru,True
малина,malina.xlsx,HostsTable,2026-10-08T09:53:49.599462+00:00,podospecific.ru,True
малина,malina.xlsx,HostsTable,2026-10-08T09:53:49.599462+00:00,101hotels.com,True
малина,malina.xlsx,HostsTable,2026-10-08T09:53:49.599462+00:00,kpgreenforest.ru,False
малина,malina.xlsx,HostsTable,2026-10-08T09:53:49.599462+00:00,permsky.online,False
малина,malina.xlsx,HostsTable,2026-10-08T09:53:49.599462+00:00,4085.casino,True
малина,malina.xlsx,HostsTable,2026-10-08T09:53:49.599462+00:00,hotplayer.ru,True
малина,malina.xlsx,HostsTable,2026-10-08T09:53:49.599462+00:00,riac34.ru,True
малина,malina.xlsx,HostsTable,2026-10-08T09:53:49.599462+00:00,muzoi.net,True
малина,malina.xlsx,HostsTable,2026-10-08T09:53:49.599462+00:00,homedistiller.ru,True
малина,malina.xlsx,HostsTable,2026-10-08T09:53:49.599462+00:00,1bv.casino,False
малина,malina.xlsx,HostsTable,2026-10-08T09:53:49.599462+00:00,premier-spa.ru,False
малина,malina.xlsx,HostsTable,2026-10-08T09:53:49.599462+00:00,peterburg2.ru,True
посадка малины,posadka-maliny.xlsx,HostsTable,2026-10-08T09:58:36.666180+00:00,dzen.ru,True
посадка малины,posadka-maliny.xlsx,HostsTable,2026-10-08T09:58:36.666180+00:00,kp.ru,True
посадка малины,posadka-maliny.xlsx,HostsTable,2026-10-08T09:58:36.666180+00:00,antonovsad.ru,True
посадка малины,posadka-maliny.xlsx,HostsTable,2026-10-08T09:58:36.666180+00:00,ria.ru,True
посадка малины,posadka-maliny.xlsx,HostsTable,2026-10-08T09:58:36.666180+00:00,rostok-pitomnik.ru,True
посадка малины,posadka-maliny.xlsx,HostsTable,2026-10-08T09:58:36.666180+00:00,t-j.ru,True
посадка малины,posadka-maliny.xlsx,HostsTable,2026-10-08T09:58:36.666180+00:00,vhoz.ru,True
посадка малины,posadka-maliny.xlsx,HostsTable,2026-10-08T09:58:36.666180+00:00,aogarden.ru,True
посадка малины,posadka-maliny.xlsx,HostsTable,2026-10-08T09:58:36.666180+00:00,pitomnik-zr.ru,True
посадка малины,posadka-maliny.xlsx,HostsTable,2026-10-08T09:58:36.666180+00:00,yandex.ru,True
посадка малины,posadka-maliny.xlsx,HostsTable,2026-10-08T09:58:36.666180+00:00,novochag.ru,True
посадка малины,posadka-maliny.xlsx,HostsTable,2026-10-08T09:58:36.666180+00:00,procvetok.com,True
посадка малины,posadka-maliny.xlsx,HostsTable,2026-10-08T09:58:36.666180+00:00,belnovosti.by,True
посадка малины,posadka-maliny.xlsx,HostsTable,2026-10-08T09:58:36.666180+00:00,7ya.ru,True
посадка малины,posadka-maliny.xlsx,HostsTable,2026-10-08T09:58:36.666180+00:00,ferma.expert,True
посадка малины,posadka-maliny.xlsx,HostsTable,2026-10-08T09:58:36.666180+00:00,stroy-podskazka.ru,True
посадка малины,posadka-maliny.xlsx,HostsTable,2026-10-08T09:58:36.666180+00:00,velislava-sad.ru,True
посадка малины,posadka-maliny.xlsx,HostsTable,2026-10-08T09:58:36.666180+00:00,rutube.ru,True
посадка малины,posadka-maliny.xlsx,HostsTable,2026-10-08T09:58:36.666180+00:00,ogorod.ru,False
посадка малины,posadka-maliny.xlsx,HostsTable,2026-10-08T09:58:36.666180+00:00,dom.mail.ru,True
посадка малины,posadka-maliny.xlsx,HostsTable,2026-10-08T09:58:36.666180+00:00,landshaftniy-dizayn.ru,True
посадка малины,posadka-maliny.xlsx,HostsTable,2026-10-08T09:58:36.666180+00:00,botanichka.ru,True
посадка малины,posadka-maliny.xlsx,HostsTable,2026-10-08T09:58:36.666180+00:00,organic-mix.ru,True
посадка малины,posadka-maliny.xlsx,HostsTable,2026-10-08T09:58:36.666180+00:00,semena-zakaz.ru,True
посадка малины,posadka-maliny.xlsx,HostsTable,2026-10-08T09:58:36.666180+00:00,usadba-shop.ru,True
посадка малины,posadka-maliny.xlsx,HostsTable,2026-10-08T09:58:36.666180+00:00,sibsad-pitomnik.ru,True
посадка малины,posadka-maliny.xlsx,HostsTable,2026-10-08T09:58:36.666180+00:00,garshinka.ru,True
посадка малины,posadka-maliny.xlsx,HostsTable,2026-10-08T09:58:36.666180+00:00,maxidom.ru,True
посадка малины,posadka-maliny.xlsx,HostsTable,2026-10-08T09:58:36.666180+00:00,prosazhency.ru,True
посадка малины,posadka-maliny.xlsx,HostsTable,2026-10-08T09:58:36.666180+00:00,sad-i-ogorod.ru,True
посадка малины,posadka-maliny.xlsx,HostsTable,2026-10-08T09:58:36.666180+00:00,plantsad.ru,True
посадка малины,posadka-maliny.xlsx,HostsTable,2026-10-08T09:58:36.666180+00:00,pogoda.mail.ru,True
посадка малины,posadka-maliny.xlsx,HostsTable,2026-10-08T09:58:36.666180+00:00,cadeaux.ru,True
посадка малины,posadka-maliny.xlsx,HostsTable,2026-10-08T09:58:36.666180+00:00,abekker.by,True
посадка малины,posadka-maliny.xlsx,HostsTable,2026-10-08T09:58:36.666180+00:00,abekker.ru,True
посадка малины,posadka-maliny.xlsx,HostsTable,2026-10-08T09:58:36.666180+00:00,sazhency-bori.ru,True
посадка малины,posadka-maliny.xlsx,HostsTable,2026-10-08T09:58:36.666180+00:00,ozon.ru,True
посадка малины,posadka-maliny.xlsx,HostsTable,2026-10-08T09:58:36.666180+00:00,labora.by,True
посадка малины,posadka-maliny.xlsx,HostsTable,2026-10-08T09:58:36.666180+00:00,gardenmart24.ru,True
посадка малины,posadka-maliny.xlsx,HostsTable,2026-10-08T09:58:36.666180+00:00,ncsemena.ru,True
посадка малины,posadka-maliny.xlsx,HostsTable,2026-10-08T09:58:36.666180+00:00,vsedlyasada.com,True
посадка малины,posadka-maliny.xlsx,HostsTable,2026-10-08T09:58:36.666180+00:00,halvacard.ru,True
посадка малины,posadka-maliny.xlsx,HostsTable,2026-10-08T09:58:36.666180+00:00,rudesignshop.ru,True
посадка малины,posadka-maliny.xlsx,HostsTable,2026-10-08T09:58:36.666180+00:00,irk-sad.ru,True
посадка малины,posadka-maliny.xlsx,HostsTable,2026-10-08T09:58:36.666180+00:00,mossad24.ru,True
посадка малины,posadka-maliny.xlsx,HostsTable,2026-10-08T09:58:36.666180+00:00,darvin-market.ru,True
посадка малины,posadka-maliny.xlsx,HostsTable,2026-10-08T09:58:36.666180+00:00,semena.ru,True
посадка малины,posadka-maliny.xlsx,HostsTable,2026-10-08T09:58:36.666180+00:00,kedr812.ru,True
посадка малины,posadka-maliny.xlsx,HostsTable,2026-10-08T09:58:36.666180+00:00,plodovyimir.ru,False
посадка малины,posadka-maliny.xlsx,HostsTable,2026-10-08T09:58:36.666180+00:00,kustiksad.ru,True
посадка малины,posadka-maliny.xlsx,HostsTable,2026-10-08T09:58:36.666180+00:00,ruscemena.ru,True
посадка малины,posadka-maliny.xlsx,HostsTable,2026-10-08T09:58:36.666180+00:00,edadeal.ru,True
посадка малины,posadka-maliny.xlsx,HostsTable,2026-10-08T09:58:36.666180+00:00,rbc.ru,True
посадка малины,posadka-maliny.xlsx,HostsTable,2026-10-08T09:58:36.666180+00:00,medra.ru,True
посадка малины,posadka-maliny.xlsx,HostsTable,2026-10-08T09:58:36.666180+00:00,blog-travushka.ru,True
посадка малины,posadka-maliny.xlsx,HostsTable,2026-10-08T09:58:36.666180+00:00,peterpeat.ru,True
посадка малины,posadka-maliny.xlsx,HostsTable,2026-10-08T09:58:36.666180+00:00,xn--80aalqkugr.xn--p1ai,True
посадка малины,posadka-maliny.xlsx,HostsTable,2026-10-08T09:58:36.666180+00:00,belta.by,True
посадка малины,posadka-maliny.xlsx,HostsTable,2026-10-08T09:58:36.666180+00:00,pitomnik-rose.ru,True
посадка малины,posadka-maliny.xlsx,HostsTable,2026-10-08T09:58:36.666180+00:00,tvoisadrus.ru,True
посадка малины,posadka-maliny.xlsx,HostsTable,2026-10-08T09:58:36.666180+00:00,sadkompleks.ru,True
посадка малины,posadka-maliny.xlsx,HostsTable,2026-10-08T09:58:36.666180+00:00,yagodnykust.ru,True
посадка малины,posadka-maliny.xlsx,HostsTable,2026-10-08T09:58:36.666180+00:00,sad-i-ogorod.com,True
посадка малины,posadka-maliny.xlsx,HostsTable,2026-10-08T09:58:36.666180+00:00,martin-sad.ru,True
посадка малины,posadka-maliny.xlsx,HostsTable,2026-10-08T09:58:36.666180+00:00,orton.ru,True
посадка малины,posadka-maliny.xlsx,HostsTable,2026-10-08T09:58:36.666180+00:00,7dach.ru,True
посадка малины,posadka-maliny.xlsx,HostsTable,2026-10-08T09:58:36.666180+00:00,zayagodoi.ru,False
посадка малины,posadka-maliny.xlsx,HostsTable,2026-10-08T09:58:36.666180+00:00,floriasib.ru,False
посадка малины,posadka-maliny.xlsx,HostsTable,2026-10-08T09:58:36.666180+00:00,kiskinsad.ru,True
посадка малины,posadka-maliny.xlsx,HostsTable,2026-10-08T09:58:36.666180+00:00,parkrasteniy.ru,True
посадка малины,posadka-maliny.xlsx,HostsTable,2026-10-08T09:58:36.666180+00:00,rastenievod.com,True
посадка малины,posadka-maliny.xlsx,HostsTable,2026-10-08T09:58:36.666180+00:00,floristics.info,True
посадка малины,posadka-maliny.xlsx,HostsTable,2026-10-08T09:58:36.666180+00:00,vk.ru,True
посадка малины,posadka-maliny.xlsx,HostsTable,2026-10-08T09:58:36.666180+00:00,rampitomnik.ru,False
посадка малины,posadka-maliny.xlsx,HostsTable,2026-10-08T09:58:36.666180+00:00,pravda.ru,True
посадка малины,posadka-maliny.xlsx,HostsTable,2026-10-08T09:58:36.666180+00:00,omsksadovod.ru,True
посадка малины,posadka-maliny.xlsx,HostsTable,2026-10-08T09:58:36.666180+00:00,malina-vip.ru,False
посадка малины,posadka-maliny.xlsx,HostsTable,2026-10-08T09:58:36.666180+00:00,slavusadba.ru,True
посадка малины,posadka-maliny.xlsx,HostsTable,2026-10-08T09:58:36.666180+00:00,semena-sad.ru,True
посадка малины,posadka-maliny.xlsx,HostsTable,2026-10-08T09:58:36.666180+00:00,wildberries.ru,True
посадка малины,posadka-maliny.xlsx,HostsTable,2026-10-08T09:58:36.666180+00:00,supermalina.ru,True
посадка малины,posadka-maliny.xlsx,HostsTable,2026-10-08T09:58:36.666180+00:00,ok.ru,True
посадка малины,posadka-maliny.xlsx,HostsTable,2026-10-08T09:58:36.666180+00:00,legendi-rastenii.ru,True
посадка малины,posadka-maliny.xlsx,HostsTable,2026-10-08T09:58:36.666180+00:00,m.ok.ru,True
посадка малины,posadka-maliny.xlsx,HostsTable,2026-10-08T09:58:36.666180+00:00,podvorje.ru,True
посадка малины,posadka-maliny.xlsx,HostsTable,2026-10-08T09:58:36.666180+00:00,mnogo-rastenii.ru,True
посадка малины,posadka-maliny.xlsx,HostsTable,2026-10-08T09:58:36.666180+00:00,semenagavrish.ru,True
посадка малины,posadka-maliny.xlsx,HostsTable,2026-10-08T09:58:36.666180+00:00,ura.news,True
посадка малины,posadka-maliny.xlsx,HostsTable,2026-10-08T09:58:36.666180+00:00,dachnyuchastok.ru,True
посадка малины,posadka-maliny.xlsx,HostsTable,2026-10-08T09:58:36.666180+00:00,gosuslugi.ru,True
посадка малины,posadka-maliny.xlsx,HostsTable,2026-10-08T09:58:36.666180+00:00,xn--80aefbvrodbz.xn--p1ai,True
посадка малины,posadka-maliny.xlsx,HostsTable,2026-10-08T09:58:36.666180+00:00,sunmag.me,True
посадка малины,posadka-maliny.xlsx,HostsTable,2026-10-08T09:58:36.666180+00:00,ivd.ru,True
посадка малины,posadka-maliny.xlsx,HostsTable,2026-10-08T09:58:36.666180+00:00,lenta.ru,True
посадка малины,posadka-maliny.xlsx,HostsTable,2026-10-08T09:58:36.666180+00:00,otvet.mail.ru,True
посадка малины,posadka-maliny.xlsx,HostsTable,2026-10-08T09:58:36.666180+00:00,mk.ru,True
посадка малины,posadka-maliny.xlsx,HostsTable,2026-10-08T09:58:36.666180+00:00,dachaotzyv.ru,False
посадка малины,posadka-maliny.xlsx,HostsTable,2026-10-08T09:58:36.666180+00:00,rastenika.ru,True
посадка малины,posadka-maliny.xlsx,HostsTable,2026-10-08T09:58:36.666180+00:00,centr-sadovoda.ru,True
посадка малины,posadka-maliny.xlsx,HostsTable,2026-10-08T09:58:36.666180+00:00,dacha6.ru,True
посадка малины,posadka-maliny.xlsx,HostsTable,2026-10-08T09:58:36.666180+00:00,setka-kit.ru,True
посадка малины,posadka-maliny.xlsx,HostsTable,2026-10-08T09:58:36.666180+00:00,gazeta.ru,True
посадка малины,posadka-maliny.xlsx,HostsTable,2026-10-08T09:58:36.666180+00:00,seloveselo.online,True
посадка малины,posadka-maliny.xlsx,HostsTable,2026-10-08T09:58:36.666180+00:00,kubnews.ru,True
посадка малины,posadka-maliny.xlsx,HostsTable,2026-10-08T09:58:36.666180+00:00,sad-express24.ru,True
посадка малины,posadka-maliny.xlsx,HostsTable,2026-10-08T09:58:36.666180+00:00,ogorodum.ru,True
посадка малины,posadka-maliny.xlsx,HostsTable,2026-10-08T09:58:36.666180+00:00,vk.com,True
посадка малины,posadka-maliny.xlsx,HostsTable,2026-10-08T09:58:36.666180+00:00,glav-dacha.ru,True
посадка малины,posadka-maliny.xlsx,HostsTable,2026-10-08T09:58:36.666180+00:00,gros.farm,True
посадка малины,posadka-maliny.xlsx,HostsTable,2026-10-08T09:58:36.666180+00:00,agroxxi.ru,True
посадка малины,posadka-maliny.xlsx,HostsTable,2026-10-08T09:58:36.666180+00:00,tvoisad54.ru,False
посадка малины,posadka-maliny.xlsx,HostsTable,2026-10-08T09:58:36.666180+00:00,uchi.ru,True
посадка малины,posadka-maliny.xlsx,HostsTable,2026-10-08T09:58:36.666180+00:00,forumhouse.ru,True
посадка малины,posadka-maliny.xlsx,HostsTable,2026-10-08T09:58:36.666180+00:00,rskrf.ru,True
посадка малины,posadka-maliny.xlsx,HostsTable,2026-10-08T09:58:36.666180+00:00,dachadacha.com,True
посадка малины,posadka-maliny.xlsx,HostsTable,2026-10-08T09:58:36.666180+00:00,sous-otvet.net,True
посадка малины,posadka-maliny.xlsx,HostsTable,2026-10-08T09:58:36.666180+00:00,zpitomnik.ru,True
посадка малины,posadka-maliny.xlsx,HostsTable,2026-10-08T09:58:36.666180+00:00,avito.ru,True
посадка малины,posadka-maliny.xlsx,HostsTable,2026-10-08T09:58:36.666180+00:00,plodpitomnik.ru,True
посадка малины,posadka-maliny.xlsx,HostsTable,2026-10-08T09:58:36.666180+00:00,kamelia-gardens.ru,True
посадка малины,posadka-maliny.xlsx,HostsTable,2026-10-08T09:58:36.666180+00:00,plodopitomnik-sad.ru,True
посадка малины,posadka-maliny.xlsx,HostsTable,2026-10-08T09:58:36.666180+00:00,poryadok.ru,True
посадка малины,posadka-maliny.xlsx,HostsTable,2026-10-08T09:58:36.666180+00:00,zimus-pro.com,True
сорта клубники,sorta-klubniki.xlsx,HostsTable,2026-10-08T10:08:41.085619+00:00,dzen.ru,True
сорта клубники,sorta-klubniki.xlsx,HostsTable,2026-10-08T10:08:41.085619+00:00,stroy-podskazka.ru,True
сорта клубники,sorta-klubniki.xlsx,HostsTable,2026-10-08T10:08:41.085619+00:00,rostok-pitomnik.ru,True
сорта клубники,sorta-klubniki.xlsx,HostsTable,2026-10-08T10:08:41.085619+00:00,antonovsad.ru,True
сорта клубники,sorta-klubniki.xlsx,HostsTable,2026-10-08T10:08:41.085619+00:00,kp.ru,True
сорта клубники,sorta-klubniki.xlsx,HostsTable,2026-10-08T10:08:41.085619+00:00,ferma.expert,True
сорта клубники,sorta-klubniki.xlsx,HostsTable,2026-10-08T10:08:41.085619+00:00,pogoda.mail.ru,True
сорта клубники,sorta-klubniki.xlsx,HostsTable,2026-10-08T10:08:41.085619+00:00,vashnil.ru,True
сорта клубники,sorta-klubniki.xlsx,HostsTable,2026-10-08T10:08:41.085619+00:00,zpitomnik.ru,True
сорта клубники,sorta-klubniki.xlsx,HostsTable,2026-10-08T10:08:41.085619+00:00,ozon.ru,True
сорта клубники,sorta-klubniki.xlsx,HostsTable,2026-10-08T10:08:41.085619+00:00,xn--80aefbvrodbz.xn--p1ai,True
сорта клубники,sorta-klubniki.xlsx,HostsTable,2026-10-08T10:08:41.085619+00:00,kustiksad.ru,True
сорта клубники,sorta-klubniki.xlsx,HostsTable,2026-10-08T10:08:41.085619+00:00,kubnews.ru,True
сорта клубники,sorta-klubniki.xlsx,HostsTable,2026-10-08T10:08:41.085619+00:00,garshinka.ru,True
сорта клубники,sorta-klubniki.xlsx,HostsTable,2026-10-08T10:08:41.085619+00:00,semena-zakaz.ru,True
сорта клубники,sorta-klubniki.xlsx,HostsTable,2026-10-08T10:08:41.085619+00:00,ogorod.ru,False
сорта клубники,sorta-klubniki.xlsx,HostsTable,2026-10-08T10:08:41.085619+00:00,vk.ru,True
сорта клубники,sorta-klubniki.xlsx,HostsTable,2026-10-08T10:08:41.085619+00:00,7dach.ru,True
сорта клубники,sorta-klubniki.xlsx,HostsTable,2026-10-08T10:08:41.085619+00:00,mossad24.ru,True
сорта клубники,sorta-klubniki.xlsx,HostsTable,2026-10-08T10:08:41.085619+00:00,gardenmart24.ru,True
сорта клубники,sorta-klubniki.xlsx,HostsTable,2026-10-08T10:08:41.085619+00:00,1sad.shop,True
сорта клубники,sorta-klubniki.xlsx,HostsTable,2026-10-08T10:08:41.085619+00:00,rudesignshop.ru,True
сорта клубники,sorta-klubniki.xlsx,HostsTable,2026-10-08T10:08:41.085619+00:00,ogorodum.ru,True
сорта клубники,sorta-klubniki.xlsx,HostsTable,2026-10-08T10:08:41.085619+00:00,prihoz.ru,True
сорта клубники,sorta-klubniki.xlsx,HostsTable,2026-10-08T10:08:41.085619+00:00,plantsad.ru,True
сорта клубники,sorta-klubniki.xlsx,HostsTable,2026-10-08T10:08:41.085619+00:00,wildberries.ru,True
сорта клубники,sorta-klubniki.xlsx,HostsTable,2026-10-08T10:08:41.085619+00:00,radiotochki.net,True
сорта клубники,sorta-klubniki.xlsx,HostsTable,2026-10-08T10:08:41.085619+00:00,prosazhency.ru,True
сорта клубники,sorta-klubniki.xlsx,HostsTable,2026-10-08T10:08:41.085619+00:00,otzovik.com,True
сорта клубники,sorta-klubniki.xlsx,HostsTable,2026-10-08T10:08:41.085619+00:00,dachaotzyv.ru,False
сорта клубники,sorta-klubniki.xlsx,HostsTable,2026-10-08T10:08:41.085619+00:00,irecommend.ru,True
сорта клубники,sorta-klubniki.xlsx,HostsTable,2026-10-08T10:08:41.085619+00:00,lenta.ru,True
сорта клубники,sorta-klubniki.xlsx,HostsTable,2026-10-08T10:08:41.085619+00:00,plodopitomnik-sad.ru,True
сорта клубники,sorta-klubniki.xlsx,HostsTable,2026-10-08T10:08:41.085619+00:00,semena.ru,True
сорта клубники,sorta-klubniki.xlsx,HostsTable,2026-10-08T10:08:41.085619+00:00,xn----7sbenavanchgnf0czb.xn--p1ai,True
сорта клубники,sorta-klubniki.xlsx,HostsTable,2026-10-08T10:08:41.085619+00:00,gribanovosad.ru,True
сорта клубники,sorta-klubniki.xlsx,HostsTable,2026-10-08T10:08:41.085619+00:00,novochag.ru,True
сорта клубники,sorta-klubniki.xlsx,HostsTable,2026-10-08T10:08:41.085619+00:00,expertcen.ru,True
сорта клубники,sorta-klubniki.xlsx,HostsTable,2026-10-08T10:08:41.085619+00:00,organic-mix.ru,True
сорта клубники,sorta-klubniki.xlsx,HostsTable,2026-10-08T10:08:41.085619+00:00,dachadacha.com,True
сорта клубники,sorta-klubniki.xlsx,HostsTable,2026-10-08T10:08:41.085619+00:00,vsedlyasada.com,True
сорта клубники,sorta-klubniki.xlsx,HostsTable,2026-10-08T10:08:41.085619+00:00,sad-i-ogorod.ru,True
сорта клубники,sorta-klubniki.xlsx,HostsTable,2026-10-08T10:08:41.085619+00:00,usadba-shop.ru,True
сорта клубники,sorta-klubniki.xlsx,HostsTable,2026-10-08T10:08:41.085619+00:00,plodovyimir.ru,False
сорта клубники,sorta-klubniki.xlsx,HostsTable,2026-10-08T10:08:41.085619+00:00,markakachestva.ru,True
сорта клубники,sorta-klubniki.xlsx,HostsTable,2026-10-08T10:08:41.085619+00:00,naked-science.ru,True
сорта клубники,sorta-klubniki.xlsx,HostsTable,2026-10-08T10:08:41.085619+00:00,greenagrosad.ru,True
сорта клубники,sorta-klubniki.xlsx,HostsTable,2026-10-08T10:08:41.085619+00:00,lafoy.ru,True
сорта клубники,sorta-klubniki.xlsx,HostsTable,2026-10-08T10:08:41.085619+00:00,gogov.ru,True
сорта клубники,sorta-klubniki.xlsx,HostsTable,2026-10-08T10:08:41.085619+00:00,korolevskysad.ru,True
сорта клубники,sorta-klubniki.xlsx,HostsTable,2026-10-08T10:08:41.085619+00:00,podvorje.ru,True
сорта клубники,sorta-klubniki.xlsx,HostsTable,2026-10-08T10:08:41.085619+00:00,sadkompleks.ru,True
сорта клубники,sorta-klubniki.xlsx,HostsTable,2026-10-08T10:08:41.085619+00:00,ivd.ru,True
сорта клубники,sorta-klubniki.xlsx,HostsTable,2026-10-08T10:08:41.085619+00:00,xn--59-6kcm9cl.xn--p1ai,True
сорта клубники,sorta-klubniki.xlsx,HostsTable,2026-10-08T10:08:41.085619+00:00,pitomnik-rose.ru,True
сорта клубники,sorta-klubniki.xlsx,HostsTable,2026-10-08T10:08:41.085619+00:00,rutube.ru,True
сорта клубники,sorta-klubniki.xlsx,HostsTable,2026-10-08T10:08:41.085619+00:00,fermilon.ru,True
сорта клубники,sorta-klubniki.xlsx,HostsTable,2026-10-08T10:08:41.085619+00:00,velislava-sad.ru,True
сорта клубники,sorta-klubniki.xlsx,HostsTable,2026-10-08T10:08:41.085619+00:00,3-sada.ru,True
сорта клубники,sorta-klubniki.xlsx,HostsTable,2026-10-08T10:08:41.085619+00:00,regions.ru,True
сорта клубники,sorta-klubniki.xlsx,HostsTable,2026-10-08T10:08:41.085619+00:00,kedr812.ru,True
сорта клубники,sorta-klubniki.xlsx,HostsTable,2026-10-08T10:08:41.085619+00:00,onlinesemena.ru,True
сорта клубники,sorta-klubniki.xlsx,HostsTable,2026-10-08T10:08:41.085619+00:00,xn--80aalqkugr.xn--p1ai,True
сорта клубники,sorta-klubniki.xlsx,HostsTable,2026-10-08T10:08:41.085619+00:00,svoevse.ru,True
сорта клубники,sorta-klubniki.xlsx,HostsTable,2026-10-08T10:08:41.085619+00:00,aif.ru,True
сорта клубники,sorta-klubniki.xlsx,HostsTable,2026-10-08T10:08:41.085619+00:00,berrystore.ru,True
сорта клубники,sorta-klubniki.xlsx,HostsTable,2026-10-08T10:08:41.085619+00:00,yandex.ru,True
сорта клубники,sorta-klubniki.xlsx,HostsTable,2026-10-08T10:08:41.085619+00:00,xn----8sbwhgcqtfko0ig.xn--p1ai,True
сорта клубники,sorta-klubniki.xlsx,HostsTable,2026-10-08T10:08:41.085619+00:00,zippoclub.by,True
сорта клубники,sorta-klubniki.xlsx,HostsTable,2026-10-08T10:08:41.085619+00:00,darvin-market.ru,True
сорта клубники,sorta-klubniki.xlsx,HostsTable,2026-10-08T10:08:41.085619+00:00,rskrf.ru,True
сорта клубники,sorta-klubniki.xlsx,HostsTable,2026-10-08T10:08:41.085619+00:00,orton.ru,True
сорта клубники,sorta-klubniki.xlsx,HostsTable,2026-10-08T10:08:41.085619+00:00,luchshii-sad.ru,True
сорта клубники,sorta-klubniki.xlsx,HostsTable,2026-10-08T10:08:41.085619+00:00,medra.ru,True
сорта клубники,sorta-klubniki.xlsx,HostsTable,2026-10-08T10:08:41.085619+00:00,market.yandex.ru,True
сорта клубники,sorta-klubniki.xlsx,HostsTable,2026-10-08T10:08:41.085619+00:00,tomatipomidori.ru,True
сорта клубники,sorta-klubniki.xlsx,HostsTable,2026-10-08T10:08:41.085619+00:00,rassada4all.ru,False
сорта клубники,sorta-klubniki.xlsx,HostsTable,2026-10-08T10:08:41.085619+00:00,yagodnoe-velichestvo.ru,True
сорта клубники,sorta-klubniki.xlsx,HostsTable,2026-10-08T10:08:41.085619+00:00,parkrasteniy.ru,True
сорта клубники,sorta-klubniki.xlsx,HostsTable,2026-10-08T10:08:41.085619+00:00,xn--80aam0cf1a8b.xn--p1ai,True
сорта клубники,sorta-klubniki.xlsx,HostsTable,2026-10-08T10:08:41.085619+00:00,botanichka.ru,True
сорта клубники,sorta-klubniki.xlsx,HostsTable,2026-10-08T10:08:41.085619+00:00,dachnyuchastok.ru,True
сорта клубники,sorta-klubniki.xlsx,HostsTable,2026-10-08T10:08:41.085619+00:00,rassadacvetov.ru,True
сорта клубники,sorta-klubniki.xlsx,HostsTable,2026-10-08T10:08:41.085619+00:00,opt-hoz.ru,True
сорта клубники,sorta-klubniki.xlsx,HostsTable,2026-10-08T10:08:41.085619+00:00,biolocus-plant.pro,True
сорта клубники,sorta-klubniki.xlsx,HostsTable,2026-10-08T10:08:41.085619+00:00,legendi-rastenii.ru,True
сорта клубники,sorta-klubniki.xlsx,HostsTable,2026-10-08T10:08:41.085619+00:00,plodovyipitomnik.ru,True
сорта клубники,sorta-klubniki.xlsx,HostsTable,2026-10-08T10:08:41.085619+00:00,vk.com,True
сорта клубники,sorta-klubniki.xlsx,HostsTable,2026-10-08T10:08:41.085619+00:00,sort-klubnika.ru,True
сорта клубники,sorta-klubniki.xlsx,HostsTable,2026-10-08T10:08:41.085619+00:00,lifehacker.ru,True
сорта клубники,sorta-klubniki.xlsx,HostsTable,2026-10-08T10:08:41.085619+00:00,gardensad-spb.ru,True
сорта клубники,sorta-klubniki.xlsx,HostsTable,2026-10-08T10:08:41.085619+00:00,ural-plant.ru,True
сорта клубники,sorta-klubniki.xlsx,HostsTable,2026-10-08T10:08:41.085619+00:00,martin-sad.ru,True
сорта клубники,sorta-klubniki.xlsx,HostsTable,2026-10-08T10:08:41.085619+00:00,svoy-pitomnik.ru,True
сорта клубники,sorta-klubniki.xlsx,HostsTable,2026-10-08T10:08:41.085619+00:00,pitomkino.ru,False
сорта клубники,sorta-klubniki.xlsx,HostsTable,2026-10-08T10:08:41.085619+00:00,sweetberry.kz,False
сорта клубники,sorta-klubniki.xlsx,HostsTable,2026-10-08T10:08:41.085619+00:00,sadovnik43.ru,False
сорта клубники,sorta-klubniki.xlsx,HostsTable,2026-10-08T10:08:41.085619+00:00,vsevsad67.ru,True
сорта клубники,sorta-klubniki.xlsx,HostsTable,2026-10-08T10:08:41.085619+00:00,vsesorta.ru,False
сорта клубники,sorta-klubniki.xlsx,HostsTable,2026-10-08T10:08:41.085619+00:00,expertology.ru,True
сорта клубники,sorta-klubniki.xlsx,HostsTable,2026-10-08T10:08:41.085619+00:00,tomat-pomidor.com,True
сорта клубники,sorta-klubniki.xlsx,HostsTable,2026-10-08T10:08:41.085619+00:00,hozyaistvo.com,True
сорта клубники,sorta-klubniki.xlsx,HostsTable,2026-10-08T10:08:41.085619+00:00,76.ru,True
сорта клубники,sorta-klubniki.xlsx,HostsTable,2026-10-08T10:08:41.085619+00:00,isidapark.ru,True
сорта клубники,sorta-klubniki.xlsx,HostsTable,2026-10-08T10:08:41.085619+00:00,avito.ru,True
сорта клубники,sorta-klubniki.xlsx,HostsTable,2026-10-08T10:08:41.085619+00:00,vologdapitomnik.wixsite.com,False
сорта клубники,sorta-klubniki.xlsx,HostsTable,2026-10-08T10:08:41.085619+00:00,green-code.ru,True
сорта клубники,sorta-klubniki.xlsx,HostsTable,2026-10-08T10:08:41.085619+00:00,agrosemfond.ru,True
сорта клубники,sorta-klubniki.xlsx,HostsTable,2026-10-08T10:08:41.085619+00:00,sadovyi-mir.ru,True
сорта клубники,sorta-klubniki.xlsx,HostsTable,2026-10-08T10:08:41.085619+00:00,kalinka.market,True
сорта клубники,sorta-klubniki.xlsx,HostsTable,2026-10-08T10:08:41.085619+00:00,vsem-sad.ru,False
сорта клубники,sorta-klubniki.xlsx,HostsTable,2026-10-08T10:08:41.085619+00:00,nsksad.ru,False
сорта клубники,sorta-klubniki.xlsx,HostsTable,2026-10-08T10:08:41.085619+00:00,luba-jagoda.com,True
сорта клубники,sorta-klubniki.xlsx,HostsTable,2026-10-08T10:08:41.085619+00:00,forumhouse.ru,True
сорта клубники,sorta-klubniki.xlsx,HostsTable,2026-10-08T10:08:41.085619+00:00,sad24.ru,True
сорта клубники,sorta-klubniki.xlsx,HostsTable,2026-10-08T10:08:41.085619+00:00,scsadovod.ru,True
сорта клубники,sorta-klubniki.xlsx,HostsTable,2026-10-08T10:08:41.085619+00:00,agrotehcom.ru,True
сорта клубники,sorta-klubniki.xlsx,HostsTable,2026-10-08T10:08:41.085619+00:00,parkrose63.ru,False
сорта клубники,sorta-klubniki.xlsx,HostsTable,2026-10-08T10:08:41.085619+00:00,belklubnika.by,False
сорта клубники,sorta-klubniki.xlsx,HostsTable,2026-10-08T10:08:41.085619+00:00,xn----7sbahcidia5fd3ae5rh.xn--p1ai,True
сорта клубники,sorta-klubniki.xlsx,HostsTable,2026-10-08T10:08:41.085619+00:00,polisadnik.com,False
сорта клубники,sorta-klubniki.xlsx,HostsTable,2026-10-08T10:08:41.085619+00:00,ufa1.ru,True
сорта клубники,sorta-klubniki.xlsx,HostsTable,2026-10-08T10:08:41.085619+00:00,mkset.ru,True
сорта клубники,sorta-klubniki.xlsx,HostsTable,2026-10-08T10:08:41.085619+00:00,hata.by,True
сорта клубники,sorta-klubniki.xlsx,HostsTable,2026-10-08T10:08:41.085619+00:00,flowers-for-life.ru,False
сорта клубники,sorta-klubniki.xlsx,HostsTable,2026-10-08T10:08:41.085619+00:00,xn----7sbbobg3c8a6fva.xn--p1ai,True
сорта клубники,sorta-klubniki.xlsx,HostsTable,2026-10-08T10:08:41.085619+00:00,budetdom.com,False
сорта клубники,sorta-klubniki.xlsx,HostsTable,2026-10-08T10:08:41.085619+00:00,yagodnykust.ru,True
сорта клубники,sorta-klubniki.xlsx,HostsTable,2026-10-08T10:08:41.085619+00:00,lph-syrajevka.ru,True
сорта клубники,sorta-klubniki.xlsx,HostsTable,2026-10-08T10:08:41.085619+00:00,pitomnik-rastenij.ru,True
сорта клубники,sorta-klubniki.xlsx,HostsTable,2026-10-08T10:08:41.085619+00:00,strawberryfermer.ru,False
сорта клубники,sorta-klubniki.xlsx,HostsTable,2026-10-08T10:08:41.085619+00:00,tomatland.ru,True
сорта клубники,sorta-klubniki.xlsx,HostsTable,2026-10-08T10:08:41.085619+00:00,m.ok.ru,True
сорта клубники,sorta-klubniki.xlsx,HostsTable,2026-10-08T10:08:41.085619+00:00,plodopitomnik-kazan.ru,True
сорта клубники,sorta-klubniki.xlsx,HostsTable,2026-10-08T10:08:41.085619+00:00,63.ru,True
сорта клубники,sorta-klubniki.xlsx,HostsTable,2026-10-08T10:08:41.085619+00:00,rastenia-biolit.ru,True
сорта клубники,sorta-klubniki.xlsx,HostsTable,2026-10-08T10:08:41.085619+00:00,bigsad.ru,True
сорта клубники,sorta-klubniki.xlsx,HostsTable,2026-10-08T10:08:41.085619+00:00,properm.ru,True
сорта клубники,sorta-klubniki.xlsx,HostsTable,2026-10-08T10:08:41.085619+00:00,sad-express24.ru,True
сорта клубники,sorta-klubniki.xlsx,HostsTable,2026-10-08T10:08:41.085619+00:00,newsinfo.ru,True
сорта клубники,sorta-klubniki.xlsx,HostsTable,2026-10-08T10:08:41.085619+00:00,kiskinsad.ru,True
сорта клубники,sorta-klubniki.xlsx,HostsTable,2026-10-08T10:08:41.085619+00:00,xn--80aikl5af8e.xn--p1ai,False
сорта клубники,sorta-klubniki.xlsx,HostsTable,2026-10-08T10:08:41.085619+00:00,sputniksadovoda.ru,False
сорта клубники,sorta-klubniki.xlsx,HostsTable,2026-10-08T10:08:41.085619+00:00,agronomvip.ru,False
сорта клубники,sorta-klubniki.xlsx,HostsTable,2026-10-08T10:08:41.085619+00:00,sortoved.ru,True
сорта клубники,sorta-klubniki.xlsx,HostsTable,2026-10-08T10:08:41.085619+00:00,xn--80ainpjo0cxac.xn--p1ai,True
сорта клубники,sorta-klubniki.xlsx,HostsTable,2026-10-08T10:08:41.085619+00:00,farmerforum.ru,True
сорта клубники,sorta-klubniki.xlsx,HostsTable,2026-10-08T10:08:41.085619+00:00,vinogradnik56.ru,False
сорта клубники,sorta-klubniki.xlsx,HostsTable,2026-10-08T10:08:41.085619+00:00,semiramisgardens.ru,True
сорта клубники,sorta-klubniki.xlsx,HostsTable,2026-10-08T10:08:41.085619+00:00,klubnichnysalut.ru,False
сорта клубники,sorta-klubniki.xlsx,HostsTable,2026-10-08T10:08:41.085619+00:00,agrodecor.ru,True
сорта клубники,sorta-klubniki.xlsx,HostsTable,2026-10-08T10:08:41.085619+00:00,babyblog.ru,True
сорта клубники,sorta-klubniki.xlsx,HostsTable,2026-10-08T10:08:41.085619+00:00,klubnichniyhutorok.by,True
сорта клубники,sorta-klubniki.xlsx,HostsTable,2026-10-08T10:08:41.085619+00:00,vashaklubnika.ru,False
сорта клубники,sorta-klubniki.xlsx,HostsTable,2026-10-08T10:08:41.085619+00:00,sibirskiy-oazis.ru,True
сорта клубники,sorta-klubniki.xlsx,HostsTable,2026-10-08T10:08:41.085619+00:00,mk.ru,True
сорта клубники,sorta-klubniki.xlsx,HostsTable,2026-10-08T10:08:41.085619+00:00,sad-365.ru,True
сорта клубники,sorta-klubniki.xlsx,HostsTable,2026-10-08T10:08:41.085619+00:00,xcmg-bel.by,True
сорта клубники,sorta-klubniki.xlsx,HostsTable,2026-10-08T10:08:41.085619+00:00,rambler.ru,True
сорта клубники,sorta-klubniki.xlsx,HostsTable,2026-10-08T10:08:41.085619+00:00,city-farmer.ru,True
сорта клубники,sorta-klubniki.xlsx,HostsTable,2026-10-08T10:08:41.085619+00:00,koroleva-sada.ru,True
сорта клубники,sorta-klubniki.xlsx,HostsTable,2026-10-08T10:08:41.085619+00:00,berry-bouquet.ru,True
сорта клубники,sorta-klubniki.xlsx,HostsTable,2026-10-08T10:08:41.085619+00:00,superklubnika.by,True
сорта клубники,sorta-klubniki.xlsx,HostsTable,2026-10-08T10:08:41.085619+00:00,plodpitomnik.ru,True
сорта клубники,sorta-klubniki.xlsx,HostsTable,2026-10-08T10:08:41.085619+00:00,kamelia-gardens.ru,True
сорта клубники,sorta-klubniki.xlsx,HostsTable,2026-10-08T10:08:41.085619+00:00,svoefermerstvo.ru,True
сорта клубники,sorta-klubniki.xlsx,HostsTable,2026-10-08T10:08:41.085619+00:00,myseldon.com,True
сорта клубники,sorta-klubniki.xlsx,HostsTable,2026-10-08T10:08:41.085619+00:00,ngs.ru,True
сорта клубники,sorta-klubniki.xlsx,HostsTable,2026-10-08T10:08:41.085619+00:00,wcb.ru,True
сорта клубники,sorta-klubniki.xlsx,HostsTable,2026-10-08T10:08:41.085619+00:00,rbc.ru,True
сорта клубники,sorta-klubniki.xlsx,HostsTable,2026-10-08T10:08:41.085619+00:00,obrezka-sada.ru,True
сорта клубники,sorta-klubniki.xlsx,HostsTable,2026-10-08T10:08:41.085619+00:00,zolotaya-yagoda.ru,False
сорта клубники,sorta-klubniki.xlsx,HostsTable,2026-10-08T10:08:41.085619+00:00,tvoisad54.ru,False
сорта клубники,sorta-klubniki.xlsx,HostsTable,2026-10-08T10:08:41.085619+00:00,rozarugoza.ru,True
сорта клубники,sorta-klubniki.xlsx,HostsTable,2026-10-08T10:08:41.085619+00:00,abekker.ru,True
сорта клубники,sorta-klubniki.xlsx,HostsTable,2026-10-08T10:08:41.085619+00:00,ogorodexpert.ru,False
сорта клубники,sorta-klubniki.xlsx,HostsTable,2026-10-08T10:08:41.085619+00:00,xn----9sbem0ab6c3a2cwac.xn--p1ai,False
сорта клубники,sorta-klubniki.xlsx,HostsTable,2026-10-08T10:08:41.085619+00:00,xn--80acirfxhsu3c.xn--p1ai,False
сорта клубники,sorta-klubniki.xlsx,HostsTable,2026-10-08T10:08:41.085619+00:00,xn----8sblodcfagmr2ao4g5b.xn--p1ai,True
сорта клубники,sorta-klubniki.xlsx,HostsTable,2026-10-08T10:08:41.085619+00:00,glav-dacha.ru,True
сорта клубники,sorta-klubniki.xlsx,HostsTable,2026-10-08T10:08:41.085619+00:00,pitomnik-bereza.ru,False
сорта клубники,sorta-klubniki.xlsx,HostsTable,2026-10-08T10:08:41.085619+00:00,topiki.top,True
сорта клубники,sorta-klubniki.xlsx,HostsTable,2026-10-08T10:08:41.085619+00:00,otzyvpro.top,False
сорта клубники,sorta-klubniki.xlsx,HostsTable,2026-10-08T10:08:41.085619+00:00,vplate.ru,True
сорта клубники,sorta-klubniki.xlsx,HostsTable,2026-10-08T10:08:41.085619+00:00,fb.ru,True
сорта клубники,sorta-klubniki.xlsx,HostsTable,2026-10-08T10:08:41.085619+00:00,vhoz.ru,True
сорта клубники,sorta-klubniki.xlsx,HostsTable,2026-10-08T10:08:41.085619+00:00,sad-sazhencev.ru,False
сорта клубники,sorta-klubniki.xlsx,HostsTable,2026-10-08T10:08:41.085619+00:00,yagoda-klubnika.by,True
сорта клубники,sorta-klubniki.xlsx,HostsTable,2026-10-08T10:08:41.085619+00:00,vc.ru,True
сорта клубники,sorta-klubniki.xlsx,HostsTable,2026-10-08T10:08:41.085619+00:00,leplants.ru,True
сорта клубники,sorta-klubniki.xlsx,HostsTable,2026-10-08T10:08:41.085619+00:00,urozhay35.ru,True
сорта клубники,sorta-klubniki.xlsx,HostsTable,2026-10-08T10:08:41.085619+00:00,7ogorod.ru,True
сорта клубники,sorta-klubniki.xlsx,HostsTable,2026-10-08T10:08:41.085619+00:00,farpost.ru,True
сорта клубники,sorta-klubniki.xlsx,HostsTable,2026-10-08T10:08:41.085619+00:00,dikidi.net,True
сорта клубники,sorta-klubniki.xlsx,HostsTable,2026-10-08T10:08:41.085619+00:00,klubnichnyj-raj.clients.site,False
сорта клубники,sorta-klubniki.xlsx,HostsTable,2026-10-08T10:08:41.085619+00:00,greensad36.ru,True
сорта клубники,sorta-klubniki.xlsx,HostsTable,2026-10-08T10:08:41.085619+00:00,ncsemena.ru,True
сорта клубники,sorta-klubniki.xlsx,HostsTable,2026-10-08T10:08:41.085619+00:00,pitomnick.ru,False
сорта клубники,sorta-klubniki.xlsx,HostsTable,2026-10-08T10:08:41.085619+00:00,da4nik.ru,True
сорта клубники,sorta-klubniki.xlsx,HostsTable,2026-10-08T10:08:41.085619+00:00,yanashla.com,True
сорта клубники,sorta-klubniki.xlsx,HostsTable,2026-10-08T10:08:41.085619+00:00,ekosad38.ru,False
сорта клубники,sorta-klubniki.xlsx,HostsTable,2026-10-08T10:08:41.085619+00:00,dom.ru,True
сорта клубники,sorta-klubniki.xlsx,HostsTable,2026-10-08T10:08:41.085619+00:00,nikogarden.ru,True
сорта клубники,sorta-klubniki.xlsx,HostsTable,2026-10-08T10:08:41.085619+00:00,irk-sad.ru,True
сорта клубники,sorta-klubniki.xlsx,HostsTable,2026-10-08T10:08:41.085619+00:00,www.liveinternet.ru,True
сорта клубники,sorta-klubniki.xlsx,HostsTable,2026-10-08T10:08:41.085619+00:00,panor.ru,True
сорта клубники,sorta-klubniki.xlsx,HostsTable,2026-10-08T10:08:41.085619+00:00,fermerorganik.ru,False
сорта клубники,sorta-klubniki.xlsx,HostsTable,2026-10-08T10:08:41.085619+00:00,jagodnij-mix.com,True
сорта клубники,sorta-klubniki.xlsx,HostsTable,2026-10-08T10:08:41.085619+00:00,rassadoff.ru,False
сорта клубники,sorta-klubniki.xlsx,HostsTable,2026-10-08T10:08:41.085619+00:00,vberegdom.ru,False
сорта клубники,sorta-klubniki.xlsx,HostsTable,2026-10-08T10:08:41.085619+00:00,stroyday.ru,True
сорта клубники,sorta-klubniki.xlsx,HostsTable,2026-10-08T10:08:41.085619+00:00,sibir-usadba.ru,False
сорта клубники,sorta-klubniki.xlsx,HostsTable,2026-10-08T10:08:41.085619+00:00,ooopchelka.ru,False
сорта клубники,sorta-klubniki.xlsx,HostsTable,2026-10-08T10:08:41.085619+00:00,stroylandiya.ru,True
сорта малины,sorta-maliny.xlsx,HostsTable,2026-10-08T10:09:51.774434+00:00,dzen.ru,True
сорта малины,sorta-maliny.xlsx,HostsTable,2026-10-08T10:09:51.774434+00:00,kp.ru,True
сорта малины,sorta-maliny.xlsx,HostsTable,2026-10-08T10:09:51.774434+00:00,maxidom.ru,True
сорта малины,sorta-maliny.xlsx,HostsTable,2026-10-08T10:09:51.774434+00:00,velislava-sad.ru,True
сорта малины,sorta-maliny.xlsx,HostsTable,2026-10-08T10:09:51.774434+00:00,antonovsad.ru,True
сорта малины,sorta-maliny.xlsx,HostsTable,2026-10-08T10:09:51.774434+00:00,semena-zakaz.ru,True
сорта малины,sorta-maliny.xlsx,HostsTable,2026-10-08T10:09:51.774434+00:00,stroy-podskazka.ru,True
сорта малины,sorta-maliny.xlsx,HostsTable,2026-10-08T10:09:51.774434+00:00,novochag.ru,True
сорта малины,sorta-maliny.xlsx,HostsTable,2026-10-08T10:09:51.774434+00:00,ozon.ru,True
сорта малины,sorta-maliny.xlsx,HostsTable,2026-10-08T10:09:51.774434+00:00,ferma.expert,True
сорта малины,sorta-maliny.xlsx,HostsTable,2026-10-08T10:09:51.774434+00:00,semena.ru,True
сорта малины,sorta-maliny.xlsx,HostsTable,2026-10-08T10:09:51.774434+00:00,agrodecor.ru,True
сорта малины,sorta-maliny.xlsx,HostsTable,2026-10-08T10:09:51.774434+00:00,garshinka.ru,True
сорта малины,sorta-maliny.xlsx,HostsTable,2026-10-08T10:09:51.774434+00:00,pogoda.mail.ru,True
сорта малины,sorta-maliny.xlsx,HostsTable,2026-10-08T10:09:51.774434+00:00,wildberries.ru,True
сорта малины,sorta-maliny.xlsx,HostsTable,2026-10-08T10:09:51.774434+00:00,rostok-pitomnik.ru,True
сорта малины,sorta-maliny.xlsx,HostsTable,2026-10-08T10:09:51.774434+00:00,ruscemena.ru,True
сорта малины,sorta-maliny.xlsx,HostsTable,2026-10-08T10:09:51.774434+00:00,korolevskysad.ru,True
сорта малины,sorta-maliny.xlsx,HostsTable,2026-10-08T10:09:51.774434+00:00,vhoz.ru,True
сорта малины,sorta-maliny.xlsx,HostsTable,2026-10-08T10:09:51.774434+00:00,gardenmart24.ru,True
сорта малины,sorta-maliny.xlsx,HostsTable,2026-10-08T10:09:51.774434+00:00,sad-i-ogorod.ru,True
сорта малины,sorta-maliny.xlsx,HostsTable,2026-10-08T10:09:51.774434+00:00,irecommend.ru,True
сорта малины,sorta-maliny.xlsx,HostsTable,2026-10-08T10:09:51.774434+00:00,ogorod.ru,False
сорта малины,sorta-maliny.xlsx,HostsTable,2026-10-08T10:09:51.774434+00:00,rastisad.ru,True
сорта малины,sorta-maliny.xlsx,HostsTable,2026-10-08T10:09:51.774434+00:00,vk.ru,True
сорта малины,sorta-maliny.xlsx,HostsTable,2026-10-08T10:09:51.774434+00:00,isidapark.ru,True
сорта малины,sorta-maliny.xlsx,HostsTable,2026-10-08T10:09:51.774434+00:00,podvorje.ru,True
сорта малины,sorta-maliny.xlsx,HostsTable,2026-10-08T10:09:51.774434+00:00,dachnyuchastok.ru,True
сорта малины,sorta-maliny.xlsx,HostsTable,2026-10-08T10:09:51.774434+00:00,vsesazhency.ru,False
сорта малины,sorta-maliny.xlsx,HostsTable,2026-10-08T10:09:51.774434+00:00,plantsad.ru,True
сорта малины,sorta-maliny.xlsx,HostsTable,2026-10-08T10:09:51.774434+00:00,akulovka.com,True
сорта малины,sorta-maliny.xlsx,HostsTable,2026-10-08T10:09:51.774434+00:00,vashnil.ru,True
сорта малины,sorta-maliny.xlsx,HostsTable,2026-10-08T10:09:51.774434+00:00,orton.ru,True
сорта малины,sorta-maliny.xlsx,HostsTable,2026-10-08T10:09:51.774434+00:00,prosazhency.ru,True
сорта малины,sorta-maliny.xlsx,HostsTable,2026-10-08T10:09:51.774434+00:00,dachaotzyv.ru,False
сорта малины,sorta-maliny.xlsx,HostsTable,2026-10-08T10:09:51.774434+00:00,7dach.ru,True
сорта малины,sorta-maliny.xlsx,HostsTable,2026-10-08T10:09:51.774434+00:00,otzovik.com,True
сорта малины,sorta-maliny.xlsx,HostsTable,2026-10-08T10:09:51.774434+00:00,sazhency-bori.ru,True
сорта малины,sorta-maliny.xlsx,HostsTable,2026-10-08T10:09:51.774434+00:00,mossad24.ru,True
сорта малины,sorta-maliny.xlsx,HostsTable,2026-10-08T10:09:51.774434+00:00,seloveselo.online,True
сорта малины,sorta-maliny.xlsx,HostsTable,2026-10-08T10:09:51.774434+00:00,wikipedia.org,True
сорта малины,sorta-maliny.xlsx,HostsTable,2026-10-08T10:09:51.774434+00:00,supermalina.ru,True
сорта малины,sorta-maliny.xlsx,HostsTable,2026-10-08T10:09:51.774434+00:00,onlinesemena.ru,True
сорта малины,sorta-maliny.xlsx,HostsTable,2026-10-08T10:09:51.774434+00:00,kustiksad.ru,True
сорта малины,sorta-maliny.xlsx,HostsTable,2026-10-08T10:09:51.774434+00:00,market.yandex.ru,True
сорта малины,sorta-maliny.xlsx,HostsTable,2026-10-08T10:09:51.774434+00:00,regions.ru,True
сорта малины,sorta-maliny.xlsx,HostsTable,2026-10-08T10:09:51.774434+00:00,dachadacha.com,True
сорта малины,sorta-maliny.xlsx,HostsTable,2026-10-08T10:09:51.774434+00:00,ncsemena.ru,True
сорта малины,sorta-maliny.xlsx,HostsTable,2026-10-08T10:09:51.774434+00:00,xn--80aefbvrodbz.xn--p1ai,True
сорта малины,sorta-maliny.xlsx,HostsTable,2026-10-08T10:09:51.774434+00:00,avito.ru,True
сорта малины,sorta-maliny.xlsx,HostsTable,2026-10-08T10:09:51.774434+00:00,sadovayalavka.ru,True
сорта малины,sorta-maliny.xlsx,HostsTable,2026-10-08T10:09:51.774434+00:00,sinonim.org,True
сорта малины,sorta-maliny.xlsx,HostsTable,2026-10-08T10:09:51.774434+00:00,kedr812.ru,True
сорта малины,sorta-maliny.xlsx,HostsTable,2026-10-08T10:09:51.774434+00:00,blog-travushka.ru,True
сорта малины,sorta-maliny.xlsx,HostsTable,2026-10-08T10:09:51.774434+00:00,rudesignshop.ru,True
сорта малины,sorta-maliny.xlsx,HostsTable,2026-10-08T10:09:51.774434+00:00,kiskinsad.ru,True
сорта малины,sorta-maliny.xlsx,HostsTable,2026-10-08T10:09:51.774434+00:00,yandex.ru,True
сорта малины,sorta-maliny.xlsx,HostsTable,2026-10-08T10:09:51.774434+00:00,parkrasteniy.ru,True
сорта малины,sorta-maliny.xlsx,HostsTable,2026-10-08T10:09:51.774434+00:00,vsedlyasada.com,True
сорта малины,sorta-maliny.xlsx,HostsTable,2026-10-08T10:09:51.774434+00:00,xcas.ru,True
сорта малины,sorta-maliny.xlsx,HostsTable,2026-10-08T10:09:51.774434+00:00,medra.ru,True
сорта малины,sorta-maliny.xlsx,HostsTable,2026-10-08T10:09:51.774434+00:00,xn--80aalqkugr.xn--p1ai,True
сорта малины,sorta-maliny.xlsx,HostsTable,2026-10-08T10:09:51.774434+00:00,12sotok.spb.ru,False
сорта малины,sorta-maliny.xlsx,HostsTable,2026-10-08T10:09:51.774434+00:00,darvin-market.ru,True
сорта малины,sorta-maliny.xlsx,HostsTable,2026-10-08T10:09:51.774434+00:00,poncy.org,True
сорта малины,sorta-maliny.xlsx,HostsTable,2026-10-08T10:09:51.774434+00:00,omsksadovod.ru,True
сорта малины,sorta-maliny.xlsx,HostsTable,2026-10-08T10:09:51.774434+00:00,graycell.ru,True
сорта малины,sorta-maliny.xlsx,HostsTable,2026-10-08T10:09:51.774434+00:00,zpitomnik.ru,True
сорта малины,sorta-maliny.xlsx,HostsTable,2026-10-08T10:09:51.774434+00:00,plodopitomnik-sad.ru,True
сорта малины,sorta-maliny.xlsx,HostsTable,2026-10-08T10:09:51.774434+00:00,plodovyimir.ru,False
сорта малины,sorta-maliny.xlsx,HostsTable,2026-10-08T10:09:51.774434+00:00,agrosemfond.ru,True
сорта малины,sorta-maliny.xlsx,HostsTable,2026-10-08T10:09:51.774434+00:00,3-sada.ru,True
сорта малины,sorta-maliny.xlsx,HostsTable,2026-10-08T10:09:51.774434+00:00,tvoisadrus.ru,True
сорта малины,sorta-maliny.xlsx,HostsTable,2026-10-08T10:09:51.774434+00:00,1sad.shop,True
сорта малины,sorta-maliny.xlsx,HostsTable,2026-10-08T10:09:51.774434+00:00,sadkompleks.ru,True
сорта малины,sorta-maliny.xlsx,HostsTable,2026-10-08T10:09:51.774434+00:00,aznaetelivy.ru,True
сорта малины,sorta-maliny.xlsx,HostsTable,2026-10-08T10:09:51.774434+00:00,opt-hoz.ru,True
сорта малины,sorta-maliny.xlsx,HostsTable,2026-10-08T10:09:51.774434+00:00,rskrf.ru,True
сорта малины,sorta-maliny.xlsx,HostsTable,2026-10-08T10:09:51.774434+00:00,floriasib.ru,False
сорта малины,sorta-maliny.xlsx,HostsTable,2026-10-08T10:09:51.774434+00:00,xn--80aindfmf1a1d8aj.xn--p1ai,True
сорта малины,sorta-maliny.xlsx,HostsTable,2026-10-08T10:09:51.774434+00:00,plodpitomnik.ru,True
сорта малины,sorta-maliny.xlsx,HostsTable,2026-10-08T10:09:51.774434+00:00,rampitomnik.ru,False
сорта малины,sorta-maliny.xlsx,HostsTable,2026-10-08T10:09:51.774434+00:00,romashkino.ru,True
сорта малины,sorta-maliny.xlsx,HostsTable,2026-10-08T10:09:51.774434+00:00,malinaexpert.sbs,True
сорта малины,sorta-maliny.xlsx,HostsTable,2026-10-08T10:09:51.774434+00:00,xn--80aam0cf1a8b.xn--p1ai,True
сорта малины,sorta-maliny.xlsx,HostsTable,2026-10-08T10:09:51.774434+00:00,vsesorta.ru,False
сорта малины,sorta-maliny.xlsx,HostsTable,2026-10-08T10:09:51.774434+00:00,ezhemarina.ru,True
сорта малины,sorta-maliny.xlsx,HostsTable,2026-10-08T10:09:51.774434+00:00,sibirskiy-oazis.ru,True
сорта малины,sorta-maliny.xlsx,HostsTable,2026-10-08T10:09:51.774434+00:00,fermilon.ru,True
сорта малины,sorta-maliny.xlsx,HostsTable,2026-10-08T10:09:51.774434+00:00,poncy.ru,True
сорта малины,sorta-maliny.xlsx,HostsTable,2026-10-08T10:09:51.774434+00:00,organic-mix.ru,True
сорта малины,sorta-maliny.xlsx,HostsTable,2026-10-08T10:09:51.774434+00:00,codycross-otvety.ru,True
сорта малины,sorta-maliny.xlsx,HostsTable,2026-10-08T10:09:51.774434+00:00,belta.by,True
сорта малины,sorta-maliny.xlsx,HostsTable,2026-10-08T10:09:51.774434+00:00,lenta.ru,True
сорта малины,sorta-maliny.xlsx,HostsTable,2026-10-08T10:09:51.774434+00:00,vk.com,True
сорта малины,sorta-maliny.xlsx,HostsTable,2026-10-08T10:09:51.774434+00:00,lubvit.ru,True
сорта малины,sorta-maliny.xlsx,HostsTable,2026-10-08T10:09:51.774434+00:00,peterpeat.ru,True
сорта малины,sorta-maliny.xlsx,HostsTable,2026-10-08T10:09:51.774434+00:00,sadovod-yasenevo.ru,True
сорта малины,sorta-maliny.xlsx,HostsTable,2026-10-08T10:09:51.774434+00:00,yagodnykust.ru,True
сорта малины,sorta-maliny.xlsx,HostsTable,2026-10-08T10:09:51.774434+00:00,sad-i-ogorod.com,True
сорта малины,sorta-maliny.xlsx,HostsTable,2026-10-08T10:09:51.774434+00:00,glav-dacha.ru,True
сорта малины,sorta-maliny.xlsx,HostsTable,2026-10-08T10:09:51.774434+00:00,rutube.ru,True
сорта малины,sorta-maliny.xlsx,HostsTable,2026-10-08T10:09:51.774434+00:00,rastenia-biolit.ru,True
сорта малины,sorta-maliny.xlsx,HostsTable,2026-10-08T10:09:51.774434+00:00,mnogo-rastenii.ru,True
сорта малины,sorta-maliny.xlsx,HostsTable,2026-10-08T10:09:51.774434+00:00,green-code.ru,True
сорта малины,sorta-maliny.xlsx,HostsTable,2026-10-08T10:09:51.774434+00:00,rastenika.ru,True
сорта малины,sorta-maliny.xlsx,HostsTable,2026-10-08T10:09:51.774434+00:00,botanichka.ru,True
сорта малины,sorta-maliny.xlsx,HostsTable,2026-10-08T10:09:51.774434+00:00,forumhouse.ru,True
сорта малины,sorta-maliny.xlsx,HostsTable,2026-10-08T10:09:51.774434+00:00,xn--j1abjnl0c.xn--80adxhks,True
сорта малины,sorta-maliny.xlsx,HostsTable,2026-10-08T10:09:51.774434+00:00,luchshii-sad.ru,True
сорта малины,sorta-maliny.xlsx,HostsTable,2026-10-08T10:09:51.774434+00:00,pikabu.ru,True
сорта малины,sorta-maliny.xlsx,HostsTable,2026-10-08T10:09:51.774434+00:00,legendi-rastenii.ru,True
сорта малины,sorta-maliny.xlsx,HostsTable,2026-10-08T10:09:51.774434+00:00,malina-vip.ru,False
сорта малины,sorta-maliny.xlsx,HostsTable,2026-10-08T10:09:51.774434+00:00,xn--59-6kcm9cl.xn--p1ai,True
сорта малины,sorta-maliny.xlsx,HostsTable,2026-10-08T10:09:51.774434+00:00,martin-sad.ru,True
сорта малины,sorta-maliny.xlsx,HostsTable,2026-10-08T10:09:51.774434+00:00,pitomniksolnce.ru,False
сорта малины,sorta-maliny.xlsx,HostsTable,2026-10-08T10:09:51.774434+00:00,kalinka.market,True
сорта малины,sorta-maliny.xlsx,HostsTable,2026-10-08T10:09:51.774434+00:00,td-gridino.ru,True
сорта малины,sorta-maliny.xlsx,HostsTable,2026-10-08T10:09:51.774434+00:00,xn--b1aagc5asfn.xn--p1ai,True
сорта малины,sorta-maliny.xlsx,HostsTable,2026-10-08T10:09:51.774434+00:00,plodovyipitomnik.ru,True
сорта малины,sorta-maliny.xlsx,HostsTable,2026-10-08T10:09:51.774434+00:00,prihoz.ru,True
сорта малины,sorta-maliny.xlsx,HostsTable,2026-10-08T10:09:51.774434+00:00,sortoved.ru,True
сорта малины,sorta-maliny.xlsx,HostsTable,2026-10-08T10:09:51.774434+00:00,fialka.tomsk.ru,True
сорта малины,sorta-maliny.xlsx,HostsTable,2026-10-08T10:09:51.774434+00:00,bolshoyvopros.ru,True
сорта малины,sorta-maliny.xlsx,HostsTable,2026-10-08T10:09:51.774434+00:00,yagoda-klubnika.by,True
сорта малины,sorta-maliny.xlsx,HostsTable,2026-10-08T10:09:51.774434+00:00,rassada4all.ru,False
сорта малины,sorta-maliny.xlsx,HostsTable,2026-10-08T10:09:51.774434+00:00,labora.by,True
сорта малины,sorta-maliny.xlsx,HostsTable,2026-10-08T10:09:51.774434+00:00,gribanovosad.ru,True
сорта малины,sorta-maliny.xlsx,HostsTable,2026-10-08T10:09:51.774434+00:00,vlg-media.ru,True
сорта малины,sorta-maliny.xlsx,HostsTable,2026-10-08T10:09:51.774434+00:00,ivd.ru,True
сорта малины,sorta-maliny.xlsx,HostsTable,2026-10-08T10:09:51.774434+00:00,sad-crimea.ru,True
сорта малины,sorta-maliny.xlsx,HostsTable,2026-10-08T10:09:51.774434+00:00,jagodnij-mix.com,True
сорта малины,sorta-maliny.xlsx,HostsTable,2026-10-08T10:09:51.774434+00:00,www.nn.ru,True
сорта малины,sorta-maliny.xlsx,HostsTable,2026-10-08T10:09:51.774434+00:00,abekker.ru,True
сорта малины,sorta-maliny.xlsx,HostsTable,2026-10-08T10:09:51.774434+00:00,sapery123.ru,False
сорта малины,sorta-maliny.xlsx,HostsTable,2026-10-08T10:09:51.774434+00:00,agronom.expert,True
сорта малины,sorta-maliny.xlsx,HostsTable,2026-10-08T10:09:51.774434+00:00,sibsad-pitomnik.ru,True
сорта малины,sorta-maliny.xlsx,HostsTable,2026-10-08T10:09:51.774434+00:00,otvet.mail.ru,True
сорта малины,sorta-maliny.xlsx,HostsTable,2026-10-08T10:09:51.774434+00:00,arbor-pitomnik.ru,True
сорта малины,sorta-maliny.xlsx,HostsTable,2026-10-08T10:09:51.774434+00:00,m.ok.ru,True
сорта малины,sorta-maliny.xlsx,HostsTable,2026-10-08T10:09:51.774434+00:00,xn--22-6kctynmr8a6f.xn--p1ai,True
сорта малины,sorta-maliny.xlsx,HostsTable,2026-10-08T10:09:51.774434+00:00,sadovod-crimea.ru,True
сорта малины,sorta-maliny.xlsx,HostsTable,2026-10-08T10:09:51.774434+00:00,sc-victoriya.ru,True
сорта малины,sorta-maliny.xlsx,HostsTable,2026-10-08T10:09:51.774434+00:00,ogorodum.ru,True
сорта малины,sorta-maliny.xlsx,HostsTable,2026-10-08T10:09:51.774434+00:00,kbpravda.ru,True
сорта малины,sorta-maliny.xlsx,HostsTable,2026-10-08T10:09:51.774434+00:00,ok.ru,True
сорта малины,sorta-maliny.xlsx,HostsTable,2026-10-08T10:09:51.774434+00:00,modnyfermer.ru,True
сорта малины,sorta-maliny.xlsx,HostsTable,2026-10-08T10:09:51.774434+00:00,lph-syrajevka.ru,True
сорта малины,sorta-maliny.xlsx,HostsTable,2026-10-08T10:09:51.774434+00:00,xn--80ainpjo0cxac.xn--p1ai,True
сорта малины,sorta-maliny.xlsx,HostsTable,2026-10-08T10:09:51.774434+00:00,babyblog.ru,True
сорта малины,sorta-maliny.xlsx,HostsTable,2026-10-08T10:09:51.774434+00:00,pitomnik1.ru,True
сорта малины,sorta-maliny.xlsx,HostsTable,2026-10-08T10:09:51.774434+00:00,pervocvet43.ru,False
сорта малины,sorta-maliny.xlsx,HostsTable,2026-10-08T10:09:51.774434+00:00,adj.st,False
сорта малины,sorta-maliny.xlsx,HostsTable,2026-10-08T10:09:51.774434+00:00,greensad82.ru,True
сорта малины,sorta-maliny.xlsx,HostsTable,2026-10-08T10:09:51.774434+00:00,progorod43.ru,True
сорта малины,sorta-maliny.xlsx,HostsTable,2026-10-08T10:09:51.774434+00:00,xn--80aadbm0elc3d.xn--p1ai,False
сорта малины,sorta-maliny.xlsx,HostsTable,2026-10-08T10:09:51.774434+00:00,opitomnik.ru,False
сорта малины,sorta-maliny.xlsx,HostsTable,2026-10-08T10:09:51.774434+00:00,pravda.ru,True
сорта малины,sorta-maliny.xlsx,HostsTable,2026-10-08T10:09:51.774434+00:00,hozyaistvo.com,True
сорта малины,sorta-maliny.xlsx,HostsTable,2026-10-08T10:09:51.774434+00:00,expertcen.ru,True
сорта малины,sorta-maliny.xlsx,HostsTable,2026-10-08T10:09:51.774434+00:00,egemalina.ru,False
сорта малины,sorta-maliny.xlsx,HostsTable,2026-10-08T10:09:51.774434+00:00,pitomnik-rastenij.ru,True
сорта малины,sorta-maliny.xlsx,HostsTable,2026-10-08T10:09:51.774434+00:00,sibklen.ru,False
сорта малины,sorta-maliny.xlsx,HostsTable,2026-10-08T10:09:51.774434+00:00,superklubnika.by,True
сорта малины,sorta-maliny.xlsx,HostsTable,2026-10-08T10:09:51.774434+00:00,ixbt.com,True
сорта малины,sorta-maliny.xlsx,HostsTable,2026-10-08T10:09:51.774434+00:00,yug-poliv.ru,True
сорта малины,sorta-maliny.xlsx,HostsTable,2026-10-08T10:09:51.774434+00:00,wcb.ru,True
сорта малины,sorta-maliny.xlsx,HostsTable,2026-10-08T10:09:51.774434+00:00,wellsad.ru,True
сорта малины,sorta-maliny.xlsx,HostsTable,2026-10-08T10:09:51.774434+00:00,sad-express24.ru,True
сорта малины,sorta-maliny.xlsx,HostsTable,2026-10-08T10:09:51.774434+00:00,skystroy.by,True
сорта малины,sorta-maliny.xlsx,HostsTable,2026-10-08T10:09:51.774434+00:00,leplants.ru,True
сорта малины,sorta-maliny.xlsx,HostsTable,2026-10-08T10:09:51.774434+00:00,luba-jagoda.com,True
сорта малины,sorta-maliny.xlsx,HostsTable,2026-10-08T10:09:51.774434+00:00,agrotehcom.ru,True
сорта малины,sorta-maliny.xlsx,HostsTable,2026-10-08T10:09:51.774434+00:00,sadoviy-kray.by,False
сорта малины,sorta-maliny.xlsx,HostsTable,2026-10-08T10:09:51.774434+00:00,cvety-lpk.ru,True
сорта малины,sorta-maliny.xlsx,HostsTable,2026-10-08T10:09:51.774434+00:00,spb-dolina.ru,False
сорта малины,sorta-maliny.xlsx,HostsTable,2026-10-08T10:09:51.774434+00:00,slavusadba.ru,True
сорта малины,sorta-maliny.xlsx,HostsTable,2026-10-08T10:09:51.774434+00:00,agrolib.ru,True
сорта малины,sorta-maliny.xlsx,HostsTable,2026-10-08T10:09:51.774434+00:00,aif.ru,True
сорта малины,sorta-maliny.xlsx,HostsTable,2026-10-08T10:09:51.774434+00:00,klubnichniyhutorok.by,True
сорта малины,sorta-maliny.xlsx,HostsTable,2026-10-08T10:09:51.774434+00:00,vplate.ru,True
сорта малины,sorta-maliny.xlsx,HostsTable,2026-10-08T10:09:51.774434+00:00,tanynadacha.ru,True
сорта малины,sorta-maliny.xlsx,HostsTable,2026-10-08T10:09:51.774434+00:00,pitomnik-rose.ru,True
сорта малины,sorta-maliny.xlsx,HostsTable,2026-10-08T10:09:51.774434+00:00,semenasad.ru,True
сорта малины,sorta-maliny.xlsx,HostsTable,2026-10-08T10:09:51.774434+00:00,plantarium.ru,True
сорта малины,sorta-maliny.xlsx,HostsTable,2026-10-08T10:09:51.774434+00:00,svoevse.ru,True
сорта малины,sorta-maliny.xlsx,HostsTable,2026-10-08T10:09:51.774434+00:00,microklon.ru,True
сорта малины,sorta-maliny.xlsx,HostsTable,2026-10-08T10:09:51.774434+00:00,poryadok.ru,True
сорта малины,sorta-maliny.xlsx,HostsTable,2026-10-08T10:09:51.774434+00:00,vkvideo.ru,True
сорта малины,sorta-maliny.xlsx,HostsTable,2026-10-08T10:09:51.774434+00:00,tomat-pomidor.com,True
сорта малины,sorta-maliny.xlsx,HostsTable,2026-10-08T10:09:51.774434+00:00,gardenmart24.com,False
сорта малины,sorta-maliny.xlsx,HostsTable,2026-10-08T10:09:51.774434+00:00,vladnews.ru,True
сорта малины,sorta-maliny.xlsx,HostsTable,2026-10-08T10:09:51.774434+00:00,panor.ru,True
сорта малины,sorta-maliny.xlsx,HostsTable,2026-10-08T10:09:51.774434+00:00,sarsad.ru,True
сорта малины,sorta-maliny.xlsx,HostsTable,2026-10-08T10:09:51.774434+00:00,mirfermera.ru,True
сорта малины,sorta-maliny.xlsx,HostsTable,2026-10-08T10:09:51.774434+00:00,2gis.ru,True
сорта малины,sorta-maliny.xlsx,HostsTable,2026-10-08T10:09:51.774434+00:00,otzyvpro.top,False
сорта малины,sorta-maliny.xlsx,HostsTable,2026-10-08T10:09:51.774434+00:00,yagoda-sib.ru,False
сорта малины,sorta-maliny.xlsx,HostsTable,2026-10-08T10:09:51.774434+00:00,greenagrosad.ru,True
сорта малины,sorta-maliny.xlsx,HostsTable,2026-10-08T10:09:51.774434+00:00,6sotok24.ru,False
сорта малины,sorta-maliny.xlsx,HostsTable,2026-10-08T10:09:51.774434+00:00,mds.yandex.net,False
сорта малины,sorta-maliny.xlsx,HostsTable,2026-10-08T10:09:51.774434+00:00,redras.ru,True
сорта малины,sorta-maliny.xlsx,HostsTable,2026-10-08T10:09:51.774434+00:00,botan-ai.ru,True
сорта малины,sorta-maliny.xlsx,HostsTable,2026-10-08T10:09:51.774434+00:00,mamrabota.ru,False
сорта малины,sorta-maliny.xlsx,HostsTable,2026-10-08T10:09:51.774434+00:00,zlatakrona.com,False
сорта малины,sorta-maliny.xlsx,HostsTable,2026-10-08T10:09:51.774434+00:00,severok1.ru,True
сорта малины,sorta-maliny.xlsx,HostsTable,2026-10-08T10:09:51.774434+00:00,sibir-sad.ru,False
сорта малины,sorta-maliny.xlsx,HostsTable,2026-10-08T10:09:51.774434+00:00,vsaduidoma.com,True
сорта малины,sorta-maliny.xlsx,HostsTable,2026-10-08T10:09:51.774434+00:00,greenory.online,False
сорта малины,sorta-maliny.xlsx,HostsTable,2026-10-08T10:09:51.774434+00:00,irk-sad.ru,True
сорта малины,sorta-maliny.xlsx,HostsTable,2026-10-08T10:09:51.774434+00:00,terra29.ru,False
сорта малины,sorta-maliny.xlsx,HostsTable,2026-10-08T10:09:51.774434+00:00,sad-plodov.ru,False
сорта малины,sorta-maliny.xlsx,HostsTable,2026-10-08T10:09:51.774434+00:00,zeleny-sad37.ru,False
тибетская малина,tibetskaya-malina.xlsx,HostsTable,2026-10-08T12:16:21.840959+00:00,dzen.ru,True
тибетская малина,tibetskaya-malina.xlsx,HostsTable,2026-10-08T12:16:21.840959+00:00,kp.ru,True
тибетская малина,tibetskaya-malina.xlsx,HostsTable,2026-10-08T12:16:21.840959+00:00,maxidom.ru,True
тибетская малина,tibetskaya-malina.xlsx,HostsTable,2026-10-08T12:16:21.840959+00:00,velislava-sad.ru,True
тибетская малина,tibetskaya-malina.xlsx,HostsTable,2026-10-08T12:16:21.840959+00:00,antonovsad.ru,True
тибетская малина,tibetskaya-malina.xlsx,HostsTable,2026-10-08T12:16:21.840959+00:00,semena-zakaz.ru,True
тибетская малина,tibetskaya-malina.xlsx,HostsTable,2026-10-08T12:16:21.840959+00:00,novochag.ru,True
тибетская малина,tibetskaya-malina.xlsx,HostsTable,2026-10-08T12:16:21.840959+00:00,ozon.ru,True
тибетская малина,tibetskaya-malina.xlsx,HostsTable,2026-10-08T12:16:21.840959+00:00,wildberries.ru,True
тибетская малина,tibetskaya-malina.xlsx,HostsTable,2026-10-08T12:16:21.840959+00:00,isidapark.ru,True
тибетская малина,tibetskaya-malina.xlsx,HostsTable,2026-10-08T12:16:21.840959+00:00,agrodecor.ru,True
тибетская малина,tibetskaya-malina.xlsx,HostsTable,2026-10-08T12:16:21.840959+00:00,garshinka.ru,True
тибетская малина,tibetskaya-malina.xlsx,HostsTable,2026-10-08T12:16:21.840959+00:00,ruscemena.ru,True
тибетская малина,tibetskaya-malina.xlsx,HostsTable,2026-10-08T12:16:21.840959+00:00,lafoy.ru,True
тибетская малина,tibetskaya-malina.xlsx,HostsTable,2026-10-08T12:16:21.840959+00:00,archive.org,True
тибетская малина,tibetskaya-malina.xlsx,HostsTable,2026-10-08T12:16:21.840959+00:00,irecommend.ru,True
тибетская малина,tibetskaya-malina.xlsx,HostsTable,2026-10-08T12:16:21.840959+00:00,lefood.menu,True
тибетская малина,tibetskaya-malina.xlsx,HostsTable,2026-10-08T12:16:21.840959+00:00,belta.by,True
тибетская малина,tibetskaya-malina.xlsx,HostsTable,2026-10-08T12:16:21.840959+00:00,floristics.info,True
тибетская малина,tibetskaya-malina.xlsx,HostsTable,2026-10-08T12:16:21.840959+00:00,korolevskysad.ru,True
тибетская малина,tibetskaya-malina.xlsx,HostsTable,2026-10-08T12:16:21.840959+00:00,vk.ru,True
тибетская малина,tibetskaya-malina.xlsx,HostsTable,2026-10-08T12:16:21.840959+00:00,hozayka.top,True
тибетская малина,tibetskaya-malina.xlsx,HostsTable,2026-10-08T12:16:21.840959+00:00,otzovik.com,True
тибетская малина,tibetskaya-malina.xlsx,HostsTable,2026-10-08T12:16:21.840959+00:00,vsesazhency.ru,False
тибетская малина,tibetskaya-malina.xlsx,HostsTable,2026-10-08T12:16:21.840959+00:00,mishugin.com,True
тибетская малина,tibetskaya-malina.xlsx,HostsTable,2026-10-08T12:16:21.840959+00:00,rudesignshop.ru,True
тибетская малина,tibetskaya-malina.xlsx,HostsTable,2026-10-08T12:16:21.840959+00:00,profile.ru,True
тибетская малина,tibetskaya-malina.xlsx,HostsTable,2026-10-08T12:16:21.840959+00:00,onlinesemena.ru,True
тибетская малина,tibetskaya-malina.xlsx,HostsTable,2026-10-08T12:16:21.840959+00:00,sadovayalavka.ru,True
тибетская малина,tibetskaya-malina.xlsx,HostsTable,2026-10-08T12:16:21.840959+00:00,delikateska.ru,True
тибетская малина,tibetskaya-malina.xlsx,HostsTable,2026-10-08T12:16:21.840959+00:00,wikipedia.org,True
тибетская малина,tibetskaya-malina.xlsx,HostsTable,2026-10-08T12:16:21.840959+00:00,avito.ru,True
тибетская малина,tibetskaya-malina.xlsx,HostsTable,2026-10-08T12:16:21.840959+00:00,kraj.by,True
тибетская малина,tibetskaya-malina.xlsx,HostsTable,2026-10-08T12:16:21.840959+00:00,blog-travushka.ru,True
тибетская малина,tibetskaya-malina.xlsx,HostsTable,2026-10-08T12:16:21.840959+00:00,mirfermera.ru,True
тибетская малина,tibetskaya-malina.xlsx,HostsTable,2026-10-08T12:16:21.840959+00:00,ixbt.com,True
тибетская малина,tibetskaya-malina.xlsx,HostsTable,2026-10-08T12:16:21.840959+00:00,xn----7sbahcidia5fd3ae5rh.xn--p1ai,True
тибетская малина,tibetskaya-malina.xlsx,HostsTable,2026-10-08T12:16:21.840959+00:00,rutube.ru,True
тибетская малина,tibetskaya-malina.xlsx,HostsTable,2026-10-08T12:16:21.840959+00:00,ferma.expert,True
тибетская малина,tibetskaya-malina.xlsx,HostsTable,2026-10-08T12:16:21.840959+00:00,postila.ru,True
тибетская малина,tibetskaya-malina.xlsx,HostsTable,2026-10-08T12:16:21.840959+00:00,market.yandex.ru,True
тибетская малина,tibetskaya-malina.xlsx,HostsTable,2026-10-08T12:16:21.840959+00:00,bolshoyvopros.ru,True
тибетская малина,tibetskaya-malina.xlsx,HostsTable,2026-10-08T12:16:21.840959+00:00,megapteka.ru,True
тибетская малина,tibetskaya-malina.xlsx,HostsTable,2026-10-08T12:16:21.840959+00:00,vsesorta.ru,False
тибетская малина,tibetskaya-malina.xlsx,HostsTable,2026-10-08T12:16:21.840959+00:00,yandex.ru,True
тибетская малина,tibetskaya-malina.xlsx,HostsTable,2026-10-08T12:16:21.840959+00:00,peterpeat.ru,True
тибетская малина,tibetskaya-malina.xlsx,HostsTable,2026-10-08T12:16:21.840959+00:00,myseldon.com,True
тибетская малина,tibetskaya-malina.xlsx,HostsTable,2026-10-08T12:16:21.840959+00:00,plodopitomnik-sad.by,True
тибетская малина,tibetskaya-malina.xlsx,HostsTable,2026-10-08T12:16:21.840959+00:00,stroy-podskazka.ru,True
тибетская малина,tibetskaya-malina.xlsx,HostsTable,2026-10-08T12:16:21.840959+00:00,vk.com,True
тибетская малина,tibetskaya-malina.xlsx,HostsTable,2026-10-08T12:16:21.840959+00:00,ovkuse.ru,True
тибетская малина,tibetskaya-malina.xlsx,HostsTable,2026-10-08T12:16:21.840959+00:00,daniosvet.ru,True
тибетская малина,tibetskaya-malina.xlsx,HostsTable,2026-10-08T12:16:21.840959+00:00,ncsemena.ru,True
тибетская малина,tibetskaya-malina.xlsx,HostsTable,2026-10-08T12:16:21.840959+00:00,glav-dacha.ru,True
тибетская малина,tibetskaya-malina.xlsx,HostsTable,2026-10-08T12:16:21.840959+00:00,pikabu.ru,True
тибетская малина,tibetskaya-malina.xlsx,HostsTable,2026-10-08T12:16:21.840959+00:00,plodopitomnik-sad.ru,True
тибетская малина,tibetskaya-malina.xlsx,HostsTable,2026-10-08T12:16:21.840959+00:00,svoevse.ru,True
тибетская малина,tibetskaya-malina.xlsx,HostsTable,2026-10-08T12:16:21.840959+00:00,pinterest.com,True
тибетская малина,tibetskaya-malina.xlsx,HostsTable,2026-10-08T12:16:21.840959+00:00,popcornnews.ru,True
тибетская малина,tibetskaya-malina.xlsx,HostsTable,2026-10-08T12:16:21.840959+00:00,orton.ru,True
тибетская малина,tibetskaya-malina.xlsx,HostsTable,2026-10-08T12:16:21.840959+00:00,art-eda.info,True
тибетская малина,tibetskaya-malina.xlsx,HostsTable,2026-10-08T12:16:21.840959+00:00,malinaru.ru,False
тибетская малина,tibetskaya-malina.xlsx,HostsTable,2026-10-08T12:16:21.840959+00:00,tiktok.com,True
тибетская малина,tibetskaya-malina.xlsx,HostsTable,2026-10-08T12:16:21.840959+00:00,plodopitomnik.by,False
тибетская малина,tibetskaya-malina.xlsx,HostsTable,2026-10-08T12:16:21.840959+00:00,poleznii-site.ru,True
тибетская малина,tibetskaya-malina.xlsx,HostsTable,2026-10-08T12:16:21.840959+00:00,agronomvip.ru,False
тибетская малина,tibetskaya-malina.xlsx,HostsTable,2026-10-08T12:16:21.840959+00:00,habinfo.ru,True
тибетская малина,tibetskaya-malina.xlsx,HostsTable,2026-10-08T12:16:21.840959+00:00,sadovodklin.ru,True
тибетская малина,tibetskaya-malina.xlsx,HostsTable,2026-10-08T12:16:21.840959+00:00,gardenmart24.ru,True
тибетская малина,tibetskaya-malina.xlsx,HostsTable,2026-10-08T12:16:21.840959+00:00,pravda.ru,True
тибетская малина,tibetskaya-malina.xlsx,HostsTable,2026-10-08T12:16:21.840959+00:00,sadovnik-sam.ru,False
тибетская малина,tibetskaya-malina.xlsx,HostsTable,2026-10-08T12:16:21.840959+00:00,xn----7sbbagshtonjfkd4at4v.xn--p1ai,False
тибетская малина,tibetskaya-malina.xlsx,HostsTable,2026-10-08T12:16:21.840959+00:00,news.ru,True
тибетская малина,tibetskaya-malina.xlsx,HostsTable,2026-10-08T12:16:21.840959+00:00,redras.ru,True
тибетская малина,tibetskaya-malina.xlsx,HostsTable,2026-10-08T12:16:21.840959+00:00,adj.st,False
тибетская малина,tibetskaya-malina.xlsx,HostsTable,2026-10-08T12:16:21.840959+00:00,fb.ru,True
тибетская малина,tibetskaya-malina.xlsx,HostsTable,2026-10-08T12:16:21.840959+00:00,iamcook.ru,True
тибетская малина,tibetskaya-malina.xlsx,HostsTable,2026-10-08T12:16:21.840959+00:00,7dach.ru,True
тибетская малина,tibetskaya-malina.xlsx,HostsTable,2026-10-08T12:16:21.840959+00:00,ok.ru,True
тибетская малина,tibetskaya-malina.xlsx,HostsTable,2026-10-08T12:16:21.840959+00:00,akulovka.com,True
тибетская малина,tibetskaya-malina.xlsx,HostsTable,2026-10-08T12:16:21.840959+00:00,ogorodum.ru,True
тибетская малина,tibetskaya-malina.xlsx,HostsTable,2026-10-08T12:16:21.840959+00:00,say7.info,True
тибетская малина,tibetskaya-malina.xlsx,HostsTable,2026-10-08T12:16:21.840959+00:00,gastronom.ru,True
тибетская малина,tibetskaya-malina.xlsx,HostsTable,2026-10-08T12:16:21.840959+00:00,newsnn.ru,True
тибетская малина,tibetskaya-malina.xlsx,HostsTable,2026-10-08T12:16:21.840959+00:00,vsaduidoma.com,True
тибетская малина,tibetskaya-malina.xlsx,HostsTable,2026-10-08T12:16:21.840959+00:00,greenory.online,False
тибетская малина,tibetskaya-malina.xlsx,HostsTable,2026-10-08T12:16:21.840959+00:00,youtube.com,True
тибетская малина,tibetskaya-malina.xlsx,HostsTable,2026-10-08T12:16:21.840959+00:00,botanichka.ru,True
тибетская малина,tibetskaya-malina.xlsx,HostsTable,2026-10-08T12:16:21.840959+00:00,kylinariya.ru,True
тибетская малина,tibetskaya-malina.xlsx,HostsTable,2026-10-08T12:16:21.840959+00:00,edimdoma.ru,True
тибетская малина,tibetskaya-malina.xlsx,HostsTable,2026-10-08T12:16:21.840959+00:00,therecepts.com,True
тибетская малина,tibetskaya-malina.xlsx,HostsTable,2026-10-08T12:16:21.840959+00:00,m.ok.ru,True
тибетская малина,tibetskaya-malina.xlsx,HostsTable,2026-10-08T12:16:21.840959+00:00,mds.yandex.net,False
