"query","monthly_users_exact_form","monthly_search_clicks","competition","canonical_url","answer_anchor","answer_type","missing_resources","photo_source_url","review_source_urls","review_resource_kinds"
"болезни клубники","1026","1273","Низкая","https://malinaklubnika.ru/zhurnal/bolezni-klubniki-priznaki-i-proverka/","section-1","editorial_answer","","","",""
"болезни клубники описание с фотографиями","824","1215","Низкая","https://malinaklubnika.ru/zhurnal/bolezni-klubniki-priznaki-i-proverka/","section-6","editorial_answer","","","",""
"как вырастить клубнику из семян","741","723","Низкая","https://malinaklubnika.ru/zhurnal/kak-vyrastit-klubniku-iz-semyan/","section-2","editorial_answer","","","",""
"азия клубника описание","718","587","Низкая","https://malinaklubnika.ru/sorta/aziya/","seo-opisanie","cultivar_passport","","https://horticulturejournal.usamv.ro/pdf/2024/issue_1/Art2.pdf#page=3","https://7dach.ru/Roselin/klubnika-aziya-moi-vpechatleniya-pervyy-opyt-302706.html; https://dachaotzyv.ru/klubnika-aziya/","grower_diary; external_published_reader_accounts"
"как вырастить клубнику из семян в домашних условиях","568","565","Низкая","https://malinaklubnika.ru/zhurnal/kak-vyrastit-klubniku-iz-semyan/","section-2","editorial_answer","","","",""
"болезни клубники описание с фотографиями и способы лечения летом","542","899","Низкая","https://malinaklubnika.ru/zhurnal/bolezni-klubniki-priznaki-i-proverka/","section-6","editorial_answer","","","",""
"болезни клубники фото и описание чем лечить","405","678","Низкая","https://malinaklubnika.ru/zhurnal/bolezni-klubniki-priznaki-i-proverka/","section-6","editorial_answer","","","",""
"болезни клубники описание с фотографиями и способы лечения","341","532","Низкая","https://malinaklubnika.ru/zhurnal/bolezni-klubniki-priznaki-i-proverka/","section-6","editorial_answer","","","",""
"дидимелла на малине как бороться","277","290","Низкая","https://malinaklubnika.ru/zhurnal/didimella-maliny-priznaki-i-proverka/","section-1","editorial_answer","","","",""
"малина таруса описание сорта фото отзывы садоводов","236","261","Низкая","https://malinaklubnika.ru/sorta/tarusa/","otzyvy","cultivar_passport","","https://7dach.ru/SvetikOdessa/malinovoe-derevo_2-72683.html","https://7dach.ru/SvetikOdessa/malinovoe-derevo_2-72683.html; https://dachaotzyv.ru/malina-tarusa/","grower_diary; external_published_reader_accounts"
"трипсы на клубнике","195","224","Низкая","https://malinaklubnika.ru/zhurnal/tripsy-na-klubnike-priznaki/","section-1","editorial_answer","","","",""
"чем подкормить малину в июле","176","133","Низкая","https://malinaklubnika.ru/zhurnal/chem-podkormit-malinu-po-fazam/","section-2","editorial_answer","","","",""
"лучшие сорта малины для подмосковья","173","256","Низкая","https://malinaklubnika.ru/zhurnal/sorta-maliny-dlya-podmoskovya-kak-vybrat/","section-1","editorial_answer","","","",""
"тибетская малина отзывы","159","158","Низкая","https://malinaklubnika.ru/zhurnal/tibetskaya-malina-kakoe-rastenie/","section-4","editorial_answer","","","",""
"клубника чамора туруси описание сорта фото отзывы садоводов урожайность","153","167","Низкая","https://malinaklubnika.ru/sorta/strawberry-chamora-turusi/","seo-reviews","cultivar_passport","","https://dachaotzyv.ru/klubnika-chamora-turusi/","https://dachaotzyv.ru/klubnika-chamora-turusi/","external_published_reader_accounts"
"тля на малине чем обработать","150","244","Низкая","https://malinaklubnika.ru/zhurnal/tlya-na-maline-chto-delat/","section-1","editorial_answer","","","",""
"трипсы на клубнике фото и борьба с ними","144","222","Низкая","https://malinaklubnika.ru/zhurnal/tripsy-na-klubnike-priznaki/","section-3","editorial_answer","","","",""
"болезни клубники фото","143","209","Низкая","https://malinaklubnika.ru/zhurnal/bolezni-klubniki-priznaki-i-proverka/","section-6","editorial_answer","","","",""
"клубника ания описание сорта","140","141","Низкая","https://malinaklubnika.ru/sorta/aniya/","seo-opisanie","cultivar_passport","","https://patents.google.com/patent/USPP32221P3/en","",""
"малина гордость россии описание сорта фото отзывы","133","155","Низкая","https://malinaklubnika.ru/sorta/gordost-rossii/","seo-reviews","cultivar_passport","photo","","https://7dach.ru/Alex_Eskin/podelites-opytom-vyraschivaniya-maliny-gordost-rossii-221162.html","grower_diary"
"гигантелла клубника описание сорта фото отзывы садоводов","120","128","Низкая","https://malinaklubnika.ru/sorta/gigantella/","seo-reviews","cultivar_passport","","https://7dach.ru/IgorKS/vkus-radosti---zemlyanika-gigantella-134540.html","https://7dach.ru/IgorKS/vkus-radosti---zemlyanika-gigantella-134540.html; https://dachaotzyv.ru/klubnika-gigantella/","grower_diary; external_published_reader_accounts"
"чамора туруси клубника описание сорта фото отзывы садоводов урожайность","118","115","Низкая","https://malinaklubnika.ru/sorta/strawberry-chamora-turusi/","seo-reviews","cultivar_passport","","https://dachaotzyv.ru/klubnika-chamora-turusi/","https://dachaotzyv.ru/klubnika-chamora-turusi/","external_published_reader_accounts"
"малина маравила описание сорта фото отзывы садоводов урожайность","117","119","Низкая","https://malinaklubnika.ru/sorta/maravilla/","seo-reviews","cultivar_passport","","https://patents.google.com/patent/USPP14804P2/en","https://dachaotzyv.ru/malina-maravilla/","external_published_reader_accounts"
"клубника прими описание сорта","115","119","Низкая","https://malinaklubnika.ru/sorta/strawberry-premy/","seo-opisanie","cultivar_passport","","","",""
"дидимелла на малине фото","114","117","Низкая","https://malinaklubnika.ru/zhurnal/didimella-maliny-priznaki-i-proverka/","section-1","editorial_answer","","","",""
"монилиоз малины фото","113","142","Низкая","https://malinaklubnika.ru/zhurnal/sohnut-i-gniyut-yagody-maliny/","section-1","editorial_answer","","","",""
"априка клубника описание сорта фото отзывы садоводов","108","115","Низкая","https://malinaklubnika.ru/sorta/aprika/","otzyvy","cultivar_passport","gardener_reviews","https://pmc.ncbi.nlm.nih.gov/articles/PMC11125040/","",""
"малина сказка описание сорта фото отзывы особенности выращивания","108","145","Низкая","https://malinaklubnika.ru/sorta/malina-skazka/","seo-reviews","cultivar_passport","","https://dachaotzyv.ru/malina-skazka/","https://dachaotzyv.ru/malina-skazka/","external_published_reader_accounts"
"желтеют листья клубники","102","262","Низкая","https://malinaklubnika.ru/zhurnal/zhelteet-krasneet-i-sohnet-klubnika/","section-1","editorial_answer","","","",""
"малина гордость россии описание сорта фото отзывы садоводов","100","127","Низкая","https://malinaklubnika.ru/sorta/gordost-rossii/","seo-reviews","cultivar_passport","photo","","https://7dach.ru/Alex_Eskin/podelites-opytom-vyraschivaniya-maliny-gordost-rossii-221162.html","grower_diary"
"клубника сенсация описание сорта фото отзывы садоводов урожайность","99","138","Низкая","https://malinaklubnika.ru/sorta/strawberry-sonsation/","seo-reviews","cultivar_passport","","https://flevoberry.nl/wp-content/uploads/2026/09/Sonsation-duo-2400_1600-1024x683-1.jpg","https://7dach.ru/Tangeya/bez-leta-dachniku-ne-zhit-s-iyunem-nadobno-druzhit-zhdem-rasskazov-ob-iyunskoy-pogode-327809.html?c=3; https://dachaotzyv.ru/klubnika-sensaciya/","grower_diary; external_published_reader_accounts"
"хлороз малины","99","96","Низкая","https://malinaklubnika.ru/zhurnal/hloroz-maliny-prichiny-i-proverka/","section-1","editorial_answer","","","",""
"клубника априка описание сорта фото отзывы садоводов урожайность","97","124","Низкая","https://malinaklubnika.ru/sorta/aprika/","otzyvy","cultivar_passport","gardener_reviews","https://pmc.ncbi.nlm.nih.gov/articles/PMC11125040/","",""
"чамора туруси клубника описание сорта фото отзывы","95","89","Низкая","https://malinaklubnika.ru/sorta/strawberry-chamora-turusi/","seo-reviews","cultivar_passport","","https://dachaotzyv.ru/klubnika-chamora-turusi/","https://dachaotzyv.ru/klubnika-chamora-turusi/","external_published_reader_accounts"
"болезни клубники фото и описание","91","154","Низкая","https://malinaklubnika.ru/zhurnal/bolezni-klubniki-priznaki-i-proverka/","section-6","editorial_answer","","","",""
"почему желтеют листья у малины","90","90","Низкая","https://malinaklubnika.ru/zhurnal/zhelteyut-listya-maliny-chto-proverit/","section-2","editorial_answer","","","",""
"саженцы малины rastenika","85","78","Низкая","https://malinaklubnika.ru/zhurnal/posadka-maliny/","section-1","editorial_answer","","","",""
"клубника клери описание сорта фото отзывы садоводов форум садоводов","84","123","Низкая","https://malinaklubnika.ru/sorta/kleri/","otzyvy","cultivar_passport","","https://commons.wikimedia.org/wiki/File:Clery_Gartenerdbeere.JPG","https://dachaotzyv.ru/klubnika-kleri/","external_published_reader_accounts"
"желтеют листья у малины как бороться","82","99","Низкая","https://malinaklubnika.ru/zhurnal/zhelteyut-listya-maliny-chto-proverit/","section-1","editorial_answer","","","",""
"""клубника мурано описание сорта фото отзывы""","79","85","Низкая","https://malinaklubnika.ru/sorta/murano/","otzyvy","cultivar_passport","","https://commons.wikimedia.org/wiki/File:Fraises_Murano_en_Dordogne.jpg","https://7dach.ru/NatalyaAfonchenko/leto-2024-iyun-314014.html; https://dachaotzyv.ru/klubnika-murano/","grower_diary; external_published_reader_accounts"
"лучшие сорта малины для подмосковья для открытого грунта","76","108","Низкая","https://malinaklubnika.ru/zhurnal/sorta-maliny-dlya-podmoskovya-kak-vybrat/","section-1","editorial_answer","","","",""
"""альба клубника описание сорта""","75","80","Низкая","https://malinaklubnika.ru/sorta/alba/","seo-opisanie","cultivar_passport","","https://horticulturejournal.usamv.ro/pdf/2024/issue_1/Art2.pdf#page=3","https://dachaotzyv.ru/klubnika-alba/","external_published_reader_accounts"
"болезни клубники по листьям описание с фотографиями и способы лечения","75","151","Низкая","https://malinaklubnika.ru/zhurnal/bolezni-klubniki-priznaki-i-proverka/","section-6","editorial_answer","","","",""
"лучшие сорта клубники для сибири","75","129","Низкая","https://malinaklubnika.ru/zhurnal/kak-vybrat-sort-klubniki/","section-1","editorial_answer","","","",""
"клубника кабрилло описание сорта фото отзывы садоводов урожайность","74","94","Низкая","https://malinaklubnika.ru/sorta/cabrillo/","otzyvy","cultivar_passport","","https://pmc.ncbi.nlm.nih.gov/articles/PMC8728004/","https://klubnika24.ru/obsuzhdenie-sorta-klubniki-kabrillo","external_published_reader_accounts"
"сорт азия клубника описание","73","50","Низкая","https://malinaklubnika.ru/sorta/aziya/","seo-opisanie","cultivar_passport","","https://horticulturejournal.usamv.ro/pdf/2024/issue_1/Art2.pdf#page=3","https://7dach.ru/Roselin/klubnika-aziya-moi-vpechatleniya-pervyy-opyt-302706.html; https://dachaotzyv.ru/klubnika-aziya/","grower_diary; external_published_reader_accounts"
"как избавиться от корней малины","72","93","Низкая","https://malinaklubnika.ru/zhurnal/kak-udalit-kornevuyu-porosl-maliny/","section-2","editorial_answer","","","",""
"маравилла малина описание сорта фото отзывы","72","66","Низкая","https://malinaklubnika.ru/sorta/maravilla/","seo-reviews","cultivar_passport","","https://patents.google.com/patent/USPP14804P2/en","https://dachaotzyv.ru/malina-maravilla/","external_published_reader_accounts"
"у малины желтеют листья что делать","72","86","Низкая","https://malinaklubnika.ru/zhurnal/zhelteyut-listya-maliny-chto-proverit/","section-2","editorial_answer","","","",""
"клубника априка описание сорта фото отзывы","70","89","Низкая","https://malinaklubnika.ru/sorta/aprika/","otzyvy","cultivar_passport","gardener_reviews","https://pmc.ncbi.nlm.nih.gov/articles/PMC11125040/","",""
"клубника лорд описание сорта фото отзывы садоводов урожайность характеристика и описание","70","91","Низкая","https://malinaklubnika.ru/sorta/strawberry-lord/","seo-reviews","cultivar_passport","","https://7dach.ru/Tanjeen/klubnichnyy-placdarm-nachalo-s-prodolzheniem-266576.html","https://7dach.ru/Tanjeen/klubnichnyy-placdarm-nachalo-s-prodolzheniem-266576.html; https://dachaotzyv.ru/klubnika-lord/","grower_diary; external_published_reader_accounts"
"клубника крапо 10 описание сорта фото отзывы садоводов урожайность","69","102","Низкая","https://malinaklubnika.ru/sorta/strawberry-krapo-10/","seo-reviews","cultivar_passport","photo; gardener_reviews","","",""
"клубника сенсация описание сорта фото отзывы","67","73","Низкая","https://malinaklubnika.ru/sorta/strawberry-sonsation/","seo-reviews","cultivar_passport","","https://flevoberry.nl/wp-content/uploads/2026/09/Sonsation-duo-2400_1600-1024x683-1.jpg","https://7dach.ru/Tangeya/bez-leta-dachniku-ne-zhit-s-iyunem-nadobno-druzhit-zhdem-rasskazov-ob-iyunskoy-pogode-327809.html?c=3; https://dachaotzyv.ru/klubnika-sensaciya/","grower_diary; external_published_reader_accounts"
"малина бальзам описание сорта","67","61","Низкая","https://malinaklubnika.ru/sorta/balzam/","seo-opisanie","cultivar_passport","","","",""
"хлороз малины лечение","67","91","Низкая","https://malinaklubnika.ru/zhurnal/hloroz-maliny-prichiny-i-proverka/","section-2","editorial_answer","","","",""
"почему малина червивая что надо делать","65","81","Низкая","https://malinaklubnika.ru/zhurnal/bolezni-i-vrediteli-maliny-priznaki/","section-4","editorial_answer","","","",""
"болезни виктории описание с фотографиями и способы лечения","63","106","Низкая","https://malinaklubnika.ru/zhurnal/bolezni-klubniki-priznaki-i-proverka/","section-6","editorial_answer","","","",""
"сорта малины для подмосковья","63","83","Низкая","https://malinaklubnika.ru/zhurnal/sorta-maliny-dlya-podmoskovya-kak-vybrat/","section-1","editorial_answer","","","",""
"малина маравилла описание сорта фото отзывы садоводов","62","62","Низкая","https://malinaklubnika.ru/sorta/maravilla/","seo-reviews","cultivar_passport","","https://patents.google.com/patent/USPP14804P2/en","https://dachaotzyv.ru/malina-maravilla/","external_published_reader_accounts"
"хлороз малины фото и их лечение","62","93","Низкая","https://malinaklubnika.ru/zhurnal/hloroz-maliny-prichiny-i-proverka/","section-2","editorial_answer","","","",""
"баковая смесь для обработки клубники весной от болезней и вредителей","60","94","Низкая","https://malinaklubnika.ru/zhurnal/vrediteli-klubniki-kak-razlichit/","section-4","editorial_answer","","","",""
"крапо 10 клубника описание сорта фото отзывы садоводов","60","79","Низкая","https://malinaklubnika.ru/sorta/strawberry-krapo-10/","seo-reviews","cultivar_passport","photo; gardener_reviews","","",""
"малина патриция описание сорта фото отзывы","59","77","Низкая","https://malinaklubnika.ru/sorta/patritsiya/","otzyvy","cultivar_passport","","https://dachaotzyv.ru/malina-patriciya/","https://dachaotzyv.ru/malina-patriciya/","external_published_reader_accounts"
"малина глен ампл описание сорта фото отзывы","58","83","Низкая","https://malinaklubnika.ru/sorta/glen-ample/","seo-reviews","cultivar_passport","","https://dachaotzyv.ru/malina-glen-ampl/","https://dachaotzyv.ru/malina-glen-ampl/","external_published_reader_accounts"
"почему желтеют листья у малины в июне","58","79","Низкая","https://malinaklubnika.ru/zhurnal/zhelteyut-listya-maliny-chto-proverit/","section-2","editorial_answer","","","",""
"сорта малины для подмосковья с фото и описанием урожайные сладкие","58","81","Низкая","https://malinaklubnika.ru/zhurnal/sorta-maliny-dlya-podmoskovya-kak-vybrat/","section-1","editorial_answer","","","",""
"кабрилло клубника описание сорта фото отзывы садоводов","57","68","Низкая","https://malinaklubnika.ru/sorta/cabrillo/","otzyvy","cultivar_passport","","https://pmc.ncbi.nlm.nih.gov/articles/PMC8728004/","https://klubnika24.ru/obsuzhdenie-sorta-klubniki-kabrillo","external_published_reader_accounts"
"клубника болезни и лечение с фото","56","86","Низкая","https://malinaklubnika.ru/zhurnal/bolezni-klubniki-priznaki-i-proverka/","section-6","editorial_answer","","","",""
"лучшие сорта клубники для сибири для открытого грунта","55","104","Низкая","https://malinaklubnika.ru/zhurnal/kak-vybrat-sort-klubniki/","section-1","editorial_answer","","","",""
"черная малина сорта и фото и описание","55","54","Низкая","https://malinaklubnika.ru/zhurnal/chernaya-malina-kumberlend-vyrashchivanie-i-obrezka/","section-1","editorial_answer","","","",""
"клубника гигантелла описание сорта фото отзывы садоводов урожайность характеристика и описание сорта","53","64","Низкая","https://malinaklubnika.ru/sorta/gigantella/","seo-reviews","cultivar_passport","","https://7dach.ru/IgorKS/vkus-radosti---zemlyanika-gigantella-134540.html","https://7dach.ru/IgorKS/vkus-radosti---zemlyanika-gigantella-134540.html; https://dachaotzyv.ru/klubnika-gigantella/","grower_diary; external_published_reader_accounts"
"сорта клубники для урала","53","73","Низкая","https://malinaklubnika.ru/zhurnal/kak-vybrat-sort-klubniki/","section-1","editorial_answer","","","",""
"лучшие сорта клубники для урала","51","87","Низкая","https://malinaklubnika.ru/zhurnal/kak-vybrat-sort-klubniki/","section-1","editorial_answer","","","",""
"малина таруса описание сорта фото отзывы садоводов урожайность характеристика и описание сорта","51","61","Низкая","https://malinaklubnika.ru/sorta/tarusa/","otzyvy","cultivar_passport","","https://7dach.ru/SvetikOdessa/malinovoe-derevo_2-72683.html","https://7dach.ru/SvetikOdessa/malinovoe-derevo_2-72683.html; https://dachaotzyv.ru/malina-tarusa/","grower_diary; external_published_reader_accounts"
"клубника клери описание сорта фото отзывы садоводов урожайность","49","67","Низкая","https://malinaklubnika.ru/sorta/kleri/","otzyvy","cultivar_passport","","https://commons.wikimedia.org/wiki/File:Clery_Gartenerdbeere.JPG","https://dachaotzyv.ru/klubnika-kleri/","external_published_reader_accounts"
"малина маравилла описание сорта фото отзывы","47","48","Низкая","https://malinaklubnika.ru/sorta/maravilla/","seo-reviews","cultivar_passport","","https://patents.google.com/patent/USPP14804P2/en","https://dachaotzyv.ru/malina-maravilla/","external_published_reader_accounts"
"малина патриция описание сорта фото отзывы садоводов урожайность","47","68","Низкая","https://malinaklubnika.ru/sorta/patritsiya/","otzyvy","cultivar_passport","","https://dachaotzyv.ru/malina-patriciya/","https://dachaotzyv.ru/malina-patriciya/","external_published_reader_accounts"
"болезни клубники с фото","46","89","Низкая","https://malinaklubnika.ru/zhurnal/bolezni-klubniki-priznaki-i-proverka/","section-6","editorial_answer","","","",""
"малина мишутка описание сорта","46","50","Низкая","https://malinaklubnika.ru/sorta/raspberry-mishutka/","seo-opisanie","cultivar_passport","","https://dachaotzyv.ru/malina-mishutka/","https://dachaotzyv.ru/malina-mishutka/","external_published_reader_accounts"
"сорта клубники для сибири лучшие крупные сладкие для открытого грунта","46","85","Низкая","https://malinaklubnika.ru/zhurnal/kak-vybrat-sort-klubniki/","section-1","editorial_answer","","","",""
"болезни клубники описание с фотографиями и способы лечения весной","45","82","Низкая","https://malinaklubnika.ru/zhurnal/bolezni-klubniki-priznaki-i-proverka/","section-6","editorial_answer","","","",""
"болезни клубники по листьям","45","69","Низкая","https://malinaklubnika.ru/zhurnal/bolezni-klubniki-priznaki-i-proverka/","section-1","editorial_answer","","","",""
"малина похвалинка описание сорта фото отзывы садоводов","43","72","Низкая","https://malinaklubnika.ru/sorta/pohvalinka/","otzyvy","cultivar_passport","photo; gardener_reviews","","",""
"гигантелла максим клубника описание сорта отзывы","39","48","Низкая","https://malinaklubnika.ru/sorta/strawberry-gigantella-maxim-tail/","seo-reviews","cultivar_passport","gardener_reviews","","",""
"дидимела болезнь малины лечение препараты","39","74","Низкая","https://malinaklubnika.ru/zhurnal/bolezni-i-vrediteli-maliny-priznaki/","section-5","editorial_answer","","","",""
"болезни клубники по листьям фото и лечение","37","63","Низкая","https://malinaklubnika.ru/zhurnal/bolezni-klubniki-priznaki-i-proverka/","section-6","editorial_answer","","","",""
"сорта ремонтантной клубники с фотографиями и описанием","36","68","Низкая","https://malinaklubnika.ru/zhurnal/remontantnaya-klubnika/","section-3","editorial_answer","","","",""
"лучшие сорта ремонтантной малины для подмосковья","35","61","Низкая","https://malinaklubnika.ru/sorta/malina/regiony/","region-3","regional_admissions_and_trials","","","",""
"малина нижегородец описание сорта фото отзывы","35","45","Низкая","https://malinaklubnika.ru/sorta/raspberry-nizhegorodets/","seo-reviews","cultivar_passport","","https://dachaotzyv.ru/malina-nizhegorodec/","https://dachaotzyv.ru/malina-nizhegorodec/","external_published_reader_accounts"
"малина пшехиба описание сорта фото отзывы садоводов","35","43","Низкая","https://malinaklubnika.ru/sorta/pshehiba/","otzyvy","cultivar_passport","gardener_reviews","https://www.brzezna.pl/malina-rubus-idaeus-przehyba/","",""
"малина таруса описание сорта фото отзывы особенности выращивания","35","39","Низкая","https://malinaklubnika.ru/sorta/tarusa/","otzyvy","cultivar_passport","","https://7dach.ru/SvetikOdessa/malinovoe-derevo_2-72683.html","https://7dach.ru/SvetikOdessa/malinovoe-derevo_2-72683.html; https://dachaotzyv.ru/malina-tarusa/","grower_diary; external_published_reader_accounts"
"малина зюгана описание сорта фото отзывы садоводов","34","53","Низкая","https://malinaklubnika.ru/sorta/raspberry-sugana/","seo-reviews","cultivar_passport","","https://www.luberaedibles.com/cdn/shop/products/Rubus_Twotimer__Sugana_1_550x550.jpg?v=1675066659","https://dachaotzyv.ru/malina-zyugana/","external_published_reader_accounts"
"малина маросейка описание сорта фото отзывы садоводов урожайность характеристика","34","49","Низкая","https://malinaklubnika.ru/sorta/maroseyka/","otzyvy","cultivar_passport","","https://ferma.expert/rasteniya/maroseyka/","https://dachaotzyv.ru/malina-marosejka/","external_published_reader_accounts"
"болезни клубники с фото и описанием и лечение","31","59","Низкая","https://malinaklubnika.ru/zhurnal/bolezni-klubniki-priznaki-i-proverka/","section-6","editorial_answer","","","",""
"ведьмина метла на малине фото и описание","31","54","Низкая","https://malinaklubnika.ru/zhurnal/bolezni-i-vrediteli-maliny-priznaki/","section-3","editorial_answer","","","",""
"клубника лорд описание сорта фото отзывы садоводов урожайность","31","44","Низкая","https://malinaklubnika.ru/sorta/strawberry-lord/","seo-reviews","cultivar_passport","","https://7dach.ru/Tanjeen/klubnichnyy-placdarm-nachalo-s-prodolzheniem-266576.html","https://7dach.ru/Tanjeen/klubnichnyy-placdarm-nachalo-s-prodolzheniem-266576.html; https://dachaotzyv.ru/klubnika-lord/","grower_diary; external_published_reader_accounts"
"малина желтый гигант описание сорта фото отзывы","31","36","Низкая","https://malinaklubnika.ru/sorta/zheltyy-gigant/","otzyvy","cultivar_passport","","https://agroecoinfo.ru/STATYI/2022/5/st_525.pdf#page=5","https://7dach.ru/Tatka-Veta/malina-zheltyy-gigant-samaya-sladkaya-230032.html; https://dachaotzyv.ru/malina-zheltyj-gigant/","grower_diary; external_published_reader_accounts"
"чем лечить клубнику от болезней","31","37","Низкая","https://malinaklubnika.ru/zhurnal/bolezni-klubniki-priznaki-i-proverka/","section-5","editorial_answer","","","",""
"болезни клубники по листьям фото и лечение весной","30","64","Низкая","https://malinaklubnika.ru/zhurnal/bolezni-klubniki-priznaki-i-proverka/","section-6","editorial_answer","","","",""
"клубника гирлянда описание сорта фото отзывы садоводов урожайность","29","45","Низкая","https://malinaklubnika.ru/sorta/strawberry-garland-trade-name/","seo-reviews","cultivar_passport","photo; gardener_reviews","","",""
"лучшие сорта ремонтантной клубники для средней полосы для открытого грунта","29","65","Низкая","https://malinaklubnika.ru/zhurnal/remontantnaya-klubnika/","section-3","editorial_answer","","","",""
"сорта клубники для сибири с фотографиями и описанием","29","55","Низкая","https://malinaklubnika.ru/zhurnal/kak-vybrat-sort-klubniki/","section-1","editorial_answer","","","",""
"клубника гигантелла описание сорта фото отзывы садоводов урожайность","28","32","Низкая","https://malinaklubnika.ru/sorta/gigantella/","seo-reviews","cultivar_passport","","https://7dach.ru/IgorKS/vkus-radosti---zemlyanika-gigantella-134540.html","https://7dach.ru/IgorKS/vkus-radosti---zemlyanika-gigantella-134540.html; https://dachaotzyv.ru/klubnika-gigantella/","grower_diary; external_published_reader_accounts"
"малина гордость россии описание сорта фото отзывы садоводов урожайность характеристика","28","42","Низкая","https://malinaklubnika.ru/sorta/gordost-rossii/","seo-reviews","cultivar_passport","photo","","https://7dach.ru/Alex_Eskin/podelites-opytom-vyraschivaniya-maliny-gordost-rossii-221162.html","grower_diary"
"гордость россии малина описание сорта фото отзывы","27","34","Низкая","https://malinaklubnika.ru/sorta/gordost-rossii/","seo-reviews","cultivar_passport","photo","","https://7dach.ru/Alex_Eskin/podelites-opytom-vyraschivaniya-maliny-gordost-rossii-221162.html","grower_diary"
"клубника максим описание сорта фото отзывы садоводов форум садоводов","26","42","Низкая","https://malinaklubnika.ru/sorta/strawberry-gigantella-maxim-tail/","seo-reviews","cultivar_passport","photo; gardener_reviews","","",""
"клубника мурано описание сорта и отзывы","26","31","Низкая","https://malinaklubnika.ru/sorta/murano/","otzyvy","cultivar_passport","","https://commons.wikimedia.org/wiki/File:Fraises_Murano_en_Dordogne.jpg","https://7dach.ru/NatalyaAfonchenko/leto-2024-iyun-314014.html; https://dachaotzyv.ru/klubnika-murano/","grower_diary; external_published_reader_accounts"
"болезни виктории описание с фотографиями","25","43","Низкая","https://malinaklubnika.ru/zhurnal/bolezni-klubniki-priznaki-i-proverka/","section-6","editorial_answer","","","",""
"клубника брилла описание сорта фото отзывы садоводов урожайность","25","36","Низкая","https://malinaklubnika.ru/sorta/brilla/","otzyvy","cultivar_passport","photo; gardener_reviews","","",""
"клубника гигантелла описание сорта фото отзывы","25","37","Низкая","https://malinaklubnika.ru/sorta/gigantella/","seo-reviews","cultivar_passport","","https://7dach.ru/IgorKS/vkus-radosti---zemlyanika-gigantella-134540.html","https://7dach.ru/IgorKS/vkus-radosti---zemlyanika-gigantella-134540.html; https://dachaotzyv.ru/klubnika-gigantella/","grower_diary; external_published_reader_accounts"
"клубника мице шиндлер описание сорта фото отзывы садоводов","25","31","Низкая","https://malinaklubnika.ru/sorta/michurin-schar-char/","seo-reviews","cultivar_passport","photo; gardener_reviews","","",""
"лучшие сорта клубники для северо запада для открытого грунта","25","54","Низкая","https://malinaklubnika.ru/zhurnal/kak-vybrat-sort-klubniki/","section-1","editorial_answer","","","",""
"малина лучшие сорта для подмосковья","25","35","Низкая","https://malinaklubnika.ru/zhurnal/sorta-maliny-dlya-podmoskovya-kak-vybrat/","section-1","editorial_answer","","","",""
"схема посадки малины в открытом грунте","25","26","Низкая","https://malinaklubnika.ru/zhurnal/posadka-maliny/","section-1","editorial_answer","","","",""
"болезни клубники описание","24","36","Низкая","https://malinaklubnika.ru/zhurnal/bolezni-klubniki-priznaki-i-proverka/","section-1","editorial_answer","","","",""
"болезни клубники по листьям описание с фотографиями","24","45","Низкая","https://malinaklubnika.ru/zhurnal/bolezni-klubniki-priznaki-i-proverka/","section-6","editorial_answer","","","",""
"клубника мальга описание сорта фото отзывы садоводов урожайность","24","37","Низкая","https://malinaklubnika.ru/sorta/malga/","otzyvy","cultivar_passport","gardener_reviews","https://patents.google.com/patent/USPP28310P3/en","",""
"клубника флер описание сорта фото отзывы","24","34","Низкая","https://malinaklubnika.ru/sorta/strawberry-flair/","seo-reviews","cultivar_passport","","https://dachaotzyv.ru/klubnika-fler/","https://dachaotzyv.ru/klubnika-fler/","external_published_reader_accounts"
"малина гусария описание сорта","24","32","Низкая","https://malinaklubnika.ru/sorta/raspberry-husaria/","seo-opisanie","cultivar_passport","","","",""
"малина ремонтантная лучшие сорта для юга россии","24","38","Низкая","https://malinaklubnika.ru/sorta/malina/","tipy","catalog_comparison","","","",""
"сорт азия клубника описание и фото отзывы","24","26","Низкая","https://malinaklubnika.ru/sorta/aziya/","otzyvy","cultivar_passport","","https://horticulturejournal.usamv.ro/pdf/2024/issue_1/Art2.pdf#page=3","https://7dach.ru/Roselin/klubnika-aziya-moi-vpechatleniya-pervyy-opyt-302706.html; https://dachaotzyv.ru/klubnika-aziya/","grower_diary; external_published_reader_accounts"
"фитоспорин для клубники весной","24","27","Низкая","https://malinaklubnika.ru/zhurnal/uhod-za-klubnikoi-vesnoi-posle-zimy/","section-1","editorial_answer","","","",""
"клубника гигантелла максим описание сорта фото отзывы садоводов урожайность","23","26","Низкая","https://malinaklubnika.ru/sorta/gigantella/","seo-reviews","cultivar_passport","","https://7dach.ru/IgorKS/vkus-radosti---zemlyanika-gigantella-134540.html","https://7dach.ru/IgorKS/vkus-radosti---zemlyanika-gigantella-134540.html; https://dachaotzyv.ru/klubnika-gigantella/","grower_diary; external_published_reader_accounts"
"клубника лючия описание сорта фото отзывы","23","33","Низкая","https://malinaklubnika.ru/sorta/strawberry-lucia/","seo-reviews","cultivar_passport","photo; gardener_reviews","","",""
"малина феномен описание сорта фото отзывы","23","33","Низкая","https://malinaklubnika.ru/sorta/raspberry-fenomen/","seo-reviews","cultivar_passport","","https://dachaotzyv.ru/malina-fenomen/","https://dachaotzyv.ru/malina-fenomen/","external_published_reader_accounts"
"клубника гигантелла описание сорта фото отзывы садоводов","22","32","Низкая","https://malinaklubnika.ru/sorta/gigantella/","seo-reviews","cultivar_passport","","https://7dach.ru/IgorKS/vkus-radosti---zemlyanika-gigantella-134540.html","https://7dach.ru/IgorKS/vkus-radosti---zemlyanika-gigantella-134540.html; https://dachaotzyv.ru/klubnika-gigantella/","grower_diary; external_published_reader_accounts"
"клубника мурано описание сорта и отзывы садоводов","22","31","Низкая","https://malinaklubnika.ru/sorta/murano/","otzyvy","cultivar_passport","","https://commons.wikimedia.org/wiki/File:Fraises_Murano_en_Dordogne.jpg","https://7dach.ru/NatalyaAfonchenko/leto-2024-iyun-314014.html; https://dachaotzyv.ru/klubnika-murano/","grower_diary; external_published_reader_accounts"
"клубника прими описание сорта фото отзывы","22","33","Низкая","https://malinaklubnika.ru/sorta/strawberry-premy/","seo-reviews","cultivar_passport","photo; gardener_reviews","","",""
"малина поклон казакову описание сорта фото отзывы","22","24","Низкая","https://malinaklubnika.ru/sorta/poklon-kazakovu/","otzyvy","cultivar_passport","","https://ferma.expert/rasteniya/kustarniki/malina/poklon-kazakovu/","https://dachaotzyv.ru/malina-poklon-kazakovu/","external_published_reader_accounts"
"клубника для сибири лучшие сорта для открытого грунта","21","41","Низкая","https://malinaklubnika.ru/sorta/klubnika/regiony/","region-10","regional_admissions_and_trials","","","",""
"лучшие сорта клубники для сибири для открытого грунта крупноплодные сладкие","21","37","Низкая","https://malinaklubnika.ru/zhurnal/kak-vybrat-sort-klubniki/","section-1","editorial_answer","","","",""
"малина сорта для подмосковья","21","25","Низкая","https://malinaklubnika.ru/zhurnal/sorta-maliny-dlya-podmoskovya-kak-vybrat/","section-1","editorial_answer","","","",""
"малина таганка описание сорта фото отзывы садоводов урожайность","21","29","Низкая","https://malinaklubnika.ru/sorta/taganka/","seo-reviews","cultivar_passport","","https://dachaotzyv.ru/malina-taganka/","https://dachaotzyv.ru/malina-taganka/","external_published_reader_accounts"
"сорта малины для подмосковья с фото и описанием","21","26","Низкая","https://malinaklubnika.ru/zhurnal/sorta-maliny-dlya-podmoskovya-kak-vybrat/","section-1","editorial_answer","","","",""
"болезни клубники фото и описание и борьба с ними","20","40","Низкая","https://malinaklubnika.ru/zhurnal/bolezni-klubniki-priznaki-i-proverka/","section-6","editorial_answer","","","",""
"лучшие сорта клубники для урала для открытого грунта","20","33","Низкая","https://malinaklubnika.ru/zhurnal/kak-vybrat-sort-klubniki/","section-1","editorial_answer","","","",""
"лучшие сорта малины для северо-запада россии","20","30","Низкая","https://malinaklubnika.ru/zhurnal/sorta-maliny-dlya-podmoskovya-kak-vybrat/","section-1","editorial_answer","","","",""
"малина болезни и вредители борьба с ними фото","20","37","Низкая","https://malinaklubnika.ru/zhurnal/bolezni-i-vrediteli-maliny-priznaki/","section-5","editorial_answer","","","",""
"малина мираж описание сорта","20","17","Низкая","https://malinaklubnika.ru/sorta/raspberry-mirazh/","seo-opisanie","cultivar_passport","","https://dachaotzyv.ru/malina-mirazh/","https://dachaotzyv.ru/malina-mirazh/","external_published_reader_accounts"
"малина ремонтантная лучшие сорта для подмосковья","20","25","Низкая","https://malinaklubnika.ru/zhurnal/sorta-maliny-dlya-podmoskovya-kak-vybrat/","section-1","editorial_answer","","","",""
"малина соколица описание сорта фото отзывы садоводов","20","31","Низкая","https://malinaklubnika.ru/sorta/raspberry-sokolica/","seo-reviews","cultivar_passport","","https://dachaotzyv.ru/malina-sokolica/","https://dachaotzyv.ru/malina-sokolica/","external_published_reader_accounts"
"болезни и вредители клубники описание с фотографиями и способы лечения","19","54","Низкая","https://malinaklubnika.ru/zhurnal/vrediteli-klubniki-kak-razlichit/","section-1","editorial_answer","","","",""
"болезнь клубники","19","24","Низкая","https://malinaklubnika.ru/zhurnal/bolezni-klubniki-priznaki-i-proverka/","section-1","editorial_answer","","","",""
"лучшие сорта клубники для краснодарского края для открытого грунта","19","32","Низкая","https://malinaklubnika.ru/zhurnal/kak-vybrat-sort-klubniki/","section-1","editorial_answer","","","",""
"лучшие сорта клубники для урала для открытого грунта крупные сладкие отзывы","19","40","Низкая","https://malinaklubnika.ru/zhurnal/kak-vybrat-sort-klubniki/","section-1","editorial_answer","","","",""
"малина поклон казакову описание сорта фото отзывы садоводов","19","34","Низкая","https://malinaklubnika.ru/sorta/poklon-kazakovu/","otzyvy","cultivar_passport","","https://ferma.expert/rasteniya/kustarniki/malina/poklon-kazakovu/","https://dachaotzyv.ru/malina-poklon-kazakovu/","external_published_reader_accounts"
"заболевание клубники фото и их лечение","18","38","Низкая","https://malinaklubnika.ru/zhurnal/bolezni-klubniki-priznaki-i-proverka/","section-6","editorial_answer","","","",""
"клубника клери описание сорта фото отзывы садоводов урожайность характеристика и описание","18","26","Низкая","https://malinaklubnika.ru/sorta/kleri/","otzyvy","cultivar_passport","","https://commons.wikimedia.org/wiki/File:Clery_Gartenerdbeere.JPG","https://dachaotzyv.ru/klubnika-kleri/","external_published_reader_accounts"
"клубника кори описание сорта","18","23","Низкая","https://malinaklubnika.ru/sorta/strawberry-cory-p241102/","seo-opisanie","cultivar_passport","","","",""
"клубника сандра описание сорта фото отзывы садоводов урожайность","18","25","Низкая","https://malinaklubnika.ru/sorta/strawberry-sandra-bl34/","seo-reviews","cultivar_passport","photo; gardener_reviews","","",""
"клубника чамора туруси описание сорта фото отзывы","18","21","Низкая","https://malinaklubnika.ru/sorta/strawberry-chamora-turusi/","seo-reviews","cultivar_passport","","https://dachaotzyv.ru/klubnika-chamora-turusi/","https://dachaotzyv.ru/klubnika-chamora-turusi/","external_published_reader_accounts"
"лучшие сорта клубники для башкирии для открытого грунта","18","32","Низкая","https://malinaklubnika.ru/zhurnal/kak-vybrat-sort-klubniki/","section-1","editorial_answer","","","",""
"лучшие сорта малины для подмосковья для открытого грунта форум отзывы дачников","18","33","Низкая","https://malinaklubnika.ru/zhurnal/sorta-maliny-dlya-podmoskovya-kak-vybrat/","section-1","editorial_answer","","","",""
"лучшие сорта ремонтантной малины с фото","18","18","Низкая","https://malinaklubnika.ru/sorta/malina/","tipy","catalog_comparison","","","",""
"тибетская малина отзывы садоводов","18","23","Низкая","https://malinaklubnika.ru/zhurnal/tibetskaya-malina-kakoe-rastenie/","section-4","editorial_answer","","","",""
"болезнь клубники в картинках и лечение","17","31","Низкая","https://malinaklubnika.ru/zhurnal/bolezni-klubniki-priznaki-i-proverka/","section-6","editorial_answer","","","",""
"клубника болезни","17","20","Низкая","https://malinaklubnika.ru/zhurnal/bolezni-klubniki-priznaki-i-proverka/","section-1","editorial_answer","","","",""
"лучшая малина для подмосковья","17","28","Низкая","https://malinaklubnika.ru/zhurnal/sorta-maliny-dlya-podmoskovya-kak-vybrat/","section-1","editorial_answer","","","",""
"лучшие сорта малины для подмосковья не ремонтантные","17","25","Низкая","https://malinaklubnika.ru/zhurnal/sorta-maliny-dlya-podmoskovya-kak-vybrat/","section-1","editorial_answer","","","",""
"лучшие сорта малины для ростовской области","17","28","Низкая","https://malinaklubnika.ru/zhurnal/sorta-maliny-dlya-podmoskovya-kak-vybrat/","section-1","editorial_answer","","","",""
"лучшие сорта ремонтантной малины для подмосковья для открытого грунта","17","29","Низкая","https://malinaklubnika.ru/sorta/malina/regiony/","region-3","regional_admissions_and_trials","","","",""
"ранние сорта ремонтантной малины для подмосковья","17","33","Низкая","https://malinaklubnika.ru/sorta/malina/regiony/","region-3","regional_admissions_and_trials","","","",""
"клубника маршал описание сорта фото отзывы садоводов урожайность","16","25","Низкая","https://malinaklubnika.ru/sorta/strawberry-marshal/","seo-reviews","cultivar_passport","photo","","https://dachaotzyv.ru/klubnika-marshal/","external_published_reader_accounts"
"лучшие сорта клубники для западной сибири","16","31","Низкая","https://malinaklubnika.ru/zhurnal/kak-vybrat-sort-klubniki/","section-1","editorial_answer","","","",""
"малина амира описание сорта фото отзывы садоводов урожайность","16","21","Низкая","https://malinaklubnika.ru/sorta/raspberry-amira/","seo-reviews","cultivar_passport","photo; gardener_reviews","","",""
"малина для подмосковья лучшие сорта","16","28","Низкая","https://malinaklubnika.ru/zhurnal/sorta-maliny-dlya-podmoskovya-kak-vybrat/","section-1","editorial_answer","","","",""
"малина мишутка описание сорта фото отзывы","16","34","Низкая","https://malinaklubnika.ru/sorta/raspberry-mishutka/","seo-reviews","cultivar_passport","","https://dachaotzyv.ru/malina-mishutka/","https://dachaotzyv.ru/malina-mishutka/","external_published_reader_accounts"
"сорта малины для подмосковья неремонтантная самые лучшие","16","27","Низкая","https://malinaklubnika.ru/zhurnal/sorta-maliny-dlya-podmoskovya-kak-vybrat/","section-1","editorial_answer","","","",""
"какие сорта малины лучше сажать в подмосковье","15","18","Низкая","https://malinaklubnika.ru/zhurnal/sorta-maliny-dlya-podmoskovya-kak-vybrat/","section-1","editorial_answer","","","",""
"клубника для сибири лучшие сорта","15","27","Низкая","https://malinaklubnika.ru/sorta/klubnika/regiony/","region-10","regional_admissions_and_trials","","","",""
"клубника лия сахарная описание сорта фото отзывы садоводов урожайность","15","26","Низкая","https://malinaklubnika.ru/sorta/strawberry-sugar-lia/","seo-reviews","cultivar_passport","photo; gardener_reviews","","",""
"клубника розария описание сорта","15","22","Низкая","https://malinaklubnika.ru/sorta/strawberry-rosaria-kraege/","seo-opisanie","cultivar_passport","","","",""
"лучшие сорта клубники для крыма","15","25","Низкая","https://malinaklubnika.ru/zhurnal/kak-vybrat-sort-klubniki/","section-1","editorial_answer","","","",""
"лучшие сорта малины для краснодарского края для открытого грунта","15","29","Низкая","https://malinaklubnika.ru/zhurnal/sorta-maliny-dlya-podmoskovya-kak-vybrat/","section-1","editorial_answer","","","",""
"малина брусвяна описание сорта фото отзывы садоводов","15","18","Низкая","https://malinaklubnika.ru/sorta/raspberry-brusviana/","seo-reviews","cultivar_passport","","https://dachaotzyv.ru/malina-brusvyana/","https://dachaotzyv.ru/malina-brusvyana/","external_published_reader_accounts"
"сенсация клубника описание сорта фото отзывы садоводов","15","18","Низкая","https://malinaklubnika.ru/sorta/strawberry-sonsation/","seo-reviews","cultivar_passport","","https://flevoberry.nl/wp-content/uploads/2026/09/Sonsation-duo-2400_1600-1024x683-1.jpg","https://7dach.ru/Tangeya/bez-leta-dachniku-ne-zhit-s-iyunem-nadobno-druzhit-zhdem-rasskazov-ob-iyunskoy-pogode-327809.html?c=3; https://dachaotzyv.ru/klubnika-sensaciya/","grower_diary; external_published_reader_accounts"
"сорта клубники для ленобласти","15","12","Низкая","https://malinaklubnika.ru/zhurnal/kak-vybrat-sort-klubniki/","section-1","editorial_answer","","","",""
"заболевания клубники","14","17","Низкая","https://malinaklubnika.ru/zhurnal/bolezni-klubniki-priznaki-i-proverka/","section-1","editorial_answer","","","",""
"клубника клери описание сорта фото отзывы садоводов","14","18","Низкая","https://malinaklubnika.ru/sorta/kleri/","otzyvy","cultivar_passport","","https://commons.wikimedia.org/wiki/File:Clery_Gartenerdbeere.JPG","https://dachaotzyv.ru/klubnika-kleri/","external_published_reader_accounts"
"лучшие сорта клубники для архангельской области","14","28","Низкая","https://malinaklubnika.ru/zhurnal/kak-vybrat-sort-klubniki/","section-1","editorial_answer","","","",""
"лучшие сорта клубники для краснодарского края","14","25","Низкая","https://malinaklubnika.ru/zhurnal/kak-vybrat-sort-klubniki/","section-1","editorial_answer","","","",""
"лучшие сорта клубники для краснодарского края для открытого грунта отзывы с фото","14","24","Низкая","https://malinaklubnika.ru/zhurnal/kak-vybrat-sort-klubniki/","section-1","editorial_answer","","","",""
"лучшие сорта клубники для урала для открытого грунта крупные сладкие","14","22","Низкая","https://malinaklubnika.ru/zhurnal/kak-vybrat-sort-klubniki/","section-1","editorial_answer","","","",""
"лучшие сорта ремонтантной клубники для средней полосы","14","40","Низкая","https://malinaklubnika.ru/zhurnal/remontantnaya-klubnika/","section-3","editorial_answer","","","",""
"лучшие сорта ремонтантной малины для краснодарского края","14","29","Низкая","https://malinaklubnika.ru/sorta/malina/regiony/","region-6","regional_admissions_and_trials","","","",""
"малина для подмосковья лучшие сорта отзывы","14","19","Низкая","https://malinaklubnika.ru/zhurnal/sorta-maliny-dlya-podmoskovya-kak-vybrat/","section-1","editorial_answer","","","",""
"ремонтантная малина сорта для подмосковья","14","21","Низкая","https://malinaklubnika.ru/zhurnal/sorta-maliny-dlya-podmoskovya-kak-vybrat/","section-1","editorial_answer","","","",""
"сорта клубники для сибири лучшие крупные","14","27","Низкая","https://malinaklubnika.ru/zhurnal/kak-vybrat-sort-klubniki/","section-1","editorial_answer","","","",""
"фитоспорин для клубники весной от вредителей и болезней","14","22","Низкая","https://malinaklubnika.ru/zhurnal/vrediteli-klubniki-kak-razlichit/","section-1","editorial_answer","","","",""
"болезни клубники описание с фотографиями по листьям и способы лечения","13","28","Низкая","https://malinaklubnika.ru/zhurnal/bolezni-klubniki-priznaki-i-proverka/","section-6","editorial_answer","","","",""
"дерево малина сорта фото отзывы описание","13","14","Низкая","https://malinaklubnika.ru/sorta/malina/","catalog","catalog_comparison","","","",""
"земляника даренка описание","13","10","Низкая","https://malinaklubnika.ru/sorta/darenka/","seo-opisanie","cultivar_passport","","https://www.agronauka-sv.ru/jour/article/view/1761","",""
"клубника априка описание сорта и отзывы","13","16","Низкая","https://malinaklubnika.ru/sorta/aprika/","otzyvy","cultivar_passport","gardener_reviews","https://pmc.ncbi.nlm.nih.gov/articles/PMC11125040/","",""
"клубника для урала лучшие сорта отзывы садоводов","13","22","Низкая","https://malinaklubnika.ru/sorta/klubnika/regiony/","region-9","regional_admissions_and_trials","","","",""
"клубника зефир описание сорта фото отзывы садоводов урожайность характеристика и описание сорта","13","22","Низкая","https://malinaklubnika.ru/sorta/zephyr/","seo-reviews","cultivar_passport","","https://dachaotzyv.ru/klubnika-zefir/","https://dachaotzyv.ru/klubnika-zefir/","external_published_reader_accounts"
"клубника орлец описание сорта","13","12","Низкая","https://malinaklubnika.ru/sorta/strawberry-orlets-vniispk/","seo-opisanie","cultivar_passport","","","",""
"лучшие сорта клубники для пермского края","13","24","Низкая","https://malinaklubnika.ru/zhurnal/kak-vybrat-sort-klubniki/","section-1","editorial_answer","","","",""
"лучшие сорта малины для волгоградской области","13","25","Низкая","https://malinaklubnika.ru/zhurnal/sorta-maliny-dlya-podmoskovya-kak-vybrat/","section-1","editorial_answer","","","",""
"малиновое дерево уход и выращивание и обрезка весной","13","18","Низкая","https://malinaklubnika.ru/zhurnal/malinovoe-derevo-tarusa/","section-1","editorial_answer","","","",""
"сорта клубники для урала открытого грунта","13","17","Низкая","https://malinaklubnika.ru/zhurnal/kak-vybrat-sort-klubniki/","section-1","editorial_answer","","","",""
"сорта малины для волгоградской области с фотографиями и описанием","13","24","Низкая","https://malinaklubnika.ru/zhurnal/sorta-maliny-dlya-podmoskovya-kak-vybrat/","section-1","editorial_answer","","","",""
"что такое ведьмина метла на малине фото","13","14","Низкая","https://malinaklubnika.ru/zhurnal/bolezni-i-vrediteli-maliny-priznaki/","section-3","editorial_answer","","","",""
"болезни клубники описание с фотографиями и способы","12","19","Низкая","https://malinaklubnika.ru/zhurnal/bolezni-klubniki-priznaki-i-proverka/","section-6","editorial_answer","","","",""
"клубника даренка описание сорта фото отзывы садоводов","12","20","Низкая","https://malinaklubnika.ru/sorta/darenka/","otzyvy","cultivar_passport","gardener_reviews","https://www.agronauka-sv.ru/jour/article/view/1761","",""
"клубника лорд описание сорта отзывы садоводов","12","16","Низкая","https://malinaklubnika.ru/sorta/strawberry-lord/","seo-reviews","cultivar_passport","","https://7dach.ru/Tanjeen/klubnichnyy-placdarm-nachalo-s-prodolzheniem-266576.html","https://7dach.ru/Tanjeen/klubnichnyy-placdarm-nachalo-s-prodolzheniem-266576.html; https://dachaotzyv.ru/klubnika-lord/","grower_diary; external_published_reader_accounts"
"клубника флер описание сорта фото отзывы садоводов урожайность характеристика и описание","12","19","Низкая","https://malinaklubnika.ru/sorta/strawberry-flair/","seo-reviews","cultivar_passport","","https://dachaotzyv.ru/klubnika-fler/","https://dachaotzyv.ru/klubnika-fler/","external_published_reader_accounts"
"клубника фурор описание сорта фото отзывы садоводов урожайность","12","23","Низкая","https://malinaklubnika.ru/sorta/strawberry-furore/","seo-reviews","cultivar_passport","","https://dachaotzyv.ru/klubnika-furor/","https://dachaotzyv.ru/klubnika-furor/","external_published_reader_accounts"
"лучшие сорта летней малины для подмосковья","12","19","Низкая","https://malinaklubnika.ru/sorta/malina/regiony/","region-3","regional_admissions_and_trials","","","",""
"лучшие сорта малины для краснодарского края","12","24","Низкая","https://malinaklubnika.ru/zhurnal/sorta-maliny-dlya-podmoskovya-kak-vybrat/","section-1","editorial_answer","","","",""
"малина блэк джевел описание сорта фото отзывы садоводов","12","19","Низкая","https://malinaklubnika.ru/sorta/raspberry-black-jewel/","seo-reviews","cultivar_passport","photo; gardener_reviews","","",""
"малина каскад делайт описание сорта фото отзывы","12","15","Низкая","https://malinaklubnika.ru/sorta/raspberry-cascade-delight/","seo-reviews","cultivar_passport","","https://dachaotzyv.ru/malina-kaskad-delajt/","https://dachaotzyv.ru/malina-kaskad-delajt/","external_published_reader_accounts"
"ндс сорта клубники что это такое","12","11","Низкая","https://malinaklubnika.ru/zhurnal/kak-vybrat-sort-klubniki/","section-1","editorial_answer","","","",""
"нсд сорта клубники что это такое","12","12","Низкая","https://malinaklubnika.ru/zhurnal/nsd-ksd-klubnika-chto-znachat-tipy-dnya/","section-2","editorial_answer","","","",""
"пурпурная пятнистость малины фото и их лечение","12","14","Низкая","https://malinaklubnika.ru/zhurnal/bolezni-i-vrediteli-maliny-priznaki/","section-2","editorial_answer","","","",""
"пурпурная пятнистость малины чем лечить","12","15","Низкая","https://malinaklubnika.ru/zhurnal/bolezni-i-vrediteli-maliny-priznaki/","section-2","editorial_answer","","","",""
"сладкие сорта малины для подмосковья","12","19","Низкая","https://malinaklubnika.ru/zhurnal/sorta-maliny-dlya-podmoskovya-kak-vybrat/","section-1","editorial_answer","","","",""
"сорт малины маравилла фото и описание сорта отзывы","12","14","Низкая","https://malinaklubnika.ru/sorta/maravilla/","seo-reviews","cultivar_passport","","https://patents.google.com/patent/USPP14804P2/en","https://dachaotzyv.ru/malina-maravilla/","external_published_reader_accounts"
"чем болеет клубника","12","16","Низкая","https://malinaklubnika.ru/zhurnal/bolezni-klubniki-priznaki-i-proverka/","section-1","editorial_answer","","","",""
"клубника для сибири лучшие сорта отзывы садоводов","11","30","Низкая","https://malinaklubnika.ru/sorta/klubnika/regiony/","region-10","regional_admissions_and_trials","","","",""
"клубника для урала лучшие сорта","11","17","Низкая","https://malinaklubnika.ru/sorta/klubnika/regiony/","region-9","regional_admissions_and_trials","","","",""
"клубника кармен описание сорта фото отзывы садоводов урожайность","11","18","Низкая","https://malinaklubnika.ru/sorta/strawberry-carmen-czech/","seo-reviews","cultivar_passport","photo; gardener_reviews","","",""
"клубника магнус описание сорта фото отзывы садоводов урожайность","11","17","Низкая","https://malinaklubnika.ru/sorta/magnus/","otzyvy","cultivar_passport","photo; gardener_reviews","","",""
"ксд сорта клубники что это такое","11","11","Низкая","https://malinaklubnika.ru/zhurnal/nsd-ksd-klubnika-chto-znachat-tipy-dnya/","section-2","editorial_answer","","","",""
"лучшие сорта малины для кубани","11","21","Низкая","https://malinaklubnika.ru/zhurnal/sorta-maliny-dlya-podmoskovya-kak-vybrat/","section-1","editorial_answer","","","",""
"лучший сорт малины для подмосковья","11","17","Низкая","https://malinaklubnika.ru/sorta/malina/regiony/","region-3","regional_admissions_and_trials","","","",""
"малина бальзам описание сорта фото отзывы","11","14","Низкая","https://malinaklubnika.ru/sorta/balzam/","otzyvy","cultivar_passport","photo; gardener_reviews","","",""
"ремонтантная клубника лучшие сорта для северо запада","11","17","Низкая","https://malinaklubnika.ru/zhurnal/remontantnaya-klubnika/","section-3","editorial_answer","","","",""
"сорта малины для подмосковья лучшие","11","15","Низкая","https://malinaklubnika.ru/zhurnal/sorta-maliny-dlya-podmoskovya-kak-vybrat/","section-1","editorial_answer","","","",""
"сорта ремонтантной малины для подмосковья","11","19","Низкая","https://malinaklubnika.ru/sorta/malina/regiony/","region-3","regional_admissions_and_trials","","","",""
"сорта ремонтантной малины для подмосковья с фото и описанием","11","14","Низкая","https://malinaklubnika.ru/sorta/malina/regiony/","region-3","regional_admissions_and_trials","","","",""
"что такое ксд и нсд клубники","11","11","Низкая","https://malinaklubnika.ru/zhurnal/nsd-ksd-klubnika-chto-znachat-tipy-dnya/","section-1","editorial_answer","","","",""
"болезни клубники описание с фотографиями по листьям и способы","10","23","Низкая","https://malinaklubnika.ru/zhurnal/bolezni-klubniki-priznaki-i-proverka/","section-6","editorial_answer","","","",""
"гематома что это такое болезнь клубники","10","10","Низкая","https://malinaklubnika.ru/zhurnal/bolezni-klubniki-priznaki-i-proverka/","section-1","editorial_answer","","","",""
"клубника для северо-запада лучшие сорта","10","26","Низкая","https://malinaklubnika.ru/sorta/klubnika/regiony/","region-2","regional_admissions_and_trials","","","",""
"клубника лорд описание сорта фото отзывы садоводов","10","17","Низкая","https://malinaklubnika.ru/sorta/strawberry-lord/","seo-reviews","cultivar_passport","","https://7dach.ru/Tanjeen/klubnichnyy-placdarm-nachalo-s-prodolzheniem-266576.html","https://7dach.ru/Tanjeen/klubnichnyy-placdarm-nachalo-s-prodolzheniem-266576.html; https://dachaotzyv.ru/klubnika-lord/","grower_diary; external_published_reader_accounts"
"клубника лючия описание сорта фото отзывы садоводов урожайность","10","21","Низкая","https://malinaklubnika.ru/sorta/strawberry-lucia/","seo-reviews","cultivar_passport","photo; gardener_reviews","","",""
"клубника маршал описание сорта фото отзывы","10","14","Низкая","https://malinaklubnika.ru/sorta/strawberry-marshal/","seo-reviews","cultivar_passport","photo","","https://dachaotzyv.ru/klubnika-marshal/","external_published_reader_accounts"
"клубника роксана описание сорта фото отзывы садоводов урожайность","10","19","Низкая","https://malinaklubnika.ru/sorta/strawberry-roxana/","seo-reviews","cultivar_passport","","https://dachaotzyv.ru/klubnika-roksana/","https://dachaotzyv.ru/klubnika-roksana/","external_published_reader_accounts"
"клубника слоненок описание сорта фото отзывы садоводов урожайность","10","18","Низкая","https://malinaklubnika.ru/sorta/strawberry-slonenok/","seo-reviews","cultivar_passport","photo; gardener_reviews","","",""
"клубника чамора туруси описание сорта фото отзывы садоводов","10","11","Низкая","https://malinaklubnika.ru/sorta/strawberry-chamora-turusi/","seo-reviews","cultivar_passport","","https://dachaotzyv.ru/klubnika-chamora-turusi/","https://dachaotzyv.ru/klubnika-chamora-turusi/","external_published_reader_accounts"
"лучшие сорта виктории для урала для открытого грунта","10","18","Низкая","https://malinaklubnika.ru/sorta/klubnika/regiony/","region-9","regional_admissions_and_trials","","","",""
"малина бриллиантовая описание сорта","10","8","Низкая","https://malinaklubnika.ru/sorta/brilliantovaya/","seo-opisanie","cultivar_passport","","https://commons.wikimedia.org/wiki/File:Rubus_idaeus_%27Brilliantovaya%27.JPG","https://dachaotzyv.ru/malina-brilliantovaya/","external_published_reader_accounts"
"малина гордость россии описание сорта отзывы","10","16","Низкая","https://malinaklubnika.ru/sorta/gordost-rossii/","seo-reviews","cultivar_passport","","","https://7dach.ru/Alex_Eskin/podelites-opytom-vyraschivaniya-maliny-gordost-rossii-221162.html","grower_diary"
"малина для подмосковья лучшие сорта отзывы садоводов","10","18","Низкая","https://malinaklubnika.ru/zhurnal/sorta-maliny-dlya-podmoskovya-kak-vybrat/","section-1","editorial_answer","","","",""
"малина медвежонок описание сорта","10","9","Низкая","https://malinaklubnika.ru/sorta/medvezhonok/","seo-opisanie","cultivar_passport","","https://vstisp.org/vstisp/index.php/11-icetheme/sample-news/1455-medvezhonok","",""
"малина соколица описание сорта фото отзывы","10","11","Низкая","https://malinaklubnika.ru/sorta/raspberry-sokolica/","seo-reviews","cultivar_passport","","https://dachaotzyv.ru/malina-sokolica/","https://dachaotzyv.ru/malina-sokolica/","external_published_reader_accounts"
"малина химбо топ описание сорта фото отзывы садоводов урожайность характеристика","10","13","Низкая","https://malinaklubnika.ru/sorta/raspberry-himbo-top/","seo-reviews","cultivar_passport","photo; gardener_reviews","","",""
"пшехиба малина описание сорта отзывы садоводов","10","15","Низкая","https://malinaklubnika.ru/sorta/pshehiba/","otzyvy","cultivar_passport","gardener_reviews","https://www.brzezna.pl/malina-rubus-idaeus-przehyba/","",""
"пятнистость на листьях малины что это такое и как лечить","10","10","Низкая","https://malinaklubnika.ru/zhurnal/bolezni-i-vrediteli-maliny-priznaki/","section-2","editorial_answer","","","",""
"ремонтантная малина для подмосковья лучшие сорта","10","15","Низкая","https://malinaklubnika.ru/zhurnal/sorta-maliny-dlya-podmoskovya-kak-vybrat/","section-1","editorial_answer","","","",""
"хорус инструкция по применению для клубники весной","10","14","Низкая","https://malinaklubnika.ru/zhurnal/uhod-za-klubnikoi-vesnoi-posle-zimy/","section-1","editorial_answer","","","",""
"болезни ремонтантной малины описание с фотографиями","9","23","Низкая","https://malinaklubnika.ru/zhurnal/bolezni-i-vrediteli-maliny-priznaki/","section-1","editorial_answer","","","",""
"даренка клубника описание сорта фото отзывы","9","12","Низкая","https://malinaklubnika.ru/sorta/darenka/","otzyvy","cultivar_passport","gardener_reviews","https://www.agronauka-sv.ru/jour/article/view/1761","",""
"какой сорт малины самый крупный и сладкий для подмосковья","9","10","Низкая","https://malinaklubnika.ru/sorta/malina/regiony/","region-3","regional_admissions_and_trials","","","",""
"клубника богема описание сорта фото отзывы садоводов","9","14","Низкая","https://malinaklubnika.ru/sorta/strawberry-bogema/","seo-reviews","cultivar_passport","photo; gardener_reviews","","",""
"клубника гигантелла описание сорта отзывы","9","13","Низкая","https://malinaklubnika.ru/sorta/gigantella/","seo-reviews","cultivar_passport","","https://7dach.ru/IgorKS/vkus-radosti---zemlyanika-gigantella-134540.html","https://7dach.ru/IgorKS/vkus-radosti---zemlyanika-gigantella-134540.html; https://dachaotzyv.ru/klubnika-gigantella/","grower_diary; external_published_reader_accounts"
"клубника кент описание сорта фото отзывы садоводов урожайность","9","14","Низкая","https://malinaklubnika.ru/sorta/strawberry-kent/","seo-reviews","cultivar_passport","","https://dachaotzyv.ru/klubnika-kent/","https://dachaotzyv.ru/klubnika-kent/","external_published_reader_accounts"
"клубника сандра описание сорта фото отзывы","9","12","Низкая","https://malinaklubnika.ru/sorta/strawberry-sandra-bl34/","seo-reviews","cultivar_passport","photo; gardener_reviews","","",""
"клубника сенсация описание сорта фото отзывы садоводов","9","12","Низкая","https://malinaklubnika.ru/sorta/strawberry-sonsation/","seo-reviews","cultivar_passport","","https://flevoberry.nl/wp-content/uploads/2026/09/Sonsation-duo-2400_1600-1024x683-1.jpg","https://7dach.ru/Tangeya/bez-leta-dachniku-ne-zhit-s-iyunem-nadobno-druzhit-zhdem-rasskazov-ob-iyunskoy-pogode-327809.html?c=3; https://dachaotzyv.ru/klubnika-sensaciya/","grower_diary; external_published_reader_accounts"
"клубника фейерверк описание","9","8","Низкая","https://malinaklubnika.ru/sorta/strawberry-fireworks/","seo-opisanie","cultivar_passport","","","",""
"лучшие сорта ремонтантной клубники для сибири для открытого грунта","9","23","Низкая","https://malinaklubnika.ru/zhurnal/remontantnaya-klubnika/","section-3","editorial_answer","","","",""
"малина ведьмина метла как избавиться","9","18","Низкая","https://malinaklubnika.ru/zhurnal/bolezni-i-vrediteli-maliny-priznaki/","section-3","editorial_answer","","","",""
"малина для подмосковья","9","10","Низкая","https://malinaklubnika.ru/zhurnal/sorta-maliny-dlya-podmoskovya-kak-vybrat/","section-1","editorial_answer","","","",""
"малина затонская описание сорта","9","11","Низкая","https://malinaklubnika.ru/sorta/raspberry-zatonskaya/","seo-opisanie","cultivar_passport","","","",""
"малина исполин описание сорта фото отзывы садоводов","9","20","Низкая","https://malinaklubnika.ru/sorta/raspberry-ispolin/","seo-reviews","cultivar_passport","photo; gardener_reviews","","",""
"малина маравила описание сорта фото отзывы","9","11","Низкая","https://malinaklubnika.ru/sorta/maravilla/","seo-reviews","cultivar_passport","","https://patents.google.com/patent/USPP14804P2/en","https://dachaotzyv.ru/malina-maravilla/","external_published_reader_accounts"
"малина сказка описание сорта фото отзывы садоводов","9","13","Низкая","https://malinaklubnika.ru/sorta/malina-skazka/","seo-reviews","cultivar_passport","","https://dachaotzyv.ru/malina-skazka/","https://dachaotzyv.ru/malina-skazka/","external_published_reader_accounts"
"малина сорта для подмосковья лучшие","9","11","Низкая","https://malinaklubnika.ru/zhurnal/sorta-maliny-dlya-podmoskovya-kak-vybrat/","section-1","editorial_answer","","","",""
"малина феномен описание сорта фото отзывы садоводов урожайность","9","19","Низкая","https://malinaklubnika.ru/sorta/raspberry-fenomen/","seo-reviews","cultivar_passport","","https://dachaotzyv.ru/malina-fenomen/","https://dachaotzyv.ru/malina-fenomen/","external_published_reader_accounts"
"мара де буа клубника описание сорта фото отзывы садоводов","9","11","Низкая","https://malinaklubnika.ru/sorta/strawberry-mara-des-bois/","seo-reviews","cultivar_passport","photo; gardener_reviews","","",""
"самые сладкие сорта малины для подмосковья","9","18","Низкая","https://malinaklubnika.ru/zhurnal/sorta-maliny-dlya-podmoskovya-kak-vybrat/","section-1","editorial_answer","","","",""
"сладкие сорта клубники для сибири","9","18","Низкая","https://malinaklubnika.ru/zhurnal/kak-vybrat-sort-klubniki/","section-1","editorial_answer","","","",""
"сорта клубники для краснодарского края лучшие для открытого грунта","9","15","Низкая","https://malinaklubnika.ru/zhurnal/kak-vybrat-sort-klubniki/","section-1","editorial_answer","","","",""
"сорта клубники для урала лучшие","9","15","Низкая","https://malinaklubnika.ru/zhurnal/kak-vybrat-sort-klubniki/","section-1","editorial_answer","","","",""
"сорта клубники для урала лучшие открытого грунта","9","17","Низкая","https://malinaklubnika.ru/zhurnal/kak-vybrat-sort-klubniki/","section-1","editorial_answer","","","",""
"сорта малины устойчивые к дидимелле","9","22","Низкая","https://malinaklubnika.ru/zhurnal/didimella-maliny-priznaki-i-proverka/","section-1","editorial_answer","","","",""
"что такое клубника короткого светового дня","9","9","Низкая","https://malinaklubnika.ru/zhurnal/nsd-ksd-klubnika-chto-znachat-tipy-dnya/","section-1","editorial_answer","","","",""
"баковые смеси для обработки клубники весной от болезней и вредителей","8","22","Низкая","https://malinaklubnika.ru/zhurnal/vrediteli-klubniki-kak-razlichit/","section-4","editorial_answer","","","",""
"болезни малины описание с фотографиями и способы лечения и профилактики весной","8","15","Низкая","https://malinaklubnika.ru/zhurnal/bolezni-i-vrediteli-maliny-priznaki/","section-5","editorial_answer","","","",""
"болезни малины описание с фотографиями на стволе","8","17","Низкая","https://malinaklubnika.ru/zhurnal/bolezni-i-vrediteli-maliny-priznaki/","section-1","editorial_answer","","","",""
"клубника кабрило описание сорта фото отзывы садоводов урожайность характеристика и описание","8","13","Низкая","https://malinaklubnika.ru/sorta/cabrillo/","otzyvy","cultivar_passport","","https://pmc.ncbi.nlm.nih.gov/articles/PMC8728004/","https://klubnika24.ru/obsuzhdenie-sorta-klubniki-kabrillo","external_published_reader_accounts"
"клубника нсд лучшие сорта","8","15","Низкая","https://malinaklubnika.ru/zhurnal/nsd-ksd-klubnika-chto-znachat-tipy-dnya/","section-2","editorial_answer","","","",""
"клубника ремонтантная лучшие сорта для средней полосы","8","21","Низкая","https://malinaklubnika.ru/sorta/klubnika/","tipy","catalog_comparison","","","",""
"клубника розария описание сорта фото отзывы садоводов урожайность","8","16","Низкая","https://malinaklubnika.ru/sorta/strawberry-rosaria-kraege/","seo-reviews","cultivar_passport","photo; gardener_reviews","","",""
"клубника рубиновый кулон описание сорта фото отзывы садоводов урожайность","8","15","Низкая","https://malinaklubnika.ru/sorta/strawberry-ruby-pendant/","seo-reviews","cultivar_passport","","https://dachaotzyv.ru/klubnika-rubinovyj-kulon/","https://dachaotzyv.ru/klubnika-rubinovyj-kulon/","external_published_reader_accounts"
"клубника сорт клери описание и фото отзывы садоводов","8","11","Низкая","https://malinaklubnika.ru/sorta/kleri/","otzyvy","cultivar_passport","","https://commons.wikimedia.org/wiki/File:Clery_Gartenerdbeere.JPG","https://dachaotzyv.ru/klubnika-kleri/","external_published_reader_accounts"
"клубника элиане описание сорта фото отзывы садоводов урожайность","8","15","Низкая","https://malinaklubnika.ru/sorta/strawberry-elianny/","seo-reviews","cultivar_passport","","https://dachaotzyv.ru/klubnika-eliane/","https://dachaotzyv.ru/klubnika-eliane/","external_published_reader_accounts"
"лучшие сорта желтой малины для подмосковья","8","13","Низкая","https://malinaklubnika.ru/sorta/malina/regiony/","region-3","regional_admissions_and_trials","","","",""
"лучшие сорта малины для подмосковья для открытого грунта не ремонтантные","8","11","Низкая","https://malinaklubnika.ru/zhurnal/sorta-maliny-dlya-podmoskovya-kak-vybrat/","section-1","editorial_answer","","","",""
"лучшие сорта ремонтантной малины с высоким урожаем","8","24","Низкая","https://malinaklubnika.ru/sorta/malina/","tipy","catalog_comparison","","","",""
"малина бальзам описание сорта фото отзывы садоводов урожайность","8","10","Низкая","https://malinaklubnika.ru/sorta/balzam/","otzyvy","cultivar_passport","photo; gardener_reviews","","",""
"малина блестящая описание сорта","8","13","Низкая","https://malinaklubnika.ru/sorta/raspberry-brilliantovaya/","seo-opisanie","cultivar_passport","","","",""
"малина золотые купола описание сорта фото отзывы","8","11","Низкая","https://malinaklubnika.ru/sorta/zolotye-kupola/","otzyvy","cultivar_passport","","https://dachaotzyv.ru/malina-zolotye-kupola/","https://dachaotzyv.ru/malina-zolotye-kupola/","external_published_reader_accounts"
"малина изобильная описание сорта фото отзывы садоводов","8","9","Низкая","https://malinaklubnika.ru/sorta/izobilnaya/","seo-reviews","cultivar_passport","","https://dachaotzyv.ru/malina-izobilnaya/","https://dachaotzyv.ru/malina-izobilnaya/","external_published_reader_accounts"
"малина прелесть описание сорта","8","8","Низкая","https://malinaklubnika.ru/sorta/raspberry-prelest/","seo-opisanie","cultivar_passport","","","",""
"малина сорта для подмосковья урожайные","8","9","Низкая","https://malinaklubnika.ru/zhurnal/sorta-maliny-dlya-podmoskovya-kak-vybrat/","section-1","editorial_answer","","","",""
"малина сорта дочь геракла видео","8","10","Низкая","https://malinaklubnika.ru/sorta/raspberry-doch-gerakla-trade/","seo-opisanie","cultivar_passport","","https://dachaotzyv.ru/malina-doch-gerakla/","https://dachaotzyv.ru/malina-doch-gerakla/","external_published_reader_accounts"
"малиновое дерево сказка описание сорта фото отзывы садоводов","8","8","Низкая","https://malinaklubnika.ru/sorta/malina-skazka/","seo-reviews","cultivar_passport","","https://dachaotzyv.ru/malina-skazka/","https://dachaotzyv.ru/malina-skazka/","external_published_reader_accounts"
"рейтинг малины для подмосковья лучших сортов","8","17","Низкая","https://malinaklubnika.ru/sorta/malina/regiony/","region-3","regional_admissions_and_trials","","","",""
"ремонтантные сорта малины для подмосковья","8","11","Низкая","https://malinaklubnika.ru/zhurnal/sorta-maliny-dlya-podmoskovya-kak-vybrat/","section-1","editorial_answer","","","",""
"самая сладкая малина сорта для подмосковья","8","11","Низкая","https://malinaklubnika.ru/zhurnal/sorta-maliny-dlya-podmoskovya-kak-vybrat/","section-1","editorial_answer","","","",""
"самые лучшие сорта малины для подмосковья","8","9","Низкая","https://malinaklubnika.ru/zhurnal/sorta-maliny-dlya-podmoskovya-kak-vybrat/","section-1","editorial_answer","","","",""
"болезни клубники по листьям описание с фотографиями и способы лечения и профилактики","7","13","Низкая","https://malinaklubnika.ru/zhurnal/bolezni-klubniki-priznaki-i-proverka/","section-6","editorial_answer","","","",""
"болезни клубники фото и описание и борьба","7","12","Низкая","https://malinaklubnika.ru/zhurnal/bolezni-klubniki-priznaki-i-proverka/","section-6","editorial_answer","","","",""
"болезни листьев клубники фото и описание","7","13","Низкая","https://malinaklubnika.ru/zhurnal/bolezni-klubniki-priznaki-i-proverka/","section-6","editorial_answer","","","",""
"заболевания клубники с фото и борьба с ними","7","18","Низкая","https://malinaklubnika.ru/zhurnal/bolezni-klubniki-priznaki-i-proverka/","section-6","editorial_answer","","","",""
"как лечить малину от дидимеллы","7","9","Низкая","https://malinaklubnika.ru/zhurnal/didimella-maliny-priznaki-i-proverka/","section-1","editorial_answer","","","",""
"клубника брилла описание сорта фото отзывы садоводов","7","18","Низкая","https://malinaklubnika.ru/sorta/brilla/","otzyvy","cultivar_passport","photo; gardener_reviews","","",""
"клубника гигантелла описание сорта отзывы садоводов","7","11","Низкая","https://malinaklubnika.ru/sorta/gigantella/","seo-reviews","cultivar_passport","","https://7dach.ru/IgorKS/vkus-radosti---zemlyanika-gigantella-134540.html","https://7dach.ru/IgorKS/vkus-radosti---zemlyanika-gigantella-134540.html; https://dachaotzyv.ru/klubnika-gigantella/","grower_diary; external_published_reader_accounts"
"клубника дероял описание сорта","7","10","Низкая","https://malinaklubnika.ru/sorta/strawberry-daroyal-planasa/","seo-opisanie","cultivar_passport","","","",""
"клубника лорд описание сорта отзывы","7","11","Низкая","https://malinaklubnika.ru/sorta/strawberry-lord/","seo-reviews","cultivar_passport","","https://7dach.ru/Tanjeen/klubnichnyy-placdarm-nachalo-s-prodolzheniem-266576.html","https://7dach.ru/Tanjeen/klubnichnyy-placdarm-nachalo-s-prodolzheniem-266576.html; https://dachaotzyv.ru/klubnika-lord/","grower_diary; external_published_reader_accounts"
"клубника сенсация описание сорта отзывы","7","11","Низкая","https://malinaklubnika.ru/sorta/strawberry-sonsation/","seo-reviews","cultivar_passport","","https://flevoberry.nl/wp-content/uploads/2026/09/Sonsation-duo-2400_1600-1024x683-1.jpg","https://7dach.ru/Tangeya/bez-leta-dachniku-ne-zhit-s-iyunem-nadobno-druzhit-zhdem-rasskazov-ob-iyunskoy-pogode-327809.html?c=3; https://dachaotzyv.ru/klubnika-sensaciya/","grower_diary; external_published_reader_accounts"
"клубника фейт описание сорта фото отзывы садоводов урожайность","7","12","Низкая","https://malinaklubnika.ru/sorta/strawberry-faith/","seo-reviews","cultivar_passport","photo; gardener_reviews","","",""
"крупноплодная малина сорта для подмосковья","7","9","Низкая","https://malinaklubnika.ru/zhurnal/sorta-maliny-dlya-podmoskovya-kak-vybrat/","section-1","editorial_answer","","","",""
"лучшие сорта желтой малины","7","11","Низкая","https://malinaklubnika.ru/sorta/malina/","catalog","catalog_comparison","","","",""
"лучшие сорта клубники для северо запада","7","18","Низкая","https://malinaklubnika.ru/zhurnal/kak-vybrat-sort-klubniki/","section-1","editorial_answer","","","",""
"лучшие сорта малины для ленинградской области рекомендации садоводов","7","15","Низкая","https://malinaklubnika.ru/zhurnal/sorta-maliny-dlya-podmoskovya-kak-vybrat/","section-1","editorial_answer","","","",""
"лучшие сорта малины для подмосковья для открытого грунта не ремонтантные сорта","7","9","Низкая","https://malinaklubnika.ru/zhurnal/sorta-maliny-dlya-podmoskovya-kak-vybrat/","section-1","editorial_answer","","","",""
"лучшие сорта малины ремонтантной для подмосковья","7","13","Низкая","https://malinaklubnika.ru/zhurnal/sorta-maliny-dlya-podmoskovya-kak-vybrat/","section-1","editorial_answer","","","",""
"малина антарес описание сорта","7","8","Низкая","https://malinaklubnika.ru/sorta/raspberry-antares/","seo-opisanie","cultivar_passport","","","",""
"малина глен кое описание сорта отзывы садоводов","7","8","Низкая","https://malinaklubnika.ru/sorta/raspberry-glen-coe/","seo-reviews","cultivar_passport","gardener_reviews","","",""
"малина маравилла описание сорта отзывы","7","8","Низкая","https://malinaklubnika.ru/sorta/maravilla/","seo-reviews","cultivar_passport","","https://patents.google.com/patent/USPP14804P2/en","https://dachaotzyv.ru/malina-maravilla/","external_published_reader_accounts"
"малина маравилла описание сорта отзывы особенности выращивания","7","7","Низкая","https://malinaklubnika.ru/sorta/maravilla/","seo-reviews","cultivar_passport","","https://patents.google.com/patent/USPP14804P2/en","https://dachaotzyv.ru/malina-maravilla/","external_published_reader_accounts"
"малина маравилла описание сорта фото отзывы садоводов урожайность характеристика","7","8","Низкая","https://malinaklubnika.ru/sorta/maravilla/","seo-reviews","cultivar_passport","","https://patents.google.com/patent/USPP14804P2/en","https://dachaotzyv.ru/malina-maravilla/","external_published_reader_accounts"
"малина не ремонтантная лучшие сорта для подмосковья","7","10","Низкая","https://malinaklubnika.ru/zhurnal/sorta-maliny-dlya-podmoskovya-kak-vybrat/","section-1","editorial_answer","","","",""
"малина норвежская описание сорта фото отзывы","7","8","Низкая","https://malinaklubnika.ru/zhurnal/tibetskaya-malina-kakoe-rastenie/","section-6","editorial_answer","","","",""
"малина патриция описание сорта отзывы","7","9","Низкая","https://malinaklubnika.ru/sorta/patritsiya/","otzyvy","cultivar_passport","","https://dachaotzyv.ru/malina-patriciya/","https://dachaotzyv.ru/malina-patriciya/","external_published_reader_accounts"
"малина ровница описание сорта","7","10","Низкая","https://malinaklubnika.ru/sorta/raspberry-rovnitsa/","seo-opisanie","cultivar_passport","","","",""
"малина тибетская фото и описание","7","8","Низкая","https://malinaklubnika.ru/zhurnal/tibetskaya-malina-kakoe-rastenie/","section-2","editorial_answer","","","",""
"малина черная сорта и описание с фото","7","8","Низкая","https://malinaklubnika.ru/zhurnal/chernaya-malina-kumberlend-vyrashchivanie-i-obrezka/","section-1","editorial_answer","","","",""
"самые вкусные сорта малины для подмосковья","7","10","Низкая","https://malinaklubnika.ru/zhurnal/sorta-maliny-dlya-podmoskovya-kak-vybrat/","section-1","editorial_answer","","","",""
"сорт малины для подмосковья самый лучший","7","8","Низкая","https://malinaklubnika.ru/sorta/malina/regiony/","region-3","regional_admissions_and_trials","","","",""
"сорта желтой малины фото и описание","7","13","Низкая","https://malinaklubnika.ru/sorta/malina/","catalog","catalog_comparison","","","",""
"сорта клубники для урала лучшие открытого грунта крупные сладкие","7","14","Низкая","https://malinaklubnika.ru/zhurnal/kak-vybrat-sort-klubniki/","section-1","editorial_answer","","","",""
"сорта малины для краснодарского края лучшие","7","16","Низкая","https://malinaklubnika.ru/zhurnal/sorta-maliny-dlya-podmoskovya-kak-vybrat/","section-1","editorial_answer","","","",""
"черная малина сорта и фото","7","6","Низкая","https://malinaklubnika.ru/zhurnal/chernaya-malina-kumberlend-vyrashchivanie-i-obrezka/","section-1","editorial_answer","","","",""
"болезни виктории с фото","6","12","Низкая","https://malinaklubnika.ru/zhurnal/bolezni-klubniki-priznaki-i-proverka/","section-6","editorial_answer","","","",""
"болезни клубники описание с фотографиями по листьям и способы лечения профилактики","6","15","Низкая","https://malinaklubnika.ru/zhurnal/bolezni-klubniki-priznaki-i-proverka/","section-6","editorial_answer","","","",""
"болезни малины фото и описание","6","13","Низкая","https://malinaklubnika.ru/zhurnal/bolezni-i-vrediteli-maliny-priznaki/","section-1","editorial_answer","","","",""
"виктория гигантелла описание сорта фото отзывы садоводов","6","8","Низкая","https://malinaklubnika.ru/sorta/gigantella/","seo-reviews","cultivar_passport","","https://7dach.ru/IgorKS/vkus-radosti---zemlyanika-gigantella-134540.html","https://7dach.ru/IgorKS/vkus-radosti---zemlyanika-gigantella-134540.html; https://dachaotzyv.ru/klubnika-gigantella/","grower_diary; external_published_reader_accounts"
"клубника гигантелла описание и отзывы","6","8","Низкая","https://malinaklubnika.ru/sorta/gigantella/","seo-reviews","cultivar_passport","","https://7dach.ru/IgorKS/vkus-radosti---zemlyanika-gigantella-134540.html","https://7dach.ru/IgorKS/vkus-radosti---zemlyanika-gigantella-134540.html; https://dachaotzyv.ru/klubnika-gigantella/","grower_diary; external_published_reader_accounts"
"клубника кисс неллис описание сорта фото отзывы садоводов урожайность","6","14","Низкая","https://malinaklubnika.ru/sorta/strawberry-kiss-nellis-trade/","seo-reviews","cultivar_passport","","https://dachaotzyv.ru/klubnika-kiss-nellis/","https://dachaotzyv.ru/klubnika-kiss-nellis/","external_published_reader_accounts"
"клубника прими описание сорта фото отзывы садоводов урожайность характеристика и описание","6","16","Низкая","https://malinaklubnika.ru/sorta/strawberry-premy/","seo-reviews","cultivar_passport","photo; gardener_reviews","","",""
"клубника фенелла описание сорта фото отзывы садоводов урожайность","6","16","Низкая","https://malinaklubnika.ru/sorta/strawberry-fenella/","seo-reviews","cultivar_passport","photo; gardener_reviews","","",""
"клубника шарлотта описание сорта фото отзывы садоводов форум садоводов","6","12","Низкая","https://malinaklubnika.ru/sorta/strawberry-charlotte/","seo-reviews","cultivar_passport","","https://dachaotzyv.ru/klubnika-sharlotta/","https://dachaotzyv.ru/klubnika-sharlotta/","external_published_reader_accounts"
"клубника элиане описание сорта фото отзывы садоводов","6","13","Низкая","https://malinaklubnika.ru/sorta/strawberry-elianny/","seo-reviews","cultivar_passport","","https://dachaotzyv.ru/klubnika-eliane/","https://dachaotzyv.ru/klubnika-eliane/","external_published_reader_accounts"
"лучшие ремонтантные сорта малины для подмосковья","6","11","Низкая","https://malinaklubnika.ru/zhurnal/sorta-maliny-dlya-podmoskovya-kak-vybrat/","section-1","editorial_answer","","","",""
"лучшие сорта клубники для дальнего востока","6","11","Низкая","https://malinaklubnika.ru/zhurnal/kak-vybrat-sort-klubniki/","section-1","editorial_answer","","","",""
"малина желтый гигант описание сорта фото отзывы садоводов","6","9","Низкая","https://malinaklubnika.ru/sorta/zheltyy-gigant/","otzyvy","cultivar_passport","","https://agroecoinfo.ru/STATYI/2022/5/st_525.pdf#page=5","https://7dach.ru/Tatka-Veta/malina-zheltyy-gigant-samaya-sladkaya-230032.html; https://dachaotzyv.ru/malina-zheltyj-gigant/","grower_diary; external_published_reader_accounts"
"малина золотой гигант описание сорта фото отзывы садоводов","6","7","Низкая","https://malinaklubnika.ru/sorta/raspberry-zolotoy-gigant/","seo-reviews","cultivar_passport","photo; gardener_reviews","","",""
"малина лучшие сорта для подмосковья отзывы форум","6","12","Низкая","https://malinaklubnika.ru/zhurnal/sorta-maliny-dlya-podmoskovya-kak-vybrat/","section-1","editorial_answer","","","",""
"малина медвежонок описание сорта фото отзывы","6","9","Низкая","https://malinaklubnika.ru/sorta/medvezhonok/","otzyvy","cultivar_passport","gardener_reviews","https://vstisp.org/vstisp/index.php/11-icetheme/sample-news/1455-medvezhonok","",""
"малина оранжевое чудо описание сорта фото отзывы садоводов","6","8","Низкая","https://malinaklubnika.ru/sorta/oranzhevoe-chudo/","otzyvy","cultivar_passport","","https://7dach.ru/gosha_popov_66/oranzhevoe-chudo_29-216211.html","https://dachaotzyv.ru/malina-oranzhevoe-chudo/","external_published_reader_accounts"
"малина орбита описание сорта","6","8","Низкая","https://malinaklubnika.ru/sorta/raspberry-orbita/","seo-opisanie","cultivar_passport","","","",""
"малина роялти описание сорта фото отзывы","6","11","Низкая","https://malinaklubnika.ru/sorta/raspberry-royalty/","seo-reviews","cultivar_passport","photo; gardener_reviews","","",""
"малина сорт маравилла описание сорта фото отзывы","6","7","Низкая","https://malinaklubnika.ru/sorta/maravilla/","seo-reviews","cultivar_passport","","https://patents.google.com/patent/USPP14804P2/en","https://dachaotzyv.ru/malina-maravilla/","external_published_reader_accounts"
"малина спутница описание сорта","6","6","Низкая","https://malinaklubnika.ru/sorta/raspberry-sputnitsa/","seo-opisanie","cultivar_passport","","","",""
"малина химботоп описание сорта фото отзывы садоводов урожайность","6","12","Низкая","https://malinaklubnika.ru/sorta/raspberry-himbo-top/","seo-reviews","cultivar_passport","photo; gardener_reviews","","",""
"обработка клубники железным купоросом осенью","6","16","Низкая","https://malinaklubnika.ru/zhurnal/obrabotka-klubniki-i-maliny-po-sezonu/","section-5","editorial_answer","","","",""
"ранние сорта малины для подмосковья устойчивые к болезням","6","8","Низкая","https://malinaklubnika.ru/zhurnal/bolezni-i-vrediteli-maliny-priznaki/","section-1","editorial_answer","","","",""
"ремонтантная малина ранние сорта для подмосковья","6","9","Низкая","https://malinaklubnika.ru/zhurnal/sorta-maliny-dlya-podmoskovya-kak-vybrat/","section-1","editorial_answer","","","",""
"самые лучшие сорта клубники для сибири","6","10","Низкая","https://malinaklubnika.ru/zhurnal/kak-vybrat-sort-klubniki/","section-1","editorial_answer","","","",""
"сорта малины для краснодарского края лучшие ремонтантной","6","10","Низкая","https://malinaklubnika.ru/zhurnal/sorta-maliny-dlya-podmoskovya-kak-vybrat/","section-1","editorial_answer","","","",""
"сроки посадки малины в омске","6","7","Низкая","https://malinaklubnika.ru/zhurnal/posadka-maliny/","section-1","editorial_answer","","","",""
"хорошие сорта клубники для сибири","6","12","Низкая","https://malinaklubnika.ru/zhurnal/kak-vybrat-sort-klubniki/","section-1","editorial_answer","","","",""
"чем лечить малину от дидимеллы","6","11","Низкая","https://malinaklubnika.ru/zhurnal/didimella-maliny-priznaki-i-proverka/","section-1","editorial_answer","","","",""
"болезни и вредители малины описание с фотографиями и способы лечения","5","17","Низкая","https://malinaklubnika.ru/zhurnal/bolezni-i-vrediteli-maliny-priznaki/","section-5","editorial_answer","","","",""
"болезни клубники фото и их лечение","5","12","Низкая","https://malinaklubnika.ru/zhurnal/bolezni-klubniki-priznaki-i-proverka/","section-6","editorial_answer","","","",""
"какой сорт малины лучше посадить в краснодарском крае","5","7","Низкая","https://malinaklubnika.ru/zhurnal/posadka-maliny/","section-1","editorial_answer","","","",""
"клубника болезни и лечение","5","8","Низкая","https://malinaklubnika.ru/zhurnal/bolezni-klubniki-priznaki-i-proverka/","section-5","editorial_answer","","","",""
"летние сорта малины для подмосковья лучшие сорта","5","8","Низкая","https://malinaklubnika.ru/zhurnal/sorta-maliny-dlya-podmoskovya-kak-vybrat/","section-1","editorial_answer","","","",""
"летняя малина лучшие сорта для подмосковья","5","7","Низкая","https://malinaklubnika.ru/zhurnal/sorta-maliny-dlya-podmoskovya-kak-vybrat/","section-1","editorial_answer","","","",""
"лучшие сорта малины для московской области","5","7","Низкая","https://malinaklubnika.ru/zhurnal/sorta-maliny-dlya-podmoskovya-kak-vybrat/","section-1","editorial_answer","","","",""
"лучшие сорта малины для подмосковья форум","5","8","Низкая","https://malinaklubnika.ru/zhurnal/sorta-maliny-dlya-podmoskovya-kak-vybrat/","section-1","editorial_answer","","","",""
"лучшие сорта малины для юга россии жароустойчивые","5","17","Низкая","https://malinaklubnika.ru/zhurnal/sorta-maliny-dlya-podmoskovya-kak-vybrat/","section-1","editorial_answer","","","",""
"малина для северо-запада лучшие сорта","5","11","Низкая","https://malinaklubnika.ru/sorta/malina/regiony/","region-2","regional_admissions_and_trials","","","",""
"малина желтая зюгана описание сорта","5","5","Низкая","https://malinaklubnika.ru/sorta/raspberry-sugana/","seo-opisanie","cultivar_passport","","https://www.luberaedibles.com/cdn/shop/products/Rubus_Twotimer__Sugana_1_550x550.jpg?v=1675066659","https://dachaotzyv.ru/malina-zyugana/","external_published_reader_accounts"
"малина изобильная казакова описание сорта фото отзывы садоводов","5","8","Низкая","https://malinaklubnika.ru/sorta/izobilnaya/","seo-reviews","cultivar_passport","","https://dachaotzyv.ru/malina-izobilnaya/","https://dachaotzyv.ru/malina-izobilnaya/","external_published_reader_accounts"
"малина награда описание сорта фото отзывы садоводов","5","8","Низкая","https://malinaklubnika.ru/sorta/raspberry-nagrada/","seo-reviews","cultivar_passport","photo; gardener_reviews","","",""
"малина патриция описание сорта фото отзывы садоводов","5","7","Низкая","https://malinaklubnika.ru/sorta/patritsiya/","otzyvy","cultivar_passport","","https://dachaotzyv.ru/malina-patriciya/","https://dachaotzyv.ru/malina-patriciya/","external_published_reader_accounts"
"малина рубиновый гигант описание сорта фото отзывы садоводов","5","12","Низкая","https://malinaklubnika.ru/sorta/raspberry-rubinovyy-gigant/","seo-reviews","cultivar_passport","","https://dachaotzyv.ru/malina-rubinovyj-gigant/","https://dachaotzyv.ru/malina-rubinovyj-gigant/","external_published_reader_accounts"
"малина турмалин описание сорта","5","6","Низкая","https://malinaklubnika.ru/sorta/raspberry-turmalin/","seo-opisanie","cultivar_passport","","","",""
"малина феномен описание сорта отзывы","5","8","Низкая","https://malinaklubnika.ru/sorta/raspberry-fenomen/","seo-reviews","cultivar_passport","","https://dachaotzyv.ru/malina-fenomen/","https://dachaotzyv.ru/malina-fenomen/","external_published_reader_accounts"
"на стволе малины коричневые пятна что это за болезнь и как с ней бороться","5","8","Низкая","https://malinaklubnika.ru/zhurnal/didimella-maliny-priznaki-i-proverka/","section-2","editorial_answer","","","",""
"рейтинг сортов малины для подмосковья","5","11","Низкая","https://malinaklubnika.ru/sorta/malina/regiony/","region-3","regional_admissions_and_trials","","","",""
"ремонтантная малина лучшие сорта для подмосковья","5","7","Низкая","https://malinaklubnika.ru/zhurnal/sorta-maliny-dlya-podmoskovya-kak-vybrat/","section-1","editorial_answer","","","",""
"сорт малины для подмосковья","5","5","Низкая","https://malinaklubnika.ru/sorta/malina/regiony/","region-3","regional_admissions_and_trials","","","",""
"сорта малины устойчивые к дидимелле в подмосковье","5","11","Низкая","https://malinaklubnika.ru/zhurnal/didimella-maliny-priznaki-i-proverka/","section-1","editorial_answer","","","",""
"сорта ремонтантной клубники с фотографиями и описанием для кубани","5","12","Низкая","https://malinaklubnika.ru/zhurnal/remontantnaya-klubnika/","section-3","editorial_answer","","","",""
"хорошие сорта малины для подмосковья","5","7","Низкая","https://malinaklubnika.ru/zhurnal/sorta-maliny-dlya-podmoskovya-kak-vybrat/","section-1","editorial_answer","","","",""
"болезни и вредители малины описание с фотографиями","4","6","Низкая","https://malinaklubnika.ru/zhurnal/bolezni-i-vrediteli-maliny-priznaki/","section-1","editorial_answer","","","",""
"болезни клубники и их лечение","4","8","Низкая","https://malinaklubnika.ru/zhurnal/bolezni-klubniki-priznaki-i-proverka/","section-5","editorial_answer","","","",""
"болезнь малины ведьмина метла","4","9","Низкая","https://malinaklubnika.ru/zhurnal/bolezni-i-vrediteli-maliny-priznaki/","section-3","editorial_answer","","","",""
"болезнь рассады клубники","4","4","Низкая","https://malinaklubnika.ru/zhurnal/bolezni-klubniki-priznaki-i-proverka/","section-1","editorial_answer","","","",""
"гусария малина описание сорта","4","8","Низкая","https://malinaklubnika.ru/sorta/raspberry-husaria/","seo-opisanie","cultivar_passport","","","",""
"дидимелла на малине фото и описание","4","8","Низкая","https://malinaklubnika.ru/zhurnal/didimella-maliny-priznaki-i-proverka/","section-1","editorial_answer","","","",""
"заболевания клубники с фото","4","7","Низкая","https://malinaklubnika.ru/zhurnal/bolezni-klubniki-priznaki-i-proverka/","section-6","editorial_answer","","","",""
"крупноплодная безусая земляника","4","3","Низкая","https://malinaklubnika.ru/zhurnal/klubnika-s-malyim-kolichestvom-usov/","section-1","editorial_answer","","","",""
"кустовая малина сорта фото и описание","4","6","Низкая","https://malinaklubnika.ru/zhurnal/uhod-za-malinoi-v-techenie-sezona/","section-5","editorial_answer","","","",""
"лучшая ремонтантная малина для подмосковья отзывы","4","8","Низкая","https://malinaklubnika.ru/zhurnal/sorta-maliny-dlya-podmoskovya-kak-vybrat/","section-1","editorial_answer","","","",""
"лучшие сорта малины в подмосковье","4","6","Низкая","https://malinaklubnika.ru/zhurnal/sorta-maliny-dlya-podmoskovya-kak-vybrat/","section-1","editorial_answer","","","",""
"лучшие сорта малины для подмосковья не ремонтантные открытого грунта","4","8","Низкая","https://malinaklubnika.ru/zhurnal/sorta-maliny-dlya-podmoskovya-kak-vybrat/","section-1","editorial_answer","","","",""
"малина абрикосовая описание сорта фото отзывы","4","5","Низкая","https://malinaklubnika.ru/sorta/abrikosovaya/","otzyvy","cultivar_passport","","https://7dach.ru/fedzina/malina-abrikosovaya-95549.html","https://7dach.ru/fedzina/malina-abrikosovaya-95549.html; https://dachaotzyv.ru/malina-abrikosovaya/","grower_diary; external_published_reader_accounts"
"малина бриллиантовая описание сорта фото отзывы садоводов","4","8","Низкая","https://malinaklubnika.ru/sorta/brilliantovaya/","otzyvy","cultivar_passport","","https://commons.wikimedia.org/wiki/File:Rubus_idaeus_%27Brilliantovaya%27.JPG","https://dachaotzyv.ru/malina-brilliantovaya/","external_published_reader_accounts"
"малина ведьмина метла","4","8","Низкая","https://malinaklubnika.ru/zhurnal/bolezni-i-vrediteli-maliny-priznaki/","section-3","editorial_answer","","","",""
"малина глен ди описание сорта фото отзывы садоводов","4","7","Низкая","https://malinaklubnika.ru/sorta/raspberry-glen-dee/","seo-reviews","cultivar_passport","gardener_reviews","https://www.hutton.ac.uk/wp-content/uploads/2026/06/Glen-Dee.jpg","",""
"малина глен файн описание сорта фото отзывы садоводов","4","10","Низкая","https://malinaklubnika.ru/sorta/raspberry-glen-fyne/","seo-reviews","cultivar_passport","","https://www.hutton.ac.uk/wp-content/uploads/2026/06/Glen-Fyne.jpg","https://dachaotzyv.ru/malina-glen-fajn/","external_published_reader_accounts"
"малина гордость россии описание сорта фото отзывы садоводов урожайность","4","7","Низкая","https://malinaklubnika.ru/sorta/gordost-rossii/","seo-reviews","cultivar_passport","photo","","https://7dach.ru/Alex_Eskin/podelites-opytom-vyraschivaniya-maliny-gordost-rossii-221162.html","grower_diary"
"малина дерево описание сорта фото отзывы","4","9","Низкая","https://malinaklubnika.ru/sorta/malina/","catalog","catalog_comparison","","","",""
"малина для подмосковья лучшие сорта самоплодные","4","5","Низкая","https://malinaklubnika.ru/zhurnal/sorta-maliny-dlya-podmoskovya-kak-vybrat/","section-1","editorial_answer","","","",""
"малина желтая медовая описание сорта фото отзывы","4","8","Низкая","https://malinaklubnika.ru/sorta/raspberry-yellow-honey-trade/","seo-reviews","cultivar_passport","photo; gardener_reviews","","",""
"малина затонская описание сорта фото отзывы","4","6","Низкая","https://malinaklubnika.ru/sorta/raspberry-zatonskaya/","seo-reviews","cultivar_passport","photo; gardener_reviews","","",""
"малина затонская описание сорта фото отзывы садоводов","4","8","Низкая","https://malinaklubnika.ru/sorta/raspberry-zatonskaya/","seo-reviews","cultivar_passport","photo; gardener_reviews","","",""
"малина изобильная описание сорта фото отзывы","4","5","Низкая","https://malinaklubnika.ru/sorta/izobilnaya/","seo-reviews","cultivar_passport","","https://dachaotzyv.ru/malina-izobilnaya/","https://dachaotzyv.ru/malina-izobilnaya/","external_published_reader_accounts"
"малина кустовая сорта фото и описание сорта","4","8","Низкая","https://malinaklubnika.ru/zhurnal/uhod-za-malinoi-v-techenie-sezona/","section-5","editorial_answer","","","",""
"малина оранжевое чудо ремонтантная описание сорта фото отзывы особенности выращивания","4","6","Низкая","https://malinaklubnika.ru/sorta/oranzhevoe-chudo/","otzyvy","cultivar_passport","","https://7dach.ru/gosha_popov_66/oranzhevoe-chudo_29-216211.html","https://dachaotzyv.ru/malina-oranzhevoe-chudo/","external_published_reader_accounts"
"малина подарок казакова описание сорта фото отзывы","4","6","Низкая","https://malinaklubnika.ru/sorta/poklon-kazakovu/","otzyvy","cultivar_passport","","https://ferma.expert/rasteniya/kustarniki/malina/poklon-kazakovu/","https://dachaotzyv.ru/malina-poklon-kazakovu/","external_published_reader_accounts"
"малина прималба описание сорта фото отзывы садоводов урожайность","4","12","Низкая","https://malinaklubnika.ru/sorta/raspberry-primalba/","seo-reviews","cultivar_passport","photo; gardener_reviews","","",""
"малина ремонтантная для подмосковья лучшие сорта","4","5","Низкая","https://malinaklubnika.ru/zhurnal/sorta-maliny-dlya-podmoskovya-kak-vybrat/","section-1","editorial_answer","","","",""
"малина ремонтантная лучшие сорта для подмосковья описание и отзывы","4","6","Низкая","https://malinaklubnika.ru/zhurnal/sorta-maliny-dlya-podmoskovya-kak-vybrat/","section-1","editorial_answer","","","",""
"малина сказка малиновое дерево посадка и уход","4","6","Низкая","https://malinaklubnika.ru/sorta/malina-skazka/","seo-care","cultivar_passport","","https://dachaotzyv.ru/malina-skazka/","https://dachaotzyv.ru/malina-skazka/","external_published_reader_accounts"
"малина таганка описание сорта фото отзывы садоводов","4","6","Низкая","https://malinaklubnika.ru/sorta/taganka/","seo-reviews","cultivar_passport","","https://dachaotzyv.ru/malina-taganka/","https://dachaotzyv.ru/malina-taganka/","external_published_reader_accounts"
"малина терентий описание сорта фото отзывы садоводов урожайность характеристика","4","6","Низкая","https://malinaklubnika.ru/sorta/raspberry-terentiy/","seo-reviews","cultivar_passport","","https://dachaotzyv.ru/malina-terentij/","https://dachaotzyv.ru/malina-terentij/","external_published_reader_accounts"
"малина тибетская отзывы садоводов","4","4","Низкая","https://malinaklubnika.ru/zhurnal/tibetskaya-malina-kakoe-rastenie/","section-4","editorial_answer","","","",""
"примальба малина посадка уход","4","7","Низкая","https://malinaklubnika.ru/zhurnal/posadka-maliny/","section-1","editorial_answer","","","",""
"пятна на стеблях малины","4","7","Низкая","https://malinaklubnika.ru/zhurnal/didimella-maliny-priznaki-i-proverka/","section-2","editorial_answer","","","",""
"ранние сорта малины для подмосковья","4","5","Низкая","https://malinaklubnika.ru/zhurnal/sorta-maliny-dlya-podmoskovya-kak-vybrat/","section-1","editorial_answer","","","",""
"самая лучшая малина для подмосковья","4","7","Низкая","https://malinaklubnika.ru/zhurnal/sorta-maliny-dlya-podmoskovya-kak-vybrat/","section-1","editorial_answer","","","",""
"самый сладкий сорт малины для подмосковья","4","6","Низкая","https://malinaklubnika.ru/sorta/malina/regiony/","region-3","regional_admissions_and_trials","","","",""
"тибетская малина какая на вкус","4","4","Низкая","https://malinaklubnika.ru/zhurnal/tibetskaya-malina-kakoe-rastenie/","section-1","editorial_answer","","","",""
"фото болезней клубники","4","13","Низкая","https://malinaklubnika.ru/zhurnal/bolezni-klubniki-priznaki-i-proverka/","section-6","editorial_answer","","","",""
"чем обработать смородину и малину весной от вредителей и болезней","4","6","Низкая","https://malinaklubnika.ru/zhurnal/bolezni-i-vrediteli-maliny-priznaki/","section-5","editorial_answer","","","",""
"азиатская малина","3","2","Низкая","https://malinaklubnika.ru/zhurnal/tibetskaya-malina-kakoe-rastenie/","section-7","editorial_answer","","","",""
"априка клубника описание отзывы","3","5","Низкая","https://malinaklubnika.ru/sorta/aprika/","otzyvy","cultivar_passport","gardener_reviews","https://pmc.ncbi.nlm.nih.gov/articles/PMC11125040/","",""
"болезни клубники описание с фотографиями и способы лечения осенью","3","3","Низкая","https://malinaklubnika.ru/zhurnal/bolezni-klubniki-priznaki-i-proverka/","section-6","editorial_answer","","","",""
"болезни малина","3","3","Низкая","https://malinaklubnika.ru/zhurnal/bolezni-i-vrediteli-maliny-priznaki/","section-1","editorial_answer","","","",""
"болезни малины описание с фотографиями и способы лечения и профилактики осенью","3","6","Низкая","https://malinaklubnika.ru/zhurnal/bolezni-i-vrediteli-maliny-priznaki/","section-5","editorial_answer","","","",""
"болезни ремонтантной малины","3","6","Низкая","https://malinaklubnika.ru/zhurnal/bolezni-i-vrediteli-maliny-priznaki/","section-1","editorial_answer","","","",""
"болезнь клубники в картинках","3","5","Низкая","https://malinaklubnika.ru/zhurnal/bolezni-klubniki-priznaki-i-proverka/","section-6","editorial_answer","","","",""
"вирусная мозаика на малине","3","5","Низкая","https://malinaklubnika.ru/zhurnal/mozaika-i-kurchavost-maliny/","section-1","editorial_answer","","","",""
"древовидная малина посадка и уход","3","3","Низкая","https://malinaklubnika.ru/zhurnal/posadka-maliny/","section-1","editorial_answer","","","",""
"земляника сан андреас описание сорта фото отзывы садоводов","3","3","Низкая","https://malinaklubnika.ru/sorta/san-andreas/","seo-reviews","cultivar_passport","","https://active.inspection.gc.ca/english/plaveg/pbrpov/cropreport/str/app00010197e.shtml","https://dachaotzyv.ru/klubnika-san-andreas/","external_published_reader_accounts"
"какую клубнику лучше посадить в сибири","3","8","Низкая","https://malinaklubnika.ru/zhurnal/posadka-klubniki/","section-1","editorial_answer","","","",""
"клубника избранница описание","3","5","Низкая","https://malinaklubnika.ru/sorta/strawberry-izbrannitsa/","seo-opisanie","cultivar_passport","","","",""
"клубника фенг сянг описание сорта отзывы садоводов урожайность","3","11","Низкая","https://malinaklubnika.ru/sorta/strawberry-feng-xiang-nursery/","seo-reviews","cultivar_passport","gardener_reviews","","",""
"коричневые пятна на листьях земляники","3","3","Низкая","https://malinaklubnika.ru/zhurnal/bolezni-klubniki-priznaki-i-proverka/","section-2","editorial_answer","","","",""
"лучшие сорта виктории для урала","3","7","Низкая","https://malinaklubnika.ru/sorta/klubnika/regiony/","region-9","regional_admissions_and_trials","","","",""
"лучшие сорта малины для подмосковья для открытого грунта ремонтантные","3","5","Низкая","https://malinaklubnika.ru/zhurnal/sorta-maliny-dlya-podmoskovya-kak-vybrat/","section-1","editorial_answer","","","",""
"лучшие сорта малины ремонтантной с высоким урожаем","3","10","Низкая","https://malinaklubnika.ru/zhurnal/sorta-maliny-dlya-podmoskovya-kak-vybrat/","section-1","editorial_answer","","","",""
"лучшие сорта ремонтантной малины с высоким урожаем для средней полосы россии","3","9","Низкая","https://malinaklubnika.ru/sorta/malina/","tipy","catalog_comparison","","","",""
"малина блэк джевел описание сорта фото отзывы","3","6","Низкая","https://malinaklubnika.ru/sorta/raspberry-black-jewel/","seo-reviews","cultivar_passport","photo; gardener_reviews","","",""
"малина блэк джевел описание сорта фото отзывы особенности выращивания","3","5","Низкая","https://malinaklubnika.ru/sorta/raspberry-black-jewel/","seo-reviews","cultivar_passport","photo; gardener_reviews","","",""
"малина богатырь описание сорта фото отзывы садоводов урожайность характеристика","3","6","Низкая","https://malinaklubnika.ru/sorta/raspberry-bogatyr-trade/","seo-reviews","cultivar_passport","photo; gardener_reviews","","",""
"малина глен лион описание сорта","3","5","Низкая","https://malinaklubnika.ru/sorta/raspberry-glen-lion/","seo-opisanie","cultivar_passport","","","",""
"малина желтый гигант описание сорта отзывы","3","6","Низкая","https://malinaklubnika.ru/sorta/zheltyy-gigant/","otzyvy","cultivar_passport","","https://agroecoinfo.ru/STATYI/2022/5/st_525.pdf#page=5","https://7dach.ru/Tatka-Veta/malina-zheltyy-gigant-samaya-sladkaya-230032.html; https://dachaotzyv.ru/malina-zheltyj-gigant/","grower_diary; external_published_reader_accounts"
"малина затонская описание","3","5","Низкая","https://malinaklubnika.ru/sorta/raspberry-zatonskaya/","seo-opisanie","cultivar_passport","","","",""
"малина зюгана описание сорта фото отзывы садоводов урожайность характеристика и описание сорта","3","5","Низкая","https://malinaklubnika.ru/sorta/raspberry-sugana/","seo-reviews","cultivar_passport","","https://www.luberaedibles.com/cdn/shop/products/Rubus_Twotimer__Sugana_1_550x550.jpg?v=1675066659","https://dachaotzyv.ru/malina-zyugana/","external_published_reader_accounts"
"малина колокольчик описание сорта фото отзывы садоводов","3","7","Низкая","https://malinaklubnika.ru/sorta/raspberry-kolokolchik/","seo-reviews","cultivar_passport","","https://dachaotzyv.ru/malina-kolokolchik/","https://dachaotzyv.ru/malina-kolokolchik/","external_published_reader_accounts"
"малина корпико описание сорта","3","5","Низкая","https://malinaklubnika.ru/sorta/raspberry-korpiko/","seo-opisanie","cultivar_passport","","","",""
"малина мишутка описание сорта фото","3","5","Низкая","https://malinaklubnika.ru/sorta/raspberry-mishutka/","seo-photo","cultivar_passport","","https://dachaotzyv.ru/malina-mishutka/","https://dachaotzyv.ru/malina-mishutka/","external_published_reader_accounts"
"малина ровница","3","2","Низкая","https://malinaklubnika.ru/sorta/raspberry-rovnitsa/","seo-opisanie","cultivar_passport","","","",""
"малина таруса описание сорта посадка и уход в открытом грунте","3","7","Низкая","https://malinaklubnika.ru/sorta/tarusa/","seo-care","cultivar_passport","","https://7dach.ru/SvetikOdessa/malinovoe-derevo_2-72683.html","https://7dach.ru/SvetikOdessa/malinovoe-derevo_2-72683.html; https://dachaotzyv.ru/malina-tarusa/","grower_diary; external_published_reader_accounts"
"малина тибетская описание и фото","3","4","Низкая","https://malinaklubnika.ru/zhurnal/tibetskaya-malina-kakoe-rastenie/","section-2","editorial_answer","","","",""
"малина усанка описание сорта","3","5","Низкая","https://malinaklubnika.ru/sorta/raspberry-usanka/","seo-opisanie","cultivar_passport","","","",""
"малина устойчивая к дидимелле сорта","3","6","Низкая","https://malinaklubnika.ru/zhurnal/didimella-maliny-priznaki-i-proverka/","section-1","editorial_answer","","","",""
"можно ли есть тибетскую малину","3","2","Низкая","https://malinaklubnika.ru/zhurnal/tibetskaya-malina-kakoe-rastenie/","section-1","editorial_answer","","","",""
"новые сорта клубники 2025","3","13","Низкая","https://malinaklubnika.ru/zhurnal/kak-vybrat-sort-klubniki/","section-1","editorial_answer","","","",""
"обработка малины от вредителей в июне","3","2","Низкая","https://malinaklubnika.ru/zhurnal/bolezni-i-vrediteli-maliny-priznaki/","section-5","editorial_answer","","","",""
"парша на малине","3","4","Низкая","https://malinaklubnika.ru/zhurnal/mozaika-i-kurchavost-maliny/","section-3","editorial_answer","","","",""
"пурпуровая пятнистость малины фото и их лечение","3","3","Низкая","https://malinaklubnika.ru/zhurnal/bolezni-i-vrediteli-maliny-priznaki/","section-2","editorial_answer","","","",""
"ремонтантная малина сорта для средней полосы лучшие сорта фото с названиями","3","7","Низкая","https://malinaklubnika.ru/sorta/malina/","tipy","catalog_comparison","","","",""
"самые ранние сорта ремонтантной малины для подмосковья","3","10","Низкая","https://malinaklubnika.ru/sorta/malina/regiony/","region-3","regional_admissions_and_trials","","","",""
"сорта малины смородины крыжовника какие с самыми крупными ягодами","3","5","Низкая","https://malinaklubnika.ru/zhurnal/sorta-maliny-dlya-podmoskovya-kak-vybrat/","section-1","editorial_answer","","","",""
"сорта ремонтантной малины с фотографиями","3","9","Низкая","https://malinaklubnika.ru/sorta/malina/","tipy","catalog_comparison","","","",""
"хорус для малины","3","4","Низкая","https://malinaklubnika.ru/zhurnal/fitosporin-horus-narodnye-sredstva-i-smesi/","section-2","editorial_answer","","","",""
"хорус для малины весной","3","4","Низкая","https://malinaklubnika.ru/zhurnal/fitosporin-horus-narodnye-sredstva-i-smesi/","section-2","editorial_answer","","","",""
"чем обработать клубнику от болезней летом на даче","3","4","Низкая","https://malinaklubnika.ru/zhurnal/bolezni-klubniki-priznaki-i-proverka/","section-5","editorial_answer","","","",""
"болезни клубники и чем лечить","2","2","Низкая","https://malinaklubnika.ru/zhurnal/bolezni-klubniki-priznaki-i-proverka/","section-5","editorial_answer","","","",""
"болезни клубники описание с фотографиями и способы лечения летом во время плодоношения","2","2","Низкая","https://malinaklubnika.ru/zhurnal/bolezni-klubniki-priznaki-i-proverka/","section-6","editorial_answer","","","",""
"болезни клубники с фото и описанием","2","3","Низкая","https://malinaklubnika.ru/zhurnal/bolezni-klubniki-priznaki-i-proverka/","section-6","editorial_answer","","","",""
"болезнь клубники по листьям фото","2","2","Низкая","https://malinaklubnika.ru/zhurnal/bolezni-klubniki-priznaki-i-proverka/","section-6","editorial_answer","","","",""
"болезнь малины ведьмина метла фото и описание","2","5","Низкая","https://malinaklubnika.ru/zhurnal/bolezni-i-vrediteli-maliny-priznaki/","section-3","editorial_answer","","","",""
"борьба с болезнями клубники","2","3","Низкая","https://malinaklubnika.ru/zhurnal/bolezni-klubniki-priznaki-i-proverka/","section-1","editorial_answer","","","",""
"вирусные болезни малины","2","3","Низкая","https://malinaklubnika.ru/zhurnal/bolezni-i-vrediteli-maliny-priznaki/","section-1","editorial_answer","","","",""
"гордость россии малина описание сорта фото отзывы садоводов","2","2","Низкая","https://malinaklubnika.ru/sorta/gordost-rossii/","seo-reviews","cultivar_passport","photo","","https://7dach.ru/Alex_Eskin/podelites-opytom-vyraschivaniya-maliny-gordost-rossii-221162.html","grower_diary"
"дидимелла на малине меры борьбы весной","2","5","Низкая","https://malinaklubnika.ru/zhurnal/uhod-za-malinoi-vesnoi-posle-zimy/","section-1","editorial_answer","","","",""
"для посадки приготовили 12 кустов малины и 18 кустов крыжовника в субботу посадили 19 кустов","2","2","Низкая","https://malinaklubnika.ru/zhurnal/posadka-maliny/","section-1","editorial_answer","","","",""
"железный купорос для обработки клубники осенью от вредителей и болезней","2","4","Низкая","https://malinaklubnika.ru/zhurnal/vrediteli-klubniki-kak-razlichit/","section-4","editorial_answer","","","",""
"земляника альфа описание сорта фото отзывы","2","2","Низкая","https://malinaklubnika.ru/sorta/alfa/","otzyvy","cultivar_passport","gardener_reviews","https://jbiochemtech.com/storage/models/article/bMUh1GtjLrbMv0U5GbVt14NkkfQ2frw7KZS6iVW7Iv1VKS7RXJ6GRMwbz9KS/garden-strawberry-varieties-of-the-all-russian-horticultural-institute-for-breeding-agrotechnology.pdf#page=5","",""
"земляника зефир описание сорта фото отзывы садоводов урожайность","2","2","Низкая","https://malinaklubnika.ru/sorta/zephyr/","seo-reviews","cultivar_passport","","https://dachaotzyv.ru/klubnika-zefir/","https://dachaotzyv.ru/klubnika-zefir/","external_published_reader_accounts"
"земляника прими описание сорта фото отзывы","2","2","Низкая","https://malinaklubnika.ru/sorta/strawberry-premy/","seo-reviews","cultivar_passport","photo; gardener_reviews","","",""
"земляника фейт описание сорта фото отзывы","2","2","Низкая","https://malinaklubnika.ru/sorta/strawberry-faith/","seo-reviews","cultivar_passport","photo; gardener_reviews","","",""
"израстание малины описание с фотографиями","2","6","Низкая","https://malinaklubnika.ru/zhurnal/bolezni-i-vrediteli-maliny-priznaki/","section-3","editorial_answer","","","",""
"как бороться с болезнями клубники","2","2","Низкая","https://malinaklubnika.ru/zhurnal/bolezni-klubniki-priznaki-i-proverka/","section-1","editorial_answer","","","",""
"какая малина лучше для подмосковья","2","3","Низкая","https://malinaklubnika.ru/zhurnal/sorta-maliny-dlya-podmoskovya-kak-vybrat/","section-1","editorial_answer","","","",""
"какие болезни бывают у клубники","2","3","Низкая","https://malinaklubnika.ru/zhurnal/bolezni-klubniki-priznaki-i-proverka/","section-1","editorial_answer","","","",""
"какую малину лучше посадить в подмосковье","2","3","Низкая","https://malinaklubnika.ru/zhurnal/posadka-maliny/","section-1","editorial_answer","","","",""
"какую малину лучше посадить в подмосковье отзывы","2","3","Низкая","https://malinaklubnika.ru/zhurnal/posadka-maliny/","section-1","editorial_answer","","","",""
"клубника априка описание отзывы","2","2","Низкая","https://malinaklubnika.ru/sorta/aprika/","otzyvy","cultivar_passport","gardener_reviews","https://pmc.ncbi.nlm.nih.gov/articles/PMC11125040/","",""
"клубника болезни и","2","2","Низкая","https://malinaklubnika.ru/zhurnal/bolezni-klubniki-priznaki-i-proverka/","section-1","editorial_answer","","","",""
"клубника гигантелла описание отзывы","2","2","Низкая","https://malinaklubnika.ru/sorta/gigantella/","seo-reviews","cultivar_passport","","https://7dach.ru/IgorKS/vkus-radosti---zemlyanika-gigantella-134540.html","https://7dach.ru/IgorKS/vkus-radosti---zemlyanika-gigantella-134540.html; https://dachaotzyv.ru/klubnika-gigantella/","grower_diary; external_published_reader_accounts"
"лучшая малина для подмосковья отзывы","2","4","Низкая","https://malinaklubnika.ru/zhurnal/sorta-maliny-dlya-podmoskovya-kak-vybrat/","section-1","editorial_answer","","","",""
"лучшие сорта желтой малины для средней полосы","2","5","Низкая","https://malinaklubnika.ru/sorta/malina/","catalog","catalog_comparison","","","",""
"лучшие сорта ремонтантной малины для средней полосы","2","10","Низкая","https://malinaklubnika.ru/sorta/malina/","tipy","catalog_comparison","","","",""
"лучшие сорта ремонтантной малины с высоким урожаем для юга россии","2","10","Низкая","https://malinaklubnika.ru/sorta/malina/","tipy","catalog_comparison","","","",""
"лучшие сорта черной малины","2","8","Низкая","https://malinaklubnika.ru/zhurnal/chernaya-malina-kumberlend-vyrashchivanie-i-obrezka/","section-1","editorial_answer","","","",""
"малина глен файн отзывы","2","4","Низкая","https://malinaklubnika.ru/sorta/raspberry-glen-fyne/","seo-reviews","cultivar_passport","","https://www.hutton.ac.uk/wp-content/uploads/2026/06/Glen-Fyne.jpg","https://dachaotzyv.ru/malina-glen-fajn/","external_published_reader_accounts"
"малина глен эмпл описание сорта фото отзывы","2","5","Низкая","https://malinaklubnika.ru/sorta/glen-ample/","seo-reviews","cultivar_passport","","https://dachaotzyv.ru/malina-glen-ampl/","https://dachaotzyv.ru/malina-glen-ampl/","external_published_reader_accounts"
"малина для юга россии жароустойчивые сорта","2","5","Низкая","https://malinaklubnika.ru/sorta/malina/","ustoychivost","catalog_comparison","","","",""
"малина мишутка описание сорта фото отзывы садоводов урожайность характеристика","2","9","Низкая","https://malinaklubnika.ru/sorta/raspberry-mishutka/","seo-reviews","cultivar_passport","","https://dachaotzyv.ru/malina-mishutka/","https://dachaotzyv.ru/malina-mishutka/","external_published_reader_accounts"
"малина похвалинка описание сорта отзывы особенности","2","5","Низкая","https://malinaklubnika.ru/sorta/pohvalinka/","otzyvy","cultivar_passport","gardener_reviews","","",""
"малина прелесть описание","2","3","Низкая","https://malinaklubnika.ru/sorta/raspberry-prelest/","seo-opisanie","cultivar_passport","","","",""
"малина розолистная съедобная","2","1","Низкая","https://malinaklubnika.ru/zhurnal/tibetskaya-malina-kakoe-rastenie/","section-1","editorial_answer","","","",""
"малина таганка описание сорта посадка и уход","2","2","Низкая","https://malinaklubnika.ru/sorta/taganka/","seo-care","cultivar_passport","","https://dachaotzyv.ru/malina-taganka/","https://dachaotzyv.ru/malina-taganka/","external_published_reader_accounts"
"малина тибетская описание и отзывы","2","2","Низкая","https://malinaklubnika.ru/zhurnal/tibetskaya-malina-kakoe-rastenie/","section-4","editorial_answer","","","",""
"малиновое дерево сказка посадка и уход","2","4","Низкая","https://malinaklubnika.ru/sorta/malina-skazka/","seo-care","cultivar_passport","","https://dachaotzyv.ru/malina-skazka/","https://dachaotzyv.ru/malina-skazka/","external_published_reader_accounts"
"махровость малины","2","4","Низкая","https://malinaklubnika.ru/zhurnal/mozaika-i-kurchavost-maliny/","section-3","editorial_answer","","","",""
"методы борьбы с болезнями клубники","2","3","Низкая","https://malinaklubnika.ru/zhurnal/bolezni-klubniki-priznaki-i-proverka/","section-1","editorial_answer","","","",""
"можно ли вырастить малину из ягоды","2","2","Низкая","https://malinaklubnika.ru/zhurnal/kak-vyrastit-malinu-iz-semyan/","section-1","editorial_answer","","","",""
"можно ли обработать клубнику хорусом","2","1","Низкая","https://malinaklubnika.ru/zhurnal/obrabotka-klubniki-i-maliny-po-sezonu/","section-2","editorial_answer","","","",""
"обработка малины медным купоросом осенью","2","3","Низкая","https://malinaklubnika.ru/zhurnal/obrabotka-klubniki-i-maliny-po-sezonu/","section-2","editorial_answer","","","",""
"пурпурная пятнистость малины фото","2","2","Низкая","https://malinaklubnika.ru/zhurnal/bolezni-i-vrediteli-maliny-priznaki/","section-2","editorial_answer","","","",""
"рейтинг ремонтантной малины для подмосковья","2","7","Низкая","https://malinaklubnika.ru/sorta/malina/regiony/","region-3","regional_admissions_and_trials","","","",""
"самая сладкая малина для подмосковья","2","3","Низкая","https://malinaklubnika.ru/zhurnal/sorta-maliny-dlya-podmoskovya-kak-vybrat/","section-1","editorial_answer","","","",""
"самая сладкая ремонтантная малина для подмосковья","2","3","Низкая","https://malinaklubnika.ru/zhurnal/sorta-maliny-dlya-podmoskovya-kak-vybrat/","section-1","editorial_answer","","","",""
"самая урожайная малина для подмосковья","2","3","Низкая","https://malinaklubnika.ru/zhurnal/sorta-maliny-dlya-podmoskovya-kak-vybrat/","section-1","editorial_answer","","","",""
"сорта малины для среднего урала","2","5","Низкая","https://malinaklubnika.ru/zhurnal/sorta-maliny-dlya-podmoskovya-kak-vybrat/","section-1","editorial_answer","","","",""
"сорта малины устойчивые к болезням и вредителям для подмосковья","2","5","Низкая","https://malinaklubnika.ru/zhurnal/bolezni-i-vrediteli-maliny-priznaki/","section-1","editorial_answer","","","",""
"тибетская малина отзывы по вкусу","2","3","Низкая","https://malinaklubnika.ru/zhurnal/tibetskaya-malina-kakoe-rastenie/","section-4","editorial_answer","","","",""
"чамора туруси клубника описание и отзывы","2","2","Низкая","https://malinaklubnika.ru/sorta/strawberry-chamora-turusi/","seo-reviews","cultivar_passport","","https://dachaotzyv.ru/klubnika-chamora-turusi/","https://dachaotzyv.ru/klubnika-chamora-turusi/","external_published_reader_accounts"
"чем лечить малину от болезней","2","2","Низкая","https://malinaklubnika.ru/zhurnal/bolezni-i-vrediteli-maliny-priznaki/","section-5","editorial_answer","","","",""
"чем лечить мозаичность малины","2","3","Низкая","https://malinaklubnika.ru/zhurnal/mozaika-i-kurchavost-maliny/","section-2","editorial_answer","","","",""
"баковые смеси для обработки клубники","1","3","Низкая","https://malinaklubnika.ru/zhurnal/obrabotka-klubniki-i-maliny-po-sezonu/","section-2","editorial_answer","","","",""
"бактериальный ожог клубники","1","2","Низкая","https://malinaklubnika.ru/zhurnal/bakterialnaya-pyatnistost-klubniki-chto-proverit/","section-1","editorial_answer","","","",""
"бальзам малина","1","1","Низкая","https://malinaklubnika.ru/sorta/balzam/","seo-opisanie","cultivar_passport","","","",""
"болезни и вредители клубники с фото","1","1","Низкая","https://malinaklubnika.ru/zhurnal/vrediteli-klubniki-kak-razlichit/","section-1","editorial_answer","","","",""
"болезни клубники и","1","1","Низкая","https://malinaklubnika.ru/zhurnal/bolezni-klubniki-priznaki-i-proverka/","section-1","editorial_answer","","","",""
"болезни клубники и борьба с ними","1","2","Низкая","https://malinaklubnika.ru/zhurnal/bolezni-klubniki-priznaki-i-proverka/","section-1","editorial_answer","","","",""
"болезни клубники и лечение","1","4","Низкая","https://malinaklubnika.ru/zhurnal/bolezni-klubniki-priznaki-i-proverka/","section-5","editorial_answer","","","",""
"болезни клубники по листу","1","3","Низкая","https://malinaklubnika.ru/zhurnal/bolezni-klubniki-priznaki-i-proverka/","section-1","editorial_answer","","","",""
"болезни клубники по листьям описание с фотографиями и способы","1","1","Низкая","https://malinaklubnika.ru/zhurnal/bolezni-klubniki-priznaki-i-proverka/","section-6","editorial_answer","","","",""
"болезни клубники по фото","1","1","Низкая","https://malinaklubnika.ru/zhurnal/bolezni-klubniki-priznaki-i-proverka/","section-6","editorial_answer","","","",""
"болезни клубники с фотографиями","1","1","Низкая","https://malinaklubnika.ru/zhurnal/bolezni-klubniki-priznaki-i-proverka/","section-6","editorial_answer","","","",""
"болезни клубники фото описание","1","2","Низкая","https://malinaklubnika.ru/zhurnal/bolezni-klubniki-priznaki-i-proverka/","section-6","editorial_answer","","","",""
"болезни клубники чем лечить фото и описание","1","1","Низкая","https://malinaklubnika.ru/zhurnal/bolezni-klubniki-priznaki-i-proverka/","section-6","editorial_answer","","","",""
"болезни кустов клубники","1","2","Низкая","https://malinaklubnika.ru/zhurnal/bolezni-klubniki-priznaki-i-proverka/","section-1","editorial_answer","","","",""
"болезни малины в картинках","1","1","Низкая","https://malinaklubnika.ru/zhurnal/bolezni-i-vrediteli-maliny-priznaki/","section-1","editorial_answer","","","",""
"болезни малины видео","1","2","Низкая","https://malinaklubnika.ru/zhurnal/bolezni-i-vrediteli-maliny-priznaki/","section-1","editorial_answer","","","",""
"болезни малины по листьям описание с фотографиями и способы лечения","1","1","Низкая","https://malinaklubnika.ru/zhurnal/bolezni-i-vrediteli-maliny-priznaki/","section-5","editorial_answer","","","",""
"болезни малины по листьям фото","1","3","Низкая","https://malinaklubnika.ru/zhurnal/bolezni-i-vrediteli-maliny-priznaki/","section-1","editorial_answer","","","",""
"болезни малины ремонтантной","1","1","Низкая","https://malinaklubnika.ru/zhurnal/bolezni-i-vrediteli-maliny-priznaki/","section-1","editorial_answer","","","",""
"болезни на клубнике фото с названием и описанием","1","2","Низкая","https://malinaklubnika.ru/zhurnal/bolezni-klubniki-priznaki-i-proverka/","section-6","editorial_answer","","","",""
"болезнь виктории","1","2","Низкая","https://malinaklubnika.ru/zhurnal/bolezni-klubniki-priznaki-i-proverka/","section-1","editorial_answer","","","",""
"болезнь малины дидимелла и борьба","1","1","Низкая","https://malinaklubnika.ru/zhurnal/bolezni-i-vrediteli-maliny-priznaki/","section-5","editorial_answer","","","",""
"болезнь малины дидимелла и борьба с ней весной","1","2","Низкая","https://malinaklubnika.ru/zhurnal/bolezni-i-vrediteli-maliny-priznaki/","section-5","editorial_answer","","","",""
"виктория сенсация описание сорта фото отзывы садоводов","1","2","Низкая","https://malinaklubnika.ru/sorta/strawberry-sonsation/","seo-reviews","cultivar_passport","","https://flevoberry.nl/wp-content/uploads/2026/09/Sonsation-duo-2400_1600-1024x683-1.jpg","https://7dach.ru/Tangeya/bez-leta-dachniku-ne-zhit-s-iyunem-nadobno-druzhit-zhdem-rasskazov-ob-iyunskoy-pogode-327809.html?c=3; https://dachaotzyv.ru/klubnika-sensaciya/","grower_diary; external_published_reader_accounts"
"вима тарда клубника описание и отзывы","1","1","Низкая","https://malinaklubnika.ru/sorta/strawberry-vima-tarda/","seo-reviews","cultivar_passport","","","https://dachaotzyv.ru/klubnika-vima-tarda/","external_published_reader_accounts"
"вирусные болезни клубники фото","1","1","Низкая","https://malinaklubnika.ru/zhurnal/bolezni-klubniki-priznaki-i-proverka/","section-6","editorial_answer","","","",""
"глен ампл малина описание сорта фото отзывы садоводов","1","5","Низкая","https://malinaklubnika.ru/sorta/glen-ample/","seo-reviews","cultivar_passport","","https://dachaotzyv.ru/malina-glen-ampl/","https://dachaotzyv.ru/malina-glen-ampl/","external_published_reader_accounts"
"дидимелла лечение","1","2","Низкая","https://malinaklubnika.ru/zhurnal/didimella-maliny-priznaki-i-proverka/","section-1","editorial_answer","","","",""
"дидимелла на малине фото лечение","1","2","Низкая","https://malinaklubnika.ru/zhurnal/didimella-maliny-priznaki-i-proverka/","section-1","editorial_answer","","","",""
"для посадки приготовили 30 кустов 5 часть всех кустов малина 4 часть оставшихся кустов крыжовник","1","1","Низкая","https://malinaklubnika.ru/zhurnal/posadka-maliny/","section-1","editorial_answer","","","",""
"заболевание клубники фото","1","7","Низкая","https://malinaklubnika.ru/zhurnal/bolezni-klubniki-priznaki-i-proverka/","section-6","editorial_answer","","","",""
"заболевания виктории","1","2","Низкая","https://malinaklubnika.ru/zhurnal/bolezni-klubniki-priznaki-i-proverka/","section-1","editorial_answer","","","",""
"заболевания клубники фото","1","3","Низкая","https://malinaklubnika.ru/zhurnal/bolezni-klubniki-priznaki-i-proverka/","section-6","editorial_answer","","","",""
"заболевания клубники фото и описание и борьба","1","5","Низкая","https://malinaklubnika.ru/zhurnal/bolezni-klubniki-priznaki-i-proverka/","section-6","editorial_answer","","","",""
"заболела клубника что делать","1","3","Низкая","https://malinaklubnika.ru/zhurnal/bolezni-klubniki-priznaki-i-proverka/","section-1","editorial_answer","","","",""
"засухоустойчивые сорта малины","1","8","Низкая","https://malinaklubnika.ru/zhurnal/poliv-i-mulcha-maliny/","section-1","editorial_answer","","","",""
"земляника априка описание сорта фото отзывы садоводов","1","2","Низкая","https://malinaklubnika.ru/sorta/aprika/","otzyvy","cultivar_passport","gardener_reviews","https://pmc.ncbi.nlm.nih.gov/articles/PMC11125040/","",""
"земляника гигантелла описание сорта отзывы","1","1","Низкая","https://malinaklubnika.ru/sorta/gigantella/","seo-reviews","cultivar_passport","","https://7dach.ru/IgorKS/vkus-radosti---zemlyanika-gigantella-134540.html","https://7dach.ru/IgorKS/vkus-radosti---zemlyanika-gigantella-134540.html; https://dachaotzyv.ru/klubnika-gigantella/","grower_diary; external_published_reader_accounts"
"иванова наука болезни клубники","1","2","Низкая","https://malinaklubnika.ru/zhurnal/bolezni-klubniki-priznaki-i-proverka/","section-1","editorial_answer","","","",""
"йод для клубники весной от болезней и вредителей","1","2","Низкая","https://malinaklubnika.ru/zhurnal/vrediteli-klubniki-kak-razlichit/","section-1","editorial_answer","","","",""
"как избавиться от тибетской малины","1","2","Низкая","https://malinaklubnika.ru/zhurnal/tibetskaya-malina-kakoe-rastenie/","section-1","editorial_answer","","","",""
"как пересадить куст малины летом","1","1","Низкая","https://malinaklubnika.ru/zhurnal/peresadka-maliny-na-novoe-mesto/","section-1","editorial_answer","","","",""
"какую малину выбрать для подмосковья","1","1","Низкая","https://malinaklubnika.ru/sorta/malina/regiony/","region-3","regional_admissions_and_trials","","","",""
"клубника болеет что делать","1","1","Низкая","https://malinaklubnika.ru/zhurnal/bolezni-klubniki-priznaki-i-proverka/","section-1","editorial_answer","","","",""
"клубника для восточной сибири","1","2","Низкая","https://malinaklubnika.ru/sorta/klubnika/regiony/","region-10","regional_admissions_and_trials","","","",""
"клубника какая лучше для сибири","1","1","Низкая","https://malinaklubnika.ru/sorta/klubnika/regiony/","region-10","regional_admissions_and_trials","","","",""
"клубника коричневые пятна на листьях","1","1","Низкая","https://malinaklubnika.ru/zhurnal/bolezni-klubniki-priznaki-i-proverka/","section-2","editorial_answer","","","",""
"клубника солнечная поляна описание","1","1","Низкая","https://malinaklubnika.ru/sorta/strawberry-solnechnaya-polyanka-krasnoyarsk/","seo-opisanie","cultivar_passport","","","",""
"когда лучше сажать тибетскую малину","1","1","Низкая","https://malinaklubnika.ru/zhurnal/tibetskaya-malina-kakoe-rastenie/","section-3","editorial_answer","","","",""
"когда можно пересаживать тибетскую малину","1","1","Низкая","https://malinaklubnika.ru/zhurnal/tibetskaya-malina-kakoe-rastenie/","section-1","editorial_answer","","","",""
"ксд клубника что это значит","1","1","Низкая","https://malinaklubnika.ru/zhurnal/nsd-ksd-klubnika-chto-znachat-tipy-dnya/","section-1","editorial_answer","","","",""
"листья малины от каких болезней","1","1","Низкая","https://malinaklubnika.ru/zhurnal/bolezni-i-vrediteli-maliny-priznaki/","section-1","editorial_answer","","","",""
"лучшие саженцы малины для подмосковья","1","1","Низкая","https://malinaklubnika.ru/zhurnal/posadka-maliny/","section-1","editorial_answer","","","",""
"лучшие сорта малины для средней полосы россии отзывы","1","7","Низкая","https://malinaklubnika.ru/zhurnal/sorta-maliny-dlya-podmoskovya-kak-vybrat/","section-1","editorial_answer","","","",""
"малина бальзам отзывы садоводов","1","1","Низкая","https://malinaklubnika.ru/sorta/balzam/","otzyvy","cultivar_passport","gardener_reviews","","",""
"малина бальзам отзывы садоводов форум","1","1","Низкая","https://malinaklubnika.ru/sorta/balzam/","otzyvy","cultivar_passport","gardener_reviews","","",""
"малина глен файн описание сорта фото отзывы","1","5","Низкая","https://malinaklubnika.ru/sorta/raspberry-glen-fyne/","seo-reviews","cultivar_passport","","https://www.hutton.ac.uk/wp-content/uploads/2026/06/Glen-Fyne.jpg","https://dachaotzyv.ru/malina-glen-fajn/","external_published_reader_accounts"
"малина гусария описание","1","2","Низкая","https://malinaklubnika.ru/sorta/raspberry-husaria/","seo-opisanie","cultivar_passport","","","",""
"малина для лен обл","1","2","Низкая","https://malinaklubnika.ru/sorta/malina/","catalog","catalog_comparison","","","",""
"малина затонская отзывы","1","2","Низкая","https://malinaklubnika.ru/sorta/raspberry-zatonskaya/","seo-reviews","cultivar_passport","gardener_reviews","","",""
"малина краса россии описание и отзывы садоводов","1","1","Низкая","https://malinaklubnika.ru/sorta/krasa-rossii/","otzyvy","cultivar_passport","","https://dachaotzyv.ru/malina-krasa-rossii/","https://dachaotzyv.ru/malina-krasa-rossii/","external_published_reader_accounts"
"малина мария отзывы","1","2","Низкая","https://malinaklubnika.ru/sorta/raspberry-maria-trade/","seo-reviews","cultivar_passport","gardener_reviews","","",""
"малина новгородец описание отзывы","1","1","Низкая","https://malinaklubnika.ru/zhurnal/nazvaniya-maliny-chudo-kuzmina-novgorodets/","section-3","editorial_answer","gardener_reviews","","",""
"малина оранжевое чудо описание сорта посадка и уход","1","1","Низкая","https://malinaklubnika.ru/sorta/oranzhevoe-chudo/","seo-care","cultivar_passport","","https://7dach.ru/gosha_popov_66/oranzhevoe-chudo_29-216211.html","https://dachaotzyv.ru/malina-oranzhevoe-chudo/","external_published_reader_accounts"
"малина пшехиба отзывы описание","1","1","Низкая","https://malinaklubnika.ru/sorta/pshehiba/","otzyvy","cultivar_passport","gardener_reviews","https://www.brzezna.pl/malina-rubus-idaeus-przehyba/","",""
"малина сказка описание сорта посадка и уход","1","2","Низкая","https://malinaklubnika.ru/sorta/malina-skazka/","seo-care","cultivar_passport","","https://dachaotzyv.ru/malina-skazka/","https://dachaotzyv.ru/malina-skazka/","external_published_reader_accounts"
"малина сорта фото отзывы садоводов","1","1","Низкая","https://malinaklubnika.ru/sorta/malina/","catalog","catalog_comparison","","","",""
"малина тибетская розолистная isidapark.ru","1","1","Низкая","https://malinaklubnika.ru/zhurnal/tibetskaya-malina-kakoe-rastenie/","section-1","editorial_answer","","","",""
"малина феномен отзывы садоводов форум","1","1","Низкая","https://malinaklubnika.ru/sorta/raspberry-fenomen/","seo-reviews","cultivar_passport","","https://dachaotzyv.ru/malina-fenomen/","https://dachaotzyv.ru/malina-fenomen/","external_published_reader_accounts"
"малина халлей описание сорта фото отзывы садоводов урожайность","1","6","Низкая","https://malinaklubnika.ru/sorta/raspberry-halley/","seo-reviews","cultivar_passport","gardener_reviews","https://patents.justia.com/patent/20210176908","",""
"малина шонеман описание сорта фото отзывы садоводов","1","6","Низкая","https://malinaklubnika.ru/sorta/raspberry-schoenemann/","seo-reviews","cultivar_passport","photo; gardener_reviews","","",""
"малиновое дерево таруса описание сорта фото отзывы садоводов урожайность характеристика","1","2","Низкая","https://malinaklubnika.ru/sorta/tarusa/","otzyvy","cultivar_passport","","https://7dach.ru/SvetikOdessa/malinovoe-derevo_2-72683.html","https://7dach.ru/SvetikOdessa/malinovoe-derevo_2-72683.html; https://dachaotzyv.ru/malina-tarusa/","grower_diary; external_published_reader_accounts"
"малиновые деревья сорта отзывы","1","1","Низкая","https://malinaklubnika.ru/zhurnal/malinovoe-derevo-tarusa/","section-2","editorial_answer","","","",""
"маравилла малина описание отзывы особенности выращивания","1","1","Низкая","https://malinaklubnika.ru/sorta/maravilla/","seo-reviews","cultivar_passport","","https://patents.google.com/patent/USPP14804P2/en","https://dachaotzyv.ru/malina-maravilla/","external_published_reader_accounts"
"метельчатость малины","1","1","Низкая","https://malinaklubnika.ru/zhurnal/bolezni-i-vrediteli-maliny-priznaki/","section-3","editorial_answer","","","",""
"можно ли обрабатывать клубнику хорусом","1","1","Низкая","https://malinaklubnika.ru/zhurnal/fitosporin-horus-narodnye-sredstva-i-smesi/","section-2","editorial_answer","","","",""
"на стеблях малины темные пятна","1","2","Низкая","https://malinaklubnika.ru/zhurnal/didimella-maliny-priznaki-i-proverka/","section-2","editorial_answer","","","",""
"нантахала малина отзывы","1","3","Низкая","https://malinaklubnika.ru/sorta/raspberry-nantahala/","seo-reviews","cultivar_passport","gardener_reviews","https://rubus.ces.ncsu.edu/wp-content/uploads/2018/04/Nantahala-red-raspberry.pdf?fwd=no#page=1","",""
"народные средства обработки малины от вредителей","1","2","Низкая","https://malinaklubnika.ru/zhurnal/bolezni-i-vrediteli-maliny-priznaki/","section-5","editorial_answer","","","",""
"народные средства от болезни малины","1","1","Низкая","https://malinaklubnika.ru/zhurnal/bolezni-i-vrediteli-maliny-priznaki/","section-1","editorial_answer","","","",""
"народные средства против болезней клубники","1","2","Низкая","https://malinaklubnika.ru/zhurnal/bolezni-klubniki-priznaki-i-proverka/","section-1","editorial_answer","","","",""
"норвежская малина уход","1","1","Низкая","https://malinaklubnika.ru/zhurnal/tibetskaya-malina-kakoe-rastenie/","section-6","editorial_answer","","","",""
"обработка клубники весной хорусом","1","4","Низкая","https://malinaklubnika.ru/zhurnal/uhod-za-klubnikoi-vesnoi-posle-zimy/","section-1","editorial_answer","","","",""
"подкормка клубники весной йодом","1","1","Низкая","https://malinaklubnika.ru/zhurnal/uhod-za-klubnikoi-vesnoi-posle-zimy/","section-1","editorial_answer","","","",""
"посадка и уход сорт малины бирюсинка","1","1","Низкая","https://malinaklubnika.ru/sorta/raspberry-biryusinka/","seo-care","cultivar_passport","","","",""
"посадка малины в сентябре по лунному календарю","1","1","Низкая","https://malinaklubnika.ru/zhurnal/posadka-maliny/","section-1","editorial_answer","","","",""
"посадка малины в сибири","1","1","Низкая","https://malinaklubnika.ru/zhurnal/posadka-maliny/","section-1","editorial_answer","","","",""
"посадка малины схема","1","1","Низкая","https://malinaklubnika.ru/zhurnal/posadka-maliny/","section-1","editorial_answer","","","",""
"почему у виктории желтеют листья","1","1","Низкая","https://malinaklubnika.ru/zhurnal/zhelteet-krasneet-i-sohnet-klubnika/","section-1","editorial_answer","","","",""
"прима клубника описание","1","1","Низкая","https://malinaklubnika.ru/zhurnal/nazvaniya-klubniki-elizaveta-aprika-i-oshibki/","section-6","editorial_answer","","","",""
"рейтинг малины для подмосковья","1","1","Низкая","https://malinaklubnika.ru/sorta/malina/regiony/","region-3","regional_admissions_and_trials","","","",""
"ремонтантная малина болезни","1","2","Низкая","https://malinaklubnika.ru/zhurnal/bolezni-i-vrediteli-maliny-priznaki/","section-1","editorial_answer","","","",""
"с чем нельзя садить малину","1","2","Низкая","https://malinaklubnika.ru/zhurnal/uhod-za-malinoi-v-techenie-sezona/","section-6","editorial_answer","","","",""
"саженец малины патриция агротехника посадки в алтайском крае","1","1","Низкая","https://malinaklubnika.ru/sorta/patritsiya/","seo-care","cultivar_passport","","https://dachaotzyv.ru/malina-patriciya/","https://dachaotzyv.ru/malina-patriciya/","external_published_reader_accounts"
"самая ранняя ремонтантная малина для подмосковья","1","1","Низкая","https://malinaklubnika.ru/zhurnal/sorta-maliny-dlya-podmoskovya-kak-vybrat/","section-1","editorial_answer","","","",""
"сколько метров от забора можно сажать малину","1","2","Низкая","https://malinaklubnika.ru/zhurnal/kakuyu-pochvu-vybrat-dlya-maliny/","section-3","editorial_answer","","","",""
"сорта малины для подмосковья рейтинг","1","1","Низкая","https://malinaklubnika.ru/zhurnal/sorta-maliny-dlya-podmoskovya-kak-vybrat/","section-1","editorial_answer","","","",""
"сорта малины для промышленного выращивания","1","5","Низкая","https://malinaklubnika.ru/zhurnal/sorta-maliny-dlya-podmoskovya-kak-vybrat/","section-1","editorial_answer","","","",""
"схема посадки малины рядами","1","1","Низкая","https://malinaklubnika.ru/zhurnal/posadka-maliny/","section-1","editorial_answer","","","",""
"тибетская малина вкус ягод","1","1","Низкая","https://malinaklubnika.ru/zhurnal/tibetskaya-malina-kakoe-rastenie/","section-1","editorial_answer","","","",""
"тибетская малина отзывы садоводов фото и описание","1","3","Низкая","https://malinaklubnika.ru/zhurnal/tibetskaya-malina-kakoe-rastenie/","section-4","editorial_answer","","","",""
"утолщения на стеблях малины что это","1","3","Низкая","https://malinaklubnika.ru/zhurnal/gallitsa-na-maline-vzdutiya/","section-1","editorial_answer","","","",""
"уход за малиной маравилла","1","1","Низкая","https://malinaklubnika.ru/sorta/maravilla/","seo-care","cultivar_passport","","https://patents.google.com/patent/USPP14804P2/en","https://dachaotzyv.ru/malina-maravilla/","external_published_reader_accounts"
"фото болезни клубники","1","3","Низкая","https://malinaklubnika.ru/zhurnal/bolezni-klubniki-priznaki-i-proverka/","section-6","editorial_answer","","","",""
"фото болезни малины и борьба с ними с фото как выглядят листья","1","1","Низкая","https://malinaklubnika.ru/zhurnal/bolezni-i-vrediteli-maliny-priznaki/","section-5","editorial_answer","","","",""
"характеристики малины маравилла","1","4","Низкая","https://malinaklubnika.ru/sorta/maravilla/","seo-opisanie","cultivar_passport","","https://patents.google.com/patent/USPP14804P2/en","https://dachaotzyv.ru/malina-maravilla/","external_published_reader_accounts"
"чем обработать малину в дождливую погоду от болезней","1","1","Низкая","https://malinaklubnika.ru/zhurnal/bolezni-i-vrediteli-maliny-priznaki/","section-5","editorial_answer","","","",""
"чем обработать малину в июне от вредителей","1","1","Низкая","https://malinaklubnika.ru/zhurnal/bolezni-i-vrediteli-maliny-priznaki/","section-5","editorial_answer","","","",""
"чем побрызгать клубнику при цветении","1","1","Низкая","https://malinaklubnika.ru/zhurnal/obrabotka-klubniki-i-maliny-po-sezonu/","section-2","editorial_answer","","","",""
"чем пролить землю перед посадкой клубники от болезней и вредителей","1","1","Низкая","https://malinaklubnika.ru/zhurnal/vrediteli-klubniki-kak-razlichit/","section-1","editorial_answer","","","",""
"черные точки на ягодах малины","1","1","Низкая","https://malinaklubnika.ru/zhurnal/chernaya-malina-kumberlend-vyrashchivanie-i-obrezka/","section-2","editorial_answer","","","",""
"тибетская малина","6022","3858","Умеренная","https://malinaklubnika.ru/zhurnal/tibetskaya-malina-kakoe-rastenie/","section-1","editorial_answer","","","",""
"клубника азия описание сорта","2241","1864","Умеренная","https://malinaklubnika.ru/sorta/aziya/","seo-opisanie","cultivar_passport","","https://horticulturejournal.usamv.ro/pdf/2024/issue_1/Art2.pdf#page=3","https://7dach.ru/Roselin/klubnika-aziya-moi-vpechatleniya-pervyy-opyt-302706.html; https://dachaotzyv.ru/klubnika-aziya/","grower_diary; external_published_reader_accounts"
"как сажать клубнику","2050","1461","Умеренная","https://malinaklubnika.ru/zhurnal/posadka-klubniki/","section-1","editorial_answer","","","",""
"голубая малина","1778","744","Умеренная","https://malinaklubnika.ru/zhurnal/sinyaya-golubaya-i-chernaya-malina/","section-1","editorial_answer","","","",""
"сорта клубники","1555","1487","Умеренная","https://malinaklubnika.ru/zhurnal/kak-vybrat-sort-klubniki/","section-1","editorial_answer","","","",""
"клубника азия описание сорта фото отзывы","1473","1628","Умеренная","https://malinaklubnika.ru/sorta/aziya/","otzyvy","cultivar_passport","","https://horticulturejournal.usamv.ro/pdf/2024/issue_1/Art2.pdf#page=3","https://7dach.ru/Roselin/klubnika-aziya-moi-vpechatleniya-pervyy-opyt-302706.html; https://dachaotzyv.ru/klubnika-aziya/","grower_diary; external_published_reader_accounts"
"тибетская малина фото","1458","1307","Умеренная","https://malinaklubnika.ru/zhurnal/tibetskaya-malina-kakoe-rastenie/","section-2","editorial_answer","","","",""
"чем подкормить клубнику во время плодоношения","1413","1299","Умеренная","https://malinaklubnika.ru/zhurnal/chem-podkormit-klubniku-vo-vremya-plodonosheniya/","section-2","editorial_answer","","","",""
"как посадить клубнику","1385","1070","Умеренная","https://malinaklubnika.ru/zhurnal/posadka-klubniki/","section-1","editorial_answer","","","",""
"когда обрезать малину","1184","811","Умеренная","https://malinaklubnika.ru/zhurnal/obrezka-letney-maliny/","section-1","editorial_answer","","","",""
"клубника мурано описание сорта","1132","800","Умеренная","https://malinaklubnika.ru/sorta/murano/","seo-opisanie","cultivar_passport","","https://commons.wikimedia.org/wiki/File:Fraises_Murano_en_Dordogne.jpg","https://7dach.ru/NatalyaAfonchenko/leto-2024-iyun-314014.html; https://dachaotzyv.ru/klubnika-murano/","grower_diary; external_published_reader_accounts"
"посадка клубники","1120","972","Умеренная","https://malinaklubnika.ru/zhurnal/posadka-klubniki/","section-1","editorial_answer","","","",""
"ремонтантная клубника что это значит","1054","328","Умеренная","https://malinaklubnika.ru/zhurnal/remontantnaya-klubnika/","section-3","editorial_answer","","","",""
"мурано клубника описание","1011","621","Умеренная","https://malinaklubnika.ru/sorta/murano/","seo-opisanie","cultivar_passport","","https://commons.wikimedia.org/wiki/File:Fraises_Murano_en_Dordogne.jpg","https://7dach.ru/NatalyaAfonchenko/leto-2024-iyun-314014.html; https://dachaotzyv.ru/klubnika-murano/","grower_diary; external_published_reader_accounts"
"борная кислота для клубники","1010","803","Умеренная","https://malinaklubnika.ru/zhurnal/chem-podkormit-klubniku-vo-vremya-plodonosheniya/","section-3","editorial_answer","","","",""
"клубника альба описание сорта","997","774","Умеренная","https://malinaklubnika.ru/sorta/alba/","seo-opisanie","cultivar_passport","","https://horticulturejournal.usamv.ro/pdf/2024/issue_1/Art2.pdf#page=3","https://dachaotzyv.ru/klubnika-alba/","external_published_reader_accounts"
"когда сажать клубнику","941","359","Умеренная","https://malinaklubnika.ru/zhurnal/posadka-klubniki/","section-1","editorial_answer","","","",""
"клубника клери описание сорта","919","819","Умеренная","https://malinaklubnika.ru/sorta/kleri/","seo-opisanie","cultivar_passport","","https://commons.wikimedia.org/wiki/File:Clery_Gartenerdbeere.JPG","https://dachaotzyv.ru/klubnika-kleri/","external_published_reader_accounts"
"как правильно обрезать малину","916","941","Умеренная","https://malinaklubnika.ru/zhurnal/obrezka-letney-maliny/","section-1","editorial_answer","","","",""
"малиновое дерево фото","896","904","Умеренная","https://malinaklubnika.ru/zhurnal/malinovoe-derevo-tarusa/","section-1","editorial_answer","","","",""
"как правильно посадить малину","891","848","Умеренная","https://malinaklubnika.ru/zhurnal/posadka-maliny/","section-1","editorial_answer","","","",""
"болезни малины","890","1099","Умеренная","https://malinaklubnika.ru/zhurnal/bolezni-i-vrediteli-maliny-priznaki/","section-1","editorial_answer","","","",""
"как сажать малину","851","542","Умеренная","https://malinaklubnika.ru/zhurnal/posadka-maliny/","section-1","editorial_answer","","","",""
"посадка малины","828","702","Умеренная","https://malinaklubnika.ru/zhurnal/posadka-maliny/","section-1","editorial_answer","","","",""
"посадка клубники осенью в открытый грунт","814","812","Умеренная","https://malinaklubnika.ru/zhurnal/posadka-klubniki/","section-1","editorial_answer","","","",""
"как правильно посадить клубнику","804","680","Умеренная","https://malinaklubnika.ru/zhurnal/posadka-klubniki/","section-1","editorial_answer","","","",""
"посадка малины осенью когда и как посадить","801","897","Умеренная","https://malinaklubnika.ru/zhurnal/osennyaya-posadka-maliny-sroki-i-podgotovka/","section-1","editorial_answer","","","",""
"посадка клубники в августе","798","658","Умеренная","https://malinaklubnika.ru/zhurnal/posadka-klubniki/","section-1","editorial_answer","","","",""
"клубника мальвина описание сорта","796","713","Умеренная","https://malinaklubnika.ru/sorta/malvina/","seo-opisanie","cultivar_passport","","https://pmc.ncbi.nlm.nih.gov/articles/PMC11125040/#suppl_1","https://dachaotzyv.ru/klubnika-malvina/","external_published_reader_accounts"
"клубника мурано описание","767","532","Умеренная","https://malinaklubnika.ru/sorta/murano/","seo-opisanie","cultivar_passport","","https://commons.wikimedia.org/wiki/File:Fraises_Murano_en_Dordogne.jpg","https://7dach.ru/NatalyaAfonchenko/leto-2024-iyun-314014.html; https://dachaotzyv.ru/klubnika-murano/","grower_diary; external_published_reader_accounts"
"какую почву любит малина","751","687","Умеренная","https://malinaklubnika.ru/zhurnal/kakuyu-pochvu-vybrat-dlya-maliny/","section-1","editorial_answer","","","",""
"как обрезать малину","750","508","Умеренная","https://malinaklubnika.ru/zhurnal/obrezka-letney-maliny/","section-1","editorial_answer","","","",""
"обрезка малины","725","602","Умеренная","https://malinaklubnika.ru/zhurnal/obrezka-letney-maliny/","section-1","editorial_answer","","","",""
"как обрезать малину весной","723","689","Умеренная","https://malinaklubnika.ru/zhurnal/uhod-za-malinoi-vesnoi-posle-zimy/","section-1","editorial_answer","","","",""
"как садить клубнику","714","708","Умеренная","https://malinaklubnika.ru/zhurnal/posadka-klubniki/","section-1","editorial_answer","","","",""
"как правильно сажать клубнику","692","511","Умеренная","https://malinaklubnika.ru/zhurnal/posadka-klubniki/","section-1","editorial_answer","","","",""
"клубника черный принц описание сорта","684","562","Умеренная","https://malinaklubnika.ru/sorta/black-prince-strawberry/","seo-opisanie","cultivar_passport","","https://7dach.ru/28101959NaTa/klubnika-sorta-chernyy-princ-ochen-vkusnaya-yagoda-259932.html","https://7dach.ru/28101959NaTa/klubnika-sorta-chernyy-princ-ochen-vkusnaya-yagoda-259932.html; https://dachaotzyv.ru/klubnika-chernyj-princ/","grower_diary; external_published_reader_accounts"
"на каком расстоянии сажать клубнику","682","305","Умеренная","https://malinaklubnika.ru/zhurnal/rasstoyanie-i-chernyi-material-dlya-klubniki/","section-1","editorial_answer","","","",""
"болезни малины описание с фотографиями","676","969","Умеренная","https://malinaklubnika.ru/zhurnal/bolezni-i-vrediteli-maliny-priznaki/","section-1","editorial_answer","","","",""
"как подвязать малину","675","644","Умеренная","https://malinaklubnika.ru/zhurnal/shpalera-dlya-maliny-kak-vybrat-oporu/","section-1","editorial_answer","","","",""
"клубника купчиха описание сорта","671","615","Умеренная","https://malinaklubnika.ru/sorta/kupchikha/","seo-opisanie","cultivar_passport","","https://7dach.ru/bajenovasveta/zemklunika-kupchiha_2-224899.html","https://7dach.ru/bajenovasveta/zemklunika-kupchiha_2-224899.html; https://dachaotzyv.ru/klubnika-kupchiha/","grower_diary; external_published_reader_accounts"
"малина гусар описание сорта","659","619","Умеренная","https://malinaklubnika.ru/sorta/gusar/","seo-opisanie","cultivar_passport","","https://7dach.ru/KatyaK/gusar-krupnaya-sladkaya-malina-moego-sada-228819.html","https://7dach.ru/KatyaK/gusar-krupnaya-sladkaya-malina-moego-sada-228819.html; https://dachaotzyv.ru/malina-gusar/","grower_diary; external_published_reader_accounts"
"клери клубника описание","649","471","Умеренная","https://malinaklubnika.ru/sorta/kleri/","seo-opisanie","cultivar_passport","","https://commons.wikimedia.org/wiki/File:Clery_Gartenerdbeere.JPG","https://dachaotzyv.ru/klubnika-kleri/","external_published_reader_accounts"
"подкормка малины весной","640","620","Умеренная","https://malinaklubnika.ru/zhurnal/uhod-za-malinoi-vesnoi-posle-zimy/","section-1","editorial_answer","","","",""
"чем подкормить малину в июне","633","609","Умеренная","https://malinaklubnika.ru/zhurnal/chem-podkormit-malinu-po-fazam/","section-2","editorial_answer","","","",""
"нематода на клубнике","624","527","Умеренная","https://malinaklubnika.ru/zhurnal/zhelteet-krasneet-i-sohnet-klubnika/","section-6","editorial_answer","","","",""
"как сажать клубнику весной в открытый грунт","614","601","Умеренная","https://malinaklubnika.ru/zhurnal/uhod-za-klubnikoi-vesnoi-posle-zimy/","section-1","editorial_answer","","","",""
"когда сажать малину","612","276","Умеренная","https://malinaklubnika.ru/zhurnal/posadka-maliny/","section-1","editorial_answer","","","",""
"как ухаживать за клубникой весной","607","623","Умеренная","https://malinaklubnika.ru/zhurnal/uhod-za-klubnikoi-vesnoi-posle-zimy/","section-1","editorial_answer","","","",""
"тибетская малина фото и описание кустарника плоды","605","516","Умеренная","https://malinaklubnika.ru/zhurnal/tibetskaya-malina-kakoe-rastenie/","section-2","editorial_answer","","","",""
"синяя малина","593","275","Умеренная","https://malinaklubnika.ru/zhurnal/sinyaya-golubaya-i-chernaya-malina/","section-1","editorial_answer","","","",""
"клубника фестивальная описание сорта","587","479","Умеренная","https://malinaklubnika.ru/sorta/festivalnaya/","seo-opisanie","cultivar_passport","","https://biosel.elpub.ru/jour/article/download/143/139#page=4","https://7dach.ru/panytany/klubnika-festivalnaya-vkus-detstva-133037.html; https://dachaotzyv.ru/klubnika-festivalnaya/","grower_diary; external_published_reader_accounts"
"сорта малины","574","540","Умеренная","https://malinaklubnika.ru/zhurnal/sorta-maliny-dlya-podmoskovya-kak-vybrat/","section-1","editorial_answer","","","",""
"клубника альбион описание сорта","569","466","Умеренная","https://malinaklubnika.ru/sorta/albion/","seo-opisanie","cultivar_passport","","https://pmc.ncbi.nlm.nih.gov/articles/PMC8909511/#foods-11-00640-f001","https://7dach.ru/Bernata/klubnika-albion-avantyurnaya-ideya-uvenchavshayasya-uspehom-291485.html; https://7dach.ru/xena1505/sadovaya-zemlyanika-vne-sezona-4089.html; https://dachaotzyv.ru/klubnika-albion/","grower_diary; external_published_reader_accounts"
"посадка клубники весной в открытый грунт","562","575","Умеренная","https://malinaklubnika.ru/zhurnal/uhod-za-klubnikoi-vesnoi-posle-zimy/","section-1","editorial_answer","","","",""
"уход за клубникой весной после зимы для начинающих","560","599","Умеренная","https://malinaklubnika.ru/zhurnal/uhod-za-klubnikoi-vesnoi-posle-zimy/","section-1","editorial_answer","","","",""
"болезни малины описание с фотографиями и способы лечения и профилактики","559","906","Умеренная","https://malinaklubnika.ru/zhurnal/bolezni-i-vrediteli-maliny-priznaki/","section-5","editorial_answer","","","",""
"как посадить малину","556","366","Умеренная","https://malinaklubnika.ru/zhurnal/posadka-maliny/","section-1","editorial_answer","","","",""
"лучшие сорта клубники","556","713","Умеренная","https://malinaklubnika.ru/zhurnal/kak-vybrat-sort-klubniki/","section-1","editorial_answer","","","",""
"как ухаживать за клубникой","553","383","Умеренная","https://malinaklubnika.ru/zhurnal/uhod-za-klubnikoi-v-techenie-sezona/","section-1","editorial_answer","","","",""
"априка клубника описание","552","379","Умеренная","https://malinaklubnika.ru/sorta/aprika/","seo-opisanie","cultivar_passport","","https://pmc.ncbi.nlm.nih.gov/articles/PMC11125040/","",""
"посадка малины осенью","520","520","Умеренная","https://malinaklubnika.ru/zhurnal/osennyaya-posadka-maliny-sroki-i-podgotovka/","section-1","editorial_answer","","","",""
"чем подкормить малину","520","337","Умеренная","https://malinaklubnika.ru/zhurnal/chem-podkormit-malinu-po-fazam/","section-2","editorial_answer","","","",""
"клубника азия описание","519","393","Умеренная","https://malinaklubnika.ru/sorta/aziya/","seo-opisanie","cultivar_passport","","https://horticulturejournal.usamv.ro/pdf/2024/issue_1/Art2.pdf#page=3","https://7dach.ru/Roselin/klubnika-aziya-moi-vpechatleniya-pervyy-opyt-302706.html; https://dachaotzyv.ru/klubnika-aziya/","grower_diary; external_published_reader_accounts"
"листья малины","506","242","Умеренная","https://malinaklubnika.ru/zhurnal/listya-maliny-kak-vyglyadyat/","section-1","editorial_answer","","","",""
"чем подкормить малину в мае","502","420","Умеренная","https://malinaklubnika.ru/zhurnal/chem-podkormit-malinu-po-fazam/","section-2","editorial_answer","","","",""
"как сажать малину весной","500","531","Умеренная","https://malinaklubnika.ru/zhurnal/uhod-za-malinoi-vesnoi-posle-zimy/","section-1","editorial_answer","","","",""
"как обрезать ремонтантную малину весной","491","567","Умеренная","https://malinaklubnika.ru/zhurnal/uhod-za-malinoi-vesnoi-posle-zimy/","section-1","editorial_answer","","","",""
"малина тибетская","488","341","Умеренная","https://malinaklubnika.ru/zhurnal/tibetskaya-malina-kakoe-rastenie/","section-1","editorial_answer","","","",""
"как правильно посадить клубнику весной в открытый грунт","486","548","Умеренная","https://malinaklubnika.ru/zhurnal/uhod-za-klubnikoi-vesnoi-posle-zimy/","section-1","editorial_answer","","","",""
"на каком расстоянии сажать клубнику друг от друга","484","212","Умеренная","https://malinaklubnika.ru/zhurnal/rasstoyanie-i-chernyi-material-dlya-klubniki/","section-1","editorial_answer","","","",""
"чем подкормить малину весной после зимы","483","379","Умеренная","https://malinaklubnika.ru/zhurnal/uhod-za-malinoi-vesnoi-posle-zimy/","section-1","editorial_answer","","","",""
"уход за клубникой","474","439","Умеренная","https://malinaklubnika.ru/zhurnal/uhod-za-klubnikoi-v-techenie-sezona/","section-2","editorial_answer","","","",""
"малина фото","469","302","Умеренная","https://malinaklubnika.ru/zhurnal/vidy-maliny-nazvaniya-i-fotografii/","section-1","editorial_answer","","","",""
"малина атлант","466","358","Умеренная","https://malinaklubnika.ru/sorta/atlant/","seo-opisanie","cultivar_passport","","https://commons.wikimedia.org/wiki/File:%D0%9C%D0%B0%D0%BB%D0%B8%D0%BD%D0%B0_%D0%B0%D1%82%D0%BB%D0%B0%D0%BD%D1%82.jpg","https://dachaotzyv.ru/malina-atlant/","external_published_reader_accounts"
"что положить в лунку при посадке клубники","455","420","Умеренная","https://malinaklubnika.ru/zhurnal/posadka-klubniki/","section-1","editorial_answer","","","",""
"альба клубника описание","454","286","Умеренная","https://malinaklubnika.ru/sorta/alba/","seo-opisanie","cultivar_passport","","https://horticulturejournal.usamv.ro/pdf/2024/issue_1/Art2.pdf#page=3","https://dachaotzyv.ru/klubnika-alba/","external_published_reader_accounts"
"клубника априка описание сорта","454","376","Умеренная","https://malinaklubnika.ru/sorta/aprika/","seo-opisanie","cultivar_passport","","https://pmc.ncbi.nlm.nih.gov/articles/PMC11125040/","",""
"клубника черный принц описание","453","349","Умеренная","https://malinaklubnika.ru/sorta/black-prince-strawberry/","seo-opisanie","cultivar_passport","","https://7dach.ru/28101959NaTa/klubnika-sorta-chernyy-princ-ochen-vkusnaya-yagoda-259932.html","https://7dach.ru/28101959NaTa/klubnika-sorta-chernyy-princ-ochen-vkusnaya-yagoda-259932.html; https://dachaotzyv.ru/klubnika-chernyj-princ/","grower_diary; external_published_reader_accounts"
"нематода на клубнике фото","449","566","Умеренная","https://malinaklubnika.ru/zhurnal/zhelteet-krasneet-i-sohnet-klubnika/","section-6","editorial_answer","","","",""
"когда пересаживать малину","442","214","Умеренная","https://malinaklubnika.ru/zhurnal/peresadka-maliny-na-novoe-mesto/","section-1","editorial_answer","","","",""
"клубника купчиха описание","426","330","Умеренная","https://malinaklubnika.ru/sorta/kupchikha/","seo-opisanie","cultivar_passport","","https://7dach.ru/bajenovasveta/zemklunika-kupchiha_2-224899.html","https://7dach.ru/bajenovasveta/zemklunika-kupchiha_2-224899.html; https://dachaotzyv.ru/klubnika-kupchiha/","grower_diary; external_published_reader_accounts"
"обрезка малины весной","426","354","Умеренная","https://malinaklubnika.ru/zhurnal/uhod-za-malinoi-vesnoi-posle-zimy/","section-1","editorial_answer","","","",""
"клубника лорд описание сорта","422","331","Умеренная","https://malinaklubnika.ru/sorta/strawberry-lord/","seo-opisanie","cultivar_passport","","https://7dach.ru/Tanjeen/klubnichnyy-placdarm-nachalo-s-prodolzheniem-266576.html","https://7dach.ru/Tanjeen/klubnichnyy-placdarm-nachalo-s-prodolzheniem-266576.html; https://dachaotzyv.ru/klubnika-lord/","grower_diary; external_published_reader_accounts"
"посадка малины весной в открытый грунт саженцами","417","413","Умеренная","https://malinaklubnika.ru/zhurnal/uhod-za-malinoi-vesnoi-posle-zimy/","section-1","editorial_answer","","","",""
"схема посадки клубники","408","367","Умеренная","https://malinaklubnika.ru/zhurnal/posadka-klubniki/","section-1","editorial_answer","","","",""
"чем подкормить клубнику ранней весной","408","346","Умеренная","https://malinaklubnika.ru/zhurnal/uhod-za-klubnikoi-vesnoi-posle-zimy/","section-1","editorial_answer","","","",""
"мальвина клубника описание","406","311","Умеренная","https://malinaklubnika.ru/sorta/malvina/","seo-opisanie","cultivar_passport","","https://pmc.ncbi.nlm.nih.gov/articles/PMC11125040/#suppl_1","https://dachaotzyv.ru/klubnika-malvina/","external_published_reader_accounts"
"посадка клубники осенью","402","378","Умеренная","https://malinaklubnika.ru/zhurnal/posadka-klubniki/","section-1","editorial_answer","","","",""
"нематода клубники фото описание и лечение","398","480","Умеренная","https://malinaklubnika.ru/zhurnal/zhelteet-krasneet-i-sohnet-klubnika/","section-6","editorial_answer","","","",""
"чем подкормить малину в июне для хорошего урожая","397","428","Умеренная","https://malinaklubnika.ru/zhurnal/chem-podkormit-malinu-po-fazam/","section-2","editorial_answer","","","",""
"альбион клубника описание","396","287","Умеренная","https://malinaklubnika.ru/sorta/albion/","seo-opisanie","cultivar_passport","","https://pmc.ncbi.nlm.nih.gov/articles/PMC8909511/#foods-11-00640-f001","https://7dach.ru/Bernata/klubnika-albion-avantyurnaya-ideya-uvenchavshayasya-uspehom-291485.html; https://7dach.ru/xena1505/sadovaya-zemlyanika-vne-sezona-4089.html; https://dachaotzyv.ru/klubnika-albion/","grower_diary; external_published_reader_accounts"
"малина пингвин","395","294","Умеренная","https://malinaklubnika.ru/sorta/pingvin/","seo-opisanie","cultivar_passport","","https://dachaotzyv.ru/malina-pingvin/","https://dachaotzyv.ru/malina-pingvin/","external_published_reader_accounts"
"как размножить малину","391","311","Умеренная","https://malinaklubnika.ru/zhurnal/razmnozhenie-maliny-otpryskami-i-cherenkami/","section-2","editorial_answer","","","",""
"купчиха клубника описание сорта","384","283","Умеренная","https://malinaklubnika.ru/sorta/kupchikha/","seo-opisanie","cultivar_passport","","https://7dach.ru/bajenovasveta/zemklunika-kupchiha_2-224899.html","https://7dach.ru/bajenovasveta/zemklunika-kupchiha_2-224899.html; https://dachaotzyv.ru/klubnika-kupchiha/","grower_diary; external_published_reader_accounts"
"клубника купчиха описание сорта фото отзывы садоводов урожайность","379","422","Умеренная","https://malinaklubnika.ru/sorta/kupchikha/","seo-reviews","cultivar_passport","","https://7dach.ru/bajenovasveta/zemklunika-kupchiha_2-224899.html","https://7dach.ru/bajenovasveta/zemklunika-kupchiha_2-224899.html; https://dachaotzyv.ru/klubnika-kupchiha/","grower_diary; external_published_reader_accounts"
"болезни малины описание с фотографиями и способы лечения","375","574","Умеренная","https://malinaklubnika.ru/zhurnal/bolezni-i-vrediteli-maliny-priznaki/","section-5","editorial_answer","","","",""
"чем подкормить клубнику во время плодоношения для хорошего урожая","371","396","Умеренная","https://malinaklubnika.ru/zhurnal/chem-podkormit-klubniku-vo-vremya-plodonosheniya/","section-2","editorial_answer","","","",""
"клубника черный принц описание сорта отзывы","367","419","Умеренная","https://malinaklubnika.ru/sorta/black-prince-strawberry/","seo-reviews","cultivar_passport","","https://7dach.ru/28101959NaTa/klubnika-sorta-chernyy-princ-ochen-vkusnaya-yagoda-259932.html","https://7dach.ru/28101959NaTa/klubnika-sorta-chernyy-princ-ochen-vkusnaya-yagoda-259932.html; https://dachaotzyv.ru/klubnika-chernyj-princ/","grower_diary; external_published_reader_accounts"
"малина гордость россии описание сорта","366","354","Умеренная","https://malinaklubnika.ru/sorta/gordost-rossii/","seo-opisanie","cultivar_passport","","","https://7dach.ru/Alex_Eskin/podelites-opytom-vyraschivaniya-maliny-gordost-rossii-221162.html","grower_diary"
"клубника елизавета 2 описание сорта","364","338","Умеренная","https://malinaklubnika.ru/sorta/elizaveta-2/","seo-opisanie","cultivar_passport","","https://7dach.ru/gala1753/korolevskaya-yagoda-1886.html","https://7dach.ru/gala1753/korolevskaya-yagoda-1886.html","grower_diary"
"малина желтый гигант","360","236","Умеренная","https://malinaklubnika.ru/sorta/zheltyy-gigant/","seo-opisanie","cultivar_passport","","https://agroecoinfo.ru/STATYI/2022/5/st_525.pdf#page=5","https://7dach.ru/Tatka-Veta/malina-zheltyy-gigant-samaya-sladkaya-230032.html; https://dachaotzyv.ru/malina-zheltyj-gigant/","grower_diary; external_published_reader_accounts"
"подкормка клубники во время плодоношения","355","398","Умеренная","https://malinaklubnika.ru/zhurnal/chem-podkormit-klubniku-vo-vremya-plodonosheniya/","section-2","editorial_answer","","","",""
"клубника азия описание сорта фото отзывы садоводов урожайность","353","424","Умеренная","https://malinaklubnika.ru/sorta/aziya/","otzyvy","cultivar_passport","","https://horticulturejournal.usamv.ro/pdf/2024/issue_1/Art2.pdf#page=3","https://7dach.ru/Roselin/klubnika-aziya-moi-vpechatleniya-pervyy-opyt-302706.html; https://dachaotzyv.ru/klubnika-aziya/","grower_diary; external_published_reader_accounts"
"малина карамелька описание сорта","352","319","Умеренная","https://malinaklubnika.ru/sorta/karamelka/","seo-opisanie","cultivar_passport","","https://7dach.ru/user_7878_SveKle/malina-karamelka-kto-vyraschivaet-podelites-vpechatleniyami-296146.html","https://7dach.ru/user_7878_SveKle/malina-karamelka-kto-vyraschivaet-podelites-vpechatleniyami-296146.html; https://dachaotzyv.ru/malina-karamelka/","grower_diary; external_published_reader_accounts"
"клубника фестивальная описание","338","255","Умеренная","https://malinaklubnika.ru/sorta/festivalnaya/","seo-opisanie","cultivar_passport","","https://biosel.elpub.ru/jour/article/download/143/139#page=4","https://7dach.ru/panytany/klubnika-festivalnaya-vkus-detstva-133037.html; https://dachaotzyv.ru/klubnika-festivalnaya/","grower_diary; external_published_reader_accounts"
"посадка клубники весной","338","283","Умеренная","https://malinaklubnika.ru/zhurnal/uhod-za-klubnikoi-vesnoi-posle-zimy/","section-1","editorial_answer","","","",""
"китайская малина","334","183","Умеренная","https://malinaklubnika.ru/zhurnal/tibetskaya-malina-kakoe-rastenie/","section-5","editorial_answer","","","",""
"серая гниль на клубнике чем обрабатывать","332","364","Умеренная","https://malinaklubnika.ru/zhurnal/bolezni-klubniki-priznaki-i-proverka/","section-1","editorial_answer","","","",""
"клубника сорта","330","334","Умеренная","https://malinaklubnika.ru/sorta/klubnika/","catalog","catalog_comparison","","","",""
"рассада клубники купить","330","282","Умеренная","https://malinaklubnika.ru/zhurnal/kak-vybrat-i-kupit-sazhency-maliny-i-klubniki/","section-1","editorial_answer","","","",""
"чем подкормить малину весной для хорошего урожая","322","257","Умеренная","https://malinaklubnika.ru/zhurnal/uhod-za-malinoi-vesnoi-posle-zimy/","section-1","editorial_answer","","","",""
"посадка клубники расстояние между кустами и рядами","321","310","Умеренная","https://malinaklubnika.ru/zhurnal/rasstoyanie-i-chernyi-material-dlya-klubniki/","section-1","editorial_answer","","","",""
"клубника гигантелла описание","320","270","Умеренная","https://malinaklubnika.ru/sorta/gigantella/","seo-opisanie","cultivar_passport","","https://7dach.ru/IgorKS/vkus-radosti---zemlyanika-gigantella-134540.html","https://7dach.ru/IgorKS/vkus-radosti---zemlyanika-gigantella-134540.html; https://dachaotzyv.ru/klubnika-gigantella/","grower_diary; external_published_reader_accounts"
"малина таруса описание","312","285","Умеренная","https://malinaklubnika.ru/sorta/tarusa/","seo-opisanie","cultivar_passport","","https://7dach.ru/SvetikOdessa/malinovoe-derevo_2-72683.html","https://7dach.ru/SvetikOdessa/malinovoe-derevo_2-72683.html; https://dachaotzyv.ru/malina-tarusa/","grower_diary; external_published_reader_accounts"
"клубника сирия описание сорта","310","291","Умеренная","https://malinaklubnika.ru/sorta/siriya/","seo-opisanie","cultivar_passport","","https://www.meiosis.co.uk/fruit_types/syria/","",""
"купчиха клубника описание","310","222","Умеренная","https://malinaklubnika.ru/sorta/kupchikha/","seo-opisanie","cultivar_passport","","https://7dach.ru/bajenovasveta/zemklunika-kupchiha_2-224899.html","https://7dach.ru/bajenovasveta/zemklunika-kupchiha_2-224899.html; https://dachaotzyv.ru/klubnika-kupchiha/","grower_diary; external_published_reader_accounts"
"теплица клубника","310","257","Умеренная","https://malinaklubnika.ru/zhurnal/klubnika-i-malina-v-teplitse/","section-1","editorial_answer","","","",""
"как сажать клубнику осенью в открытый грунт","309","279","Умеренная","https://malinaklubnika.ru/zhurnal/posadka-klubniki/","section-1","editorial_answer","","","",""
"купить саженцы клубники в москве","309","300","Умеренная","https://malinaklubnika.ru/zhurnal/kak-vybrat-i-kupit-sazhency-maliny-i-klubniki/","section-2","editorial_answer","","","",""
"что положить в лунку при посадке клубники в августе","308","290","Умеренная","https://malinaklubnika.ru/zhurnal/posadka-klubniki/","section-1","editorial_answer","","","",""
"что посадить после клубники","306","214","Умеренная","https://malinaklubnika.ru/zhurnal/posadka-klubniki/","section-1","editorial_answer","","","",""
"клубника купчиха фото","300","239","Умеренная","https://malinaklubnika.ru/sorta/kupchikha/","seo-photo","cultivar_passport","","https://7dach.ru/bajenovasveta/zemklunika-kupchiha_2-224899.html","https://7dach.ru/bajenovasveta/zemklunika-kupchiha_2-224899.html; https://dachaotzyv.ru/klubnika-kupchiha/","grower_diary; external_published_reader_accounts"
"чем подкормить малину во время цветения","298","297","Умеренная","https://malinaklubnika.ru/zhurnal/chem-podkormit-malinu-po-fazam/","section-2","editorial_answer","","","",""
"чем подкормить клубнику в апреле","297","250","Умеренная","https://malinaklubnika.ru/zhurnal/chem-podkormit-klubniku-po-analizu-pochvy/","section-2","editorial_answer","","","",""
"малина пшехиба описание сорта","296","285","Умеренная","https://malinaklubnika.ru/sorta/pshehiba/","seo-opisanie","cultivar_passport","","https://www.brzezna.pl/malina-rubus-idaeus-przehyba/","",""
"клубника джоли описание сорта","294","254","Умеренная","https://malinaklubnika.ru/sorta/dzholi/","seo-opisanie","cultivar_passport","","https://patents.google.com/patent/USPP23126P3/en","https://dachaotzyv.ru/klubnika-dzholi/","external_published_reader_accounts"
"хоней клубника","285","238","Умеренная","https://malinaklubnika.ru/sorta/honey/","seo-opisanie","cultivar_passport","","https://commons.wikimedia.org/wiki/File:Fragaria_ananassa_Honeoye_2023-05-31_6638.jpg","https://dachaotzyv.ru/klubnika-honej/","external_published_reader_accounts"
"как подготовить клубнику к зиме","284","206","Умеренная","https://malinaklubnika.ru/zhurnal/uhod-za-klubnikoi-v-techenie-sezona/","section-4","editorial_answer","","","",""
"тибетская малина фото и описание кустарника","282","240","Умеренная","https://malinaklubnika.ru/zhurnal/tibetskaya-malina-kakoe-rastenie/","section-2","editorial_answer","","","",""
"как правильно сажать малину","281","201","Умеренная","https://malinaklubnika.ru/zhurnal/posadka-maliny/","section-1","editorial_answer","","","",""
"купчиха клубника описание сорта фото отзывы садоводов","278","267","Умеренная","https://malinaklubnika.ru/sorta/kupchikha/","seo-reviews","cultivar_passport","","https://7dach.ru/bajenovasveta/zemklunika-kupchiha_2-224899.html","https://7dach.ru/bajenovasveta/zemklunika-kupchiha_2-224899.html; https://dachaotzyv.ru/klubnika-kupchiha/","grower_diary; external_published_reader_accounts"
"когда лучше сажать малину","276","177","Умеренная","https://malinaklubnika.ru/zhurnal/posadka-maliny/","section-3","editorial_answer","","","",""
"подкормка малины весной для большого урожая","265","288","Умеренная","https://malinaklubnika.ru/zhurnal/uhod-za-malinoi-vesnoi-posle-zimy/","section-1","editorial_answer","","","",""
"клубника зенга-зенгана описание","264","220","Умеренная","https://malinaklubnika.ru/sorta/strawberry-zenga-zengana-trial/","seo-opisanie","cultivar_passport","","","",""
"обработка клубники осенью","264","282","Умеренная","https://malinaklubnika.ru/zhurnal/obrabotka-klubniki-i-maliny-po-sezonu/","section-2","editorial_answer","","","",""
"как посадить клубнику под черный укрывной материал","263","214","Умеренная","https://malinaklubnika.ru/zhurnal/rasstoyanie-i-chernyi-material-dlya-klubniki/","section-1","editorial_answer","","","",""
"пересадка клубники осенью на новое место","263","224","Умеренная","https://malinaklubnika.ru/zhurnal/peresadka-klubniki-osenyu-usloviya/","section-1","editorial_answer","","","",""
"клубника хоней описание сорта","262","203","Умеренная","https://malinaklubnika.ru/sorta/honey/","seo-opisanie","cultivar_passport","","https://commons.wikimedia.org/wiki/File:Fragaria_ananassa_Honeoye_2023-05-31_6638.jpg","https://dachaotzyv.ru/klubnika-honej/","external_published_reader_accounts"
"дидимелла на малине","260","181","Умеренная","https://malinaklubnika.ru/zhurnal/didimella-maliny-priznaki-i-proverka/","section-1","editorial_answer","","","",""
"подкормка малины","260","246","Умеренная","https://malinaklubnika.ru/zhurnal/chem-podkormit-malinu-po-fazam/","section-2","editorial_answer","","","",""
"азия клубника описание сорта","258","194","Умеренная","https://malinaklubnika.ru/sorta/aziya/","seo-opisanie","cultivar_passport","","https://horticulturejournal.usamv.ro/pdf/2024/issue_1/Art2.pdf#page=3","https://7dach.ru/Roselin/klubnika-aziya-moi-vpechatleniya-pervyy-opyt-302706.html; https://dachaotzyv.ru/klubnika-aziya/","grower_diary; external_published_reader_accounts"
"малина маравилла купить саженцы с доставкой","257","237","Умеренная","https://malinaklubnika.ru/sorta/maravilla/","seo-opisanie","cultivar_passport","","https://patents.google.com/patent/USPP14804P2/en","https://dachaotzyv.ru/malina-maravilla/","external_published_reader_accounts"
"когда обрезают малину","256","150","Умеренная","https://malinaklubnika.ru/zhurnal/uhod-za-malinoi-v-techenie-sezona/","section-3","editorial_answer","","","",""
"чем подкормить малину во время плодоношения","255","193","Умеренная","https://malinaklubnika.ru/zhurnal/chem-podkormit-malinu-po-fazam/","section-2","editorial_answer","","","",""
"клубника сенсация описание сорта","254","234","Умеренная","https://malinaklubnika.ru/sorta/strawberry-sonsation/","seo-opisanie","cultivar_passport","","https://flevoberry.nl/wp-content/uploads/2026/09/Sonsation-duo-2400_1600-1024x683-1.jpg","https://7dach.ru/Tangeya/bez-leta-dachniku-ne-zhit-s-iyunem-nadobno-druzhit-zhdem-rasskazov-ob-iyunskoy-pogode-327809.html?c=3; https://dachaotzyv.ru/klubnika-sensaciya/","grower_diary; external_published_reader_accounts"
"лучшие сорта малины","253","354","Умеренная","https://malinaklubnika.ru/zhurnal/sorta-maliny-dlya-podmoskovya-kak-vybrat/","section-1","editorial_answer","","","",""
"сорта клубники с фотографиями","253","293","Умеренная","https://malinaklubnika.ru/zhurnal/kak-vybrat-sort-klubniki/","section-1","editorial_answer","","","",""
"чем обработать малину весной от болезней и вредителей","252","291","Умеренная","https://malinaklubnika.ru/zhurnal/bolezni-i-vrediteli-maliny-priznaki/","section-5","editorial_answer","","","",""
"мурано клубника описание сорта","251","203","Умеренная","https://malinaklubnika.ru/sorta/murano/","seo-opisanie","cultivar_passport","","https://commons.wikimedia.org/wiki/File:Fraises_Murano_en_Dordogne.jpg","https://7dach.ru/NatalyaAfonchenko/leto-2024-iyun-314014.html; https://dachaotzyv.ru/klubnika-murano/","grower_diary; external_published_reader_accounts"
"клубника азия отзывы","250","275","Умеренная","https://malinaklubnika.ru/sorta/aziya/","otzyvy","cultivar_passport","","https://horticulturejournal.usamv.ro/pdf/2024/issue_1/Art2.pdf#page=3","https://7dach.ru/Roselin/klubnika-aziya-moi-vpechatleniya-pervyy-opyt-302706.html; https://dachaotzyv.ru/klubnika-aziya/","grower_diary; external_published_reader_accounts"
"клубника гигантелла описание сорта","247","210","Умеренная","https://malinaklubnika.ru/sorta/gigantella/","seo-opisanie","cultivar_passport","","https://7dach.ru/IgorKS/vkus-radosti---zemlyanika-gigantella-134540.html","https://7dach.ru/IgorKS/vkus-radosti---zemlyanika-gigantella-134540.html; https://dachaotzyv.ru/klubnika-gigantella/","grower_diary; external_published_reader_accounts"
"малина таруса описание сорта","246","226","Умеренная","https://malinaklubnika.ru/sorta/tarusa/","seo-opisanie","cultivar_passport","","https://7dach.ru/SvetikOdessa/malinovoe-derevo_2-72683.html","https://7dach.ru/SvetikOdessa/malinovoe-derevo_2-72683.html; https://dachaotzyv.ru/malina-tarusa/","grower_diary; external_published_reader_accounts"
"как посадить малину осенью саженцами правильно","245","243","Умеренная","https://malinaklubnika.ru/zhurnal/osennyaya-posadka-maliny-sroki-i-podgotovka/","section-1","editorial_answer","","","",""
"клубника альба описание сорта фото отзывы","244","260","Умеренная","https://malinaklubnika.ru/sorta/alba/","otzyvy","cultivar_passport","","https://horticulturejournal.usamv.ro/pdf/2024/issue_1/Art2.pdf#page=3","https://dachaotzyv.ru/klubnika-alba/","external_published_reader_accounts"
"выращивание клубники","243","187","Умеренная","https://malinaklubnika.ru/zhurnal/uhod-za-klubnikoi-v-techenie-sezona/","section-2","editorial_answer","","","",""
"малина полька описание сорта","243","209","Умеренная","https://malinaklubnika.ru/sorta/polka/","seo-opisanie","cultivar_passport","","https://pmc.ncbi.nlm.nih.gov/articles/PMC10673471/#metabolites-13-01124-f001","https://dachaotzyv.ru/malina-polka/","external_published_reader_accounts"
"цунаки клубника описание","243","201","Умеренная","https://malinaklubnika.ru/sorta/tsunaki/","seo-opisanie","cultivar_passport","","","https://stroy-podskazka.ru/klubnika/sorta/cunaki/","external_published_reader_accounts"
"малина пшехиба описание","241","205","Умеренная","https://malinaklubnika.ru/sorta/pshehiba/","seo-opisanie","cultivar_passport","","https://www.brzezna.pl/malina-rubus-idaeus-przehyba/","",""
"подкормка малины в июне","241","303","Умеренная","https://malinaklubnika.ru/zhurnal/chem-podkormit-malinu-po-fazam/","section-2","editorial_answer","","","",""
"вредители клубники фото и описание и борьба с ними","240","390","Умеренная","https://malinaklubnika.ru/zhurnal/vrediteli-klubniki-kak-razlichit/","section-4","editorial_answer","","","",""
"клубника максим описание сорта","238","250","Умеренная","https://malinaklubnika.ru/sorta/strawberry-gigantella-maxim-tail/","seo-opisanie","cultivar_passport","","","",""
"малина геракл описание сорта","238","183","Умеренная","https://malinaklubnika.ru/sorta/gerakl/","seo-opisanie","cultivar_passport","","https://biosel.elpub.ru/jour/article/download/116/115#page=9","https://dachaotzyv.ru/malina-gerakl/","external_published_reader_accounts"
"малина карамелька описание","238","204","Умеренная","https://malinaklubnika.ru/sorta/karamelka/","seo-opisanie","cultivar_passport","","https://7dach.ru/user_7878_SveKle/malina-karamelka-kto-vyraschivaet-podelites-vpechatleniyami-296146.html","https://7dach.ru/user_7878_SveKle/malina-karamelka-kto-vyraschivaet-podelites-vpechatleniyami-296146.html; https://dachaotzyv.ru/malina-karamelka/","grower_diary; external_published_reader_accounts"
"клубника клери описание","237","194","Умеренная","https://malinaklubnika.ru/sorta/kleri/","seo-opisanie","cultivar_passport","","https://commons.wikimedia.org/wiki/File:Clery_Gartenerdbeere.JPG","https://dachaotzyv.ru/klubnika-kleri/","external_published_reader_accounts"
"нематода на клубнике методы борьбы","236","307","Умеренная","https://malinaklubnika.ru/zhurnal/zhelteet-krasneet-i-sohnet-klubnika/","section-6","editorial_answer","","","",""
"альба клубника описание сорта","233","203","Умеренная","https://malinaklubnika.ru/sorta/alba/","seo-opisanie","cultivar_passport","","https://horticulturejournal.usamv.ro/pdf/2024/issue_1/Art2.pdf#page=3","https://dachaotzyv.ru/klubnika-alba/","external_published_reader_accounts"
"чем удобрить малину весной","231","163","Умеренная","https://malinaklubnika.ru/zhurnal/uhod-za-malinoi-vesnoi-posle-zimy/","section-1","editorial_answer","","","",""
"пересадка малины осенью на новое место","230","233","Умеренная","https://malinaklubnika.ru/zhurnal/peresadka-maliny-na-novoe-mesto/","section-1","editorial_answer","","","",""
"малина карамелька описание сорта фото отзывы","229","245","Умеренная","https://malinaklubnika.ru/sorta/karamelka/","otzyvy","cultivar_passport","","https://7dach.ru/user_7878_SveKle/malina-karamelka-kto-vyraschivaet-podelites-vpechatleniyami-296146.html","https://7dach.ru/user_7878_SveKle/malina-karamelka-kto-vyraschivaet-podelites-vpechatleniyami-296146.html; https://dachaotzyv.ru/malina-karamelka/","grower_diary; external_published_reader_accounts"
"малина маравилла описание сорта","229","181","Умеренная","https://malinaklubnika.ru/sorta/maravilla/","seo-opisanie","cultivar_passport","","https://patents.google.com/patent/USPP14804P2/en","https://dachaotzyv.ru/malina-maravilla/","external_published_reader_accounts"
"обработка малины весной","228","254","Умеренная","https://malinaklubnika.ru/zhurnal/uhod-za-malinoi-vesnoi-posle-zimy/","section-1","editorial_answer","","","",""
"тибетская малина описание","228","164","Умеренная","https://malinaklubnika.ru/zhurnal/tibetskaya-malina-kakoe-rastenie/","section-2","editorial_answer","","","",""
"вредители клубники","221","247","Умеренная","https://malinaklubnika.ru/zhurnal/vrediteli-klubniki-kak-razlichit/","section-1","editorial_answer","","","",""
"клубника мурано описание сорта фото отзывы","219","232","Умеренная","https://malinaklubnika.ru/sorta/murano/","otzyvy","cultivar_passport","","https://commons.wikimedia.org/wiki/File:Fraises_Murano_en_Dordogne.jpg","https://7dach.ru/NatalyaAfonchenko/leto-2024-iyun-314014.html; https://dachaotzyv.ru/klubnika-murano/","grower_diary; external_published_reader_accounts"
"как сажать малину осенью","218","191","Умеренная","https://malinaklubnika.ru/zhurnal/osennyaya-posadka-maliny-sroki-i-podgotovka/","section-1","editorial_answer","","","",""
"малина самохвал","215","157","Умеренная","https://malinaklubnika.ru/sorta/samohval/","seo-opisanie","cultivar_passport","","","",""
"малина гусар описание сорта фото отзывы","214","250","Умеренная","https://malinaklubnika.ru/sorta/gusar/","otzyvy","cultivar_passport","","https://7dach.ru/KatyaK/gusar-krupnaya-sladkaya-malina-moego-sada-228819.html","https://7dach.ru/KatyaK/gusar-krupnaya-sladkaya-malina-moego-sada-228819.html; https://dachaotzyv.ru/malina-gusar/","grower_diary; external_published_reader_accounts"
"клубника мальвина описание сорта фото отзывы садоводов урожайность","208","254","Умеренная","https://malinaklubnika.ru/sorta/malvina/","otzyvy","cultivar_passport","","https://pmc.ncbi.nlm.nih.gov/articles/PMC11125040/#suppl_1","https://dachaotzyv.ru/klubnika-malvina/","external_published_reader_accounts"
"клубника купчиха описание сорта фото отзывы","206","210","Умеренная","https://malinaklubnika.ru/sorta/kupchikha/","seo-reviews","cultivar_passport","","https://7dach.ru/bajenovasveta/zemklunika-kupchiha_2-224899.html","https://7dach.ru/bajenovasveta/zemklunika-kupchiha_2-224899.html; https://dachaotzyv.ru/klubnika-kupchiha/","grower_diary; external_published_reader_accounts"
"малина гусар описание","206","178","Умеренная","https://malinaklubnika.ru/sorta/gusar/","seo-opisanie","cultivar_passport","","https://7dach.ru/KatyaK/gusar-krupnaya-sladkaya-malina-moego-sada-228819.html","https://7dach.ru/KatyaK/gusar-krupnaya-sladkaya-malina-moego-sada-228819.html; https://dachaotzyv.ru/malina-gusar/","grower_diary; external_published_reader_accounts"
"лучшие сорта клубники для подмосковья","205","358","Умеренная","https://malinaklubnika.ru/zhurnal/kak-vybrat-sort-klubniki/","section-1","editorial_answer","","","",""
"малина краса россии описание сорта","205","206","Умеренная","https://malinaklubnika.ru/sorta/krasa-rossii/","seo-opisanie","cultivar_passport","","https://dachaotzyv.ru/malina-krasa-rossii/","https://dachaotzyv.ru/malina-krasa-rossii/","external_published_reader_accounts"
"клубника клери описание сорта фото отзывы","204","229","Умеренная","https://malinaklubnika.ru/sorta/kleri/","otzyvy","cultivar_passport","","https://commons.wikimedia.org/wiki/File:Clery_Gartenerdbeere.JPG","https://dachaotzyv.ru/klubnika-kleri/","external_published_reader_accounts"
"пшехиба малина описание","204","168","Умеренная","https://malinaklubnika.ru/sorta/pshehiba/","seo-opisanie","cultivar_passport","","https://www.brzezna.pl/malina-rubus-idaeus-przehyba/","",""
"серая гниль на клубнике чем обрабатывать во время плодоношения","204","278","Умеренная","https://malinaklubnika.ru/zhurnal/bolezni-klubniki-priznaki-i-proverka/","section-1","editorial_answer","","","",""
"гигантелла клубника описание сорта","203","200","Умеренная","https://malinaklubnika.ru/sorta/gigantella/","seo-opisanie","cultivar_passport","","https://7dach.ru/IgorKS/vkus-radosti---zemlyanika-gigantella-134540.html","https://7dach.ru/IgorKS/vkus-radosti---zemlyanika-gigantella-134540.html; https://dachaotzyv.ru/klubnika-gigantella/","grower_diary; external_published_reader_accounts"
"клубника цунаки описание сорта","203","201","Умеренная","https://malinaklubnika.ru/sorta/tsunaki/","seo-opisanie","cultivar_passport","","","https://stroy-podskazka.ru/klubnika/sorta/cunaki/","external_published_reader_accounts"
"как правильно посадить малину осенью","202","197","Умеренная","https://malinaklubnika.ru/zhurnal/osennyaya-posadka-maliny-sroki-i-podgotovka/","section-1","editorial_answer","","","",""
"посадка малины весной","202","193","Умеренная","https://malinaklubnika.ru/zhurnal/uhod-za-malinoi-vesnoi-posle-zimy/","section-1","editorial_answer","","","",""
"клубника царица описание сорта","201","192","Умеренная","https://malinaklubnika.ru/sorta/tsaritsa/","seo-opisanie","cultivar_passport","","https://jbiochemtech.com/storage/models/article/bMUh1GtjLrbMv0U5GbVt14NkkfQ2frw7KZS6iVW7Iv1VKS7RXJ6GRMwbz9KS/garden-strawberry-varieties-of-the-all-russian-horticultural-institute-for-breeding-agrotechnology.pdf#page=4","https://dachaotzyv.ru/klubnika-carica/","external_published_reader_accounts"
"когда лучше пересаживать малину","198","106","Умеренная","https://malinaklubnika.ru/zhurnal/peresadka-maliny-na-novoe-mesto/","section-1","editorial_answer","","","",""
"чем подкормить малину осенью после обрезки","198","178","Умеренная","https://malinaklubnika.ru/zhurnal/chem-podkormit-malinu-po-fazam/","section-2","editorial_answer","","","",""
"атлант малина","196","168","Умеренная","https://malinaklubnika.ru/sorta/atlant/","seo-opisanie","cultivar_passport","","https://commons.wikimedia.org/wiki/File:%D0%9C%D0%B0%D0%BB%D0%B8%D0%BD%D0%B0_%D0%B0%D1%82%D0%BB%D0%B0%D0%BD%D1%82.jpg","https://dachaotzyv.ru/malina-atlant/","external_published_reader_accounts"
"клубника мальвина описание сорта фото отзывы","196","215","Умеренная","https://malinaklubnika.ru/sorta/malvina/","otzyvy","cultivar_passport","","https://pmc.ncbi.nlm.nih.gov/articles/PMC11125040/#suppl_1","https://dachaotzyv.ru/klubnika-malvina/","external_published_reader_accounts"
"обработка малины весной от болезней и вредителей","196","257","Умеренная","https://malinaklubnika.ru/zhurnal/bolezni-i-vrediteli-maliny-priznaki/","section-5","editorial_answer","","","",""
"клубника машенька описание сорта","194","192","Умеренная","https://malinaklubnika.ru/sorta/mashenka/","seo-opisanie","cultivar_passport","","https://dachaotzyv.ru/klubnika-mashenka/","https://dachaotzyv.ru/klubnika-mashenka/","external_published_reader_accounts"
"клубника фестивальная описание сорта фото отзывы садоводов урожайность","194","215","Умеренная","https://malinaklubnika.ru/sorta/festivalnaya/","otzyvy","cultivar_passport","","https://biosel.elpub.ru/jour/article/download/143/139#page=4","https://7dach.ru/panytany/klubnika-festivalnaya-vkus-detstva-133037.html; https://dachaotzyv.ru/klubnika-festivalnaya/","grower_diary; external_published_reader_accounts"
"уход за малиной после сбора урожая","194","196","Умеренная","https://malinaklubnika.ru/zhurnal/uhod-za-malinoi-v-techenie-sezona/","section-3","editorial_answer","","","",""
"клубника альба описание","192","133","Умеренная","https://malinaklubnika.ru/sorta/alba/","seo-opisanie","cultivar_passport","","https://horticulturejournal.usamv.ro/pdf/2024/issue_1/Art2.pdf#page=3","https://dachaotzyv.ru/klubnika-alba/","external_published_reader_accounts"
"клубника бычье сердце описание сорта","192","162","Умеренная","https://malinaklubnika.ru/sorta/strawberry-oxheart-trade-name/","seo-opisanie","cultivar_passport","","","",""
"малина желтый гигант описание сорта","192","188","Умеренная","https://malinaklubnika.ru/sorta/zheltyy-gigant/","seo-opisanie","cultivar_passport","","https://agroecoinfo.ru/STATYI/2022/5/st_525.pdf#page=5","https://7dach.ru/Tatka-Veta/malina-zheltyy-gigant-samaya-sladkaya-230032.html; https://dachaotzyv.ru/malina-zheltyj-gigant/","grower_diary; external_published_reader_accounts"
"лучшие сорта клубники для подмосковья для открытого грунта","191","338","Умеренная","https://malinaklubnika.ru/zhurnal/kak-vybrat-sort-klubniki/","section-1","editorial_answer","","","",""
"сорт клубники азия фото и описание","191","179","Умеренная","https://malinaklubnika.ru/sorta/aziya/","seo-photo","cultivar_passport","","https://horticulturejournal.usamv.ro/pdf/2024/issue_1/Art2.pdf#page=3","https://7dach.ru/Roselin/klubnika-aziya-moi-vpechatleniya-pervyy-opyt-302706.html; https://dachaotzyv.ru/klubnika-aziya/","grower_diary; external_published_reader_accounts"
"мурано клубника описание сорта фото отзывы садоводов урожайность","190","183","Умеренная","https://malinaklubnika.ru/sorta/murano/","otzyvy","cultivar_passport","","https://commons.wikimedia.org/wiki/File:Fraises_Murano_en_Dordogne.jpg","https://7dach.ru/NatalyaAfonchenko/leto-2024-iyun-314014.html; https://dachaotzyv.ru/klubnika-murano/","grower_diary; external_published_reader_accounts"
"чем обработать малину весной","190","200","Умеренная","https://malinaklubnika.ru/zhurnal/uhod-za-malinoi-vesnoi-posle-zimy/","section-1","editorial_answer","","","",""
"сорт клубники","187","117","Умеренная","https://malinaklubnika.ru/zhurnal/kak-vybrat-sort-klubniki/","section-1","editorial_answer","","","",""
"малина гигант рубиновый","186","161","Умеренная","https://malinaklubnika.ru/sorta/raspberry-gigant-rubinovyi-trade/","seo-opisanie","cultivar_passport","","","",""
"малина сказка описание сорта","186","205","Умеренная","https://malinaklubnika.ru/sorta/malina-skazka/","seo-opisanie","cultivar_passport","","https://dachaotzyv.ru/malina-skazka/","https://dachaotzyv.ru/malina-skazka/","external_published_reader_accounts"
"как обрезать малину весной после зимы правильно","185","136","Умеренная","https://malinaklubnika.ru/zhurnal/uhod-za-malinoi-vesnoi-posle-zimy/","section-1","editorial_answer","","","",""
"как подготовить грядку под клубнику для посадки осенью","184","195","Умеренная","https://malinaklubnika.ru/zhurnal/uhod-za-klubnikoi-v-techenie-sezona/","section-4","editorial_answer","","","",""
"чем подкормить клубнику во время плодоношения для хорошего урожая и сладости","184","216","Умеренная","https://malinaklubnika.ru/zhurnal/chem-podkormit-klubniku-vo-vremya-plodonosheniya/","section-2","editorial_answer","","","",""
"альбион клубника описание сорта","183","157","Умеренная","https://malinaklubnika.ru/sorta/albion/","seo-opisanie","cultivar_passport","","https://pmc.ncbi.nlm.nih.gov/articles/PMC8909511/#foods-11-00640-f001","https://7dach.ru/Bernata/klubnika-albion-avantyurnaya-ideya-uvenchavshayasya-uspehom-291485.html; https://7dach.ru/xena1505/sadovaya-zemlyanika-vne-sezona-4089.html; https://dachaotzyv.ru/klubnika-albion/","grower_diary; external_published_reader_accounts"
"уход за клубникой осенью подготовка к зиме","183","227","Умеренная","https://malinaklubnika.ru/zhurnal/uhod-za-klubnikoi-v-techenie-sezona/","section-4","editorial_answer","","","",""
"фестивальная клубника описание","183","119","Умеренная","https://malinaklubnika.ru/sorta/festivalnaya/","seo-opisanie","cultivar_passport","","https://biosel.elpub.ru/jour/article/download/143/139#page=4","https://7dach.ru/panytany/klubnika-festivalnaya-vkus-detstva-133037.html; https://dachaotzyv.ru/klubnika-festivalnaya/","grower_diary; external_published_reader_accounts"
"кабрилло клубника описание","182","126","Умеренная","https://malinaklubnika.ru/sorta/cabrillo/","seo-opisanie","cultivar_passport","","https://pmc.ncbi.nlm.nih.gov/articles/PMC8728004/","https://klubnika24.ru/obsuzhdenie-sorta-klubniki-kabrillo","external_published_reader_accounts"
"малина патриция описание сорта","182","161","Умеренная","https://malinaklubnika.ru/sorta/patritsiya/","seo-opisanie","cultivar_passport","","https://dachaotzyv.ru/malina-patriciya/","https://dachaotzyv.ru/malina-patriciya/","external_published_reader_accounts"
"клубника мармелада описание сорта","181","146","Умеренная","https://malinaklubnika.ru/sorta/strawberry-marmolada/","seo-opisanie","cultivar_passport","","https://dachaotzyv.ru/klubnika-marmelada/","https://dachaotzyv.ru/klubnika-marmelada/","external_published_reader_accounts"
"купчиха клубника фото","181","142","Умеренная","https://malinaklubnika.ru/sorta/kupchikha/","seo-photo","cultivar_passport","","https://7dach.ru/bajenovasveta/zemklunika-kupchiha_2-224899.html","https://7dach.ru/bajenovasveta/zemklunika-kupchiha_2-224899.html; https://dachaotzyv.ru/klubnika-kupchiha/","grower_diary; external_published_reader_accounts"
"черный принц клубника описание сорта","181","136","Умеренная","https://malinaklubnika.ru/sorta/black-prince-strawberry/","seo-opisanie","cultivar_passport","","https://7dach.ru/28101959NaTa/klubnika-sorta-chernyy-princ-ochen-vkusnaya-yagoda-259932.html","https://7dach.ru/28101959NaTa/klubnika-sorta-chernyy-princ-ochen-vkusnaya-yagoda-259932.html; https://dachaotzyv.ru/klubnika-chernyj-princ/","grower_diary; external_published_reader_accounts"
"клубника азия описание сорта фото","180","180","Умеренная","https://malinaklubnika.ru/sorta/aziya/","seo-photo","cultivar_passport","","https://horticulturejournal.usamv.ro/pdf/2024/issue_1/Art2.pdf#page=3","https://7dach.ru/Roselin/klubnika-aziya-moi-vpechatleniya-pervyy-opyt-302706.html; https://dachaotzyv.ru/klubnika-aziya/","grower_diary; external_published_reader_accounts"
"лучшие сорта ремонтантной клубники","180","271","Умеренная","https://malinaklubnika.ru/zhurnal/remontantnaya-klubnika/","section-3","editorial_answer","","","",""
"малина рубиновый гигант","178","159","Умеренная","https://malinaklubnika.ru/sorta/raspberry-rubinovyy-gigant/","seo-opisanie","cultivar_passport","","https://dachaotzyv.ru/malina-rubinovyj-gigant/","https://dachaotzyv.ru/malina-rubinovyj-gigant/","external_published_reader_accounts"
"нашатырный спирт для клубники весной","176","215","Умеренная","https://malinaklubnika.ru/zhurnal/uhod-za-klubnikoi-vesnoi-posle-zimy/","section-1","editorial_answer","","","",""
"чамора туруси клубника описание сорта","176","136","Умеренная","https://malinaklubnika.ru/sorta/strawberry-chamora-turusi/","seo-opisanie","cultivar_passport","","https://dachaotzyv.ru/klubnika-chamora-turusi/","https://dachaotzyv.ru/klubnika-chamora-turusi/","external_published_reader_accounts"
"кимберли клубника описание","174","124","Умеренная","https://malinaklubnika.ru/sorta/kimberli/","seo-opisanie","cultivar_passport","","https://openbiotechnologyjournal.com/contents/volumes/V20/e18740707455704/e18740707455704.pdf#page=5","https://dachaotzyv.ru/klubnika-kimberli/","external_published_reader_accounts"
"клери клубника описание сорта","174","144","Умеренная","https://malinaklubnika.ru/sorta/kleri/","seo-opisanie","cultivar_passport","","https://commons.wikimedia.org/wiki/File:Clery_Gartenerdbeere.JPG","https://dachaotzyv.ru/klubnika-kleri/","external_published_reader_accounts"
"клубника лорд описание сорта фото отзывы","174","210","Умеренная","https://malinaklubnika.ru/sorta/strawberry-lord/","seo-reviews","cultivar_passport","","https://7dach.ru/Tanjeen/klubnichnyy-placdarm-nachalo-s-prodolzheniem-266576.html","https://7dach.ru/Tanjeen/klubnichnyy-placdarm-nachalo-s-prodolzheniem-266576.html; https://dachaotzyv.ru/klubnika-lord/","grower_diary; external_published_reader_accounts"
"сорта клубники с фотографиями и описанием","173","257","Умеренная","https://malinaklubnika.ru/zhurnal/kak-vybrat-sort-klubniki/","section-1","editorial_answer","","","",""
"как пересадить малину","171","109","Умеренная","https://malinaklubnika.ru/zhurnal/peresadka-maliny-na-novoe-mesto/","section-1","editorial_answer","","","",""
"клубника кабрилло описание сорта","171","138","Умеренная","https://malinaklubnika.ru/sorta/cabrillo/","seo-opisanie","cultivar_passport","","https://pmc.ncbi.nlm.nih.gov/articles/PMC8728004/","https://klubnika24.ru/obsuzhdenie-sorta-klubniki-kabrillo","external_published_reader_accounts"
"как подвязывать малину","170","164","Умеренная","https://malinaklubnika.ru/zhurnal/shpalera-dlya-maliny-kak-vybrat-oporu/","section-1","editorial_answer","","","",""
"малина лячка","170","119","Умеренная","https://malinaklubnika.ru/sorta/lyachka/","seo-opisanie","cultivar_passport","","https://dachaotzyv.ru/malina-lyachka/","https://dachaotzyv.ru/malina-lyachka/","external_published_reader_accounts"
"саженцы малины купить в москве в питомнике","168","200","Умеренная","https://malinaklubnika.ru/zhurnal/posadka-maliny/","section-1","editorial_answer","","","",""
"азия клубника описание сорта фото отзывы","167","174","Умеренная","https://malinaklubnika.ru/sorta/aziya/","otzyvy","cultivar_passport","","https://horticulturejournal.usamv.ro/pdf/2024/issue_1/Art2.pdf#page=3","https://7dach.ru/Roselin/klubnika-aziya-moi-vpechatleniya-pervyy-opyt-302706.html; https://dachaotzyv.ru/klubnika-aziya/","grower_diary; external_published_reader_accounts"
"как сажать малину весной в открытый грунт правильно","166","127","Умеренная","https://malinaklubnika.ru/zhurnal/uhod-za-malinoi-vesnoi-posle-zimy/","section-1","editorial_answer","","","",""
"вредители малины","165","193","Умеренная","https://malinaklubnika.ru/zhurnal/bolezni-i-vrediteli-maliny-priznaki/","section-1","editorial_answer","","","",""
"клубника зефир описание сорта","165","152","Умеренная","https://malinaklubnika.ru/sorta/zephyr/","seo-opisanie","cultivar_passport","","https://dachaotzyv.ru/klubnika-zefir/","https://dachaotzyv.ru/klubnika-zefir/","external_published_reader_accounts"
"малина пшехиба описание сорта фото отзывы садоводов урожайность характеристика","164","200","Умеренная","https://malinaklubnika.ru/sorta/pshehiba/","otzyvy","cultivar_passport","gardener_reviews","https://www.brzezna.pl/malina-rubus-idaeus-przehyba/","",""
"шпалера для малины своими руками чертежи и фото","164","229","Умеренная","https://malinaklubnika.ru/zhurnal/shpalera-dlya-maliny-kak-vybrat-oporu/","section-1","editorial_answer","","","",""
"как садить малину","163","103","Умеренная","https://malinaklubnika.ru/zhurnal/posadka-maliny/","section-1","editorial_answer","","","",""
"уход за малиной после плодоношения","162","173","Умеренная","https://malinaklubnika.ru/zhurnal/uhod-za-malinoi-posle-sbora-urozhaya/","section-1","editorial_answer","","","",""
"клери клубника описание сорта фото отзывы садоводов","161","174","Умеренная","https://malinaklubnika.ru/sorta/kleri/","otzyvy","cultivar_passport","","https://commons.wikimedia.org/wiki/File:Clery_Gartenerdbeere.JPG","https://dachaotzyv.ru/klubnika-kleri/","external_published_reader_accounts"
"пересадка малины","161","93","Умеренная","https://malinaklubnika.ru/zhurnal/peresadka-maliny-na-novoe-mesto/","section-1","editorial_answer","","","",""
"посадка малины осенью в открытый грунт саженцами","161","182","Умеренная","https://malinaklubnika.ru/zhurnal/osennyaya-posadka-maliny-sroki-i-podgotovka/","section-1","editorial_answer","","","",""
"обрезка малины летом в июле на какую высоту","159","178","Умеренная","https://malinaklubnika.ru/zhurnal/uhod-za-malinoi-v-techenie-sezona/","section-3","editorial_answer","","","",""
"клубника мурано описание сорта фото","158","158","Умеренная","https://malinaklubnika.ru/sorta/murano/","seo-photo","cultivar_passport","","https://commons.wikimedia.org/wiki/File:Fraises_Murano_en_Dordogne.jpg","https://7dach.ru/NatalyaAfonchenko/leto-2024-iyun-314014.html; https://dachaotzyv.ru/klubnika-murano/","grower_diary; external_published_reader_accounts"
"малина оранжевое чудо описание сорта","158","123","Умеренная","https://malinaklubnika.ru/sorta/oranzhevoe-chudo/","seo-opisanie","cultivar_passport","","https://7dach.ru/gosha_popov_66/oranzhevoe-chudo_29-216211.html","https://dachaotzyv.ru/malina-oranzhevoe-chudo/","external_published_reader_accounts"
"клубника мурано описание сорта фото отзывы садоводов урожайность характеристика и описание","157","199","Умеренная","https://malinaklubnika.ru/sorta/murano/","otzyvy","cultivar_passport","","https://commons.wikimedia.org/wiki/File:Fraises_Murano_en_Dordogne.jpg","https://7dach.ru/NatalyaAfonchenko/leto-2024-iyun-314014.html; https://dachaotzyv.ru/klubnika-murano/","grower_diary; external_published_reader_accounts"
"сорта клубники для сибири","157","181","Умеренная","https://malinaklubnika.ru/zhurnal/kak-vybrat-sort-klubniki/","section-1","editorial_answer","","","",""
"тибетская малина фото и описание","157","150","Умеренная","https://malinaklubnika.ru/zhurnal/tibetskaya-malina-kakoe-rastenie/","section-2","editorial_answer","","","",""
"клубника купчиха описание сорта фото","156","154","Умеренная","https://malinaklubnika.ru/sorta/kupchikha/","seo-photo","cultivar_passport","","https://7dach.ru/bajenovasveta/zemklunika-kupchiha_2-224899.html","https://7dach.ru/bajenovasveta/zemklunika-kupchiha_2-224899.html; https://dachaotzyv.ru/klubnika-kupchiha/","grower_diary; external_published_reader_accounts"
"малина сорта","156","156","Умеренная","https://malinaklubnika.ru/sorta/malina/","catalog","catalog_comparison","","","",""
"клубника мурано описание сорта фото отзывы садоводов урожайность","155","179","Умеренная","https://malinaklubnika.ru/sorta/murano/","otzyvy","cultivar_passport","","https://commons.wikimedia.org/wiki/File:Fraises_Murano_en_Dordogne.jpg","https://7dach.ru/NatalyaAfonchenko/leto-2024-iyun-314014.html; https://dachaotzyv.ru/klubnika-murano/","grower_diary; external_published_reader_accounts"
"малина атлант описание сорта","154","142","Умеренная","https://malinaklubnika.ru/sorta/atlant/","seo-opisanie","cultivar_passport","","https://commons.wikimedia.org/wiki/File:%D0%9C%D0%B0%D0%BB%D0%B8%D0%BD%D0%B0_%D0%B0%D1%82%D0%BB%D0%B0%D0%BD%D1%82.jpg","https://dachaotzyv.ru/malina-atlant/","external_published_reader_accounts"
"малина посадка и уход в открытом грунте","154","156","Умеренная","https://malinaklubnika.ru/zhurnal/posadka-maliny/","section-1","editorial_answer","","","",""
"клубника фестивальная описание сорта фото отзывы","152","159","Умеренная","https://malinaklubnika.ru/sorta/festivalnaya/","otzyvy","cultivar_passport","","https://biosel.elpub.ru/jour/article/download/143/139#page=4","https://7dach.ru/panytany/klubnika-festivalnaya-vkus-detstva-133037.html; https://dachaotzyv.ru/klubnika-festivalnaya/","grower_diary; external_published_reader_accounts"
"клубника черный лебедь описание сорта","152","131","Умеренная","https://malinaklubnika.ru/sorta/strawberry-black-swan/","seo-opisanie","cultivar_passport","","","",""
"малина гордость россии описание","151","128","Умеренная","https://malinaklubnika.ru/sorta/gordost-rossii/","seo-opisanie","cultivar_passport","","","https://7dach.ru/Alex_Eskin/podelites-opytom-vyraschivaniya-maliny-gordost-rossii-221162.html","grower_diary"
"нематода на клубнике фото больных кустов и меры борьбы","151","242","Умеренная","https://malinaklubnika.ru/zhurnal/bolezni-klubniki-priznaki-i-proverka/","section-6","editorial_answer","","","",""
"клубника сан андреас описание сорта","150","127","Умеренная","https://malinaklubnika.ru/sorta/san-andreas/","seo-opisanie","cultivar_passport","","https://active.inspection.gc.ca/english/plaveg/pbrpov/cropreport/str/app00010197e.shtml","https://dachaotzyv.ru/klubnika-san-andreas/","external_published_reader_accounts"
"клубника черный принц описание сорта фото отзывы садоводов урожайность","149","172","Умеренная","https://malinaklubnika.ru/sorta/black-prince-strawberry/","seo-reviews","cultivar_passport","","https://7dach.ru/28101959NaTa/klubnika-sorta-chernyy-princ-ochen-vkusnaya-yagoda-259932.html","https://7dach.ru/28101959NaTa/klubnika-sorta-chernyy-princ-ochen-vkusnaya-yagoda-259932.html; https://dachaotzyv.ru/klubnika-chernyj-princ/","grower_diary; external_published_reader_accounts"
"малина лячка описание сорта","149","148","Умеренная","https://malinaklubnika.ru/sorta/lyachka/","seo-opisanie","cultivar_passport","","https://dachaotzyv.ru/malina-lyachka/","https://dachaotzyv.ru/malina-lyachka/","external_published_reader_accounts"
"малина маравилла описание","149","111","Умеренная","https://malinaklubnika.ru/sorta/maravilla/","seo-opisanie","cultivar_passport","","https://patents.google.com/patent/USPP14804P2/en","https://dachaotzyv.ru/malina-maravilla/","external_published_reader_accounts"
"самые сладкие сорта клубники","149","219","Умеренная","https://malinaklubnika.ru/zhurnal/kak-vybrat-sort-klubniki/","section-1","editorial_answer","","","",""
"саженцы малины купить элитсад рф","148","152","Умеренная","https://malinaklubnika.ru/zhurnal/posadka-maliny/","section-1","editorial_answer","","","",""
"саженцы малины элитсад рф","148","155","Умеренная","https://malinaklubnika.ru/zhurnal/posadka-maliny/","section-1","editorial_answer","","","",""
"как сажать малину осенью пошаговая инструкция","147","132","Умеренная","https://malinaklubnika.ru/zhurnal/osennyaya-posadka-maliny-sroki-i-podgotovka/","section-1","editorial_answer","","","",""
"клубника полка описание сорта","147","139","Умеренная","https://malinaklubnika.ru/sorta/strawberry-polka/","seo-opisanie","cultivar_passport","","https://dachaotzyv.ru/klubnika-polka/","https://dachaotzyv.ru/klubnika-polka/","external_published_reader_accounts"
"малина гусар описание сорта фото отзывы сроки созревания","147","200","Умеренная","https://malinaklubnika.ru/sorta/gusar/","otzyvy","cultivar_passport","","https://7dach.ru/KatyaK/gusar-krupnaya-sladkaya-malina-moego-sada-228819.html","https://7dach.ru/KatyaK/gusar-krupnaya-sladkaya-malina-moego-sada-228819.html; https://dachaotzyv.ru/malina-gusar/","grower_diary; external_published_reader_accounts"
"чем подкормить малину весной после зимы для хорошего урожая","146","131","Умеренная","https://malinaklubnika.ru/zhurnal/uhod-za-malinoi-vesnoi-posle-zimy/","section-1","editorial_answer","","","",""
"когда и как обрезать малину","145","121","Умеренная","https://malinaklubnika.ru/zhurnal/obrezka-letney-maliny/","section-1","editorial_answer","","","",""
"лучшие сорта клубники для средней полосы для открытого грунта","144","251","Умеренная","https://malinaklubnika.ru/zhurnal/kak-vybrat-sort-klubniki/","section-1","editorial_answer","","","",""
"подкормка малины в мае","144","140","Умеренная","https://malinaklubnika.ru/zhurnal/chem-podkormit-malinu-po-fazam/","section-2","editorial_answer","","","",""
"купить саженцы малины элитсад рф","143","149","Умеренная","https://malinaklubnika.ru/zhurnal/kak-vybrat-i-kupit-sazhency-maliny-i-klubniki/","section-2","editorial_answer","","","",""
"пингвин малина","142","122","Умеренная","https://malinaklubnika.ru/sorta/pingvin/","seo-opisanie","cultivar_passport","","https://dachaotzyv.ru/malina-pingvin/","https://dachaotzyv.ru/malina-pingvin/","external_published_reader_accounts"
"вредители клубники фото и описание","141","219","Умеренная","https://malinaklubnika.ru/zhurnal/vrediteli-klubniki-kak-razlichit/","section-1","editorial_answer","","","",""
"как подвязать малину правильно легко быстро","141","166","Умеренная","https://malinaklubnika.ru/zhurnal/shpalera-dlya-maliny-kak-vybrat-oporu/","section-1","editorial_answer","","","",""
"чем удобрить малину весной в апреле-мае","141","99","Умеренная","https://malinaklubnika.ru/zhurnal/uhod-za-malinoi-vesnoi-posle-zimy/","section-1","editorial_answer","","","",""
"фриго клубника отзывы описание сорта фото","140","155","Умеренная","https://malinaklubnika.ru/zhurnal/klubnika-frigo-chto-proverit/","section-1","editorial_answer","","","",""
"шпалеры для малины своими руками","139","168","Умеренная","https://malinaklubnika.ru/zhurnal/shpalera-dlya-maliny-kak-vybrat-oporu/","section-1","editorial_answer","","","",""
"чем подкормить малину после плодоношения","138","116","Умеренная","https://malinaklubnika.ru/zhurnal/chem-podkormit-malinu-po-fazam/","section-2","editorial_answer","","","",""
"малина краса россии описание","137","123","Умеренная","https://malinaklubnika.ru/sorta/krasa-rossii/","seo-opisanie","cultivar_passport","","https://dachaotzyv.ru/malina-krasa-rossii/","https://dachaotzyv.ru/malina-krasa-rossii/","external_published_reader_accounts"
"чем подкормить малину ранней весной","137","116","Умеренная","https://malinaklubnika.ru/zhurnal/uhod-za-malinoi-vesnoi-posle-zimy/","section-1","editorial_answer","","","",""
"черный принц клубника описание сорта фото отзывы","137","130","Умеренная","https://malinaklubnika.ru/sorta/black-prince-strawberry/","seo-reviews","cultivar_passport","","https://7dach.ru/28101959NaTa/klubnika-sorta-chernyy-princ-ochen-vkusnaya-yagoda-259932.html","https://7dach.ru/28101959NaTa/klubnika-sorta-chernyy-princ-ochen-vkusnaya-yagoda-259932.html; https://dachaotzyv.ru/klubnika-chernyj-princ/","grower_diary; external_published_reader_accounts"
"клубника кимберли описание сорта","136","113","Умеренная","https://malinaklubnika.ru/sorta/kimberli/","seo-opisanie","cultivar_passport","","https://openbiotechnologyjournal.com/contents/volumes/V20/e18740707455704/e18740707455704.pdf#page=5","https://dachaotzyv.ru/klubnika-kimberli/","external_published_reader_accounts"
"когда обрезать малину летом","136","104","Умеренная","https://malinaklubnika.ru/zhurnal/obrezka-letney-maliny/","section-1","editorial_answer","","","",""
"когда сажать малину осенью","136","85","Умеренная","https://malinaklubnika.ru/zhurnal/osennyaya-posadka-maliny-sroki-i-podgotovka/","section-1","editorial_answer","","","",""
"размножение малины","135","125","Умеренная","https://malinaklubnika.ru/zhurnal/razmnozhenie-maliny-otpryskami-i-cherenkami/","section-2","editorial_answer","","","",""
"как правильно посадить малину весной в открытый грунт саженцами","133","136","Умеренная","https://malinaklubnika.ru/zhurnal/uhod-za-malinoi-vesnoi-posle-zimy/","section-1","editorial_answer","","","",""
"малина красная королева","132","99","Умеренная","https://malinaklubnika.ru/sorta/raspberry-krasnaya-koroleva/","seo-opisanie","cultivar_passport","","","",""
"клубника сорта фото","130","73","Умеренная","https://malinaklubnika.ru/sorta/klubnika/","catalog","catalog_comparison","","","",""
"дерево малины фото и уход за ними","129","137","Умеренная","https://malinaklubnika.ru/zhurnal/uhod-za-malinoi-v-techenie-sezona/","section-5","editorial_answer","","","",""
"клубника флер описание сорта","129","105","Умеренная","https://malinaklubnika.ru/sorta/strawberry-flair/","seo-opisanie","cultivar_passport","","https://dachaotzyv.ru/klubnika-fler/","https://dachaotzyv.ru/klubnika-fler/","external_published_reader_accounts"
"обрезка малины летом","127","126","Умеренная","https://malinaklubnika.ru/zhurnal/uhod-za-malinoi-v-techenie-sezona/","section-3","editorial_answer","","","",""
"болезни малины фото и описание чем лечить","126","210","Умеренная","https://malinaklubnika.ru/zhurnal/bolezni-i-vrediteli-maliny-priznaki/","section-5","editorial_answer","","","",""
"клубника альбион описание сорта фото отзывы садоводов урожайность","126","147","Умеренная","https://malinaklubnika.ru/sorta/albion/","otzyvy","cultivar_passport","","https://pmc.ncbi.nlm.nih.gov/articles/PMC8909511/#foods-11-00640-f001","https://7dach.ru/Bernata/klubnika-albion-avantyurnaya-ideya-uvenchavshayasya-uspehom-291485.html; https://7dach.ru/xena1505/sadovaya-zemlyanika-vne-sezona-4089.html; https://dachaotzyv.ru/klubnika-albion/","grower_diary; external_published_reader_accounts"
"клубника брилла описание сорта","125","106","Умеренная","https://malinaklubnika.ru/sorta/brilla/","seo-opisanie","cultivar_passport","","","",""
"пересадка малины осенью","125","110","Умеренная","https://malinaklubnika.ru/zhurnal/peresadka-maliny-na-novoe-mesto/","section-1","editorial_answer","","","",""
"как правильно обрезать малину весной","124","102","Умеренная","https://malinaklubnika.ru/zhurnal/uhod-za-malinoi-vesnoi-posle-zimy/","section-1","editorial_answer","","","",""
"чем подкормить малину в мае для хорошего урожая","124","133","Умеренная","https://malinaklubnika.ru/zhurnal/chem-podkormit-malinu-po-fazam/","section-2","editorial_answer","","","",""
"малина самохвал описание сорта","123","119","Умеренная","https://malinaklubnika.ru/sorta/samohval/","seo-opisanie","cultivar_passport","","","",""
"клубника ремонтантная лучшие сорта","122","152","Умеренная","https://malinaklubnika.ru/sorta/klubnika/","tipy","catalog_comparison","","","",""
"малина сказка описание","122","142","Умеренная","https://malinaklubnika.ru/sorta/malina-skazka/","seo-opisanie","cultivar_passport","","https://dachaotzyv.ru/malina-skazka/","https://dachaotzyv.ru/malina-skazka/","external_published_reader_accounts"
"клубника кабрилло описание","121","100","Умеренная","https://malinaklubnika.ru/sorta/cabrillo/","seo-opisanie","cultivar_passport","","https://pmc.ncbi.nlm.nih.gov/articles/PMC8728004/","https://klubnika24.ru/obsuzhdenie-sorta-klubniki-kabrillo","external_published_reader_accounts"
"малина серов","121","135","Умеренная","https://malinaklubnika.ru/zhurnal/kak-vybrat-i-kupit-sazhency-maliny-i-klubniki/","section-5","editorial_answer","","","",""
"как посадить малину осенью","120","114","Умеренная","https://malinaklubnika.ru/zhurnal/osennyaya-posadka-maliny-sroki-i-podgotovka/","section-1","editorial_answer","","","",""
"клубника флоренс описание сорта","120","88","Умеренная","https://malinaklubnika.ru/sorta/strawberry-florence/","seo-opisanie","cultivar_passport","","https://7dach.ru/Svet-Kara/ya-klubniku-florens-posadila-vsem-lyubitelyam-klubniki-ugodila-257949.html","https://7dach.ru/Svet-Kara/ya-klubniku-florens-posadila-vsem-lyubitelyam-klubniki-ugodila-257949.html; https://dachaotzyv.ru/klubnika-florens/","grower_diary; external_published_reader_accounts"
"чем подкормить малину перед цветением","120","119","Умеренная","https://malinaklubnika.ru/zhurnal/chem-podkormit-malinu-po-fazam/","section-2","editorial_answer","","","",""
"как правильно подвязать малину","119","126","Умеренная","https://malinaklubnika.ru/zhurnal/shpalera-dlya-maliny-kak-vybrat-oporu/","section-1","editorial_answer","","","",""
"малина краса россии описание сорта фото отзывы","119","138","Умеренная","https://malinaklubnika.ru/sorta/krasa-rossii/","otzyvy","cultivar_passport","","https://dachaotzyv.ru/malina-krasa-rossii/","https://dachaotzyv.ru/malina-krasa-rossii/","external_published_reader_accounts"
"мапема малина описание","117","84","Умеренная","https://malinaklubnika.ru/sorta/raspberry-mapema/","seo-opisanie","cultivar_passport","","https://www.advancedplants.nl/wp-content/uploads/2018/01/Mapema-1.jpg","",""
"сладкие сорта клубники","117","141","Умеренная","https://malinaklubnika.ru/zhurnal/kak-vybrat-sort-klubniki/","section-1","editorial_answer","","","",""
"фестивальная клубника описание сорта","117","87","Умеренная","https://malinaklubnika.ru/sorta/festivalnaya/","seo-opisanie","cultivar_passport","","https://biosel.elpub.ru/jour/article/download/143/139#page=4","https://7dach.ru/panytany/klubnika-festivalnaya-vkus-detstva-133037.html; https://dachaotzyv.ru/klubnika-festivalnaya/","grower_diary; external_published_reader_accounts"
"ягода похожая на малину","117","75","Умеренная","https://malinaklubnika.ru/zhurnal/listya-maliny-kak-vyglyadyat/","section-4","editorial_answer","","","",""
"малина желтый гигант купить саженцы","116","106","Умеренная","https://malinaklubnika.ru/sorta/zheltyy-gigant/","seo-opisanie","cultivar_passport","","https://agroecoinfo.ru/STATYI/2022/5/st_525.pdf#page=5","https://7dach.ru/Tatka-Veta/malina-zheltyy-gigant-samaya-sladkaya-230032.html; https://dachaotzyv.ru/malina-zheltyj-gigant/","grower_diary; external_published_reader_accounts"
"таруса малина описание сорта фото отзывы","116","106","Умеренная","https://malinaklubnika.ru/sorta/tarusa/","otzyvy","cultivar_passport","","https://7dach.ru/SvetikOdessa/malinovoe-derevo_2-72683.html","https://7dach.ru/SvetikOdessa/malinovoe-derevo_2-72683.html; https://dachaotzyv.ru/malina-tarusa/","grower_diary; external_published_reader_accounts"
"клубника лючия описание сорта","115","95","Умеренная","https://malinaklubnika.ru/sorta/strawberry-lucia/","seo-opisanie","cultivar_passport","","","",""
"купить саженцы малины liubimyi-sad.ru","115","116","Умеренная","https://malinaklubnika.ru/zhurnal/kak-vybrat-i-kupit-sazhency-maliny-i-klubniki/","section-2","editorial_answer","","","",""
"сорта клубники с фотографиями и названиями и описанием","115","168","Умеренная","https://malinaklubnika.ru/zhurnal/kak-vybrat-sort-klubniki/","section-1","editorial_answer","","","",""
"хоней клубника описание","115","100","Умеренная","https://malinaklubnika.ru/sorta/honey/","seo-opisanie","cultivar_passport","","https://commons.wikimedia.org/wiki/File:Fragaria_ananassa_Honeoye_2023-05-31_6638.jpg","https://dachaotzyv.ru/klubnika-honej/","external_published_reader_accounts"
"малина карамелька описание сорта фото отзывы садоводов урожайность характеристика","114","139","Умеренная","https://malinaklubnika.ru/sorta/karamelka/","otzyvy","cultivar_passport","","https://7dach.ru/user_7878_SveKle/malina-karamelka-kto-vyraschivaet-podelites-vpechatleniyami-296146.html","https://7dach.ru/user_7878_SveKle/malina-karamelka-kto-vyraschivaet-podelites-vpechatleniyami-296146.html; https://dachaotzyv.ru/malina-karamelka/","grower_diary; external_published_reader_accounts"
"малина полана описание сорта","114","101","Умеренная","https://malinaklubnika.ru/sorta/polana/","seo-opisanie","cultivar_passport","","https://commons.wikimedia.org/wiki/File:Polana-malina.jpg","https://dachaotzyv.ru/malina-polana/","external_published_reader_accounts"
"малина пингвин описание сорта","113","98","Умеренная","https://malinaklubnika.ru/sorta/pingvin/","seo-opisanie","cultivar_passport","","https://dachaotzyv.ru/malina-pingvin/","https://dachaotzyv.ru/malina-pingvin/","external_published_reader_accounts"
"опора для малины своими руками","113","125","Умеренная","https://malinaklubnika.ru/zhurnal/shpalera-dlya-maliny-kak-vybrat-oporu/","section-1","editorial_answer","","","",""
"клубника сирия описание сорта фото отзывы","112","139","Умеренная","https://malinaklubnika.ru/sorta/siriya/","otzyvy","cultivar_passport","gardener_reviews","https://www.meiosis.co.uk/fruit_types/syria/","",""
"малина оранжевое чудо описание сорта фото отзывы","112","119","Умеренная","https://malinaklubnika.ru/sorta/oranzhevoe-chudo/","otzyvy","cultivar_passport","","https://7dach.ru/gosha_popov_66/oranzhevoe-chudo_29-216211.html","https://dachaotzyv.ru/malina-oranzhevoe-chudo/","external_published_reader_accounts"
"малина пшехиба описание сорта фото отзывы","112","114","Умеренная","https://malinaklubnika.ru/sorta/pshehiba/","otzyvy","cultivar_passport","gardener_reviews","https://www.brzezna.pl/malina-rubus-idaeus-przehyba/","",""
"саженцы малины с доставкой","111","97","Умеренная","https://malinaklubnika.ru/zhurnal/posadka-maliny/","section-1","editorial_answer","","","",""
"лучшие сорта клубники для средней полосы","110","177","Умеренная","https://malinaklubnika.ru/zhurnal/kak-vybrat-sort-klubniki/","section-1","editorial_answer","","","",""
"малина глен ампл описание сорта","110","118","Умеренная","https://malinaklubnika.ru/sorta/glen-ample/","seo-opisanie","cultivar_passport","","https://dachaotzyv.ru/malina-glen-ampl/","https://dachaotzyv.ru/malina-glen-ampl/","external_published_reader_accounts"
"почему кислая малина","110","221","Умеренная","https://malinaklubnika.ru/zhurnal/pochemu-malina-kislaya-vkus-i-zrelost/","section-1","editorial_answer","","","",""
"клубника черный лебедь описание сорта и отзывы","109","152","Умеренная","https://malinaklubnika.ru/sorta/strawberry-black-swan/","seo-reviews","cultivar_passport","gardener_reviews","","",""
"клубника крапо 10 описание сорта","108","94","Умеренная","https://malinaklubnika.ru/sorta/strawberry-krapo-10/","seo-opisanie","cultivar_passport","","","",""
"малина кумберленд описание","108","96","Умеренная","https://malinaklubnika.ru/sorta/raspberry-cumberland/","seo-opisanie","cultivar_passport","","","",""
"азия клубника описание сорта фото","107","103","Умеренная","https://malinaklubnika.ru/sorta/aziya/","seo-photo","cultivar_passport","","https://horticulturejournal.usamv.ro/pdf/2024/issue_1/Art2.pdf#page=3","https://7dach.ru/Roselin/klubnika-aziya-moi-vpechatleniya-pervyy-opyt-302706.html; https://dachaotzyv.ru/klubnika-aziya/","grower_diary; external_published_reader_accounts"
"клубника альбион описание сорта фото отзывы","107","119","Умеренная","https://malinaklubnika.ru/sorta/albion/","otzyvy","cultivar_passport","","https://pmc.ncbi.nlm.nih.gov/articles/PMC8909511/#foods-11-00640-f001","https://7dach.ru/Bernata/klubnika-albion-avantyurnaya-ideya-uvenchavshayasya-uspehom-291485.html; https://7dach.ru/xena1505/sadovaya-zemlyanika-vne-sezona-4089.html; https://dachaotzyv.ru/klubnika-albion/","grower_diary; external_published_reader_accounts"
"купить саженцы малины в питомнике","107","129","Умеренная","https://malinaklubnika.ru/zhurnal/kak-vybrat-i-kupit-sazhency-maliny-i-klubniki/","section-1","editorial_answer","","","",""
"клубника александра описание сорта","106","82","Умеренная","https://malinaklubnika.ru/sorta/strawberry-aleksandra-yakutia/","seo-opisanie","cultivar_passport","","","",""
"малина желтый гигант описание","106","99","Умеренная","https://malinaklubnika.ru/sorta/zheltyy-gigant/","seo-opisanie","cultivar_passport","","https://agroecoinfo.ru/STATYI/2022/5/st_525.pdf#page=5","https://7dach.ru/Tatka-Veta/malina-zheltyy-gigant-samaya-sladkaya-230032.html; https://dachaotzyv.ru/malina-zheltyj-gigant/","grower_diary; external_published_reader_accounts"
"как подвязать малину правильно","105","106","Умеренная","https://malinaklubnika.ru/zhurnal/shpalera-dlya-maliny-kak-vybrat-oporu/","section-1","editorial_answer","","","",""
"клубника сандра описание сорта","105","88","Умеренная","https://malinaklubnika.ru/sorta/strawberry-sandra-bl34/","seo-opisanie","cultivar_passport","","","",""
"купчиха улучшенная клубника описание сорта фото отзывы","105","116","Умеренная","https://malinaklubnika.ru/sorta/kupchikha/","seo-reviews","cultivar_passport","","https://7dach.ru/bajenovasveta/zemklunika-kupchiha_2-224899.html","https://7dach.ru/bajenovasveta/zemklunika-kupchiha_2-224899.html; https://dachaotzyv.ru/klubnika-kupchiha/","grower_diary; external_published_reader_accounts"
"тибетская малина фото и описание кустарника плоды отзывы садоводов","105","119","Умеренная","https://malinaklubnika.ru/zhurnal/tibetskaya-malina-kakoe-rastenie/","section-4","editorial_answer","","","",""
"лучшие сорта клубника описание сорта фото","104","117","Умеренная","https://malinaklubnika.ru/zhurnal/kak-vybrat-sort-klubniki/","section-1","editorial_answer","","","",""
"малина метеор описание сорта","104","105","Умеренная","https://malinaklubnika.ru/sorta/meteor/","seo-opisanie","cultivar_passport","","","https://dachaotzyv.ru/malina-meteor/","external_published_reader_accounts"
"малина маросейка описание сорта","103","104","Умеренная","https://malinaklubnika.ru/sorta/maroseyka/","seo-opisanie","cultivar_passport","","https://ferma.expert/rasteniya/maroseyka/","https://dachaotzyv.ru/malina-marosejka/","external_published_reader_accounts"
"самый сладкий сорт клубники","103","102","Умеренная","https://malinaklubnika.ru/zhurnal/kak-vybrat-sort-klubniki/","section-1","editorial_answer","","","",""
"сорта клубники для подмосковья","103","154","Умеренная","https://malinaklubnika.ru/zhurnal/kak-vybrat-sort-klubniki/","section-1","editorial_answer","","","",""
"чем подкормить малину весной для хорошего урожая до цветения в апреле","103","109","Умеренная","https://malinaklubnika.ru/zhurnal/uhod-za-malinoi-vesnoi-posle-zimy/","section-1","editorial_answer","","","",""
"самый крупный сорт клубники какой","102","45","Умеренная","https://malinaklubnika.ru/zhurnal/kak-vybrat-sort-klubniki/","section-1","editorial_answer","","","",""
"сорт клубники купчиха фото и описание","102","99","Умеренная","https://malinaklubnika.ru/sorta/kupchikha/","seo-photo","cultivar_passport","","https://7dach.ru/bajenovasveta/zemklunika-kupchiha_2-224899.html","https://7dach.ru/bajenovasveta/zemklunika-kupchiha_2-224899.html; https://dachaotzyv.ru/klubnika-kupchiha/","grower_diary; external_published_reader_accounts"
"чем обработать малину от вредителей","102","95","Умеренная","https://malinaklubnika.ru/zhurnal/bolezni-i-vrediteli-maliny-priznaki/","section-5","editorial_answer","","","",""
"как размножить малину черенками","101","88","Умеренная","https://malinaklubnika.ru/zhurnal/razmnozhenie-maliny-otpryskami-i-cherenkami/","section-2","editorial_answer","","","",""
"крапо 10 клубника описание сорта","101","81","Умеренная","https://malinaklubnika.ru/sorta/strawberry-krapo-10/","seo-opisanie","cultivar_passport","","","",""
"весенняя подкормка малины","99","96","Умеренная","https://malinaklubnika.ru/zhurnal/chem-podkormit-malinu-po-fazam/","section-2","editorial_answer","","","",""
"лучшие сорта клубники для ленинградской области","99","165","Умеренная","https://malinaklubnika.ru/zhurnal/kak-vybrat-sort-klubniki/","section-1","editorial_answer","","","",""
"клубника виктория описание сорта","98","91","Умеренная","https://malinaklubnika.ru/sorta/strawberry-victoria/","seo-opisanie","cultivar_passport","","https://dachaotzyv.ru/klubnika-viktoriya/","https://dachaotzyv.ru/klubnika-viktoriya/","external_published_reader_accounts"
"малина бальзам","98","75","Умеренная","https://malinaklubnika.ru/sorta/balzam/","seo-opisanie","cultivar_passport","","","",""
"клубника цунаки описание сорта фото отзывы садоводов урожайность","97","126","Умеренная","https://malinaklubnika.ru/sorta/tsunaki/","seo-reviews","cultivar_passport","photo","","https://stroy-podskazka.ru/klubnika/sorta/cunaki/","external_published_reader_accounts"
"посадка малины осенью в открытый грунт","97","98","Умеренная","https://malinaklubnika.ru/zhurnal/osennyaya-posadka-maliny-sroki-i-podgotovka/","section-1","editorial_answer","","","",""
"как сажать малину осенью саженцами в открытый грунт","95","92","Умеренная","https://malinaklubnika.ru/zhurnal/osennyaya-posadka-maliny-sroki-i-podgotovka/","section-1","editorial_answer","","","",""
"малина новость кузьмина описание сорта","95","88","Умеренная","https://malinaklubnika.ru/sorta/raspberry-novost-kuzmina/","seo-opisanie","cultivar_passport","","https://7dach.ru/Eleko/10-luchshih-sortov-maliny-kotorye-rekomenduyut-dachniki-272274.html","",""
"саженцы малины liubimyi-sad.ru","95","96","Умеренная","https://malinaklubnika.ru/zhurnal/posadka-maliny/","section-1","editorial_answer","","","",""
"посадка малины весной в открытый грунт","94","97","Умеренная","https://malinaklubnika.ru/zhurnal/uhod-za-malinoi-vesnoi-posle-zimy/","section-1","editorial_answer","","","",""
"чем обработать малину весной от болезней и вредителей ранней весной","94","131","Умеренная","https://malinaklubnika.ru/zhurnal/bolezni-i-vrediteli-maliny-priznaki/","section-5","editorial_answer","","","",""
"клубника мальга описание сорта","93","77","Умеренная","https://malinaklubnika.ru/sorta/malga/","seo-opisanie","cultivar_passport","","https://patents.google.com/patent/USPP28310P3/en","",""
"обработка малины после сбора урожая","93","87","Умеренная","https://malinaklubnika.ru/zhurnal/obrabotka-klubniki-i-maliny-po-sezonu/","section-2","editorial_answer","","","",""
"обрезка малины по соболеву","93","82","Умеренная","https://malinaklubnika.ru/zhurnal/obrezka-maliny-po-sobolevu/","section-1","editorial_answer","","","",""
"сорта ремонтантной малины","93","142","Умеренная","https://malinaklubnika.ru/sorta/malina/","tipy","catalog_comparison","","","",""
"как вырастить малину","92","96","Умеренная","https://malinaklubnika.ru/zhurnal/uhod-za-malinoi-v-techenie-sezona/","section-2","editorial_answer","","","",""
"как посадить малину весной","92","83","Умеренная","https://malinaklubnika.ru/zhurnal/uhod-za-malinoi-vesnoi-posle-zimy/","section-1","editorial_answer","","","",""
"малина саженцы из питомника","92","93","Умеренная","https://malinaklubnika.ru/zhurnal/kak-vybrat-i-kupit-sazhency-maliny-i-klubniki/","section-1","editorial_answer","","","",""
"тибетская малина как сажать и ухаживать","92","73","Умеренная","https://malinaklubnika.ru/zhurnal/tibetskaya-malina-kakoe-rastenie/","section-3","editorial_answer","","","",""
"чем обработать клубнику от болезней","92","80","Умеренная","https://malinaklubnika.ru/zhurnal/bolezni-klubniki-priznaki-i-proverka/","section-5","editorial_answer","","","",""
"клубника румба описание сорта","91","92","Умеренная","https://malinaklubnika.ru/sorta/rumba/","seo-opisanie","cultivar_passport","","https://pmc.ncbi.nlm.nih.gov/articles/PMC10305725/","https://dachaotzyv.ru/klubnika-rumba/","external_published_reader_accounts"
"клубника черный лебедь описание сорта фото отзывы садоводов","91","119","Умеренная","https://malinaklubnika.ru/sorta/strawberry-black-swan/","seo-reviews","cultivar_passport","photo; gardener_reviews","","",""
"малина тибетская описание сорта фото отзывы садоводов","91","107","Умеренная","https://malinaklubnika.ru/zhurnal/tibetskaya-malina-kakoe-rastenie/","section-4","editorial_answer","","","",""
"питомник малины","91","116","Умеренная","https://malinaklubnika.ru/zhurnal/kak-vybrat-i-kupit-sazhency-maliny-i-klubniki/","section-1","editorial_answer","","","",""
"выращивание малины","90","84","Умеренная","https://malinaklubnika.ru/zhurnal/uhod-za-malinoi-v-techenie-sezona/","section-1","editorial_answer","","","",""
"размножение малины черенками","90","99","Умеренная","https://malinaklubnika.ru/zhurnal/razmnozhenie-maliny-otpryskami-i-cherenkami/","section-2","editorial_answer","","","",""
"клубника корона описание сорта","89","89","Умеренная","https://malinaklubnika.ru/sorta/strawberry-korona/","seo-opisanie","cultivar_passport","","https://dachaotzyv.ru/klubnika-korona/","https://dachaotzyv.ru/klubnika-korona/","external_published_reader_accounts"
"сорта клубники для средней полосы открытого грунта","89","140","Умеренная","https://malinaklubnika.ru/zhurnal/kak-vybrat-sort-klubniki/","section-1","editorial_answer","","","",""
"как размножить ремонтантную малину","88","101","Умеренная","https://malinaklubnika.ru/zhurnal/razmnozhenie-maliny-otpryskami-i-cherenkami/","section-2","editorial_answer","","","",""
"лучшие сорта ремонтантной малины","88","157","Умеренная","https://malinaklubnika.ru/sorta/malina/","tipy","catalog_comparison","","","",""
"клубника фестивальная описание сорта фото","87","83","Умеренная","https://malinaklubnika.ru/sorta/festivalnaya/","seo-photo","cultivar_passport","","https://biosel.elpub.ru/jour/article/download/143/139#page=4","https://7dach.ru/panytany/klubnika-festivalnaya-vkus-detstva-133037.html; https://dachaotzyv.ru/klubnika-festivalnaya/","grower_diary; external_published_reader_accounts"
"малина бабье лето","87","51","Умеренная","https://malinaklubnika.ru/sorta/raspberry-babye-leto/","seo-opisanie","cultivar_passport","","https://dachaotzyv.ru/malina-babe-leto/","https://dachaotzyv.ru/malina-babe-leto/","external_published_reader_accounts"
"малина крепыш описание сорта","87","86","Умеренная","https://malinaklubnika.ru/sorta/malina-krepysh/","seo-opisanie","cultivar_passport","","https://7dach.ru/SvetikOdessa/malinovoe-derevo_2-72683.html","https://dachaotzyv.ru/malina-krepysh/","external_published_reader_accounts"
"мице шиндлер клубника описание сорта","87","68","Умеренная","https://malinaklubnika.ru/sorta/michurin-schar-char/","seo-opisanie","cultivar_passport","","","",""
"подкормка малины весной после зимы","87","92","Умеренная","https://malinaklubnika.ru/zhurnal/uhod-za-malinoi-vesnoi-posle-zimy/","section-1","editorial_answer","","","",""
"чем подкормить малину в апреле","87","78","Умеренная","https://malinaklubnika.ru/zhurnal/chem-podkormit-malinu-po-fazam/","section-2","editorial_answer","","","",""
"клубника машенька описание сорта фото отзывы садоводов урожайность","86","117","Умеренная","https://malinaklubnika.ru/sorta/mashenka/","seo-reviews","cultivar_passport","","https://dachaotzyv.ru/klubnika-mashenka/","https://dachaotzyv.ru/klubnika-mashenka/","external_published_reader_accounts"
"мурано клубника описание сорта фото","86","86","Умеренная","https://malinaklubnika.ru/sorta/murano/","seo-photo","cultivar_passport","","https://commons.wikimedia.org/wiki/File:Fraises_Murano_en_Dordogne.jpg","https://7dach.ru/NatalyaAfonchenko/leto-2024-iyun-314014.html; https://dachaotzyv.ru/klubnika-murano/","grower_diary; external_published_reader_accounts"
"малина таруса описание сорта фото","85","91","Умеренная","https://malinaklubnika.ru/sorta/tarusa/","seo-photo","cultivar_passport","","https://7dach.ru/SvetikOdessa/malinovoe-derevo_2-72683.html","https://7dach.ru/SvetikOdessa/malinovoe-derevo_2-72683.html; https://dachaotzyv.ru/malina-tarusa/","grower_diary; external_published_reader_accounts"
"как посадить малину весной в открытый грунт саженцами правильно","84","76","Умеренная","https://malinaklubnika.ru/zhurnal/uhod-za-malinoi-vesnoi-posle-zimy/","section-1","editorial_answer","","","",""
"малина сохнет вместе с ягодами летом почему","84","85","Умеренная","https://malinaklubnika.ru/zhurnal/sohnut-i-gniyut-yagody-maliny/","section-3","editorial_answer","","","",""
"малина шапка мономаха описание сорта","84","79","Умеренная","https://malinaklubnika.ru/sorta/raspberry-shapka-monomaha/","seo-opisanie","cultivar_passport","","","https://dachaotzyv.ru/malina-shapka-monomaha/","external_published_reader_accounts"
"малиновая муха","84","71","Умеренная","https://malinaklubnika.ru/zhurnal/malinovaya-muha-i-vyanushchie-pobegi/","section-1","editorial_answer","","","",""
"обработка малины весной от болезней и вредителей ранней весной и подкормка","84","124","Умеренная","https://malinaklubnika.ru/zhurnal/bolezni-i-vrediteli-maliny-priznaki/","section-5","editorial_answer","","","",""
"подкормка малины после плодоношения","84","75","Умеренная","https://malinaklubnika.ru/zhurnal/chem-podkormit-malinu-po-fazam/","section-2","editorial_answer","","","",""
"саженцы малины питомник rastenika","84","78","Умеренная","https://malinaklubnika.ru/zhurnal/posadka-maliny/","section-1","editorial_answer","","","",""
"вредители малины описание с фотографиями и способы борьбы","83","151","Умеренная","https://malinaklubnika.ru/zhurnal/bolezni-i-vrediteli-maliny-priznaki/","section-5","editorial_answer","","","",""
"зенга зенгана клубника описание сорта фото отзывы садоводов","83","73","Умеренная","https://malinaklubnika.ru/sorta/strawberry-zenga-zengana-trial/","seo-reviews","cultivar_passport","photo; gardener_reviews","","",""
"клубника магнус описание сорта","83","75","Умеренная","https://malinaklubnika.ru/sorta/magnus/","seo-opisanie","cultivar_passport","","","",""
"клубника царица описание сорта фото отзывы","83","105","Умеренная","https://malinaklubnika.ru/sorta/tsaritsa/","otzyvy","cultivar_passport","","https://jbiochemtech.com/storage/models/article/bMUh1GtjLrbMv0U5GbVt14NkkfQ2frw7KZS6iVW7Iv1VKS7RXJ6GRMwbz9KS/garden-strawberry-varieties-of-the-all-russian-horticultural-institute-for-breeding-agrotechnology.pdf#page=4","https://dachaotzyv.ru/klubnika-carica/","external_published_reader_accounts"
"малина вайолет описание сорта","83","89","Умеренная","https://malinaklubnika.ru/sorta/raspberry-vajolet/","seo-opisanie","cultivar_passport","","","",""
"малина феномен описание сорта","83","83","Умеренная","https://malinaklubnika.ru/sorta/raspberry-fenomen/","seo-opisanie","cultivar_passport","","https://dachaotzyv.ru/malina-fenomen/","https://dachaotzyv.ru/malina-fenomen/","external_published_reader_accounts"
"сорт клубники азия фото и описание отзывы садоводов","83","97","Умеренная","https://malinaklubnika.ru/sorta/aziya/","otzyvy","cultivar_passport","","https://horticulturejournal.usamv.ro/pdf/2024/issue_1/Art2.pdf#page=3","https://7dach.ru/Roselin/klubnika-aziya-moi-vpechatleniya-pervyy-opyt-302706.html; https://dachaotzyv.ru/klubnika-aziya/","grower_diary; external_published_reader_accounts"
"малина таганка описание сорта","82","72","Умеренная","https://malinaklubnika.ru/sorta/taganka/","seo-opisanie","cultivar_passport","","https://dachaotzyv.ru/malina-taganka/","https://dachaotzyv.ru/malina-taganka/","external_published_reader_accounts"
"обрезка малины весной как правильно ее делать по высоте и когда обрезать","82","106","Умеренная","https://malinaklubnika.ru/zhurnal/uhod-za-malinoi-vesnoi-posle-zimy/","section-1","editorial_answer","","","",""
"фестивальная клубника описание сорта фото отзывы садоводов","82","78","Умеренная","https://malinaklubnika.ru/sorta/festivalnaya/","otzyvy","cultivar_passport","","https://biosel.elpub.ru/jour/article/download/143/139#page=4","https://7dach.ru/panytany/klubnika-festivalnaya-vkus-detstva-133037.html; https://dachaotzyv.ru/klubnika-festivalnaya/","grower_diary; external_published_reader_accounts"
"вредители малины описание с фотографиями","81","142","Умеренная","https://malinaklubnika.ru/zhurnal/bolezni-i-vrediteli-maliny-priznaki/","section-1","editorial_answer","","","",""
"малина тибетская описание","81","63","Умеренная","https://malinaklubnika.ru/zhurnal/tibetskaya-malina-kakoe-rastenie/","section-2","editorial_answer","","","",""
"саженцы малины купить liubimyi-sad.ru","81","82","Умеренная","https://malinaklubnika.ru/zhurnal/posadka-maliny/","section-1","editorial_answer","","","",""
"схема посадки малины","81","68","Умеренная","https://malinaklubnika.ru/zhurnal/posadka-maliny/","section-1","editorial_answer","","","",""
"малина брянское диво описание сорта","80","70","Умеренная","https://malinaklubnika.ru/sorta/bryanskoe-divo/","seo-opisanie","cultivar_passport","","https://biosel.elpub.ru/jour/article/download/116/115#page=9","https://dachaotzyv.ru/malina-bryanskoe-divo/","external_published_reader_accounts"
"малина соколица описание сорта","80","74","Умеренная","https://malinaklubnika.ru/sorta/raspberry-sokolica/","seo-opisanie","cultivar_passport","","https://dachaotzyv.ru/malina-sokolica/","https://dachaotzyv.ru/malina-sokolica/","external_published_reader_accounts"
"мальвина клубника описание сорта","80","72","Умеренная","https://malinaklubnika.ru/sorta/malvina/","seo-opisanie","cultivar_passport","","https://pmc.ncbi.nlm.nih.gov/articles/PMC11125040/#suppl_1","https://dachaotzyv.ru/klubnika-malvina/","external_published_reader_accounts"
"чем подкормить малину в июле для хорошего урожая","80","80","Умеренная","https://malinaklubnika.ru/zhurnal/chem-podkormit-malinu-po-fazam/","section-2","editorial_answer","","","",""
"малина геракл описание","79","67","Умеренная","https://malinaklubnika.ru/sorta/gerakl/","seo-opisanie","cultivar_passport","","https://biosel.elpub.ru/jour/article/download/116/115#page=9","https://dachaotzyv.ru/malina-gerakl/","external_published_reader_accounts"
"клубника максим описание сорта фото отзывы","78","102","Умеренная","https://malinaklubnika.ru/sorta/strawberry-gigantella-maxim-tail/","seo-reviews","cultivar_passport","photo; gardener_reviews","","",""
"клубника эльсанта описание сорта","78","74","Умеренная","https://malinaklubnika.ru/sorta/elsanta/","seo-opisanie","cultivar_passport","","https://commons.wikimedia.org/wiki/File:FraisesElsantaCLJWeber_(23307386409).jpg","https://dachaotzyv.ru/klubnika-elsanta/","external_published_reader_accounts"
"малина гигант московский описание сорта","78","78","Умеренная","https://malinaklubnika.ru/sorta/moskovskiy-gigant/","seo-opisanie","cultivar_passport","","","https://dachaotzyv.ru/malina-moskovskij-gigant/","external_published_reader_accounts"
"малина красная королева описание сорта","78","70","Умеренная","https://malinaklubnika.ru/sorta/raspberry-krasnaya-koroleva/","seo-opisanie","cultivar_passport","","","",""
"сан андреас клубника описание","78","56","Умеренная","https://malinaklubnika.ru/sorta/san-andreas/","seo-opisanie","cultivar_passport","","https://active.inspection.gc.ca/english/plaveg/pbrpov/cropreport/str/app00010197e.shtml","https://dachaotzyv.ru/klubnika-san-andreas/","external_published_reader_accounts"
"клубника гигантелла описание сорта фото","77","75","Умеренная","https://malinaklubnika.ru/sorta/gigantella/","seo-photo","cultivar_passport","","https://7dach.ru/IgorKS/vkus-radosti---zemlyanika-gigantella-134540.html","https://7dach.ru/IgorKS/vkus-radosti---zemlyanika-gigantella-134540.html; https://dachaotzyv.ru/klubnika-gigantella/","grower_diary; external_published_reader_accounts"
"клубника елизавета 2 описание сорта фото отзывы садоводов урожайность характеристика и описание","77","94","Умеренная","https://malinaklubnika.ru/sorta/elizaveta-2/","seo-reviews","cultivar_passport","","https://7dach.ru/gala1753/korolevskaya-yagoda-1886.html","https://7dach.ru/gala1753/korolevskaya-yagoda-1886.html","grower_diary"
"клубника зенга-зенгана описание сорта фото отзывы садоводов","77","84","Умеренная","https://malinaklubnika.ru/sorta/strawberry-zenga-zengana-trial/","seo-reviews","cultivar_passport","photo; gardener_reviews","","",""
"клубника чамора туруси описание сорта","77","67","Умеренная","https://malinaklubnika.ru/sorta/strawberry-chamora-turusi/","seo-opisanie","cultivar_passport","","https://dachaotzyv.ru/klubnika-chamora-turusi/","https://dachaotzyv.ru/klubnika-chamora-turusi/","external_published_reader_accounts"
"клубника черный принц описание сорта отзывы садоводов","77","91","Умеренная","https://malinaklubnika.ru/sorta/black-prince-strawberry/","seo-reviews","cultivar_passport","","https://7dach.ru/28101959NaTa/klubnika-sorta-chernyy-princ-ochen-vkusnaya-yagoda-259932.html","https://7dach.ru/28101959NaTa/klubnika-sorta-chernyy-princ-ochen-vkusnaya-yagoda-259932.html; https://dachaotzyv.ru/klubnika-chernyj-princ/","grower_diary; external_published_reader_accounts"
"""клубника азия описание сорта""","76","78","Умеренная","https://malinaklubnika.ru/sorta/aziya/","seo-opisanie","cultivar_passport","","https://horticulturejournal.usamv.ro/pdf/2024/issue_1/Art2.pdf#page=3","https://7dach.ru/Roselin/klubnika-aziya-moi-vpechatleniya-pervyy-opyt-302706.html; https://dachaotzyv.ru/klubnika-aziya/","grower_diary; external_published_reader_accounts"
"клубника клери описание сорта фото","76","80","Умеренная","https://malinaklubnika.ru/sorta/kleri/","seo-photo","cultivar_passport","","https://commons.wikimedia.org/wiki/File:Clery_Gartenerdbeere.JPG","https://dachaotzyv.ru/klubnika-kleri/","external_published_reader_accounts"
"малина полька описание сорта фото отзывы особенности выращивания","76","88","Умеренная","https://malinaklubnika.ru/sorta/polka/","otzyvy","cultivar_passport","","https://pmc.ncbi.nlm.nih.gov/articles/PMC10673471/#metabolites-13-01124-f001","https://dachaotzyv.ru/malina-polka/","external_published_reader_accounts"
"малина таруса купить","76","90","Умеренная","https://malinaklubnika.ru/sorta/tarusa/","seo-opisanie","cultivar_passport","","https://7dach.ru/SvetikOdessa/malinovoe-derevo_2-72683.html","https://7dach.ru/SvetikOdessa/malinovoe-derevo_2-72683.html; https://dachaotzyv.ru/malina-tarusa/","grower_diary; external_published_reader_accounts"
"малина шапка мономаха описание","76","74","Умеренная","https://malinaklubnika.ru/sorta/raspberry-shapka-monomaha/","seo-opisanie","cultivar_passport","","","https://dachaotzyv.ru/malina-shapka-monomaha/","external_published_reader_accounts"
"фламинго клубника описание сорта фото отзывы","75","88","Умеренная","https://malinaklubnika.ru/sorta/strawberry-flamingo-trade-name/","seo-reviews","cultivar_passport","photo; gardener_reviews","","",""
"клубника альба описание сорта фото отзывы садоводов урожайность характеристика и описание","74","94","Умеренная","https://malinaklubnika.ru/sorta/alba/","otzyvy","cultivar_passport","","https://horticulturejournal.usamv.ro/pdf/2024/issue_1/Art2.pdf#page=3","https://dachaotzyv.ru/klubnika-alba/","external_published_reader_accounts"
"маравилла малина описание","74","52","Умеренная","https://malinaklubnika.ru/sorta/maravilla/","seo-opisanie","cultivar_passport","","https://patents.google.com/patent/USPP14804P2/en","https://dachaotzyv.ru/malina-maravilla/","external_published_reader_accounts"
"посадка малины осенью как правильно","74","81","Умеренная","https://malinaklubnika.ru/zhurnal/osennyaya-posadka-maliny-sroki-i-podgotovka/","section-1","editorial_answer","","","",""
"""клубника мурано описание сорта фото""","73","82","Умеренная","https://malinaklubnika.ru/sorta/murano/","seo-photo","cultivar_passport","","https://commons.wikimedia.org/wiki/File:Fraises_Murano_en_Dordogne.jpg","https://7dach.ru/NatalyaAfonchenko/leto-2024-iyun-314014.html; https://dachaotzyv.ru/klubnika-murano/","grower_diary; external_published_reader_accounts"
"клубника королева елизавета описание сорта","73","56","Умеренная","https://malinaklubnika.ru/sorta/strawberry-queen-elizabeth/","seo-opisanie","cultivar_passport","","https://dachaotzyv.ru/klubnika-koroleva-elizaveta/","https://dachaotzyv.ru/klubnika-koroleva-elizaveta/","external_published_reader_accounts"
"малина плохо растет что делать","73","98","Умеренная","https://malinaklubnika.ru/zhurnal/malina-ploho-rastet-chto-proverit/","section-1","editorial_answer","","","",""
"дарселект клубника описание","72","64","Умеренная","https://malinaklubnika.ru/sorta/strawberry-darselect/","seo-opisanie","cultivar_passport","","https://dachaotzyv.ru/klubnika-darselekt/","https://dachaotzyv.ru/klubnika-darselekt/","external_published_reader_accounts"
"как выращивать малину в открытом грунте","72","83","Умеренная","https://malinaklubnika.ru/zhurnal/uhod-za-malinoi-v-techenie-sezona/","section-1","editorial_answer","","","",""
"клубника вивара описание сорта","72","57","Умеренная","https://malinaklubnika.ru/sorta/strawberry-vivara/","seo-opisanie","cultivar_passport","","https://civ.it/wp-content/uploads/2025/01/vivara-still-life.png","",""
"обработка виктории весной","72","82","Умеренная","https://malinaklubnika.ru/zhurnal/obrabotka-klubniki-i-maliny-po-sezonu/","section-1","editorial_answer","","","",""
"дерево малина таруса","71","98","Умеренная","https://malinaklubnika.ru/sorta/tarusa/","seo-opisanie","cultivar_passport","","https://7dach.ru/SvetikOdessa/malinovoe-derevo_2-72683.html","https://7dach.ru/SvetikOdessa/malinovoe-derevo_2-72683.html; https://dachaotzyv.ru/malina-tarusa/","grower_diary; external_published_reader_accounts"
"клубника квики описание сорта","71","71","Умеренная","https://malinaklubnika.ru/sorta/strawberry-quicky/","seo-opisanie","cultivar_passport","","","",""
"клубника сорт азия описание и фото","71","68","Умеренная","https://malinaklubnika.ru/sorta/aziya/","seo-photo","cultivar_passport","","https://horticulturejournal.usamv.ro/pdf/2024/issue_1/Art2.pdf#page=3","https://7dach.ru/Roselin/klubnika-aziya-moi-vpechatleniya-pervyy-opyt-302706.html; https://dachaotzyv.ru/klubnika-aziya/","grower_diary; external_published_reader_accounts"
"малина зюгана описание сорта","71","58","Умеренная","https://malinaklubnika.ru/sorta/raspberry-sugana/","seo-opisanie","cultivar_passport","","https://www.luberaedibles.com/cdn/shop/products/Rubus_Twotimer__Sugana_1_550x550.jpg?v=1675066659","https://dachaotzyv.ru/malina-zyugana/","external_published_reader_accounts"
"малина поклон казакову описание сорта","71","64","Умеренная","https://malinaklubnika.ru/sorta/poklon-kazakovu/","seo-opisanie","cultivar_passport","","https://ferma.expert/rasteniya/kustarniki/malina/poklon-kazakovu/","https://dachaotzyv.ru/malina-poklon-kazakovu/","external_published_reader_accounts"
"""клубника мальвина описание сорта","70","74","Умеренная","https://malinaklubnika.ru/sorta/malvina/","seo-opisanie","cultivar_passport","","https://pmc.ncbi.nlm.nih.gov/articles/PMC11125040/#suppl_1","https://dachaotzyv.ru/klubnika-malvina/","external_published_reader_accounts"
"кумберленд малина описание посадка и уход","70","71","Умеренная","https://malinaklubnika.ru/sorta/raspberry-cumberland/","seo-care","cultivar_passport","","","",""
"маравила малина описание","70","46","Умеренная","https://malinaklubnika.ru/sorta/maravilla/","seo-opisanie","cultivar_passport","","https://patents.google.com/patent/USPP14804P2/en","https://dachaotzyv.ru/malina-maravilla/","external_published_reader_accounts"
"сорта малины для урала с фотографиями","70","79","Умеренная","https://malinaklubnika.ru/zhurnal/sorta-maliny-dlya-podmoskovya-kak-vybrat/","section-1","editorial_answer","","","",""
"болезни малины фото","69","98","Умеренная","https://malinaklubnika.ru/zhurnal/bolezni-i-vrediteli-maliny-priznaki/","section-1","editorial_answer","","","",""
"как правильно выращивать малину","69","79","Умеренная","https://malinaklubnika.ru/zhurnal/uhod-za-malinoi-v-techenie-sezona/","section-1","editorial_answer","","","",""
"клубника антея описание сорта","69","70","Умеренная","https://malinaklubnika.ru/sorta/strawberry-antea/","seo-opisanie","cultivar_passport","","","",""
"клубника роксана описание сорта","69","58","Умеренная","https://malinaklubnika.ru/sorta/strawberry-roxana/","seo-opisanie","cultivar_passport","","https://dachaotzyv.ru/klubnika-roksana/","https://dachaotzyv.ru/klubnika-roksana/","external_published_reader_accounts"
"клубника чили описание сорта","68","91","Умеренная","https://malinaklubnika.ru/sorta/strawberry-chile-species/","seo-opisanie","cultivar_passport","","","",""
"малина джоан джей описание сорта","68","64","Умеренная","https://malinaklubnika.ru/sorta/raspberry-joan-j/","seo-opisanie","cultivar_passport","","https://patents.google.com/patent/USPP18954P3/en","",""
"сорт малины колокольчик фото и описание","68","81","Умеренная","https://malinaklubnika.ru/sorta/raspberry-kolokolchik/","seo-photo","cultivar_passport","","https://dachaotzyv.ru/malina-kolokolchik/","https://dachaotzyv.ru/malina-kolokolchik/","external_published_reader_accounts"
"уход за малиной в июне","68","82","Умеренная","https://malinaklubnika.ru/zhurnal/uhod-za-malinoi-v-techenie-sezona/","section-2","editorial_answer","","","",""
"как развести малину на садовом участке","67","79","Умеренная","https://malinaklubnika.ru/zhurnal/razmnozhenie-maliny-otpryskami-i-cherenkami/","section-2","editorial_answer","","","",""
"клубника джоли описание сорта фото отзывы","67","77","Умеренная","https://malinaklubnika.ru/sorta/dzholi/","otzyvy","cultivar_passport","","https://patents.google.com/patent/USPP23126P3/en","https://dachaotzyv.ru/klubnika-dzholi/","external_published_reader_accounts"
"малина полка описание сорта","67","59","Умеренная","https://malinaklubnika.ru/sorta/polka/","seo-opisanie","cultivar_passport","","https://pmc.ncbi.nlm.nih.gov/articles/PMC10673471/#metabolites-13-01124-f001","https://dachaotzyv.ru/malina-polka/","external_published_reader_accounts"
"малина тибетская фото","67","59","Умеренная","https://malinaklubnika.ru/zhurnal/tibetskaya-malina-kakoe-rastenie/","section-2","editorial_answer","","","",""
"подкормка малины во время плодоношения","67","77","Умеренная","https://malinaklubnika.ru/zhurnal/chem-podkormit-malinu-po-fazam/","section-2","editorial_answer","","","",""
"сорт клубники мурано фото и описание","67","65","Умеренная","https://malinaklubnika.ru/sorta/murano/","seo-photo","cultivar_passport","","https://commons.wikimedia.org/wiki/File:Fraises_Murano_en_Dordogne.jpg","https://7dach.ru/NatalyaAfonchenko/leto-2024-iyun-314014.html; https://dachaotzyv.ru/klubnika-murano/","grower_diary; external_published_reader_accounts"
"чудо малина описание сорта фото отзывы","67","70","Умеренная","https://malinaklubnika.ru/zhurnal/nazvaniya-maliny-chudo-kuzmina-novgorodets/","section-1","editorial_answer","photo; gardener_reviews","","",""
"гордость россии малина описание сорта","66","60","Умеренная","https://malinaklubnika.ru/sorta/gordost-rossii/","seo-opisanie","cultivar_passport","","","https://7dach.ru/Alex_Eskin/podelites-opytom-vyraschivaniya-maliny-gordost-rossii-221162.html","grower_diary"
"как быстро растет малина","66","77","Умеренная","https://malinaklubnika.ru/zhurnal/uhod-za-malinoi-v-techenie-sezona/","section-2","editorial_answer","","","",""
"клубника азия описание сорта отзывы","66","83","Умеренная","https://malinaklubnika.ru/sorta/aziya/","otzyvy","cultivar_passport","","https://horticulturejournal.usamv.ro/pdf/2024/issue_1/Art2.pdf#page=3","https://7dach.ru/Roselin/klubnika-aziya-moi-vpechatleniya-pervyy-opyt-302706.html; https://dachaotzyv.ru/klubnika-aziya/","grower_diary; external_published_reader_accounts"
"клубника цунаки описание сорта фото отзывы","66","84","Умеренная","https://malinaklubnika.ru/sorta/tsunaki/","seo-reviews","cultivar_passport","photo","","https://stroy-podskazka.ru/klubnika/sorta/cunaki/","external_published_reader_accounts"
"когда сажать малину в подмосковье лучше","66","79","Умеренная","https://malinaklubnika.ru/zhurnal/posadka-maliny/","section-1","editorial_answer","","","",""
"чем обработать клубнику после зимы","66","72","Умеренная","https://malinaklubnika.ru/zhurnal/obrabotka-klubniki-i-maliny-po-sezonu/","section-2","editorial_answer","","","",""
"что положить в лунку при посадке малины весной","66","56","Умеренная","https://malinaklubnika.ru/zhurnal/uhod-za-malinoi-vesnoi-posle-zimy/","section-1","editorial_answer","","","",""
"малина похвалинка описание сорта","65","64","Умеренная","https://malinaklubnika.ru/sorta/pohvalinka/","seo-opisanie","cultivar_passport","","","",""
"мальвина клубника описание сорта фото отзывы","65","68","Умеренная","https://malinaklubnika.ru/sorta/malvina/","otzyvy","cultivar_passport","","https://pmc.ncbi.nlm.nih.gov/articles/PMC11125040/#suppl_1","https://dachaotzyv.ru/klubnika-malvina/","external_published_reader_accounts"
"обрезка ремонтантной малины когда и как правильно ее делать","65","89","Умеренная","https://malinaklubnika.ru/zhurnal/obrezka-remontantnoy-maliny/","section-1","editorial_answer","","","",""
"малина таруса отзывы","64","76","Умеренная","https://malinaklubnika.ru/sorta/tarusa/","otzyvy","cultivar_passport","","https://7dach.ru/SvetikOdessa/malinovoe-derevo_2-72683.html","https://7dach.ru/SvetikOdessa/malinovoe-derevo_2-72683.html; https://dachaotzyv.ru/malina-tarusa/","grower_diary; external_published_reader_accounts"
"маравилла малина описание сорта","64","49","Умеренная","https://malinaklubnika.ru/sorta/maravilla/","seo-opisanie","cultivar_passport","","https://patents.google.com/patent/USPP14804P2/en","https://dachaotzyv.ru/malina-maravilla/","external_published_reader_accounts"
"сенсация клубника описание сорта","64","57","Умеренная","https://malinaklubnika.ru/sorta/strawberry-sonsation/","seo-opisanie","cultivar_passport","","https://flevoberry.nl/wp-content/uploads/2026/09/Sonsation-duo-2400_1600-1024x683-1.jpg","https://7dach.ru/Tangeya/bez-leta-dachniku-ne-zhit-s-iyunem-nadobno-druzhit-zhdem-rasskazov-ob-iyunskoy-pogode-327809.html?c=3; https://dachaotzyv.ru/klubnika-sensaciya/","grower_diary; external_published_reader_accounts"
"что положить в лунку при посадке малины","64","53","Умеренная","https://malinaklubnika.ru/zhurnal/posadka-maliny/","section-1","editorial_answer","","","",""
"клубника маршал описание сорта","63","65","Умеренная","https://malinaklubnika.ru/sorta/strawberry-marshal/","seo-opisanie","cultivar_passport","","","https://dachaotzyv.ru/klubnika-marshal/","external_published_reader_accounts"
"малина пересвет","63","42","Умеренная","https://malinaklubnika.ru/sorta/peresvet/","seo-opisanie","cultivar_passport","","https://dachaotzyv.ru/malina-peresvet/","https://dachaotzyv.ru/malina-peresvet/","external_published_reader_accounts"
"малина полька описание сорта фото отзывы","63","73","Умеренная","https://malinaklubnika.ru/sorta/polka/","otzyvy","cultivar_passport","","https://pmc.ncbi.nlm.nih.gov/articles/PMC10673471/#metabolites-13-01124-f001","https://dachaotzyv.ru/malina-polka/","external_published_reader_accounts"
"пшехиба малина описание сорта фото отзывы","63","60","Умеренная","https://malinaklubnika.ru/sorta/pshehiba/","otzyvy","cultivar_passport","gardener_reviews","https://www.brzezna.pl/malina-rubus-idaeus-przehyba/","",""
"чем подкормить ремонтантную малину в июле","63","80","Умеренная","https://malinaklubnika.ru/zhurnal/chem-podkormit-malinu-po-fazam/","section-2","editorial_answer","","","",""
"клубника самые вкусные сорта","62","73","Умеренная","https://malinaklubnika.ru/sorta/klubnika/","vkus","catalog_comparison","","","",""
"клубника черный лебедь описание","62","56","Умеренная","https://malinaklubnika.ru/sorta/strawberry-black-swan/","seo-opisanie","cultivar_passport","","","",""
"клубника гигантелла максим описание сорта","61","58","Умеренная","https://malinaklubnika.ru/sorta/gigantella/","seo-opisanie","cultivar_passport","","https://7dach.ru/IgorKS/vkus-radosti---zemlyanika-gigantella-134540.html","https://7dach.ru/IgorKS/vkus-radosti---zemlyanika-gigantella-134540.html; https://dachaotzyv.ru/klubnika-gigantella/","grower_diary; external_published_reader_accounts"
"сорт малины","61","40","Умеренная","https://malinaklubnika.ru/sorta/malina/","catalog","catalog_comparison","","","",""
"клубника хоней описание сорта фото отзывы","60","60","Умеренная","https://malinaklubnika.ru/sorta/honey/","otzyvy","cultivar_passport","","https://commons.wikimedia.org/wiki/File:Fragaria_ananassa_Honeoye_2023-05-31_6638.jpg","https://dachaotzyv.ru/klubnika-honej/","external_published_reader_accounts"
"малина геракл описание сорта фото отзывы","60","63","Умеренная","https://malinaklubnika.ru/sorta/gerakl/","otzyvy","cultivar_passport","","https://biosel.elpub.ru/jour/article/download/116/115#page=9","https://dachaotzyv.ru/malina-gerakl/","external_published_reader_accounts"
"малина гусар отзывы","60","78","Умеренная","https://malinaklubnika.ru/sorta/gusar/","otzyvy","cultivar_passport","","https://7dach.ru/KatyaK/gusar-krupnaya-sladkaya-malina-moego-sada-228819.html","https://7dach.ru/KatyaK/gusar-krupnaya-sladkaya-malina-moego-sada-228819.html; https://dachaotzyv.ru/malina-gusar/","grower_diary; external_published_reader_accounts"
"малина херитейдж описание","60","52","Умеренная","https://malinaklubnika.ru/sorta/heritage/","seo-opisanie","cultivar_passport","","https://www.flickr.com/photos/graibeard/3220923545/","https://dachaotzyv.ru/malina-heritejdzh/","external_published_reader_accounts"
"сорт клубники клери фото и описание","60","61","Умеренная","https://malinaklubnika.ru/sorta/kleri/","seo-photo","cultivar_passport","","https://commons.wikimedia.org/wiki/File:Clery_Gartenerdbeere.JPG","https://dachaotzyv.ru/klubnika-kleri/","external_published_reader_accounts"
"посадка малины весной когда и как посадить","59","73","Умеренная","https://malinaklubnika.ru/zhurnal/uhod-za-malinoi-vesnoi-posle-zimy/","section-1","editorial_answer","","","",""
"таруса малина описание сорта","59","46","Умеренная","https://malinaklubnika.ru/sorta/tarusa/","seo-opisanie","cultivar_passport","","https://7dach.ru/SvetikOdessa/malinovoe-derevo_2-72683.html","https://7dach.ru/SvetikOdessa/malinovoe-derevo_2-72683.html; https://dachaotzyv.ru/malina-tarusa/","grower_diary; external_published_reader_accounts"
"как садить малину осенью","58","47","Умеренная","https://malinaklubnika.ru/zhurnal/posadka-maliny/","section-1","editorial_answer","","","",""
"китайская малина фото и описание","58","55","Умеренная","https://malinaklubnika.ru/zhurnal/tibetskaya-malina-kakoe-rastenie/","section-5","editorial_answer","","","",""
"клубника азия описание сорта фото отзывы садоводов","58","72","Умеренная","https://malinaklubnika.ru/sorta/aziya/","otzyvy","cultivar_passport","","https://horticulturejournal.usamv.ro/pdf/2024/issue_1/Art2.pdf#page=3","https://7dach.ru/Roselin/klubnika-aziya-moi-vpechatleniya-pervyy-opyt-302706.html; https://dachaotzyv.ru/klubnika-aziya/","grower_diary; external_published_reader_accounts"
"малина кумберленд описание сорта фото отзывы особенности выращивания","58","66","Умеренная","https://malinaklubnika.ru/sorta/raspberry-cumberland/","seo-reviews","cultivar_passport","photo; gardener_reviews","","",""
"малина новость кузьмина описание сорта фото отзывы","58","83","Умеренная","https://malinaklubnika.ru/sorta/raspberry-novost-kuzmina/","seo-reviews","cultivar_passport","gardener_reviews","https://7dach.ru/Eleko/10-luchshih-sortov-maliny-kotorye-rekomenduyut-dachniki-272274.html","",""
"пшехиба малина описание сорта","58","54","Умеренная","https://malinaklubnika.ru/sorta/pshehiba/","seo-opisanie","cultivar_passport","","https://www.brzezna.pl/malina-rubus-idaeus-przehyba/","",""
"сорта клубники для ленинградской области","58","93","Умеренная","https://malinaklubnika.ru/zhurnal/kak-vybrat-sort-klubniki/","section-1","editorial_answer","","","",""
"альба клубника описание сорта фото","57","51","Умеренная","https://malinaklubnika.ru/sorta/alba/","seo-photo","cultivar_passport","","https://horticulturejournal.usamv.ro/pdf/2024/issue_1/Art2.pdf#page=3","https://dachaotzyv.ru/klubnika-alba/","external_published_reader_accounts"
"априка клубника описание сорта фото","57","52","Умеренная","https://malinaklubnika.ru/sorta/aprika/","seo-photo","cultivar_passport","","https://pmc.ncbi.nlm.nih.gov/articles/PMC11125040/","",""
"клубника сорт азия описание и фото отзывы садоводов","57","75","Умеренная","https://malinaklubnika.ru/sorta/aziya/","otzyvy","cultivar_passport","","https://horticulturejournal.usamv.ro/pdf/2024/issue_1/Art2.pdf#page=3","https://7dach.ru/Roselin/klubnika-aziya-moi-vpechatleniya-pervyy-opyt-302706.html; https://dachaotzyv.ru/klubnika-aziya/","grower_diary; external_published_reader_accounts"
"малина мишутка","57","47","Умеренная","https://malinaklubnika.ru/sorta/raspberry-mishutka/","seo-opisanie","cultivar_passport","","https://dachaotzyv.ru/malina-mishutka/","https://dachaotzyv.ru/malina-mishutka/","external_published_reader_accounts"
"малина полонез описание сорта","57","59","Умеренная","https://malinaklubnika.ru/sorta/raspberry-polonez/","seo-opisanie","cultivar_passport","","","",""
"гусар малина описание сорта","56","44","Умеренная","https://malinaklubnika.ru/sorta/gusar/","seo-opisanie","cultivar_passport","","https://7dach.ru/KatyaK/gusar-krupnaya-sladkaya-malina-moego-sada-228819.html","https://7dach.ru/KatyaK/gusar-krupnaya-sladkaya-malina-moego-sada-228819.html; https://dachaotzyv.ru/malina-gusar/","grower_diary; external_published_reader_accounts"
"клубника соната описание сорта","56","56","Умеренная","https://malinaklubnika.ru/sorta/strawberry-sonata/","seo-opisanie","cultivar_passport","","https://dachaotzyv.ru/klubnika-sonata/","https://dachaotzyv.ru/klubnika-sonata/","external_published_reader_accounts"
"клери клубника описание сорта фото","55","46","Умеренная","https://malinaklubnika.ru/sorta/kleri/","seo-photo","cultivar_passport","","https://commons.wikimedia.org/wiki/File:Clery_Gartenerdbeere.JPG","https://dachaotzyv.ru/klubnika-kleri/","external_published_reader_accounts"
"клубника елизавета описание сорта","55","39","Умеренная","https://malinaklubnika.ru/zhurnal/nazvaniya-klubniki-elizaveta-aprika-i-oshibki/","section-1","editorial_answer","","","",""
"клубника мальвина описание сорта фото","55","62","Умеренная","https://malinaklubnika.ru/sorta/malvina/","seo-photo","cultivar_passport","","https://pmc.ncbi.nlm.nih.gov/articles/PMC11125040/#suppl_1","https://dachaotzyv.ru/klubnika-malvina/","external_published_reader_accounts"
"клубника элиане описание сорта","55","45","Умеренная","https://malinaklubnika.ru/sorta/strawberry-elianny/","seo-opisanie","cultivar_passport","","https://dachaotzyv.ru/klubnika-eliane/","https://dachaotzyv.ru/klubnika-eliane/","external_published_reader_accounts"
"малина пшехиба отзывы","55","77","Умеренная","https://malinaklubnika.ru/sorta/pshehiba/","otzyvy","cultivar_passport","gardener_reviews","https://www.brzezna.pl/malina-rubus-idaeus-przehyba/","",""
"почему вянут молодые побеги малины","55","87","Умеренная","https://malinaklubnika.ru/zhurnal/malinovaya-muha-i-vyanushchie-pobegi/","section-3","editorial_answer","","","",""
"болезнь клубники по листьям","54","80","Умеренная","https://malinaklubnika.ru/zhurnal/bolezni-klubniki-priznaki-i-proverka/","section-1","editorial_answer","","","",""
"как сажать малину весной в открытый грунт","54","39","Умеренная","https://malinaklubnika.ru/zhurnal/uhod-za-malinoi-vesnoi-posle-zimy/","section-1","editorial_answer","","","",""
"купчиха клубника описание сорта фото","54","48","Умеренная","https://malinaklubnika.ru/sorta/kupchikha/","seo-photo","cultivar_passport","","https://7dach.ru/bajenovasveta/zemklunika-kupchiha_2-224899.html","https://7dach.ru/bajenovasveta/zemklunika-kupchiha_2-224899.html; https://dachaotzyv.ru/klubnika-kupchiha/","grower_diary; external_published_reader_accounts"
"посадка малины расстояние между кустами и рядами","54","62","Умеренная","https://malinaklubnika.ru/zhurnal/rasstoyanie-posadki-maliny-i-pervyi-urozhai/","section-1","editorial_answer","","","",""
"чем обработать малину весной от болезней и вредителей в апреле и чем подкормить","54","68","Умеренная","https://malinaklubnika.ru/zhurnal/bolezni-i-vrediteli-maliny-priznaki/","section-5","editorial_answer","","","",""
"какой сорт клубники самый сладкий и крупный урожайный","53","55","Умеренная","https://malinaklubnika.ru/zhurnal/kak-vybrat-sort-klubniki/","section-1","editorial_answer","","","",""
"клубника альба описание сорта фото отзывы садоводов урожайность","53","63","Умеренная","https://malinaklubnika.ru/sorta/alba/","otzyvy","cultivar_passport","","https://horticulturejournal.usamv.ro/pdf/2024/issue_1/Art2.pdf#page=3","https://dachaotzyv.ru/klubnika-alba/","external_published_reader_accounts"
"клубника гирлянда описание сорта","53","53","Умеренная","https://malinaklubnika.ru/sorta/strawberry-garland-trade-name/","seo-opisanie","cultivar_passport","","","",""
"клубника кармен описание сорта","53","60","Умеренная","https://malinaklubnika.ru/sorta/strawberry-carmen-czech/","seo-opisanie","cultivar_passport","","","",""
"малина красная гвардия описание сорта","53","40","Умеренная","https://malinaklubnika.ru/sorta/raspberry-krasnaya-gvardiya/","seo-opisanie","cultivar_passport","","https://dachaotzyv.ru/malina-krasnaya-gvardiya/","https://dachaotzyv.ru/malina-krasnaya-gvardiya/","external_published_reader_accounts"
"малина пингвин описание","53","47","Умеренная","https://malinaklubnika.ru/sorta/pingvin/","seo-opisanie","cultivar_passport","","https://dachaotzyv.ru/malina-pingvin/","https://dachaotzyv.ru/malina-pingvin/","external_published_reader_accounts"
"тибетская малина описание выращивание и уход","53","47","Умеренная","https://malinaklubnika.ru/zhurnal/tibetskaya-malina-kakoe-rastenie/","section-3","editorial_answer","","","",""
"чем обработать клубнику во время цветения от вредителей","53","58","Умеренная","https://malinaklubnika.ru/zhurnal/vrediteli-klubniki-kak-razlichit/","section-4","editorial_answer","","","",""
"клубника ананасная описание сорта","52","52","Умеренная","https://malinaklubnika.ru/sorta/strawberry-ananasnaya-name-check/","seo-opisanie","cultivar_passport","","","",""
"клубника мармелада описание сорта фото отзывы садоводов урожайность","52","67","Умеренная","https://malinaklubnika.ru/sorta/strawberry-marmolada/","seo-reviews","cultivar_passport","","https://dachaotzyv.ru/klubnika-marmelada/","https://dachaotzyv.ru/klubnika-marmelada/","external_published_reader_accounts"
"клубника черный принц описание сорта фото отзывы","52","63","Умеренная","https://malinaklubnika.ru/sorta/black-prince-strawberry/","seo-reviews","cultivar_passport","","https://7dach.ru/28101959NaTa/klubnika-sorta-chernyy-princ-ochen-vkusnaya-yagoda-259932.html","https://7dach.ru/28101959NaTa/klubnika-sorta-chernyy-princ-ochen-vkusnaya-yagoda-259932.html; https://dachaotzyv.ru/klubnika-chernyj-princ/","grower_diary; external_published_reader_accounts"
"чем опрыскать малину весной от вредителей и болезней","52","63","Умеренная","https://malinaklubnika.ru/zhurnal/bolezni-i-vrediteli-maliny-priznaki/","section-1","editorial_answer","","","",""
"клубника гигант джорнея описание сорта","51","50","Умеренная","https://malinaklubnika.ru/sorta/strawberry-giant-jorney-trade/","seo-opisanie","cultivar_passport","","","",""
"клубника дарселект описание сорта","51","42","Умеренная","https://malinaklubnika.ru/sorta/strawberry-darselect/","seo-opisanie","cultivar_passport","","https://dachaotzyv.ru/klubnika-darselekt/","https://dachaotzyv.ru/klubnika-darselekt/","external_published_reader_accounts"
"краса россии малина описание","51","46","Умеренная","https://malinaklubnika.ru/sorta/krasa-rossii/","seo-opisanie","cultivar_passport","","https://dachaotzyv.ru/malina-krasa-rossii/","https://dachaotzyv.ru/malina-krasa-rossii/","external_published_reader_accounts"
"купчиха клубника описание сорта фото отзывы","51","57","Умеренная","https://malinaklubnika.ru/sorta/kupchikha/","seo-reviews","cultivar_passport","","https://7dach.ru/bajenovasveta/zemklunika-kupchiha_2-224899.html","https://7dach.ru/bajenovasveta/zemklunika-kupchiha_2-224899.html; https://dachaotzyv.ru/klubnika-kupchiha/","grower_diary; external_published_reader_accounts"
"лучшие сорта малины для ленинградской области","51","89","Умеренная","https://malinaklubnika.ru/zhurnal/sorta-maliny-dlya-podmoskovya-kak-vybrat/","section-1","editorial_answer","","","",""
"малина краса россии описание сорта фото отзывы садоводов урожайность","51","69","Умеренная","https://malinaklubnika.ru/sorta/krasa-rossii/","otzyvy","cultivar_passport","","https://dachaotzyv.ru/malina-krasa-rossii/","https://dachaotzyv.ru/malina-krasa-rossii/","external_published_reader_accounts"
"малина пересвет описание сорта","51","43","Умеренная","https://malinaklubnika.ru/sorta/peresvet/","seo-opisanie","cultivar_passport","","https://dachaotzyv.ru/malina-peresvet/","https://dachaotzyv.ru/malina-peresvet/","external_published_reader_accounts"
"малина пшехиба описание сорта фото","51","62","Умеренная","https://malinaklubnika.ru/sorta/pshehiba/","seo-photo","cultivar_passport","","https://www.brzezna.pl/malina-rubus-idaeus-przehyba/","",""
"малина таруса описание сорта фото отзывы","51","55","Умеренная","https://malinaklubnika.ru/sorta/tarusa/","otzyvy","cultivar_passport","","https://7dach.ru/SvetikOdessa/malinovoe-derevo_2-72683.html","https://7dach.ru/SvetikOdessa/malinovoe-derevo_2-72683.html; https://dachaotzyv.ru/malina-tarusa/","grower_diary; external_published_reader_accounts"
"сорт клубники альба фото и описание","51","50","Умеренная","https://malinaklubnika.ru/sorta/alba/","seo-photo","cultivar_passport","","https://horticulturejournal.usamv.ro/pdf/2024/issue_1/Art2.pdf#page=3","https://dachaotzyv.ru/klubnika-alba/","external_published_reader_accounts"
"сорта клубники для подмосковья устойчивые к болезням и вредителям отзывы","51","95","Умеренная","https://malinaklubnika.ru/zhurnal/bolezni-klubniki-priznaki-i-proverka/","section-1","editorial_answer","","","",""
"цунаки клубника описание сорта фото отзывы садоводов","51","62","Умеренная","https://malinaklubnika.ru/sorta/tsunaki/","seo-reviews","cultivar_passport","photo","","https://stroy-podskazka.ru/klubnika/sorta/cunaki/","external_published_reader_accounts"
"чем опрыскивать клубнику во время цветения","51","60","Умеренная","https://malinaklubnika.ru/zhurnal/obrabotka-klubniki-i-maliny-po-sezonu/","section-2","editorial_answer","","","",""
"клубника шарлотта описание сорта","50","46","Умеренная","https://malinaklubnika.ru/sorta/strawberry-charlotte/","seo-opisanie","cultivar_passport","","https://dachaotzyv.ru/klubnika-sharlotta/","https://dachaotzyv.ru/klubnika-sharlotta/","external_published_reader_accounts"
"малина амира описание сорта","50","47","Умеренная","https://malinaklubnika.ru/sorta/raspberry-amira/","seo-opisanie","cultivar_passport","","","",""
"ремонтантная клубника сорта с фото и описанием","50","96","Умеренная","https://malinaklubnika.ru/zhurnal/remontantnaya-klubnika/","section-3","editorial_answer","","","",""
"сорта клубники для ленинградской области лучшие с фото и описанием","50","103","Умеренная","https://malinaklubnika.ru/zhurnal/kak-vybrat-sort-klubniki/","section-1","editorial_answer","","","",""
"флорида бьюти клубника описание сорта","50","40","Умеренная","https://malinaklubnika.ru/sorta/strawberry-florida-beauty/","seo-opisanie","cultivar_passport","","","",""
"хоней клубника описание сорта","50","38","Умеренная","https://malinaklubnika.ru/sorta/honey/","seo-opisanie","cultivar_passport","","https://commons.wikimedia.org/wiki/File:Fragaria_ananassa_Honeoye_2023-05-31_6638.jpg","https://dachaotzyv.ru/klubnika-honej/","external_published_reader_accounts"
"клубника тоскана описание сорта","49","48","Умеренная","https://malinaklubnika.ru/sorta/strawberry-toscana/","seo-opisanie","cultivar_passport","","","",""
"конек горбунок малина купить","49","74","Умеренная","https://malinaklubnika.ru/sorta/raspberry-konek-gorbunok/","seo-opisanie","cultivar_passport","","","",""
"лучшие сорта малины для средней полосы","49","86","Умеренная","https://malinaklubnika.ru/zhurnal/sorta-maliny-dlya-podmoskovya-kak-vybrat/","section-1","editorial_answer","","","",""
"малина желтый гигант описание сорта фото отзывы особенности выращивания","49","74","Умеренная","https://malinaklubnika.ru/sorta/zheltyy-gigant/","otzyvy","cultivar_passport","","https://agroecoinfo.ru/STATYI/2022/5/st_525.pdf#page=5","https://7dach.ru/Tatka-Veta/malina-zheltyy-gigant-samaya-sladkaya-230032.html; https://dachaotzyv.ru/malina-zheltyj-gigant/","grower_diary; external_published_reader_accounts"
"клубника елизавета 2 описание сорта фото отзывы","48","52","Умеренная","https://malinaklubnika.ru/sorta/elizaveta-2/","seo-reviews","cultivar_passport","","https://7dach.ru/gala1753/korolevskaya-yagoda-1886.html","https://7dach.ru/gala1753/korolevskaya-yagoda-1886.html","grower_diary"
"лучшие ремонтантные сорта клубники","48","81","Умеренная","https://malinaklubnika.ru/zhurnal/remontantnaya-klubnika/","section-3","editorial_answer","","","",""
"априка клубника описание сорта","47","42","Умеренная","https://malinaklubnika.ru/sorta/aprika/","seo-opisanie","cultivar_passport","","https://pmc.ncbi.nlm.nih.gov/articles/PMC11125040/","",""
"клубника уход весной после зимы подкормка и обработка от вредителей и болезней","47","63","Умеренная","https://malinaklubnika.ru/zhurnal/vrediteli-klubniki-kak-razlichit/","section-4","editorial_answer","","","",""
"лучшие сорта малины для сибири","47","82","Умеренная","https://malinaklubnika.ru/zhurnal/sorta-maliny-dlya-podmoskovya-kak-vybrat/","section-1","editorial_answer","","","",""
"альба клубника описание сорта фото отзывы садоводов","46","49","Умеренная","https://malinaklubnika.ru/sorta/alba/","otzyvy","cultivar_passport","","https://horticulturejournal.usamv.ro/pdf/2024/issue_1/Art2.pdf#page=3","https://dachaotzyv.ru/klubnika-alba/","external_published_reader_accounts"
"клубника альба описание сорта фото","46","52","Умеренная","https://malinaklubnika.ru/sorta/alba/","seo-photo","cultivar_passport","","https://horticulturejournal.usamv.ro/pdf/2024/issue_1/Art2.pdf#page=3","https://dachaotzyv.ru/klubnika-alba/","external_published_reader_accounts"
"клубника гигантский деликатес описание сорта","46","46","Умеренная","https://malinaklubnika.ru/sorta/strawberry-giant-delicacy-trade/","seo-opisanie","cultivar_passport","","","",""
"клубника зенга-зенгана описание сорта фото","46","49","Умеренная","https://malinaklubnika.ru/sorta/strawberry-zenga-zengana-trial/","seo-photo","cultivar_passport","photo","","",""
"краса россии малина описание сорта","46","46","Умеренная","https://malinaklubnika.ru/sorta/krasa-rossii/","seo-opisanie","cultivar_passport","","https://dachaotzyv.ru/malina-krasa-rossii/","https://dachaotzyv.ru/malina-krasa-rossii/","external_published_reader_accounts"
"малина московский гигант описание сорта","46","49","Умеренная","https://malinaklubnika.ru/sorta/moskovskiy-gigant/","seo-opisanie","cultivar_passport","","","https://dachaotzyv.ru/malina-moskovskij-gigant/","external_published_reader_accounts"
"посадка малины осенью как правильно когда сажать","46","65","Умеренная","https://malinaklubnika.ru/zhurnal/osennyaya-posadka-maliny-sroki-i-podgotovka/","section-1","editorial_answer","","","",""
"клубника априка описание сорта фото","45","43","Умеренная","https://malinaklubnika.ru/sorta/aprika/","seo-photo","cultivar_passport","","https://pmc.ncbi.nlm.nih.gov/articles/PMC11125040/","",""
"клубника виктория описание","45","40","Умеренная","https://malinaklubnika.ru/sorta/strawberry-victoria/","seo-opisanie","cultivar_passport","","https://dachaotzyv.ru/klubnika-viktoriya/","https://dachaotzyv.ru/klubnika-viktoriya/","external_published_reader_accounts"
"клубника кент описание сорта","45","39","Умеренная","https://malinaklubnika.ru/sorta/strawberry-kent/","seo-opisanie","cultivar_passport","","https://dachaotzyv.ru/klubnika-kent/","https://dachaotzyv.ru/klubnika-kent/","external_published_reader_accounts"
"клубника мурано описание сорта фото отзывы садоводов","45","58","Умеренная","https://malinaklubnika.ru/sorta/murano/","otzyvy","cultivar_passport","","https://commons.wikimedia.org/wiki/File:Fraises_Murano_en_Dordogne.jpg","https://7dach.ru/NatalyaAfonchenko/leto-2024-iyun-314014.html; https://dachaotzyv.ru/klubnika-murano/","grower_diary; external_published_reader_accounts"
"клубника рубиновый кулон описание сорта","45","44","Умеренная","https://malinaklubnika.ru/sorta/strawberry-ruby-pendant/","seo-opisanie","cultivar_passport","","https://dachaotzyv.ru/klubnika-rubinovyj-kulon/","https://dachaotzyv.ru/klubnika-rubinovyj-kulon/","external_published_reader_accounts"
"клубника царица описание","45","39","Умеренная","https://malinaklubnika.ru/sorta/tsaritsa/","seo-opisanie","cultivar_passport","","https://jbiochemtech.com/storage/models/article/bMUh1GtjLrbMv0U5GbVt14NkkfQ2frw7KZS6iVW7Iv1VKS7RXJ6GRMwbz9KS/garden-strawberry-varieties-of-the-all-russian-horticultural-institute-for-breeding-agrotechnology.pdf#page=4","https://dachaotzyv.ru/klubnika-carica/","external_published_reader_accounts"
"малина мапема описание сорта","45","40","Умеренная","https://malinaklubnika.ru/sorta/raspberry-mapema/","seo-opisanie","cultivar_passport","","https://www.advancedplants.nl/wp-content/uploads/2018/01/Mapema-1.jpg","",""
"малина московский гигант описание сорта фото отзывы","45","61","Умеренная","https://malinaklubnika.ru/sorta/moskovskiy-gigant/","seo-reviews","cultivar_passport","photo","","https://dachaotzyv.ru/malina-moskovskij-gigant/","external_published_reader_accounts"
"оранжевое чудо малина описание сорта","45","34","Умеренная","https://malinaklubnika.ru/sorta/oranzhevoe-chudo/","seo-opisanie","cultivar_passport","","https://7dach.ru/gosha_popov_66/oranzhevoe-chudo_29-216211.html","https://dachaotzyv.ru/malina-oranzhevoe-chudo/","external_published_reader_accounts"
"как правильно сажать малину осенью в открытый грунт саженцами","44","47","Умеренная","https://malinaklubnika.ru/zhurnal/osennyaya-posadka-maliny-sroki-i-podgotovka/","section-1","editorial_answer","","","",""
"клубника скала описание сорта","44","45","Умеренная","https://malinaklubnika.ru/sorta/strawberry-scala-trade/","seo-opisanie","cultivar_passport","","","",""
"малина гусар описание сорта фото","44","47","Умеренная","https://malinaklubnika.ru/sorta/gusar/","seo-photo","cultivar_passport","","https://7dach.ru/KatyaK/gusar-krupnaya-sladkaya-malina-moego-sada-228819.html","https://7dach.ru/KatyaK/gusar-krupnaya-sladkaya-malina-moego-sada-228819.html; https://dachaotzyv.ru/malina-gusar/","grower_diary; external_published_reader_accounts"
"ремонтантные сорта клубники с фотографиями и описанием","44","70","Умеренная","https://malinaklubnika.ru/zhurnal/remontantnaya-klubnika/","section-3","editorial_answer","","","",""
"самые вкусные сорта клубники","44","69","Умеренная","https://malinaklubnika.ru/zhurnal/kak-vybrat-sort-klubniki/","section-1","editorial_answer","","","",""
"сорт клубники мальвина фото и описание","44","48","Умеренная","https://malinaklubnika.ru/sorta/malvina/","seo-photo","cultivar_passport","","https://pmc.ncbi.nlm.nih.gov/articles/PMC11125040/#suppl_1","https://dachaotzyv.ru/klubnika-malvina/","external_published_reader_accounts"
"малина геракл описание сорта фото отзывы особенности выращивания","43","55","Умеренная","https://malinaklubnika.ru/sorta/gerakl/","otzyvy","cultivar_passport","","https://biosel.elpub.ru/jour/article/download/116/115#page=9","https://dachaotzyv.ru/malina-gerakl/","external_published_reader_accounts"
"малина карамелька описание сорта фото","43","48","Умеренная","https://malinaklubnika.ru/sorta/karamelka/","seo-photo","cultivar_passport","","https://7dach.ru/user_7878_SveKle/malina-karamelka-kto-vyraschivaet-podelites-vpechatleniyami-296146.html","https://7dach.ru/user_7878_SveKle/malina-karamelka-kto-vyraschivaet-podelites-vpechatleniyami-296146.html; https://dachaotzyv.ru/malina-karamelka/","grower_diary; external_published_reader_accounts"
"обработка клубники весной от болезней и вредителей и подкормка","43","64","Умеренная","https://malinaklubnika.ru/zhurnal/vrediteli-klubniki-kak-razlichit/","section-4","editorial_answer","","","",""
"болезни малины и борьба с ними с фото как выглядят листья","42","87","Умеренная","https://malinaklubnika.ru/zhurnal/bolezni-i-vrediteli-maliny-priznaki/","section-5","editorial_answer","","","",""
"как садить малину весной правильно","42","35","Умеренная","https://malinaklubnika.ru/zhurnal/uhod-za-malinoi-vesnoi-posle-zimy/","section-1","editorial_answer","","","",""
"клубника кимберли описание сорта фото урожайность","42","50","Умеренная","https://malinaklubnika.ru/sorta/kimberli/","seo-photo","cultivar_passport","","https://openbiotechnologyjournal.com/contents/volumes/V20/e18740707455704/e18740707455704.pdf#page=5","https://dachaotzyv.ru/klubnika-kimberli/","external_published_reader_accounts"
"клубника машенька описание сорта фото отзывы","42","55","Умеренная","https://malinaklubnika.ru/sorta/mashenka/","seo-reviews","cultivar_passport","","https://dachaotzyv.ru/klubnika-mashenka/","https://dachaotzyv.ru/klubnika-mashenka/","external_published_reader_accounts"
"клубника первоклассница","42","30","Умеренная","https://malinaklubnika.ru/sorta/strawberry-pervoklassnitsa/","seo-opisanie","cultivar_passport","","","",""
"клубника полка описание сорта фото отзывы","42","64","Умеренная","https://malinaklubnika.ru/sorta/strawberry-polka/","seo-reviews","cultivar_passport","","https://dachaotzyv.ru/klubnika-polka/","https://dachaotzyv.ru/klubnika-polka/","external_published_reader_accounts"
"малина богатырь описание сорта","42","44","Умеренная","https://malinaklubnika.ru/sorta/raspberry-bogatyr-trade/","seo-opisanie","cultivar_passport","","","",""
"малина полька описание","42","42","Умеренная","https://malinaklubnika.ru/sorta/polka/","seo-opisanie","cultivar_passport","","https://pmc.ncbi.nlm.nih.gov/articles/PMC10673471/#metabolites-13-01124-f001","https://dachaotzyv.ru/malina-polka/","external_published_reader_accounts"
"маравила малина описание сорта фото","42","31","Умеренная","https://malinaklubnika.ru/sorta/maravilla/","seo-photo","cultivar_passport","","https://patents.google.com/patent/USPP14804P2/en","https://dachaotzyv.ru/malina-maravilla/","external_published_reader_accounts"
"ремонтантная клубника лучшие сорта","42","62","Умеренная","https://malinaklubnika.ru/zhurnal/remontantnaya-klubnika/","section-3","editorial_answer","","","",""
"чем обработать малину после сбора урожая от болезней и вредителей","42","42","Умеренная","https://malinaklubnika.ru/zhurnal/bolezni-i-vrediteli-maliny-priznaki/","section-5","editorial_answer","","","",""
"гусар малина описание","41","37","Умеренная","https://malinaklubnika.ru/sorta/gusar/","seo-opisanie","cultivar_passport","","https://7dach.ru/KatyaK/gusar-krupnaya-sladkaya-malina-moego-sada-228819.html","https://7dach.ru/KatyaK/gusar-krupnaya-sladkaya-malina-moego-sada-228819.html; https://dachaotzyv.ru/malina-gusar/","grower_diary; external_published_reader_accounts"
"кабрилло клубника описание сорта","41","31","Умеренная","https://malinaklubnika.ru/sorta/cabrillo/","seo-opisanie","cultivar_passport","","https://pmc.ncbi.nlm.nih.gov/articles/PMC8728004/","https://klubnika24.ru/obsuzhdenie-sorta-klubniki-kabrillo","external_published_reader_accounts"
"какой сорт клубники самый сладкий","41","36","Умеренная","https://malinaklubnika.ru/zhurnal/kak-vybrat-sort-klubniki/","section-1","editorial_answer","","","",""
"карамелька малина описание сорта","41","39","Умеренная","https://malinaklubnika.ru/sorta/karamelka/","seo-opisanie","cultivar_passport","","https://7dach.ru/user_7878_SveKle/malina-karamelka-kto-vyraschivaet-podelites-vpechatleniyami-296146.html","https://7dach.ru/user_7878_SveKle/malina-karamelka-kto-vyraschivaet-podelites-vpechatleniyami-296146.html; https://dachaotzyv.ru/malina-karamelka/","grower_diary; external_published_reader_accounts"
"клубника зенга-зенгана описание сорта","41","37","Умеренная","https://malinaklubnika.ru/sorta/strawberry-zenga-zengana-trial/","seo-opisanie","cultivar_passport","","","",""
"клубника ламбада описание сорта","41","39","Умеренная","https://malinaklubnika.ru/sorta/strawberry-lambada/","seo-opisanie","cultivar_passport","","","",""
"клубника фурор описание сорта","41","34","Умеренная","https://malinaklubnika.ru/sorta/strawberry-furore/","seo-opisanie","cultivar_passport","","https://dachaotzyv.ru/klubnika-furor/","https://dachaotzyv.ru/klubnika-furor/","external_published_reader_accounts"
"малина самохвал описание сорта фото отзывы садоводов урожайность","41","52","Умеренная","https://malinaklubnika.ru/sorta/samohval/","otzyvy","cultivar_passport","photo; gardener_reviews","","",""
"малина соколица описание","41","35","Умеренная","https://malinaklubnika.ru/sorta/raspberry-sokolica/","seo-opisanie","cultivar_passport","","https://dachaotzyv.ru/malina-sokolica/","https://dachaotzyv.ru/malina-sokolica/","external_published_reader_accounts"
"сорта малины для сибири","41","61","Умеренная","https://malinaklubnika.ru/zhurnal/sorta-maliny-dlya-podmoskovya-kak-vybrat/","section-1","editorial_answer","","","",""
"чем обработать клубнику в мае","41","40","Умеренная","https://malinaklubnika.ru/zhurnal/obrabotka-klubniki-i-maliny-po-sezonu/","section-2","editorial_answer","","","",""
"чем удобрить малину при посадке весной","41","33","Умеренная","https://malinaklubnika.ru/zhurnal/uhod-za-malinoi-vesnoi-posle-zimy/","section-1","editorial_answer","","","",""
"клубника сан андреас описание сорта фото отзывы садоводов урожайность","40","55","Умеренная","https://malinaklubnika.ru/sorta/san-andreas/","seo-reviews","cultivar_passport","","https://active.inspection.gc.ca/english/plaveg/pbrpov/cropreport/str/app00010197e.shtml","https://dachaotzyv.ru/klubnika-san-andreas/","external_published_reader_accounts"
"лорд клубника описание сорта","40","43","Умеренная","https://malinaklubnika.ru/sorta/strawberry-lord/","seo-opisanie","cultivar_passport","","https://7dach.ru/Tanjeen/klubnichnyy-placdarm-nachalo-s-prodolzheniem-266576.html","https://7dach.ru/Tanjeen/klubnichnyy-placdarm-nachalo-s-prodolzheniem-266576.html; https://dachaotzyv.ru/klubnika-lord/","grower_diary; external_published_reader_accounts"
"лучшие сорта клубники для подмосковья для открытого грунта крупноплодные сладкие","40","72","Умеренная","https://malinaklubnika.ru/zhurnal/kak-vybrat-sort-klubniki/","section-1","editorial_answer","","","",""
"малина джоан джей описание сорта фото отзывы садоводов","40","52","Умеренная","https://malinaklubnika.ru/sorta/raspberry-joan-j/","seo-reviews","cultivar_passport","gardener_reviews","https://patents.google.com/patent/USPP18954P3/en","",""
"малина маравила описание сорта","40","31","Умеренная","https://malinaklubnika.ru/sorta/maravilla/","seo-opisanie","cultivar_passport","","https://patents.google.com/patent/USPP14804P2/en","https://dachaotzyv.ru/malina-maravilla/","external_published_reader_accounts"
"малиновое дерево крепыш описание сорта фото отзывы","40","48","Умеренная","https://malinaklubnika.ru/sorta/malina-krepysh/","seo-reviews","cultivar_passport","","https://7dach.ru/SvetikOdessa/malinovoe-derevo_2-72683.html","https://dachaotzyv.ru/malina-krepysh/","external_published_reader_accounts"
"сан андреас клубника описание сорта","39","31","Умеренная","https://malinaklubnika.ru/sorta/san-andreas/","seo-opisanie","cultivar_passport","","https://active.inspection.gc.ca/english/plaveg/pbrpov/cropreport/str/app00010197e.shtml","https://dachaotzyv.ru/klubnika-san-andreas/","external_published_reader_accounts"
"чем обработать клубнику во время цветения от вредителей и болезней","39","58","Умеренная","https://malinaklubnika.ru/zhurnal/vrediteli-klubniki-kak-razlichit/","section-4","editorial_answer","","","",""
"клубника азия описание сорта фото отзывы садоводов урожайность характеристика и описание","38","54","Умеренная","https://malinaklubnika.ru/sorta/aziya/","otzyvy","cultivar_passport","","https://horticulturejournal.usamv.ro/pdf/2024/issue_1/Art2.pdf#page=3","https://7dach.ru/Roselin/klubnika-aziya-moi-vpechatleniya-pervyy-opyt-302706.html; https://dachaotzyv.ru/klubnika-aziya/","grower_diary; external_published_reader_accounts"
"лучшие сорта малины для средней полосы для открытого грунта","38","83","Умеренная","https://malinaklubnika.ru/zhurnal/sorta-maliny-dlya-podmoskovya-kak-vybrat/","section-1","editorial_answer","","","",""
"малина бабье лето описание сорта","38","30","Умеренная","https://malinaklubnika.ru/sorta/raspberry-babye-leto/","seo-opisanie","cultivar_passport","","https://dachaotzyv.ru/malina-babe-leto/","https://dachaotzyv.ru/malina-babe-leto/","external_published_reader_accounts"
"малина блэк джевел описание сорта","38","38","Умеренная","https://malinaklubnika.ru/sorta/raspberry-black-jewel/","seo-opisanie","cultivar_passport","","","",""
"малина маравилла описание сорта фото","38","37","Умеренная","https://malinaklubnika.ru/sorta/maravilla/","seo-photo","cultivar_passport","","https://patents.google.com/patent/USPP14804P2/en","https://dachaotzyv.ru/malina-maravilla/","external_published_reader_accounts"
"чем обработать землю перед посадкой клубники","38","48","Умеренная","https://malinaklubnika.ru/zhurnal/posadka-klubniki/","section-1","editorial_answer","","","",""
"клубника мара де буа описание сорта","37","35","Умеренная","https://malinaklubnika.ru/sorta/strawberry-mara-des-bois/","seo-opisanie","cultivar_passport","","","",""
"лучшие сорта клубники для средней полосы для открытого грунта крупноплодные","37","61","Умеренная","https://malinaklubnika.ru/zhurnal/kak-vybrat-sort-klubniki/","section-1","editorial_answer","","","",""
"малина энросадира описание сорта фото отзывы садоводов","37","46","Умеренная","https://malinaklubnika.ru/sorta/raspberry-enrosadira/","seo-reviews","cultivar_passport","gardener_reviews","https://patentimages.storage.googleapis.com/24/cb/3a/c3d2d1cc563536/US20140317798P1.pdf#page=2","",""
"посадка малины весной в открытый","37","33","Умеренная","https://malinaklubnika.ru/zhurnal/uhod-za-malinoi-vesnoi-posle-zimy/","section-1","editorial_answer","","","",""
"болезни малины описание с фотографиями и способы лечения и профилактики весной и летом","36","70","Умеренная","https://malinaklubnika.ru/zhurnal/bolezni-i-vrediteli-maliny-priznaki/","section-5","editorial_answer","","","",""
"клубника вима ксима описание сорта","36","35","Умеренная","https://malinaklubnika.ru/sorta/strawberry-vima-xima/","seo-opisanie","cultivar_passport","","","",""
"клубника кимберли описание сорта фото отзывы садоводов урожайность","36","47","Умеренная","https://malinaklubnika.ru/sorta/kimberli/","otzyvy","cultivar_passport","","https://openbiotechnologyjournal.com/contents/volumes/V20/e18740707455704/e18740707455704.pdf#page=5","https://dachaotzyv.ru/klubnika-kimberli/","external_published_reader_accounts"
"клубника сорта с фото и описанием","36","63","Умеренная","https://malinaklubnika.ru/sorta/klubnika/","catalog","catalog_comparison","","","",""
"клубника флорида бьюти описание сорта","36","33","Умеренная","https://malinaklubnika.ru/sorta/strawberry-florida-beauty/","seo-opisanie","cultivar_passport","","","",""
"клубника чамора туруси описание сорта фото","36","35","Умеренная","https://malinaklubnika.ru/sorta/strawberry-chamora-turusi/","seo-photo","cultivar_passport","","https://dachaotzyv.ru/klubnika-chamora-turusi/","https://dachaotzyv.ru/klubnika-chamora-turusi/","external_published_reader_accounts"
"малина атлант описание","36","33","Умеренная","https://malinaklubnika.ru/sorta/atlant/","seo-opisanie","cultivar_passport","","https://commons.wikimedia.org/wiki/File:%D0%9C%D0%B0%D0%BB%D0%B8%D0%BD%D0%B0_%D0%B0%D1%82%D0%BB%D0%B0%D0%BD%D1%82.jpg","https://dachaotzyv.ru/malina-atlant/","external_published_reader_accounts"
"малина брянское диво описание сорта фото отзывы","36","38","Умеренная","https://malinaklubnika.ru/sorta/bryanskoe-divo/","otzyvy","cultivar_passport","","https://biosel.elpub.ru/jour/article/download/116/115#page=9","https://dachaotzyv.ru/malina-bryanskoe-divo/","external_published_reader_accounts"
"малина лячка описание сорта фото отзывы садоводов","36","44","Умеренная","https://malinaklubnika.ru/sorta/lyachka/","otzyvy","cultivar_passport","","https://dachaotzyv.ru/malina-lyachka/","https://dachaotzyv.ru/malina-lyachka/","external_published_reader_accounts"
"малина маргарита описание сорта","36","34","Умеренная","https://malinaklubnika.ru/sorta/raspberry-margarita-trade/","seo-opisanie","cultivar_passport","","","",""
"малиновое дерево сказка описание","36","33","Умеренная","https://malinaklubnika.ru/sorta/malina-skazka/","seo-opisanie","cultivar_passport","","https://dachaotzyv.ru/malina-skazka/","https://dachaotzyv.ru/malina-skazka/","external_published_reader_accounts"
"посадка малины осенью в открытый грунт саженцами на юге","36","38","Умеренная","https://malinaklubnika.ru/zhurnal/osennyaya-posadka-maliny-sroki-i-podgotovka/","section-1","editorial_answer","","","",""
"самые хорошие сорта клубники с фото","36","43","Умеренная","https://malinaklubnika.ru/zhurnal/kak-vybrat-sort-klubniki/","section-1","editorial_answer","","","",""
"сорта клубники для подмосковья лучшие для открытого грунта самые сладкие","36","62","Умеренная","https://malinaklubnika.ru/zhurnal/kak-vybrat-sort-klubniki/","section-1","editorial_answer","","","",""
"как правильно сажать малину осенью","35","28","Умеренная","https://malinaklubnika.ru/zhurnal/osennyaya-posadka-maliny-sroki-i-podgotovka/","section-1","editorial_answer","","","",""
"кимберли клубника описание сорта фото отзывы садоводов","35","44","Умеренная","https://malinaklubnika.ru/sorta/kimberli/","otzyvy","cultivar_passport","","https://openbiotechnologyjournal.com/contents/volumes/V20/e18740707455704/e18740707455704.pdf#page=5","https://dachaotzyv.ru/klubnika-kimberli/","external_published_reader_accounts"
"клубника купчиха описание сорта фото отзывы садоводов","35","42","Умеренная","https://malinaklubnika.ru/sorta/kupchikha/","seo-reviews","cultivar_passport","","https://7dach.ru/bajenovasveta/zemklunika-kupchiha_2-224899.html","https://7dach.ru/bajenovasveta/zemklunika-kupchiha_2-224899.html; https://dachaotzyv.ru/klubnika-kupchiha/","grower_diary; external_published_reader_accounts"
"клубника слоненок описание сорта","35","31","Умеренная","https://malinaklubnika.ru/sorta/strawberry-slonenok/","seo-opisanie","cultivar_passport","","","",""
"клубника фейт описание сорта","35","40","Умеренная","https://malinaklubnika.ru/sorta/strawberry-faith/","seo-opisanie","cultivar_passport","","","",""
"лучшие сорта клубники для ленинградской области для открытого грунта","35","69","Умеренная","https://malinaklubnika.ru/zhurnal/kak-vybrat-sort-klubniki/","section-1","editorial_answer","","","",""
"малина вайолет описание сорта фото отзывы садоводов урожайность","35","57","Умеренная","https://malinaklubnika.ru/sorta/raspberry-vajolet/","seo-reviews","cultivar_passport","photo; gardener_reviews","","",""
"малина васена описание сорта","35","39","Умеренная","https://malinaklubnika.ru/sorta/raspberry-vasena/","seo-opisanie","cultivar_passport","","","",""
"малина исполин описание сорта","35","43","Умеренная","https://malinaklubnika.ru/sorta/raspberry-ispolin/","seo-opisanie","cultivar_passport","","","",""
"осенняя посадка малины","35","46","Умеренная","https://malinaklubnika.ru/zhurnal/osennyaya-posadka-maliny-sroki-i-podgotovka/","section-1","editorial_answer","","","",""
"тайская малина фото","35","32","Умеренная","https://malinaklubnika.ru/zhurnal/tibetskaya-malina-kakoe-rastenie/","section-5","editorial_answer","","","",""
"вайолет малина описание сорта","34","33","Умеренная","https://malinaklubnika.ru/sorta/raspberry-vajolet/","seo-opisanie","cultivar_passport","","","",""
"как сажать малину правильно","34","25","Умеренная","https://malinaklubnika.ru/zhurnal/posadka-maliny/","section-1","editorial_answer","","","",""
"клубника для подмосковья лучшие сорта","34","59","Умеренная","https://malinaklubnika.ru/sorta/klubnika/regiony/","region-3","regional_admissions_and_trials","","","",""
"клубника кама описание сорта","34","31","Умеренная","https://malinaklubnika.ru/sorta/strawberry-kama/","seo-opisanie","cultivar_passport","","https://dachaotzyv.ru/klubnika-kama/","https://dachaotzyv.ru/klubnika-kama/","external_published_reader_accounts"
"клубника лакомка описание сорта","34","35","Умеренная","https://malinaklubnika.ru/sorta/strawberry-lakomka-vir/","seo-opisanie","cultivar_passport","","","",""
"клубника чили описание сорта фото отзывы","34","69","Умеренная","https://malinaklubnika.ru/sorta/strawberry-chile-species/","seo-reviews","cultivar_passport","photo; gardener_reviews","","",""
"патриция малина","34","23","Умеренная","https://malinaklubnika.ru/sorta/patritsiya/","seo-opisanie","cultivar_passport","","https://dachaotzyv.ru/malina-patriciya/","https://dachaotzyv.ru/malina-patriciya/","external_published_reader_accounts"
"посадка малины осенью в открытый грунт как правильно","34","37","Умеренная","https://malinaklubnika.ru/zhurnal/osennyaya-posadka-maliny-sroki-i-podgotovka/","section-1","editorial_answer","","","",""
"рубиновый кулон клубника описание","34","37","Умеренная","https://malinaklubnika.ru/sorta/strawberry-ruby-pendant/","seo-opisanie","cultivar_passport","","https://dachaotzyv.ru/klubnika-rubinovyj-kulon/","https://dachaotzyv.ru/klubnika-rubinovyj-kulon/","external_published_reader_accounts"
"румба клубника описание","34","22","Умеренная","https://malinaklubnika.ru/sorta/rumba/","seo-opisanie","cultivar_passport","","https://pmc.ncbi.nlm.nih.gov/articles/PMC10305725/","https://dachaotzyv.ru/klubnika-rumba/","external_published_reader_accounts"
"что положить в лунку при посадке малины осенью","34","32","Умеренная","https://malinaklubnika.ru/zhurnal/osennyaya-posadka-maliny-sroki-i-podgotovka/","section-1","editorial_answer","","","",""
"штамбовая малина что это такое","34","22","Умеренная","https://malinaklubnika.ru/zhurnal/uhod-za-malinoi-v-techenie-sezona/","section-5","editorial_answer","","","",""
"клубника сальса описание сорта","33","32","Умеренная","https://malinaklubnika.ru/sorta/strawberry-salsa/","seo-opisanie","cultivar_passport","","https://dachaotzyv.ru/klubnika-salsa/","https://dachaotzyv.ru/klubnika-salsa/","external_published_reader_accounts"
"когда осенью сажать малину","33","23","Умеренная","https://malinaklubnika.ru/zhurnal/osennyaya-posadka-maliny-sroki-i-podgotovka/","section-1","editorial_answer","","","",""
"малина шапка мономаха описание сорта фото отзывы садоводов урожайность","33","42","Умеренная","https://malinaklubnika.ru/sorta/raspberry-shapka-monomaha/","seo-reviews","cultivar_passport","photo","","https://dachaotzyv.ru/malina-shapka-monomaha/","external_published_reader_accounts"
"на листьях клубники красные пятна что это за болезнь и как лечить","33","40","Умеренная","https://malinaklubnika.ru/zhurnal/bolezni-klubniki-priznaki-i-proverka/","section-2","editorial_answer","","","",""
"полана малина описание","33","30","Умеренная","https://malinaklubnika.ru/sorta/polana/","seo-opisanie","cultivar_passport","","https://commons.wikimedia.org/wiki/File:Polana-malina.jpg","https://dachaotzyv.ru/malina-polana/","external_published_reader_accounts"
"сорта малины с фотографиями и описанием","33","55","Умеренная","https://malinaklubnika.ru/zhurnal/sorta-maliny-dlya-podmoskovya-kak-vybrat/","section-1","editorial_answer","","","",""
"азия клубника описание сорта фото отзывы садоводов","32","38","Умеренная","https://malinaklubnika.ru/sorta/aziya/","otzyvy","cultivar_passport","","https://horticulturejournal.usamv.ro/pdf/2024/issue_1/Art2.pdf#page=3","https://7dach.ru/Roselin/klubnika-aziya-moi-vpechatleniya-pervyy-opyt-302706.html; https://dachaotzyv.ru/klubnika-aziya/","grower_diary; external_published_reader_accounts"
"клубника богема описание сорта","32","33","Умеренная","https://malinaklubnika.ru/sorta/strawberry-bogema/","seo-opisanie","cultivar_passport","","","",""
"клубника даренка описание сорта","32","29","Умеренная","https://malinaklubnika.ru/sorta/darenka/","seo-opisanie","cultivar_passport","","https://www.agronauka-sv.ru/jour/article/view/1761","",""
"клубника мармелада описание сорта фото отзывы","32","36","Умеренная","https://malinaklubnika.ru/sorta/strawberry-marmolada/","seo-reviews","cultivar_passport","","https://dachaotzyv.ru/klubnika-marmelada/","https://dachaotzyv.ru/klubnika-marmelada/","external_published_reader_accounts"
"клубника мице шиндлер описание сорта","32","30","Умеренная","https://malinaklubnika.ru/sorta/michurin-schar-char/","seo-opisanie","cultivar_passport","","","",""
"малина беглянка описание сорта","32","28","Умеренная","https://malinaklubnika.ru/sorta/beglyanka/","seo-opisanie","cultivar_passport","","https://dachaotzyv.ru/malina-beglyanka/","https://dachaotzyv.ru/malina-beglyanka/","external_published_reader_accounts"
"малина гусар описание сорта фото отзывы садоводов","32","45","Умеренная","https://malinaklubnika.ru/sorta/gusar/","otzyvy","cultivar_passport","","https://7dach.ru/KatyaK/gusar-krupnaya-sladkaya-malina-moego-sada-228819.html","https://7dach.ru/KatyaK/gusar-krupnaya-sladkaya-malina-moego-sada-228819.html; https://dachaotzyv.ru/malina-gusar/","grower_diary; external_published_reader_accounts"
"малина как сажать и ухаживать","32","26","Умеренная","https://malinaklubnika.ru/zhurnal/posadka-maliny/","section-2","editorial_answer","","","",""
"посадка малины весной в открытый грунт саженцами расстояние между саженцами","32","31","Умеренная","https://malinaklubnika.ru/zhurnal/rasstoyanie-posadki-maliny-i-pervyi-urozhai/","section-1","editorial_answer","","","",""
"самые лучшие сорта клубники","32","47","Умеренная","https://malinaklubnika.ru/zhurnal/kak-vybrat-sort-klubniki/","section-1","editorial_answer","","","",""
"виктория азия описание сорта фото отзывы","31","36","Умеренная","https://malinaklubnika.ru/sorta/strawberry-victoria/","seo-reviews","cultivar_passport","","https://dachaotzyv.ru/klubnika-viktoriya/","https://dachaotzyv.ru/klubnika-viktoriya/","external_published_reader_accounts"
"желтый гигант малина описание сорта","31","29","Умеренная","https://malinaklubnika.ru/sorta/zheltyy-gigant/","seo-opisanie","cultivar_passport","","https://agroecoinfo.ru/STATYI/2022/5/st_525.pdf#page=5","https://7dach.ru/Tatka-Veta/malina-zheltyy-gigant-samaya-sladkaya-230032.html; https://dachaotzyv.ru/malina-zheltyj-gigant/","grower_diary; external_published_reader_accounts"
"когда сажать малину весной","31","15","Умеренная","https://malinaklubnika.ru/zhurnal/uhod-za-malinoi-vesnoi-posle-zimy/","section-1","editorial_answer","","","",""
"малина атлант описание сорта фото отзывы","31","38","Умеренная","https://malinaklubnika.ru/sorta/atlant/","otzyvy","cultivar_passport","","https://commons.wikimedia.org/wiki/File:%D0%9C%D0%B0%D0%BB%D0%B8%D0%BD%D0%B0_%D0%B0%D1%82%D0%BB%D0%B0%D0%BD%D1%82.jpg","https://dachaotzyv.ru/malina-atlant/","external_published_reader_accounts"
"малина болезни и лечение","31","45","Умеренная","https://malinaklubnika.ru/zhurnal/bolezni-i-vrediteli-maliny-priznaki/","section-5","editorial_answer","","","",""
"малина кумберленд описание сорта","31","33","Умеренная","https://malinaklubnika.ru/sorta/raspberry-cumberland/","seo-opisanie","cultivar_passport","","","",""
"малина награда описание сорта","31","31","Умеренная","https://malinaklubnika.ru/sorta/raspberry-nagrada/","seo-opisanie","cultivar_passport","","","",""
"малина химбо-топ описание сорта фото","31","30","Умеренная","https://malinaklubnika.ru/sorta/raspberry-himbo-top/","seo-photo","cultivar_passport","photo","","",""
"сладкие сорта клубники для средней полосы","31","57","Умеренная","https://malinaklubnika.ru/zhurnal/kak-vybrat-sort-klubniki/","section-1","editorial_answer","","","",""
"сорт мурано клубника описание","31","21","Умеренная","https://malinaklubnika.ru/sorta/murano/","seo-opisanie","cultivar_passport","","https://commons.wikimedia.org/wiki/File:Fraises_Murano_en_Dordogne.jpg","https://7dach.ru/NatalyaAfonchenko/leto-2024-iyun-314014.html; https://dachaotzyv.ru/klubnika-murano/","grower_diary; external_published_reader_accounts"
"сорта малины для ленинградской области","31","44","Умеренная","https://malinaklubnika.ru/zhurnal/sorta-maliny-dlya-podmoskovya-kak-vybrat/","section-1","editorial_answer","","","",""
"хорус для клубники весной от каких болезней","31","37","Умеренная","https://malinaklubnika.ru/zhurnal/bolezni-klubniki-priznaki-i-proverka/","section-1","editorial_answer","","","",""
"клубника гармония описание сорта","30","24","Умеренная","https://malinaklubnika.ru/sorta/strawberry-harmonie/","seo-opisanie","cultivar_passport","","","",""
"клубника клери фото","30","24","Умеренная","https://malinaklubnika.ru/sorta/kleri/","seo-photo","cultivar_passport","","https://commons.wikimedia.org/wiki/File:Clery_Gartenerdbeere.JPG","https://dachaotzyv.ru/klubnika-kleri/","external_published_reader_accounts"
"клубника сельва описание сорта","30","26","Умеренная","https://malinaklubnika.ru/sorta/strawberry-selva-uc/","seo-opisanie","cultivar_passport","","https://dachaotzyv.ru/klubnika-selva/","https://dachaotzyv.ru/klubnika-selva/","external_published_reader_accounts"
"лучшие сорта малины для сибири крупные сладкие","30","55","Умеренная","https://malinaklubnika.ru/zhurnal/sorta-maliny-dlya-podmoskovya-kak-vybrat/","section-1","editorial_answer","","","",""
"малина джорджия описание сорта","30","36","Умеренная","https://malinaklubnika.ru/sorta/raspberry-georgia/","seo-opisanie","cultivar_passport","","https://patents.google.com/patent/USPP19430P3/en","",""
"малина крепыш описание сорта фото отзывы","30","38","Умеренная","https://malinaklubnika.ru/sorta/malina-krepysh/","seo-reviews","cultivar_passport","","https://7dach.ru/SvetikOdessa/malinovoe-derevo_2-72683.html","https://dachaotzyv.ru/malina-krepysh/","external_published_reader_accounts"
"малина полана описание сорта фото отзывы","30","35","Умеренная","https://malinaklubnika.ru/sorta/polana/","otzyvy","cultivar_passport","","https://commons.wikimedia.org/wiki/File:Polana-malina.jpg","https://dachaotzyv.ru/malina-polana/","external_published_reader_accounts"
"малина посадка","30","22","Умеренная","https://malinaklubnika.ru/zhurnal/posadka-maliny/","section-1","editorial_answer","","","",""
"малина татьяна описание сорта","30","29","Умеренная","https://malinaklubnika.ru/sorta/raspberry-tatyana/","seo-opisanie","cultivar_passport","","","",""
"самые сладкие сорта клубники для подмосковья","30","48","Умеренная","https://malinaklubnika.ru/zhurnal/kak-vybrat-sort-klubniki/","section-1","editorial_answer","","","",""
"сорта клубники с фотографиями и названиями","30","47","Умеренная","https://malinaklubnika.ru/zhurnal/kak-vybrat-sort-klubniki/","section-1","editorial_answer","","","",""
"тайская малина фото описание","30","34","Умеренная","https://malinaklubnika.ru/zhurnal/tibetskaya-malina-kakoe-rastenie/","section-5","editorial_answer","","","",""
"где лучше сажать малину","29","12","Умеренная","https://malinaklubnika.ru/zhurnal/posadka-maliny/","section-1","editorial_answer","","","",""
"как правильно посадить малину весной в открытый грунт","29","33","Умеренная","https://malinaklubnika.ru/zhurnal/uhod-za-malinoi-vesnoi-posle-zimy/","section-1","editorial_answer","","","",""
"клубника монтерей описание сорта","29","29","Умеренная","https://malinaklubnika.ru/sorta/strawberry-monterey-uc/","seo-opisanie","cultivar_passport","","","",""
"клубника тоскана описание сорта фото отзывы садоводов","29","41","Умеренная","https://malinaklubnika.ru/sorta/strawberry-toscana/","seo-reviews","cultivar_passport","photo; gardener_reviews","","",""
"клубника цунаки описание сорта фото","29","36","Умеренная","https://malinaklubnika.ru/sorta/tsunaki/","seo-photo","cultivar_passport","photo","","https://stroy-podskazka.ru/klubnika/sorta/cunaki/","external_published_reader_accounts"
"краса россии малина описание сорта фото отзывы","29","33","Умеренная","https://malinaklubnika.ru/sorta/krasa-rossii/","otzyvy","cultivar_passport","","https://dachaotzyv.ru/malina-krasa-rossii/","https://dachaotzyv.ru/malina-krasa-rossii/","external_published_reader_accounts"
"лучшие сорта клубники для нижегородской области для открытого грунта","29","50","Умеренная","https://malinaklubnika.ru/zhurnal/kak-vybrat-sort-klubniki/","section-1","editorial_answer","","","",""
"лучшие сорта клубники для ростовской области","29","49","Умеренная","https://malinaklubnika.ru/zhurnal/kak-vybrat-sort-klubniki/","section-1","editorial_answer","","","",""
"лучшие сорта малины для урала","29","57","Умеренная","https://malinaklubnika.ru/zhurnal/sorta-maliny-dlya-podmoskovya-kak-vybrat/","section-1","editorial_answer","","","",""
"лячка малина описание","29","22","Умеренная","https://malinaklubnika.ru/sorta/lyachka/","seo-opisanie","cultivar_passport","","https://dachaotzyv.ru/malina-lyachka/","https://dachaotzyv.ru/malina-lyachka/","external_published_reader_accounts"
"малина гусария описание сорта фото отзывы садоводов","29","45","Умеренная","https://malinaklubnika.ru/sorta/raspberry-husaria/","seo-reviews","cultivar_passport","photo; gardener_reviews","","",""
"малина конек горбунок описание сорта фото отзывы","29","32","Умеренная","https://malinaklubnika.ru/sorta/raspberry-konek-gorbunok/","seo-reviews","cultivar_passport","photo; gardener_reviews","","",""
"малина малиновая гряда описание сорта","29","34","Умеренная","https://malinaklubnika.ru/sorta/raspberry-malinovaya-gryada/","seo-opisanie","cultivar_passport","","","",""
"малина нижегородец описание сорта","29","28","Умеренная","https://malinaklubnika.ru/sorta/raspberry-nizhegorodets/","seo-opisanie","cultivar_passport","","https://dachaotzyv.ru/malina-nizhegorodec/","https://dachaotzyv.ru/malina-nizhegorodec/","external_published_reader_accounts"
"малина самохвал описание сорта фото отзывы","29","36","Умеренная","https://malinaklubnika.ru/sorta/samohval/","otzyvy","cultivar_passport","photo; gardener_reviews","","",""
"малина сказка описание сорта фото","29","34","Умеренная","https://malinaklubnika.ru/sorta/malina-skazka/","seo-photo","cultivar_passport","","https://dachaotzyv.ru/malina-skazka/","https://dachaotzyv.ru/malina-skazka/","external_published_reader_accounts"
"малина херитейдж описание сорта","29","27","Умеренная","https://malinaklubnika.ru/sorta/heritage/","seo-opisanie","cultivar_passport","","https://www.flickr.com/photos/graibeard/3220923545/","https://dachaotzyv.ru/malina-heritejdzh/","external_published_reader_accounts"
"малина шапка мономаха описание сорта фото отзывы","29","34","Умеренная","https://malinaklubnika.ru/sorta/raspberry-shapka-monomaha/","seo-reviews","cultivar_passport","photo","","https://dachaotzyv.ru/malina-shapka-monomaha/","external_published_reader_accounts"
"патриция малина описание сорта","29","26","Умеренная","https://malinaklubnika.ru/sorta/patritsiya/","seo-opisanie","cultivar_passport","","https://dachaotzyv.ru/malina-patriciya/","https://dachaotzyv.ru/malina-patriciya/","external_published_reader_accounts"
"посадка ремонтантной малины осенью в открытый грунт","29","51","Умеренная","https://malinaklubnika.ru/zhurnal/osennyaya-posadka-maliny-sroki-i-podgotovka/","section-1","editorial_answer","","","",""
"посадка ремонтантный малины весной в холодную погоду","29","29","Умеренная","https://malinaklubnika.ru/zhurnal/uhod-za-malinoi-vesnoi-posle-zimy/","section-1","editorial_answer","","","",""
"самые урожайные сорта клубники","29","51","Умеренная","https://malinaklubnika.ru/zhurnal/kak-vybrat-sort-klubniki/","section-1","editorial_answer","","","",""
"херитейдж малина описание сорта","29","30","Умеренная","https://malinaklubnika.ru/sorta/heritage/","seo-opisanie","cultivar_passport","","https://www.flickr.com/photos/graibeard/3220923545/","https://dachaotzyv.ru/malina-heritejdzh/","external_published_reader_accounts"
"штамбовая малина что это такое фото и описание","29","25","Умеренная","https://malinaklubnika.ru/zhurnal/malinovoe-derevo-tarusa/","section-1","editorial_answer","","","",""
"клубника виктория описание сорта фото отзывы садоводов урожайность","28","42","Умеренная","https://malinaklubnika.ru/sorta/strawberry-victoria/","seo-reviews","cultivar_passport","","https://dachaotzyv.ru/klubnika-viktoriya/","https://dachaotzyv.ru/klubnika-viktoriya/","external_published_reader_accounts"
"клубника зефир описание сорта фото отзывы","28","35","Умеренная","https://malinaklubnika.ru/sorta/zephyr/","seo-reviews","cultivar_passport","","https://dachaotzyv.ru/klubnika-zefir/","https://dachaotzyv.ru/klubnika-zefir/","external_published_reader_accounts"
"клубника королева елизавета 2 описание сорта","28","29","Умеренная","https://malinaklubnika.ru/sorta/strawberry-queen-elizabeth/","seo-opisanie","cultivar_passport","","https://dachaotzyv.ru/klubnika-koroleva-elizaveta/","https://dachaotzyv.ru/klubnika-koroleva-elizaveta/","external_published_reader_accounts"
"кумберленд малина описание","28","21","Умеренная","https://malinaklubnika.ru/sorta/raspberry-cumberland/","seo-opisanie","cultivar_passport","","","",""
"малина маджестик описание сорта","28","33","Умеренная","https://malinaklubnika.ru/sorta/raspberry-majestic/","seo-opisanie","cultivar_passport","","","",""
"новость кузьмина малина описание сорта","28","26","Умеренная","https://malinaklubnika.ru/sorta/raspberry-novost-kuzmina/","seo-opisanie","cultivar_passport","","https://7dach.ru/Eleko/10-luchshih-sortov-maliny-kotorye-rekomenduyut-dachniki-272274.html","",""
"поздние сорта клубники для подмосковья","28","38","Умеренная","https://malinaklubnika.ru/zhurnal/kak-vybrat-sort-klubniki/","section-1","editorial_answer","","","",""
"популярные сорта клубники","28","40","Умеренная","https://malinaklubnika.ru/zhurnal/kak-vybrat-sort-klubniki/","section-1","editorial_answer","","","",""
"посадка ремонтантной малины осенью","28","44","Умеренная","https://malinaklubnika.ru/zhurnal/osennyaya-posadka-maliny-sroki-i-podgotovka/","section-1","editorial_answer","","","",""
"тибетская малина что это за ягода","28","21","Умеренная","https://malinaklubnika.ru/zhurnal/tibetskaya-malina-kakoe-rastenie/","section-1","editorial_answer","","","",""
"альбион клубника описание сорта фото","27","26","Умеренная","https://malinaklubnika.ru/sorta/albion/","seo-photo","cultivar_passport","","https://pmc.ncbi.nlm.nih.gov/articles/PMC8909511/#foods-11-00640-f001","https://7dach.ru/Bernata/klubnika-albion-avantyurnaya-ideya-uvenchavshayasya-uspehom-291485.html; https://7dach.ru/xena1505/sadovaya-zemlyanika-vne-sezona-4089.html; https://dachaotzyv.ru/klubnika-albion/","grower_diary; external_published_reader_accounts"
"виктория купчиха описание сорта","27","22","Умеренная","https://malinaklubnika.ru/sorta/strawberry-victoria/","seo-opisanie","cultivar_passport","","https://dachaotzyv.ru/klubnika-viktoriya/","https://dachaotzyv.ru/klubnika-viktoriya/","external_published_reader_accounts"
"где сажать малину на садовом участке","27","21","Умеренная","https://malinaklubnika.ru/zhurnal/posadka-maliny/","section-1","editorial_answer","","","",""
"исполин малина описание сорта фото отзывы","27","25","Умеренная","https://malinaklubnika.ru/sorta/raspberry-ispolin/","seo-reviews","cultivar_passport","photo; gardener_reviews","","",""
"клубника искушение описание сорта","27","30","Умеренная","https://malinaklubnika.ru/sorta/strawberry-temptation-syngenta/","seo-opisanie","cultivar_passport","","https://dachaotzyv.ru/klubnika-iskushenie/","https://dachaotzyv.ru/klubnika-iskushenie/","external_published_reader_accounts"
"клубника крапо описание сорта","27","25","Умеренная","https://malinaklubnika.ru/sorta/strawberry-krapo-generic/","seo-opisanie","cultivar_passport","","","",""
"клубника эльвира","27","25","Умеренная","https://malinaklubnika.ru/sorta/strawberry-elvira-trade/","seo-opisanie","cultivar_passport","","https://dachaotzyv.ru/klubnika-elvira/","https://dachaotzyv.ru/klubnika-elvira/","external_published_reader_accounts"
"когда сажать малину весной в открытый грунт","27","15","Умеренная","https://malinaklubnika.ru/zhurnal/uhod-za-malinoi-vesnoi-posle-zimy/","section-1","editorial_answer","","","",""
"лучшие сорта ремонтантной клубники для подмосковья","27","50","Умеренная","https://malinaklubnika.ru/zhurnal/remontantnaya-klubnika/","section-3","editorial_answer","","","",""
"малина делнива описание сорта","27","30","Умеренная","https://malinaklubnika.ru/sorta/raspberry-delniwa/","seo-opisanie","cultivar_passport","","https://en.niwabrzezna.pl/wp-content/uploads/2023/03/Delniwa.s-300x225-1.webp","",""
"малина красная гвардия описание сорта фото отзывы","27","39","Умеренная","https://malinaklubnika.ru/sorta/raspberry-krasnaya-gvardiya/","seo-reviews","cultivar_passport","","https://dachaotzyv.ru/malina-krasnaya-gvardiya/","https://dachaotzyv.ru/malina-krasnaya-gvardiya/","external_published_reader_accounts"
"малина полана описание","27","24","Умеренная","https://malinaklubnika.ru/sorta/polana/","seo-opisanie","cultivar_passport","","https://commons.wikimedia.org/wiki/File:Polana-malina.jpg","https://dachaotzyv.ru/malina-polana/","external_published_reader_accounts"
"малина таганка описание сорта фото отзывы","27","30","Умеренная","https://malinaklubnika.ru/sorta/taganka/","seo-reviews","cultivar_passport","","https://dachaotzyv.ru/malina-taganka/","https://dachaotzyv.ru/malina-taganka/","external_published_reader_accounts"
"мурано клубника описание сорта фото отзывы","27","30","Умеренная","https://malinaklubnika.ru/sorta/murano/","otzyvy","cultivar_passport","","https://commons.wikimedia.org/wiki/File:Fraises_Murano_en_Dordogne.jpg","https://7dach.ru/NatalyaAfonchenko/leto-2024-iyun-314014.html; https://dachaotzyv.ru/klubnika-murano/","grower_diary; external_published_reader_accounts"
"посадка малины осенью когда и как","27","28","Умеренная","https://malinaklubnika.ru/zhurnal/osennyaya-posadka-maliny-sroki-i-podgotovka/","section-1","editorial_answer","","","",""
"посадка ремонтантной малины осенью в открытый грунт саженцами","27","37","Умеренная","https://malinaklubnika.ru/zhurnal/osennyaya-posadka-maliny-sroki-i-podgotovka/","section-1","editorial_answer","","","",""
"сорт клери клубника описание","27","19","Умеренная","https://malinaklubnika.ru/sorta/kleri/","seo-opisanie","cultivar_passport","","https://commons.wikimedia.org/wiki/File:Clery_Gartenerdbeere.JPG","https://dachaotzyv.ru/klubnika-kleri/","external_published_reader_accounts"
"сорт малины маравилла фото и описание","27","19","Умеренная","https://malinaklubnika.ru/sorta/maravilla/","seo-photo","cultivar_passport","","https://patents.google.com/patent/USPP14804P2/en","https://dachaotzyv.ru/malina-maravilla/","external_published_reader_accounts"
"фестивальная клубника описание сорта фото","27","26","Умеренная","https://malinaklubnika.ru/sorta/festivalnaya/","seo-photo","cultivar_passport","","https://biosel.elpub.ru/jour/article/download/143/139#page=4","https://7dach.ru/panytany/klubnika-festivalnaya-vkus-detstva-133037.html; https://dachaotzyv.ru/klubnika-festivalnaya/","grower_diary; external_published_reader_accounts"
"земляника хоней описание сорта","26","22","Умеренная","https://malinaklubnika.ru/sorta/honey/","seo-opisanie","cultivar_passport","","https://commons.wikimedia.org/wiki/File:Fragaria_ananassa_Honeoye_2023-05-31_6638.jpg","https://dachaotzyv.ru/klubnika-honej/","external_published_reader_accounts"
"клубника вента","26","24","Умеренная","https://malinaklubnika.ru/sorta/strawberry-venta/","seo-opisanie","cultivar_passport","","","",""
"клубника вима занта описание сорта","26","21","Умеренная","https://malinaklubnika.ru/sorta/strawberry-vima-zanta/","seo-opisanie","cultivar_passport","","https://dachaotzyv.ru/klubnika-vima-zanta/","https://dachaotzyv.ru/klubnika-vima-zanta/","external_published_reader_accounts"
"клубника кабрилло описание сорта фото","26","29","Умеренная","https://malinaklubnika.ru/sorta/cabrillo/","seo-photo","cultivar_passport","","https://pmc.ncbi.nlm.nih.gov/articles/PMC8728004/","https://klubnika24.ru/obsuzhdenie-sorta-klubniki-kabrillo","external_published_reader_accounts"
"клубника кардинал описание сорта","26","22","Умеренная","https://malinaklubnika.ru/sorta/strawberry-cardinal-arkansas/","seo-opisanie","cultivar_passport","","","",""
"клубника кимберли описание сорта фото отзывы","26","27","Умеренная","https://malinaklubnika.ru/sorta/kimberli/","otzyvy","cultivar_passport","","https://openbiotechnologyjournal.com/contents/volumes/V20/e18740707455704/e18740707455704.pdf#page=5","https://dachaotzyv.ru/klubnika-kimberli/","external_published_reader_accounts"
"клубника королева елизавета описание сорта фото отзывы садоводов","26","39","Умеренная","https://malinaklubnika.ru/sorta/strawberry-queen-elizabeth/","seo-reviews","cultivar_passport","","https://dachaotzyv.ru/klubnika-koroleva-elizaveta/","https://dachaotzyv.ru/klubnika-koroleva-elizaveta/","external_published_reader_accounts"
"клубника ремонтантная лучшие сорта для подмосковья отзывы","26","41","Умеренная","https://malinaklubnika.ru/sorta/klubnika/regiony/","region-3","regional_admissions_and_trials","","","",""
"клубника сенсация описание сорта фото","26","34","Умеренная","https://malinaklubnika.ru/sorta/strawberry-sonsation/","seo-photo","cultivar_passport","","https://flevoberry.nl/wp-content/uploads/2026/09/Sonsation-duo-2400_1600-1024x683-1.jpg","https://7dach.ru/Tangeya/bez-leta-dachniku-ne-zhit-s-iyunem-nadobno-druzhit-zhdem-rasskazov-ob-iyunskoy-pogode-327809.html?c=3; https://dachaotzyv.ru/klubnika-sensaciya/","grower_diary; external_published_reader_accounts"
"клубника фестивальная ромашка описание сорта","26","25","Умеренная","https://malinaklubnika.ru/sorta/strawberry-festivalnaya-romashka/","seo-opisanie","cultivar_passport","","","",""
"клубника хадемар описание сорта","26","27","Умеренная","https://malinaklubnika.ru/sorta/strawberry-hademar/","seo-opisanie","cultivar_passport","","","",""
"малина болезни","26","32","Умеренная","https://malinaklubnika.ru/zhurnal/bolezni-i-vrediteli-maliny-priznaki/","section-1","editorial_answer","","","",""
"малина изобильная описание сорта","26","26","Умеренная","https://malinaklubnika.ru/sorta/izobilnaya/","seo-opisanie","cultivar_passport","","https://dachaotzyv.ru/malina-izobilnaya/","https://dachaotzyv.ru/malina-izobilnaya/","external_published_reader_accounts"
"малина каскад делайт описание сорта","26","24","Умеренная","https://malinaklubnika.ru/sorta/raspberry-cascade-delight/","seo-opisanie","cultivar_passport","","https://dachaotzyv.ru/malina-kaskad-delajt/","https://dachaotzyv.ru/malina-kaskad-delajt/","external_published_reader_accounts"
"малина сказка описание сорта фото отзывы","26","37","Умеренная","https://malinaklubnika.ru/sorta/malina-skazka/","seo-reviews","cultivar_passport","","https://dachaotzyv.ru/malina-skazka/","https://dachaotzyv.ru/malina-skazka/","external_published_reader_accounts"
"малина терентий описание сорта","26","25","Умеренная","https://malinaklubnika.ru/sorta/raspberry-terentiy/","seo-opisanie","cultivar_passport","","https://dachaotzyv.ru/malina-terentij/","https://dachaotzyv.ru/malina-terentij/","external_published_reader_accounts"
"малиновая гряда малина описание сорта","26","28","Умеренная","https://malinaklubnika.ru/sorta/raspberry-malinovaya-gryada/","seo-opisanie","cultivar_passport","","","",""
"поклон казакову малина описание сорта","26","27","Умеренная","https://malinaklubnika.ru/sorta/poklon-kazakovu/","seo-opisanie","cultivar_passport","","https://ferma.expert/rasteniya/kustarniki/malina/poklon-kazakovu/","https://dachaotzyv.ru/malina-poklon-kazakovu/","external_published_reader_accounts"
"похвалинка малина описание","26","26","Умеренная","https://malinaklubnika.ru/sorta/pohvalinka/","seo-opisanie","cultivar_passport","","","",""
"почва для малины","26","16","Умеренная","https://malinaklubnika.ru/zhurnal/kakuyu-pochvu-vybrat-dlya-maliny/","section-1","editorial_answer","","","",""
"ранние сорта клубники для средней полосы","26","36","Умеренная","https://malinaklubnika.ru/zhurnal/kak-vybrat-sort-klubniki/","section-1","editorial_answer","","","",""
"самая сладкая клубника сорта","26","36","Умеренная","https://malinaklubnika.ru/sorta/klubnika/","vkus","catalog_comparison","","","",""
"самые сладкие сорта клубники для средней полосы","26","53","Умеренная","https://malinaklubnika.ru/zhurnal/kak-vybrat-sort-klubniki/","section-1","editorial_answer","","","",""
"сорта клубники для краснодарского края","26","31","Умеренная","https://malinaklubnika.ru/zhurnal/kak-vybrat-sort-klubniki/","section-1","editorial_answer","","","",""
"хоней клубника описание сорта фото отзывы садоводов","26","34","Умеренная","https://malinaklubnika.ru/sorta/honey/","otzyvy","cultivar_passport","","https://commons.wikimedia.org/wiki/File:Fragaria_ananassa_Honeoye_2023-05-31_6638.jpg","https://dachaotzyv.ru/klubnika-honej/","external_published_reader_accounts"
"хорошие сорта клубники","26","33","Умеренная","https://malinaklubnika.ru/zhurnal/kak-vybrat-sort-klubniki/","section-1","editorial_answer","","","",""
"черный лебедь клубника описание сорта и отзывы","26","36","Умеренная","https://malinaklubnika.ru/sorta/strawberry-black-swan/","seo-reviews","cultivar_passport","gardener_reviews","","",""
"какой самый вкусный сорт клубники","25","35","Умеренная","https://malinaklubnika.ru/zhurnal/kak-vybrat-sort-klubniki/","section-1","editorial_answer","","","",""
"китайская малина фото и описание отзывы садоводов","25","30","Умеренная","https://malinaklubnika.ru/zhurnal/tibetskaya-malina-kakoe-rastenie/","section-5","editorial_answer","","","",""
"клубника джоли описание сорта фото отзывы садоводов урожайность характеристика и описание","25","33","Умеренная","https://malinaklubnika.ru/sorta/dzholi/","otzyvy","cultivar_passport","","https://patents.google.com/patent/USPP23126P3/en","https://dachaotzyv.ru/klubnika-dzholi/","external_published_reader_accounts"
"клубника кабрило описание сорта","25","21","Умеренная","https://malinaklubnika.ru/sorta/cabrillo/","seo-opisanie","cultivar_passport","","https://pmc.ncbi.nlm.nih.gov/articles/PMC8728004/","https://klubnika24.ru/obsuzhdenie-sorta-klubniki-kabrillo","external_published_reader_accounts"
"клубника купчиха фото и описание сорта","25","27","Умеренная","https://malinaklubnika.ru/sorta/kupchikha/","seo-photo","cultivar_passport","","https://7dach.ru/bajenovasveta/zemklunika-kupchiha_2-224899.html","https://7dach.ru/bajenovasveta/zemklunika-kupchiha_2-224899.html; https://dachaotzyv.ru/klubnika-kupchiha/","grower_diary; external_published_reader_accounts"
"клубника первоклассница описание сорта","25","29","Умеренная","https://malinaklubnika.ru/sorta/strawberry-pervoklassnitsa/","seo-opisanie","cultivar_passport","","","",""
"клубника уход весной после зимы подкормка и обработка","25","31","Умеренная","https://malinaklubnika.ru/zhurnal/uhod-za-klubnikoi-vesnoi-posle-zimy/","section-1","editorial_answer","","","",""
"клубника фестивальная описание сорта фото отзывы садоводов","25","26","Умеренная","https://malinaklubnika.ru/sorta/festivalnaya/","otzyvy","cultivar_passport","","https://biosel.elpub.ru/jour/article/download/143/139#page=4","https://7dach.ru/panytany/klubnika-festivalnaya-vkus-detstva-133037.html; https://dachaotzyv.ru/klubnika-festivalnaya/","grower_diary; external_published_reader_accounts"
"лучшие сорта клубники для вологодской области","25","42","Умеренная","https://malinaklubnika.ru/zhurnal/kak-vybrat-sort-klubniki/","section-1","editorial_answer","","","",""
"малина бригантина","25","14","Умеренная","https://malinaklubnika.ru/sorta/raspberry-brigantina/","seo-opisanie","cultivar_passport","","","",""
"малина гигант московский описание сорта фото отзывы садоводов урожайность характеристика","25","39","Умеренная","https://malinaklubnika.ru/sorta/moskovskiy-gigant/","seo-reviews","cultivar_passport","photo","","https://dachaotzyv.ru/malina-moskovskij-gigant/","external_published_reader_accounts"
"малина глен кое описание сорта","25","27","Умеренная","https://malinaklubnika.ru/sorta/raspberry-glen-coe/","seo-opisanie","cultivar_passport","","","",""
"малина золотые купола описание сорта","25","23","Умеренная","https://malinaklubnika.ru/sorta/zolotye-kupola/","seo-opisanie","cultivar_passport","","https://dachaotzyv.ru/malina-zolotye-kupola/","https://dachaotzyv.ru/malina-zolotye-kupola/","external_published_reader_accounts"
"малина пингвин описание сорта фото отзывы","25","30","Умеренная","https://malinaklubnika.ru/sorta/pingvin/","otzyvy","cultivar_passport","","https://dachaotzyv.ru/malina-pingvin/","https://dachaotzyv.ru/malina-pingvin/","external_published_reader_accounts"
"мальвина клубника описание сорта фото","25","28","Умеренная","https://malinaklubnika.ru/sorta/malvina/","seo-photo","cultivar_passport","","https://pmc.ncbi.nlm.nih.gov/articles/PMC11125040/#suppl_1","https://dachaotzyv.ru/klubnika-malvina/","external_published_reader_accounts"
"мурана сорт клубники описание","25","24","Умеренная","https://malinaklubnika.ru/sorta/murano/","seo-opisanie","cultivar_passport","","https://commons.wikimedia.org/wiki/File:Fraises_Murano_en_Dordogne.jpg","https://7dach.ru/NatalyaAfonchenko/leto-2024-iyun-314014.html; https://dachaotzyv.ru/klubnika-murano/","grower_diary; external_published_reader_accounts"
"самый вкусный сорт клубники","25","23","Умеренная","https://malinaklubnika.ru/zhurnal/kak-vybrat-sort-klubniki/","section-1","editorial_answer","","","",""
"сорта малины для ленинградской области с фото и описанием","25","46","Умеренная","https://malinaklubnika.ru/zhurnal/sorta-maliny-dlya-podmoskovya-kak-vybrat/","section-1","editorial_answer","","","",""
"сорта малины с фотографиями","25","37","Умеренная","https://malinaklubnika.ru/zhurnal/sorta-maliny-dlya-podmoskovya-kak-vybrat/","section-1","editorial_answer","","","",""
"через какое расстояние сажать малину между собой","25","32","Умеренная","https://malinaklubnika.ru/zhurnal/rasstoyanie-posadki-maliny-i-pervyi-urozhai/","section-1","editorial_answer","","","",""
"джоли клубника описание сорта","24","22","Умеренная","https://malinaklubnika.ru/sorta/dzholi/","seo-opisanie","cultivar_passport","","https://patents.google.com/patent/USPP23126P3/en","https://dachaotzyv.ru/klubnika-dzholi/","external_published_reader_accounts"
"как выглядит малиновое дерево","24","26","Умеренная","https://malinaklubnika.ru/zhurnal/malinovoe-derevo-tarusa/","section-1","editorial_answer","","","",""
"клубника бычье сердце описание сорта фото отзывы садоводов урожайность","24","36","Умеренная","https://malinaklubnika.ru/sorta/strawberry-oxheart-trade-name/","seo-reviews","cultivar_passport","photo; gardener_reviews","","",""
"клубника гигант джорнея описание сорта фото отзывы садоводов","24","35","Умеренная","https://malinaklubnika.ru/sorta/strawberry-giant-jorney-trade/","seo-reviews","cultivar_passport","photo; gardener_reviews","","",""
"клубника лорд описание сорта фото","24","27","Умеренная","https://malinaklubnika.ru/sorta/strawberry-lord/","seo-photo","cultivar_passport","","https://7dach.ru/Tanjeen/klubnichnyy-placdarm-nachalo-s-prodolzheniem-266576.html","https://7dach.ru/Tanjeen/klubnichnyy-placdarm-nachalo-s-prodolzheniem-266576.html; https://dachaotzyv.ru/klubnika-lord/","grower_diary; external_published_reader_accounts"
"клубника марышка описание сорта","24","26","Умеренная","https://malinaklubnika.ru/sorta/strawberry-maryshka/","seo-opisanie","cultivar_passport","","","",""
"клубника сорт клери описание и фото","24","26","Умеренная","https://malinaklubnika.ru/sorta/kleri/","seo-photo","cultivar_passport","","https://commons.wikimedia.org/wiki/File:Clery_Gartenerdbeere.JPG","https://dachaotzyv.ru/klubnika-kleri/","external_published_reader_accounts"
"лия сахарная клубника описание сорта","24","26","Умеренная","https://malinaklubnika.ru/sorta/strawberry-sugar-lia/","seo-opisanie","cultivar_passport","","","",""
"малина атлант описание сорта фото отзывы садоводов урожайность характеристика и описание сорта","24","34","Умеренная","https://malinaklubnika.ru/sorta/atlant/","otzyvy","cultivar_passport","","https://commons.wikimedia.org/wiki/File:%D0%9C%D0%B0%D0%BB%D0%B8%D0%BD%D0%B0_%D0%B0%D1%82%D0%BB%D0%B0%D0%BD%D1%82.jpg","https://dachaotzyv.ru/malina-atlant/","external_published_reader_accounts"
"малина брусвяна описание сорта","24","26","Умеренная","https://malinaklubnika.ru/sorta/raspberry-brusviana/","seo-opisanie","cultivar_passport","","https://dachaotzyv.ru/malina-brusvyana/","https://dachaotzyv.ru/malina-brusvyana/","external_published_reader_accounts"
"малина крепыш описание сорта фото отзывы садоводов","24","37","Умеренная","https://malinaklubnika.ru/sorta/malina-krepysh/","seo-reviews","cultivar_passport","","https://7dach.ru/SvetikOdessa/malinovoe-derevo_2-72683.html","https://dachaotzyv.ru/malina-krepysh/","external_published_reader_accounts"
"описание сорт клубники мальвина описание фото","24","30","Умеренная","https://malinaklubnika.ru/sorta/malvina/","seo-photo","cultivar_passport","","https://pmc.ncbi.nlm.nih.gov/articles/PMC11125040/#suppl_1","https://dachaotzyv.ru/klubnika-malvina/","external_published_reader_accounts"
"сорта малины для урала","24","45","Умеренная","https://malinaklubnika.ru/zhurnal/sorta-maliny-dlya-podmoskovya-kak-vybrat/","section-1","editorial_answer","","","",""
"тибетская малина что это","24","17","Умеренная","https://malinaklubnika.ru/zhurnal/tibetskaya-malina-kakoe-rastenie/","section-1","editorial_answer","","","",""
"виктория лорд описание сорта фото отзывы","23","29","Умеренная","https://malinaklubnika.ru/sorta/strawberry-victoria/","seo-reviews","cultivar_passport","","https://dachaotzyv.ru/klubnika-viktoriya/","https://dachaotzyv.ru/klubnika-viktoriya/","external_published_reader_accounts"
"гигант джорнея клубника описание сорта","23","19","Умеренная","https://malinaklubnika.ru/sorta/strawberry-giant-jorney-trade/","seo-opisanie","cultivar_passport","","","",""
"какая клубника самая сладкая и крупная и урожайная","23","30","Умеренная","https://malinaklubnika.ru/sorta/klubnika/","urozhay","catalog_comparison","","","",""
"клубника ания описание сорта фото отзывы","23","35","Умеренная","https://malinaklubnika.ru/sorta/aniya/","otzyvy","cultivar_passport","gardener_reviews","https://patents.google.com/patent/USPP32221P3/en","",""
"клубника берегиня описание сорта","23","21","Умеренная","https://malinaklubnika.ru/sorta/bereginya/","seo-opisanie","cultivar_passport","","https://jbiochemtech.com/storage/models/article/bMUh1GtjLrbMv0U5GbVt14NkkfQ2frw7KZS6iVW7Iv1VKS7RXJ6GRMwbz9KS/garden-strawberry-varieties-of-the-all-russian-horticultural-institute-for-breeding-agrotechnology.pdf#page=5","https://dachaotzyv.ru/klubnika-bereginya/","external_published_reader_accounts"
"клубника джоли описание сорта фото","23","23","Умеренная","https://malinaklubnika.ru/sorta/dzholi/","seo-photo","cultivar_passport","","https://patents.google.com/patent/USPP23126P3/en","https://dachaotzyv.ru/klubnika-dzholi/","external_published_reader_accounts"
"клубника маригет описание сорта","23","24","Умеренная","https://malinaklubnika.ru/sorta/strawberry-mariguette/","seo-opisanie","cultivar_passport","","","",""
"клубника сирия описание сорта фото отзывы садоводов урожайность","23","39","Умеренная","https://malinaklubnika.ru/sorta/siriya/","otzyvy","cultivar_passport","gardener_reviews","https://www.meiosis.co.uk/fruit_types/syria/","",""
"клубника черный принц описание сорта фото отзывы садоводов","23","32","Умеренная","https://malinaklubnika.ru/sorta/black-prince-strawberry/","seo-reviews","cultivar_passport","","https://7dach.ru/28101959NaTa/klubnika-sorta-chernyy-princ-ochen-vkusnaya-yagoda-259932.html","https://7dach.ru/28101959NaTa/klubnika-sorta-chernyy-princ-ochen-vkusnaya-yagoda-259932.html; https://dachaotzyv.ru/klubnika-chernyj-princ/","grower_diary; external_published_reader_accounts"
"лималексия клубника описание","23","18","Умеренная","https://malinaklubnika.ru/sorta/strawberry-limalexia/","seo-opisanie","cultivar_passport","","","",""
"лучшие сорта клубники для беларуси","23","49","Умеренная","https://malinaklubnika.ru/zhurnal/kak-vybrat-sort-klubniki/","section-1","editorial_answer","","","",""
"лучшие сорта клубники для нижегородской области","23","37","Умеренная","https://malinaklubnika.ru/zhurnal/kak-vybrat-sort-klubniki/","section-1","editorial_answer","","","",""
"малина богатырь описание сорта фото отзывы садоводов","23","35","Умеренная","https://malinaklubnika.ru/sorta/raspberry-bogatyr-trade/","seo-reviews","cultivar_passport","photo; gardener_reviews","","",""
"малина для ленинградской области лучшие сорта","23","42","Умеренная","https://malinaklubnika.ru/sorta/malina/regiony/","region-2","regional_admissions_and_trials","","","",""
"малина конек горбунок описание сорта","23","23","Умеренная","https://malinaklubnika.ru/sorta/raspberry-konek-gorbunok/","seo-opisanie","cultivar_passport","","","",""
"малина пингвин описание сорта фото отзывы садоводов","23","35","Умеренная","https://malinaklubnika.ru/sorta/pingvin/","otzyvy","cultivar_passport","","https://dachaotzyv.ru/malina-pingvin/","https://dachaotzyv.ru/malina-pingvin/","external_published_reader_accounts"
"малина сластиха описание сорта","23","29","Умеренная","https://malinaklubnika.ru/sorta/raspberry-slastikha/","seo-opisanie","cultivar_passport","","","",""
"мальга клубника описание сорта фото отзывы садоводов","23","29","Умеренная","https://malinaklubnika.ru/sorta/malga/","otzyvy","cultivar_passport","gardener_reviews","https://patents.google.com/patent/USPP28310P3/en","",""
"на листьях клубники коричневые пятна что это за болезнь и как ее лечить","23","35","Умеренная","https://malinaklubnika.ru/zhurnal/bolezni-klubniki-priznaki-i-proverka/","section-2","editorial_answer","","","",""
"ремонтантная клубника описание сорта фото отзывы","23","30","Умеренная","https://malinaklubnika.ru/zhurnal/remontantnaya-klubnika/","section-3","editorial_answer","","","",""
"сирия клубника описание сорта фото","23","26","Умеренная","https://malinaklubnika.ru/sorta/siriya/","seo-photo","cultivar_passport","","https://www.meiosis.co.uk/fruit_types/syria/","",""
"сорт купчиха клубника описание","23","15","Умеренная","https://malinaklubnika.ru/sorta/kupchikha/","seo-opisanie","cultivar_passport","","https://7dach.ru/bajenovasveta/zemklunika-kupchiha_2-224899.html","https://7dach.ru/bajenovasveta/zemklunika-kupchiha_2-224899.html; https://dachaotzyv.ru/klubnika-kupchiha/","grower_diary; external_published_reader_accounts"
"сорта малины для ростовской области с фото и описанием","23","37","Умеренная","https://malinaklubnika.ru/zhurnal/sorta-maliny-dlya-podmoskovya-kak-vybrat/","section-1","editorial_answer","","","",""
"цунаки клубника описание сорта","23","23","Умеренная","https://malinaklubnika.ru/sorta/tsunaki/","seo-opisanie","cultivar_passport","","","https://stroy-podskazka.ru/klubnika/sorta/cunaki/","external_published_reader_accounts"
"болезни и вредители клубники","22","34","Умеренная","https://malinaklubnika.ru/zhurnal/vrediteli-klubniki-kak-razlichit/","section-1","editorial_answer","","","",""
"болезни малины описание","22","33","Умеренная","https://malinaklubnika.ru/zhurnal/bolezni-i-vrediteli-maliny-priznaki/","section-1","editorial_answer","","","",""
"болезни малины описание с фотографиями и способы","22","33","Умеренная","https://malinaklubnika.ru/zhurnal/bolezni-i-vrediteli-maliny-priznaki/","section-1","editorial_answer","","","",""
"виктория фестивальная описание сорта","22","18","Умеренная","https://malinaklubnika.ru/sorta/festivalnaya/","seo-opisanie","cultivar_passport","","https://biosel.elpub.ru/jour/article/download/143/139#page=4","https://7dach.ru/panytany/klubnika-festivalnaya-vkus-detstva-133037.html; https://dachaotzyv.ru/klubnika-festivalnaya/","grower_diary; external_published_reader_accounts"
"древовидная малина посадка и уход в открытом грунте","22","27","Умеренная","https://malinaklubnika.ru/zhurnal/posadka-maliny/","section-1","editorial_answer","","","",""
"клубника ами описание сорта","22","26","Умеренная","https://malinaklubnika.ru/sorta/strawberry-henry-hamburger-trade/","seo-opisanie","cultivar_passport","","","",""
"клубника генри описание сорта","22","23","Умеренная","https://malinaklubnika.ru/sorta/strawberry-henry-hamburger-trade/","seo-opisanie","cultivar_passport","","","",""
"клубника сорт мурано описание и фото","22","20","Умеренная","https://malinaklubnika.ru/sorta/murano/","seo-photo","cultivar_passport","","https://commons.wikimedia.org/wiki/File:Fraises_Murano_en_Dordogne.jpg","https://7dach.ru/NatalyaAfonchenko/leto-2024-iyun-314014.html; https://dachaotzyv.ru/klubnika-murano/","grower_diary; external_published_reader_accounts"
"лучшие сорта клубники для владимирской области","22","40","Умеренная","https://malinaklubnika.ru/zhurnal/kak-vybrat-sort-klubniki/","section-1","editorial_answer","","","",""
"лучшие сорта клубники для кировской области","22","31","Умеренная","https://malinaklubnika.ru/zhurnal/kak-vybrat-sort-klubniki/","section-1","editorial_answer","","","",""
"лучшие сорта клубники для татарстана для открытого грунта","22","37","Умеренная","https://malinaklubnika.ru/zhurnal/kak-vybrat-sort-klubniki/","section-1","editorial_answer","","","",""
"малина бабье лето описание сорта фото отзывы","22","28","Умеренная","https://malinaklubnika.ru/sorta/raspberry-babye-leto/","seo-reviews","cultivar_passport","","https://dachaotzyv.ru/malina-babe-leto/","https://dachaotzyv.ru/malina-babe-leto/","external_published_reader_accounts"
"малина колокольчик описание сорта","22","27","Умеренная","https://malinaklubnika.ru/sorta/raspberry-kolokolchik/","seo-opisanie","cultivar_passport","","https://dachaotzyv.ru/malina-kolokolchik/","https://dachaotzyv.ru/malina-kolokolchik/","external_published_reader_accounts"
"малина крепыш описание","22","26","Умеренная","https://malinaklubnika.ru/sorta/malina-krepysh/","seo-opisanie","cultivar_passport","","https://7dach.ru/SvetikOdessa/malinovoe-derevo_2-72683.html","https://dachaotzyv.ru/malina-krepysh/","external_published_reader_accounts"
"малина марсела описание сорта фото отзывы","22","28","Умеренная","https://malinaklubnika.ru/sorta/raspberry-marcela/","seo-reviews","cultivar_passport","gardener_reviews","https://patentimages.storage.googleapis.com/98/fd/af/95512455d5e5e2/US20070016986P1-20070118-D00001.png","",""
"малина московский гигант описание","22","23","Умеренная","https://malinaklubnika.ru/sorta/moskovskiy-gigant/","seo-opisanie","cultivar_passport","","","https://dachaotzyv.ru/malina-moskovskij-gigant/","external_published_reader_accounts"
"малина херитейдж описание сорта фото отзывы садоводов","22","32","Умеренная","https://malinaklubnika.ru/sorta/heritage/","otzyvy","cultivar_passport","","https://www.flickr.com/photos/graibeard/3220923545/","https://dachaotzyv.ru/malina-heritejdzh/","external_published_reader_accounts"
"нанди клубника описание сорта фото отзывы садоводов","22","32","Умеренная","https://malinaklubnika.ru/sorta/strawberry-nandi/","seo-reviews","cultivar_passport","photo; gardener_reviews","","",""
"рубиновый кулон клубника описание сорта","22","16","Умеренная","https://malinaklubnika.ru/sorta/strawberry-ruby-pendant/","seo-opisanie","cultivar_passport","","https://dachaotzyv.ru/klubnika-rubinovyj-kulon/","https://dachaotzyv.ru/klubnika-rubinovyj-kulon/","external_published_reader_accounts"
"сорт клубники априка фото и описание","22","20","Умеренная","https://malinaklubnika.ru/sorta/aprika/","seo-photo","cultivar_passport","","https://pmc.ncbi.nlm.nih.gov/articles/PMC11125040/","",""
"тибетская малина что это такое","22","18","Умеренная","https://malinaklubnika.ru/zhurnal/tibetskaya-malina-kakoe-rastenie/","section-1","editorial_answer","","","",""
"чем обработать клубнику осенью от вредителей и болезней после обрезки осенью","22","28","Умеренная","https://malinaklubnika.ru/zhurnal/vrediteli-klubniki-kak-razlichit/","section-4","editorial_answer","","","",""
"бычье сердце клубника описание сорта","21","26","Умеренная","https://malinaklubnika.ru/sorta/strawberry-oxheart-trade-name/","seo-opisanie","cultivar_passport","","","",""
"весенняя обработка малины от вредителей и болезней","21","36","Умеренная","https://malinaklubnika.ru/zhurnal/bolezni-i-vrediteli-maliny-priznaki/","section-5","editorial_answer","","","",""
"журавлик малина описание сорта фото отзывы","21","25","Умеренная","https://malinaklubnika.ru/sorta/zhuravlik/","otzyvy","cultivar_passport","","https://mossad24.ru/product/malina-zhuravlik/","https://dachaotzyv.ru/malina-zhuravlik/","external_published_reader_accounts"
"какой сорт малины лучше посадить в подмосковье","21","21","Умеренная","https://malinaklubnika.ru/zhurnal/posadka-maliny/","section-1","editorial_answer","","","",""
"клубника азия фото и описание сорта","21","25","Умеренная","https://malinaklubnika.ru/sorta/aziya/","seo-photo","cultivar_passport","","https://horticulturejournal.usamv.ro/pdf/2024/issue_1/Art2.pdf#page=3","https://7dach.ru/Roselin/klubnika-aziya-moi-vpechatleniya-pervyy-opyt-302706.html; https://dachaotzyv.ru/klubnika-aziya/","grower_diary; external_published_reader_accounts"
"клубника большая медведица описание сорта","21","25","Умеренная","https://malinaklubnika.ru/sorta/strawberry-big-dipper-trade/","seo-opisanie","cultivar_passport","","","",""
"клубника брина описание сорта","21","26","Умеренная","https://malinaklubnika.ru/sorta/strawberry-brina-coviro/","seo-opisanie","cultivar_passport","","","",""
"клубника остара описание сорта","21","20","Умеренная","https://malinaklubnika.ru/sorta/strawberry-ostara-trade/","seo-opisanie","cultivar_passport","","https://dachaotzyv.ru/klubnika-ostara/","https://dachaotzyv.ru/klubnika-ostara/","external_published_reader_accounts"
"клубника полка описание сорта фото отзывы садоводов урожайность","21","29","Умеренная","https://malinaklubnika.ru/sorta/strawberry-polka/","seo-reviews","cultivar_passport","","https://dachaotzyv.ru/klubnika-polka/","https://dachaotzyv.ru/klubnika-polka/","external_published_reader_accounts"
"клубника ремонтантная описание сорта фото отзывы","21","27","Умеренная","https://malinaklubnika.ru/sorta/klubnika/","tipy","catalog_comparison","","","",""
"клубника сорт азия описание","21","15","Умеренная","https://malinaklubnika.ru/sorta/aziya/","seo-opisanie","cultivar_passport","","https://horticulturejournal.usamv.ro/pdf/2024/issue_1/Art2.pdf#page=3","https://7dach.ru/Roselin/klubnika-aziya-moi-vpechatleniya-pervyy-opyt-302706.html; https://dachaotzyv.ru/klubnika-aziya/","grower_diary; external_published_reader_accounts"
"когда садить малину в сибири","21","12","Умеренная","https://malinaklubnika.ru/zhurnal/osennyaya-posadka-maliny-sroki-i-podgotovka/","section-1","editorial_answer","","","",""
"когда сажать малину в подмосковье лучше на дачном участке","21","14","Умеренная","https://malinaklubnika.ru/zhurnal/posadka-maliny/","section-1","editorial_answer","","","",""
"лучшие сорта клубники для ярославской области","21","35","Умеренная","https://malinaklubnika.ru/zhurnal/kak-vybrat-sort-klubniki/","section-1","editorial_answer","","","",""
"малина вольница описание сорта","21","21","Умеренная","https://malinaklubnika.ru/sorta/raspberry-volnitsa/","seo-opisanie","cultivar_passport","","","",""
"малина гусар описание сорта отзывы","21","33","Умеренная","https://malinaklubnika.ru/sorta/gusar/","otzyvy","cultivar_passport","","https://7dach.ru/KatyaK/gusar-krupnaya-sladkaya-malina-moego-sada-228819.html","https://7dach.ru/KatyaK/gusar-krupnaya-sladkaya-malina-moego-sada-228819.html; https://dachaotzyv.ru/malina-gusar/","grower_diary; external_published_reader_accounts"
"малина недосягаемая описание сорта","21","22","Умеренная","https://malinaklubnika.ru/sorta/raspberry-nedosyaemaya/","seo-opisanie","cultivar_passport","","","",""
"малина таганка описание","21","17","Умеренная","https://malinaklubnika.ru/sorta/taganka/","seo-opisanie","cultivar_passport","","https://dachaotzyv.ru/malina-taganka/","https://dachaotzyv.ru/malina-taganka/","external_published_reader_accounts"
"малина туламин описание сорта","21","21","Умеренная","https://malinaklubnika.ru/sorta/raspberry-tulameen/","seo-opisanie","cultivar_passport","","https://dachaotzyv.ru/malina-tulamin/","https://dachaotzyv.ru/malina-tulamin/","external_published_reader_accounts"
"малиновое дерево таруса описание сорта фото","21","22","Умеренная","https://malinaklubnika.ru/sorta/tarusa/","seo-photo","cultivar_passport","","https://7dach.ru/SvetikOdessa/malinovoe-derevo_2-72683.html","https://7dach.ru/SvetikOdessa/malinovoe-derevo_2-72683.html; https://dachaotzyv.ru/malina-tarusa/","grower_diary; external_published_reader_accounts"
"мурано клубника описание сорта фото отзывы садоводов","21","24","Умеренная","https://malinaklubnika.ru/sorta/murano/","otzyvy","cultivar_passport","","https://commons.wikimedia.org/wiki/File:Fraises_Murano_en_Dordogne.jpg","https://7dach.ru/NatalyaAfonchenko/leto-2024-iyun-314014.html; https://dachaotzyv.ru/klubnika-murano/","grower_diary; external_published_reader_accounts"
"ранние сорта клубники для краснодарского края","21","30","Умеренная","https://malinaklubnika.ru/zhurnal/kak-vybrat-sort-klubniki/","section-1","editorial_answer","","","",""
"самая сладкая клубника сорта отзывы","21","38","Умеренная","https://malinaklubnika.ru/sorta/klubnika/","vkus","catalog_comparison","","","",""
"сорт клубники азия описание","21","18","Умеренная","https://malinaklubnika.ru/sorta/aziya/","seo-opisanie","cultivar_passport","","https://horticulturejournal.usamv.ro/pdf/2024/issue_1/Art2.pdf#page=3","https://7dach.ru/Roselin/klubnika-aziya-moi-vpechatleniya-pervyy-opyt-302706.html; https://dachaotzyv.ru/klubnika-aziya/","grower_diary; external_published_reader_accounts"
"сорт клубники черный принц фото и описание","21","19","Умеренная","https://malinaklubnika.ru/sorta/black-prince-strawberry/","seo-photo","cultivar_passport","","https://7dach.ru/28101959NaTa/klubnika-sorta-chernyy-princ-ochen-vkusnaya-yagoda-259932.html","https://7dach.ru/28101959NaTa/klubnika-sorta-chernyy-princ-ochen-vkusnaya-yagoda-259932.html; https://dachaotzyv.ru/klubnika-chernyj-princ/","grower_diary; external_published_reader_accounts"
"сорта клубники для краснодарского края фото с названием и описанием","21","34","Умеренная","https://malinaklubnika.ru/zhurnal/kak-vybrat-sort-klubniki/","section-1","editorial_answer","","","",""
"сорта малины для средней полосы россии с фото и описанием","21","50","Умеренная","https://malinaklubnika.ru/zhurnal/sorta-maliny-dlya-podmoskovya-kak-vybrat/","section-1","editorial_answer","","","",""
"сорта малины патриция фото и описание","21","21","Умеренная","https://malinaklubnika.ru/sorta/patritsiya/","seo-photo","cultivar_passport","","https://dachaotzyv.ru/malina-patriciya/","https://dachaotzyv.ru/malina-patriciya/","external_published_reader_accounts"
"сорта ремонтантной малины с фотографиями и описанием","21","47","Умеренная","https://malinaklubnika.ru/sorta/malina/","tipy","catalog_comparison","","","",""
"болезни малины описание с фотографиями на листьях и способы лечения","20","37","Умеренная","https://malinaklubnika.ru/zhurnal/bolezni-i-vrediteli-maliny-priznaki/","section-5","editorial_answer","","","",""
"болезни малины фото и их лечение","20","29","Умеренная","https://malinaklubnika.ru/zhurnal/bolezni-i-vrediteli-maliny-priznaki/","section-5","editorial_answer","","","",""
"как сажать тибетскую малину","20","22","Умеренная","https://malinaklubnika.ru/zhurnal/tibetskaya-malina-kakoe-rastenie/","section-3","editorial_answer","","","",""
"клубника александра описание сорта фото","20","24","Умеренная","https://malinaklubnika.ru/sorta/strawberry-aleksandra-yakutia/","seo-photo","cultivar_passport","photo","","",""
"клубника альбион описание сорта фото","20","23","Умеренная","https://malinaklubnika.ru/sorta/albion/","seo-photo","cultivar_passport","","https://pmc.ncbi.nlm.nih.gov/articles/PMC8909511/#foods-11-00640-f001","https://7dach.ru/Bernata/klubnika-albion-avantyurnaya-ideya-uvenchavshayasya-uspehom-291485.html; https://7dach.ru/xena1505/sadovaya-zemlyanika-vne-sezona-4089.html; https://dachaotzyv.ru/klubnika-albion/","grower_diary; external_published_reader_accounts"
"клубника ананасная описание сорта фото отзывы садоводов","20","28","Умеренная","https://malinaklubnika.ru/sorta/strawberry-ananasnaya-name-check/","seo-reviews","cultivar_passport","photo; gardener_reviews","","",""
"клубника виктория описание сорта фото отзывы","20","28","Умеренная","https://malinaklubnika.ru/sorta/strawberry-victoria/","seo-reviews","cultivar_passport","","https://dachaotzyv.ru/klubnika-viktoriya/","https://dachaotzyv.ru/klubnika-viktoriya/","external_published_reader_accounts"
"клубника дивная описание сорта","20","21","Умеренная","https://malinaklubnika.ru/sorta/divnaya/","seo-opisanie","cultivar_passport","","https://sortoved.ru/klubnika-zemlyanika/sort-klubniki-divnaya.html","",""
"клубника корона описание сорта фото отзывы","20","30","Умеренная","https://malinaklubnika.ru/sorta/strawberry-korona/","seo-reviews","cultivar_passport","","https://dachaotzyv.ru/klubnika-korona/","https://dachaotzyv.ru/klubnika-korona/","external_published_reader_accounts"
"лучшие сорта клубники для волгоградской области для открытого грунта","20","36","Умеренная","https://malinaklubnika.ru/zhurnal/kak-vybrat-sort-klubniki/","section-1","editorial_answer","","","",""
"лучший сорт клубники для подмосковья","20","27","Умеренная","https://malinaklubnika.ru/zhurnal/kak-vybrat-sort-klubniki/","section-1","editorial_answer","","","",""
"малина вера описание сорта","20","18","Умеренная","https://malinaklubnika.ru/sorta/raspberry-vera/","seo-opisanie","cultivar_passport","","","",""
"малина джоан джей описание сорта фото отзывы","20","19","Умеренная","https://malinaklubnika.ru/sorta/raspberry-joan-j/","seo-reviews","cultivar_passport","gardener_reviews","https://patents.google.com/patent/USPP18954P3/en","",""
"малина радзиева описание сорта","20","19","Умеренная","https://malinaklubnika.ru/sorta/raspberry-radziejowa/","seo-opisanie","cultivar_passport","","","",""
"малина рубиновое ожерелье описание сорта","20","16","Умеренная","https://malinaklubnika.ru/sorta/rubinovoe-ozherele/","seo-opisanie","cultivar_passport","","https://dachaotzyv.ru/malina-rubinovoe-ozherele/","https://dachaotzyv.ru/malina-rubinovoe-ozherele/","external_published_reader_accounts"
"малина солнышко описание сорта","20","20","Умеренная","https://malinaklubnika.ru/sorta/solnyshko/","seo-opisanie","cultivar_passport","","https://sortoved.ru/malina/sort-maliny-solnyshko.html","https://dachaotzyv.ru/malina-solnyshko/","external_published_reader_accounts"
"малиновая гряда малина описание","20","18","Умеренная","https://malinaklubnika.ru/sorta/raspberry-malinovaya-gryada/","seo-opisanie","cultivar_passport","","","",""
"самые сладкие сорта малины","20","46","Умеренная","https://malinaklubnika.ru/zhurnal/sorta-maliny-dlya-podmoskovya-kak-vybrat/","section-1","editorial_answer","","","",""
"солнечная полянка клубника описание","20","23","Умеренная","https://malinaklubnika.ru/sorta/strawberry-solnechnaya-polyanka-krasnoyarsk/","seo-opisanie","cultivar_passport","","","",""
"сорт клубники клери фото и описание отзывы садоводов","20","25","Умеренная","https://malinaklubnika.ru/sorta/kleri/","otzyvy","cultivar_passport","","https://commons.wikimedia.org/wiki/File:Clery_Gartenerdbeere.JPG","https://dachaotzyv.ru/klubnika-kleri/","external_published_reader_accounts"
"сорт клубники чамора туруси фото и описание","20","23","Умеренная","https://malinaklubnika.ru/sorta/strawberry-chamora-turusi/","seo-photo","cultivar_passport","","https://dachaotzyv.ru/klubnika-chamora-turusi/","https://dachaotzyv.ru/klubnika-chamora-turusi/","external_published_reader_accounts"
"сорта клубники для подмосковья лучшие для открытого грунта","20","33","Умеренная","https://malinaklubnika.ru/zhurnal/kak-vybrat-sort-klubniki/","section-1","editorial_answer","","","",""
"сорта малины для краснодарского края фото описание","20","40","Умеренная","https://malinaklubnika.ru/zhurnal/sorta-maliny-dlya-podmoskovya-kak-vybrat/","section-1","editorial_answer","","","",""
"сорта малины ремонтантной фото и название","20","29","Умеренная","https://malinaklubnika.ru/zhurnal/sorta-maliny-dlya-podmoskovya-kak-vybrat/","section-1","editorial_answer","","","",""
"флоренс клубника описание сорта","20","20","Умеренная","https://malinaklubnika.ru/sorta/strawberry-florence/","seo-opisanie","cultivar_passport","","https://7dach.ru/Svet-Kara/ya-klubniku-florens-posadila-vsem-lyubitelyam-klubniki-ugodila-257949.html","https://7dach.ru/Svet-Kara/ya-klubniku-florens-posadila-vsem-lyubitelyam-klubniki-ugodila-257949.html; https://dachaotzyv.ru/klubnika-florens/","grower_diary; external_published_reader_accounts"
"азия сорт клубники описание","19","15","Умеренная","https://malinaklubnika.ru/sorta/aziya/","seo-opisanie","cultivar_passport","","https://horticulturejournal.usamv.ro/pdf/2024/issue_1/Art2.pdf#page=3","https://7dach.ru/Roselin/klubnika-aziya-moi-vpechatleniya-pervyy-opyt-302706.html; https://dachaotzyv.ru/klubnika-aziya/","grower_diary; external_published_reader_accounts"
"болезнь малины в картинках фото и лечение","19","29","Умеренная","https://malinaklubnika.ru/zhurnal/bolezni-i-vrediteli-maliny-priznaki/","section-5","editorial_answer","","","",""
"весенняя обработка малины","19","27","Умеренная","https://malinaklubnika.ru/zhurnal/obrabotka-klubniki-i-maliny-po-sezonu/","section-2","editorial_answer","","","",""
"как обработать клубнику весной после зимы и чем","19","21","Умеренная","https://malinaklubnika.ru/zhurnal/uhod-za-klubnikoi-vesnoi-posle-zimy/","section-1","editorial_answer","","","",""
"карамелька малина описание сорта фото отзывы","19","19","Умеренная","https://malinaklubnika.ru/sorta/karamelka/","otzyvy","cultivar_passport","","https://7dach.ru/user_7878_SveKle/malina-karamelka-kto-vyraschivaet-podelites-vpechatleniyami-296146.html","https://7dach.ru/user_7878_SveKle/malina-karamelka-kto-vyraschivaet-podelites-vpechatleniyami-296146.html; https://dachaotzyv.ru/malina-karamelka/","grower_diary; external_published_reader_accounts"
"клубника боровицкая описание сорта","19","18","Умеренная","https://malinaklubnika.ru/sorta/borovitskaya/","seo-opisanie","cultivar_passport","","","",""
"клубника вима рина описание сорта","19","16","Умеренная","https://malinaklubnika.ru/sorta/strawberry-vima-rina/","seo-opisanie","cultivar_passport","","","",""
"клубника вима тарда описание сорта","19","12","Умеренная","https://malinaklubnika.ru/sorta/strawberry-vima-tarda/","seo-opisanie","cultivar_passport","","","https://dachaotzyv.ru/klubnika-vima-tarda/","external_published_reader_accounts"
"клубника витязь описание сорта","19","19","Умеренная","https://malinaklubnika.ru/sorta/vityaz/","seo-opisanie","cultivar_passport","","https://jbiochemtech.com/storage/models/article/bMUh1GtjLrbMv0U5GbVt14NkkfQ2frw7KZS6iVW7Iv1VKS7RXJ6GRMwbz9KS/garden-strawberry-varieties-of-the-all-russian-horticultural-institute-for-breeding-agrotechnology.pdf#page=4","",""
"клубника купчиха описание и отзывы","19","21","Умеренная","https://malinaklubnika.ru/sorta/kupchikha/","seo-reviews","cultivar_passport","","https://7dach.ru/bajenovasveta/zemklunika-kupchiha_2-224899.html","https://7dach.ru/bajenovasveta/zemklunika-kupchiha_2-224899.html; https://dachaotzyv.ru/klubnika-kupchiha/","grower_diary; external_published_reader_accounts"
"клубника москова описание сорта","19","21","Умеренная","https://malinaklubnika.ru/sorta/strawberry-moskova-trade/","seo-opisanie","cultivar_passport","","","",""
"лучшие сорта клубники для воронежской области","19","30","Умеренная","https://malinaklubnika.ru/zhurnal/kak-vybrat-sort-klubniki/","section-1","editorial_answer","","","",""
"малина глен кое описание сорта фото отзывы","19","21","Умеренная","https://malinaklubnika.ru/sorta/raspberry-glen-coe/","seo-reviews","cultivar_passport","photo; gardener_reviews","","",""
"малина дочь геракла описание сорта","19","15","Умеренная","https://malinaklubnika.ru/sorta/raspberry-doch-gerakla-trade/","seo-opisanie","cultivar_passport","","https://dachaotzyv.ru/malina-doch-gerakla/","https://dachaotzyv.ru/malina-doch-gerakla/","external_published_reader_accounts"
"малина жар птица описание сорта","19","19","Умеренная","https://malinaklubnika.ru/sorta/zhar-ptitsa/","seo-opisanie","cultivar_passport","","","",""
"малина метеор описание сорта фото отзывы садоводов урожайность","19","24","Умеренная","https://malinaklubnika.ru/sorta/meteor/","otzyvy","cultivar_passport","photo","","https://dachaotzyv.ru/malina-meteor/","external_published_reader_accounts"
"малина полана описание сорта фото отзывы садоводов урожайность характеристика","19","21","Умеренная","https://malinaklubnika.ru/sorta/polana/","otzyvy","cultivar_passport","","https://commons.wikimedia.org/wiki/File:Polana-malina.jpg","https://dachaotzyv.ru/malina-polana/","external_published_reader_accounts"
"малиновое дерево крепыш описание","19","15","Умеренная","https://malinaklubnika.ru/sorta/malina-krepysh/","seo-opisanie","cultivar_passport","","https://7dach.ru/SvetikOdessa/malinovoe-derevo_2-72683.html","https://dachaotzyv.ru/malina-krepysh/","external_published_reader_accounts"
"посадка малины весной в открытый грунт саженцами ремонтантной","19","24","Умеренная","https://malinaklubnika.ru/zhurnal/uhod-za-malinoi-vesnoi-posle-zimy/","section-1","editorial_answer","","","",""
"самые лучшие сорта клубники для московской области","19","32","Умеренная","https://malinaklubnika.ru/zhurnal/kak-vybrat-sort-klubniki/","section-1","editorial_answer","","","",""
"сорта клубники для ленинградской области лучшие","19","35","Умеренная","https://malinaklubnika.ru/zhurnal/kak-vybrat-sort-klubniki/","section-1","editorial_answer","","","",""
"фестивальная ромашка клубника описание сорта","19","16","Умеренная","https://malinaklubnika.ru/sorta/strawberry-festivalnaya-romashka/","seo-opisanie","cultivar_passport","","","",""
"чем опрыскать малину весной","19","20","Умеренная","https://malinaklubnika.ru/zhurnal/uhod-za-malinoi-vesnoi-posle-zimy/","section-1","editorial_answer","","","",""
"болезни малины с фото","18","31","Умеренная","https://malinaklubnika.ru/zhurnal/bolezni-i-vrediteli-maliny-priznaki/","section-1","editorial_answer","","","",""
"заболевания малины фото и описания","18","32","Умеренная","https://malinaklubnika.ru/zhurnal/bolezni-i-vrediteli-maliny-priznaki/","section-1","editorial_answer","","","",""
"как правильно садить малину осенью","18","19","Умеренная","https://malinaklubnika.ru/zhurnal/posadka-maliny/","section-1","editorial_answer","","","",""
"клубника александра описание сорта фото отзывы садоводов","18","23","Умеренная","https://malinaklubnika.ru/sorta/strawberry-aleksandra-yakutia/","seo-reviews","cultivar_passport","photo; gardener_reviews","","",""
"клубника альба описание сорта отзывы","18","21","Умеренная","https://malinaklubnika.ru/sorta/alba/","otzyvy","cultivar_passport","","https://horticulturejournal.usamv.ro/pdf/2024/issue_1/Art2.pdf#page=3","https://dachaotzyv.ru/klubnika-alba/","external_published_reader_accounts"
"клубника для ленинградской области лучшие сорта","18","33","Умеренная","https://malinaklubnika.ru/sorta/klubnika/regiony/","region-2","regional_admissions_and_trials","","","",""
"клубника клодия описание сорта","18","23","Умеренная","https://malinaklubnika.ru/sorta/strawberry-klodia-civ/","seo-opisanie","cultivar_passport","","","",""
"клубника лучшие сорта","18","30","Умеренная","https://malinaklubnika.ru/sorta/klubnika/","catalog","catalog_comparison","","","",""
"клубника лучшие сорта для подмосковья","18","31","Умеренная","https://malinaklubnika.ru/sorta/klubnika/regiony/","region-3","regional_admissions_and_trials","","","",""
"клубника максим описание сорта фото","18","19","Умеренная","https://malinaklubnika.ru/sorta/strawberry-gigantella-maxim-tail/","seo-photo","cultivar_passport","photo","","",""
"клубника надя описание сорта","18","26","Умеренная","https://malinaklubnika.ru/sorta/strawberry-nadja-bl29/","seo-opisanie","cultivar_passport","","","",""
"клубника сорт","18","11","Умеренная","https://malinaklubnika.ru/sorta/klubnika/","catalog","catalog_comparison","","","",""
"клубника хоней описание сорта фото отзывы садоводов урожайность","18","21","Умеренная","https://malinaklubnika.ru/sorta/honey/","otzyvy","cultivar_passport","","https://commons.wikimedia.org/wiki/File:Fragaria_ananassa_Honeoye_2023-05-31_6638.jpg","https://dachaotzyv.ru/klubnika-honej/","external_published_reader_accounts"
"когда можно пересаживать малину на другое место летом","18","15","Умеренная","https://malinaklubnika.ru/zhurnal/peresadka-maliny-na-novoe-mesto/","section-1","editorial_answer","","","",""
"королева елизавета клубника описание сорта","18","15","Умеренная","https://malinaklubnika.ru/sorta/strawberry-queen-elizabeth/","seo-opisanie","cultivar_passport","","https://dachaotzyv.ru/klubnika-koroleva-elizaveta/","https://dachaotzyv.ru/klubnika-koroleva-elizaveta/","external_published_reader_accounts"
"лучшие сорта клубники для калужской области","18","29","Умеренная","https://malinaklubnika.ru/zhurnal/kak-vybrat-sort-klubniki/","section-1","editorial_answer","","","",""
"лучшие сорта ремонтантной клубники для ленинградской области","18","28","Умеренная","https://malinaklubnika.ru/zhurnal/remontantnaya-klubnika/","section-3","editorial_answer","","","",""
"малина лячка описание сорта фото отзывы","18","20","Умеренная","https://malinaklubnika.ru/sorta/lyachka/","otzyvy","cultivar_passport","","https://dachaotzyv.ru/malina-lyachka/","https://dachaotzyv.ru/malina-lyachka/","external_published_reader_accounts"
"малина патриция описание сорта фото","18","18","Умеренная","https://malinaklubnika.ru/sorta/patritsiya/","seo-photo","cultivar_passport","","https://dachaotzyv.ru/malina-patriciya/","https://dachaotzyv.ru/malina-patriciya/","external_published_reader_accounts"
"малина полет костенко описание сорта","18","33","Умеренная","https://malinaklubnika.ru/sorta/raspberry-polet-kostenko-trade/","seo-opisanie","cultivar_passport","","","",""
"малина полка описание сорта фото отзывы","18","18","Умеренная","https://malinaklubnika.ru/sorta/polka/","otzyvy","cultivar_passport","","https://pmc.ncbi.nlm.nih.gov/articles/PMC10673471/#metabolites-13-01124-f001","https://dachaotzyv.ru/malina-polka/","external_published_reader_accounts"
"малина ремонтантная сорта фото и описание","18","30","Умеренная","https://malinaklubnika.ru/sorta/malina/","tipy","catalog_comparison","","","",""
"морозостойкие сорта клубники для сибири","18","31","Умеренная","https://malinaklubnika.ru/zhurnal/kak-vybrat-sort-klubniki/","section-1","editorial_answer","","","",""
"на каком расстоянии садить малину","18","20","Умеренная","https://malinaklubnika.ru/zhurnal/rasstoyanie-posadki-maliny-i-pervyi-urozhai/","section-1","editorial_answer","","","",""
"новость кузьмина малина описание сорта отзывы","18","21","Умеренная","https://malinaklubnika.ru/sorta/raspberry-novost-kuzmina/","seo-reviews","cultivar_passport","gardener_reviews","https://7dach.ru/Eleko/10-luchshih-sortov-maliny-kotorye-rekomenduyut-dachniki-272274.html","",""
"ранние сорта клубники для средней полосы фото и описание","18","33","Умеренная","https://malinaklubnika.ru/zhurnal/kak-vybrat-sort-klubniki/","section-1","editorial_answer","","","",""
"сорт клубники фестивальная фото и описание","18","19","Умеренная","https://malinaklubnika.ru/sorta/festivalnaya/","seo-photo","cultivar_passport","","https://biosel.elpub.ru/jour/article/download/143/139#page=4","https://7dach.ru/panytany/klubnika-festivalnaya-vkus-detstva-133037.html; https://dachaotzyv.ru/klubnika-festivalnaya/","grower_diary; external_published_reader_accounts"
"сорта клубники для ростовской области с фотографиями и описанием","18","29","Умеренная","https://malinaklubnika.ru/zhurnal/kak-vybrat-sort-klubniki/","section-1","editorial_answer","","","",""
"тибетская малина описание выращивание и уход в открытом грунте","18","18","Умеренная","https://malinaklubnika.ru/zhurnal/tibetskaya-malina-kakoe-rastenie/","section-3","editorial_answer","","","",""
"цунаки клубника описание сорта и отзывы","18","23","Умеренная","https://malinaklubnika.ru/sorta/tsunaki/","seo-reviews","cultivar_passport","","","https://stroy-podskazka.ru/klubnika/sorta/cunaki/","external_published_reader_accounts"
"чем обработать малину весной от болезней и вредителей в мае","18","24","Умеренная","https://malinaklubnika.ru/zhurnal/bolezni-i-vrediteli-maliny-priznaki/","section-5","editorial_answer","","","",""
"шапка мономаха малина описание сорта","18","18","Умеренная","https://malinaklubnika.ru/sorta/raspberry-shapka-monomaha/","seo-opisanie","cultivar_passport","","","https://dachaotzyv.ru/malina-shapka-monomaha/","external_published_reader_accounts"
"альба клубника описание сорта фото отзывы","17","17","Умеренная","https://malinaklubnika.ru/sorta/alba/","otzyvy","cultivar_passport","","https://horticulturejournal.usamv.ro/pdf/2024/issue_1/Art2.pdf#page=3","https://dachaotzyv.ru/klubnika-alba/","external_published_reader_accounts"
"гигант джорнея клубника описание сорта отзывы","17","22","Умеренная","https://malinaklubnika.ru/sorta/strawberry-giant-jorney-trade/","seo-reviews","cultivar_passport","gardener_reviews","","",""
"джоли клубника описание сорта фото отзывы садоводов","17","22","Умеренная","https://malinaklubnika.ru/sorta/dzholi/","otzyvy","cultivar_passport","","https://patents.google.com/patent/USPP23126P3/en","https://dachaotzyv.ru/klubnika-dzholi/","external_published_reader_accounts"
"земляника купчиха описание сорта фото отзывы садоводов","17","20","Умеренная","https://malinaklubnika.ru/sorta/kupchikha/","seo-reviews","cultivar_passport","","https://7dach.ru/bajenovasveta/zemklunika-kupchiha_2-224899.html","https://7dach.ru/bajenovasveta/zemklunika-kupchiha_2-224899.html; https://dachaotzyv.ru/klubnika-kupchiha/","grower_diary; external_published_reader_accounts"
"какой сорт клубники выбрать для посадки","17","21","Умеренная","https://malinaklubnika.ru/zhurnal/posadka-klubniki/","section-1","editorial_answer","","","",""
"клубника богота описание сорта","17","17","Умеренная","https://malinaklubnika.ru/sorta/strawberry-bogota/","seo-opisanie","cultivar_passport","","https://dachaotzyv.ru/klubnika-bogota/","https://dachaotzyv.ru/klubnika-bogota/","external_published_reader_accounts"
"клубника виктория описание сорта фото","17","24","Умеренная","https://malinaklubnika.ru/sorta/strawberry-victoria/","seo-photo","cultivar_passport","","https://dachaotzyv.ru/klubnika-viktoriya/","https://dachaotzyv.ru/klubnika-viktoriya/","external_published_reader_accounts"
"клубника купчиха описание сорта преимущества и недостатки","17","20","Умеренная","https://malinaklubnika.ru/sorta/kupchikha/","seo-opisanie","cultivar_passport","","https://7dach.ru/bajenovasveta/zemklunika-kupchiha_2-224899.html","https://7dach.ru/bajenovasveta/zemklunika-kupchiha_2-224899.html; https://dachaotzyv.ru/klubnika-kupchiha/","grower_diary; external_published_reader_accounts"
"клубника мальвина описание сорта отзывы","17","18","Умеренная","https://malinaklubnika.ru/sorta/malvina/","otzyvy","cultivar_passport","","https://pmc.ncbi.nlm.nih.gov/articles/PMC11125040/#suppl_1","https://dachaotzyv.ru/klubnika-malvina/","external_published_reader_accounts"
"клубника русский размер описание сорта","17","15","Умеренная","https://malinaklubnika.ru/sorta/strawberry-russian-size-trade/","seo-opisanie","cultivar_passport","","","",""
"клубника сорт купчиха описание и фото","17","17","Умеренная","https://malinaklubnika.ru/sorta/kupchikha/","seo-photo","cultivar_passport","","https://7dach.ru/bajenovasveta/zemklunika-kupchiha_2-224899.html","https://7dach.ru/bajenovasveta/zemklunika-kupchiha_2-224899.html; https://dachaotzyv.ru/klubnika-kupchiha/","grower_diary; external_published_reader_accounts"
"клубника фалко описание сорта","17","22","Умеренная","https://malinaklubnika.ru/sorta/strawberry-falco/","seo-opisanie","cultivar_passport","","","",""
"клубника фейерверк описание сорта","17","17","Умеренная","https://malinaklubnika.ru/sorta/strawberry-fireworks/","seo-opisanie","cultivar_passport","","","",""
"клубника хоней описание сорта фото отзывы садоводов урожайность характеристика и описание","17","25","Умеренная","https://malinaklubnika.ru/sorta/honey/","otzyvy","cultivar_passport","","https://commons.wikimedia.org/wiki/File:Fragaria_ananassa_Honeoye_2023-05-31_6638.jpg","https://dachaotzyv.ru/klubnika-honej/","external_published_reader_accounts"
"клубника эльсанта описание сорта фото отзывы садоводов урожайность","17","22","Умеренная","https://malinaklubnika.ru/sorta/elsanta/","otzyvy","cultivar_passport","","https://commons.wikimedia.org/wiki/File:FraisesElsantaCLJWeber_(23307386409).jpg","https://dachaotzyv.ru/klubnika-elsanta/","external_published_reader_accounts"
"когда весной обрабатывать клубнику","17","17","Умеренная","https://malinaklubnika.ru/zhurnal/uhod-za-klubnikoi-vesnoi-posle-zimy/","section-1","editorial_answer","","","",""
"лучшие сорта клубники для алтайского края","17","31","Умеренная","https://malinaklubnika.ru/zhurnal/kak-vybrat-sort-klubniki/","section-1","editorial_answer","","","",""
"лучшие сорта клубники для удмуртии","17","22","Умеренная","https://malinaklubnika.ru/zhurnal/kak-vybrat-sort-klubniki/","section-1","editorial_answer","","","",""
"лучшие сорта ремонтантной клубники для подмосковья для открытого грунта","17","31","Умеренная","https://malinaklubnika.ru/zhurnal/remontantnaya-klubnika/","section-3","editorial_answer","","","",""
"малина бригантина описание сорта","17","11","Умеренная","https://malinaklubnika.ru/sorta/raspberry-brigantina/","seo-opisanie","cultivar_passport","","","",""
"малина гордость россии описание сорта фото","17","19","Умеренная","https://malinaklubnika.ru/sorta/gordost-rossii/","seo-photo","cultivar_passport","photo","","https://7dach.ru/Alex_Eskin/podelites-opytom-vyraschivaniya-maliny-gordost-rossii-221162.html","grower_diary"
"малина земляничная тибетская","17","9","Умеренная","https://malinaklubnika.ru/zhurnal/tibetskaya-malina-kakoe-rastenie/","section-1","editorial_answer","","","",""
"малина октавия описание сорта","17","16","Умеренная","https://malinaklubnika.ru/sorta/raspberry-oktavia/","seo-opisanie","cultivar_passport","","","",""
"машенька клубника описание сорта","17","15","Умеренная","https://malinaklubnika.ru/sorta/mashenka/","seo-opisanie","cultivar_passport","","https://dachaotzyv.ru/klubnika-mashenka/","https://dachaotzyv.ru/klubnika-mashenka/","external_published_reader_accounts"
"поздние сорта клубники для краснодарского края","17","30","Умеренная","https://malinaklubnika.ru/zhurnal/kak-vybrat-sort-klubniki/","section-1","editorial_answer","","","",""
"ремонтантные сорта клубники для подмосковья","17","20","Умеренная","https://malinaklubnika.ru/zhurnal/remontantnaya-klubnika/","section-3","editorial_answer","","","",""
"самые ранние сорта клубники","17","27","Умеренная","https://malinaklubnika.ru/zhurnal/kak-vybrat-sort-klubniki/","section-1","editorial_answer","","","",""
"сладкие сорта клубники для подмосковья","17","27","Умеренная","https://malinaklubnika.ru/zhurnal/kak-vybrat-sort-klubniki/","section-1","editorial_answer","","","",""
"сорт клубники гигантелла фото и описание","17","18","Умеренная","https://malinaklubnika.ru/sorta/gigantella/","seo-photo","cultivar_passport","","https://7dach.ru/IgorKS/vkus-radosti---zemlyanika-gigantella-134540.html","https://7dach.ru/IgorKS/vkus-radosti---zemlyanika-gigantella-134540.html; https://dachaotzyv.ru/klubnika-gigantella/","grower_diary; external_published_reader_accounts"
"сорта клубники для башкирии фото с названием и описанием","17","27","Умеренная","https://malinaklubnika.ru/zhurnal/kak-vybrat-sort-klubniki/","section-1","editorial_answer","","","",""
"сорта малины для средней полосы","17","27","Умеренная","https://malinaklubnika.ru/zhurnal/sorta-maliny-dlya-podmoskovya-kak-vybrat/","section-1","editorial_answer","","","",""
"чем обработать малину от вредителей в июне","17","27","Умеренная","https://malinaklubnika.ru/zhurnal/bolezni-i-vrediteli-maliny-priznaki/","section-5","editorial_answer","","","",""
"что такое малиновое дерево и как за ним ухаживать","17","16","Умеренная","https://malinaklubnika.ru/zhurnal/malinovoe-derevo-tarusa/","section-1","editorial_answer","","","",""
"болезни малины и борьба с ними","16","30","Умеренная","https://malinaklubnika.ru/zhurnal/bolezni-i-vrediteli-maliny-priznaki/","section-5","editorial_answer","","","",""
"елизавета 2 клубника описание сорта","16","13","Умеренная","https://malinaklubnika.ru/sorta/elizaveta-2/","seo-opisanie","cultivar_passport","","https://7dach.ru/gala1753/korolevskaya-yagoda-1886.html","https://7dach.ru/gala1753/korolevskaya-yagoda-1886.html","grower_diary"
"заболевания малины фото и описания лечение и уход","16","28","Умеренная","https://malinaklubnika.ru/zhurnal/bolezni-i-vrediteli-maliny-priznaki/","section-5","editorial_answer","","","",""
"как сажать малину расстояние между кустами и рядами","16","14","Умеренная","https://malinaklubnika.ru/zhurnal/rasstoyanie-posadki-maliny-i-pervyi-urozhai/","section-1","editorial_answer","","","",""
"какой сорт клубники самый сладкий и крупный урожайный для подмосковья","16","24","Умеренная","https://malinaklubnika.ru/zhurnal/kak-vybrat-sort-klubniki/","section-1","editorial_answer","","","",""
"клери клубника описание сорта фото отзывы","16","18","Умеренная","https://malinaklubnika.ru/sorta/kleri/","otzyvy","cultivar_passport","","https://commons.wikimedia.org/wiki/File:Clery_Gartenerdbeere.JPG","https://dachaotzyv.ru/klubnika-kleri/","external_published_reader_accounts"
"клубника александра описание сорта фото отзывы","16","25","Умеренная","https://malinaklubnika.ru/sorta/strawberry-aleksandra-yakutia/","seo-reviews","cultivar_passport","photo; gardener_reviews","","",""
"клубника аллегро описание сорта","16","12","Умеренная","https://malinaklubnika.ru/sorta/strawberry-allegro/","seo-opisanie","cultivar_passport","","","",""
"клубника брилла описание сорта фото отзывы","16","20","Умеренная","https://malinaklubnika.ru/sorta/brilla/","otzyvy","cultivar_passport","photo; gardener_reviews","","",""
"клубника верона описание сорта","16","17","Умеренная","https://malinaklubnika.ru/sorta/strawberry-verona-samara-study/","seo-opisanie","cultivar_passport","","","",""
"клубника виноградный бум описание сорта отзывы","16","18","Умеренная","https://malinaklubnika.ru/sorta/strawberry-vinogradny-bum-trade/","seo-reviews","cultivar_passport","gardener_reviews","","",""
"клубника кабрилло описание сорта фото отзывы","16","19","Умеренная","https://malinaklubnika.ru/sorta/cabrillo/","otzyvy","cultivar_passport","","https://pmc.ncbi.nlm.nih.gov/articles/PMC8728004/","https://klubnika24.ru/obsuzhdenie-sorta-klubniki-kabrillo","external_published_reader_accounts"
"клубника корона описание сорта фото отзывы садоводов урожайность","16","24","Умеренная","https://malinaklubnika.ru/sorta/strawberry-korona/","seo-reviews","cultivar_passport","","https://dachaotzyv.ru/klubnika-korona/","https://dachaotzyv.ru/klubnika-korona/","external_published_reader_accounts"
"клубника мальвина описание сорта фото отзывы садоводов","16","20","Умеренная","https://malinaklubnika.ru/sorta/malvina/","otzyvy","cultivar_passport","","https://pmc.ncbi.nlm.nih.gov/articles/PMC11125040/#suppl_1","https://dachaotzyv.ru/klubnika-malvina/","external_published_reader_accounts"
"клубника машенька описание сорта фото","16","18","Умеренная","https://malinaklubnika.ru/sorta/mashenka/","seo-photo","cultivar_passport","","https://dachaotzyv.ru/klubnika-mashenka/","https://dachaotzyv.ru/klubnika-mashenka/","external_published_reader_accounts"
"клубника медовая описание сорта","16","17","Умеренная","https://malinaklubnika.ru/sorta/strawberry-honeoye-cornell/","seo-opisanie","cultivar_passport","","https://dachaotzyv.ru/klubnika-medovaya/","https://dachaotzyv.ru/klubnika-medovaya/","external_published_reader_accounts"
"клубника первоклассница описание","16","16","Умеренная","https://malinaklubnika.ru/sorta/strawberry-pervoklassnitsa/","seo-opisanie","cultivar_passport","","","",""
"клубника фея описание сорта","16","15","Умеренная","https://malinaklubnika.ru/sorta/strawberry-feya-samara/","seo-opisanie","cultivar_passport","","","",""
"клубника флоренс описание сорта фото отзывы","16","19","Умеренная","https://malinaklubnika.ru/sorta/strawberry-florence/","seo-reviews","cultivar_passport","","https://7dach.ru/Svet-Kara/ya-klubniku-florens-posadila-vsem-lyubitelyam-klubniki-ugodila-257949.html","https://7dach.ru/Svet-Kara/ya-klubniku-florens-posadila-vsem-lyubitelyam-klubniki-ugodila-257949.html; https://dachaotzyv.ru/klubnika-florens/","grower_diary; external_published_reader_accounts"
"клубника хоней описание сорта фото","16","14","Умеренная","https://malinaklubnika.ru/sorta/honey/","seo-photo","cultivar_passport","","https://commons.wikimedia.org/wiki/File:Fragaria_ananassa_Honeoye_2023-05-31_6638.jpg","https://dachaotzyv.ru/klubnika-honej/","external_published_reader_accounts"
"клубника эми описание сорта","16","15","Умеренная","https://malinaklubnika.ru/sorta/strawberry-henry-hamburger-trade/","seo-opisanie","cultivar_passport","","","",""
"лучшие сорта клубники для самарской области для открытого грунта","16","32","Умеренная","https://malinaklubnika.ru/zhurnal/kak-vybrat-sort-klubniki/","section-1","editorial_answer","","","",""
"лучшие сорта малины для ленинградской области с фото и описанием","16","31","Умеренная","https://malinaklubnika.ru/zhurnal/sorta-maliny-dlya-podmoskovya-kak-vybrat/","section-1","editorial_answer","","","",""
"лучший сорт клубники","16","15","Умеренная","https://malinaklubnika.ru/zhurnal/kak-vybrat-sort-klubniki/","section-1","editorial_answer","","","",""
"малина краса россии описание сорта фото","16","21","Умеренная","https://malinaklubnika.ru/sorta/krasa-rossii/","seo-photo","cultivar_passport","","https://dachaotzyv.ru/malina-krasa-rossii/","https://dachaotzyv.ru/malina-krasa-rossii/","external_published_reader_accounts"
"малина лагорай описание сорта","16","27","Умеренная","https://malinaklubnika.ru/sorta/raspberry-lagorai-plus/","seo-opisanie","cultivar_passport","","https://patents.google.com/patent/US20130318664P1/en","",""
"малина пингвин описание сорта фото","16","16","Умеренная","https://malinaklubnika.ru/sorta/pingvin/","seo-photo","cultivar_passport","","https://dachaotzyv.ru/malina-pingvin/","https://dachaotzyv.ru/malina-pingvin/","external_published_reader_accounts"
"полька малина описание сорта","16","12","Умеренная","https://malinaklubnika.ru/sorta/polka/","seo-opisanie","cultivar_passport","","https://pmc.ncbi.nlm.nih.gov/articles/PMC10673471/#metabolites-13-01124-f001","https://dachaotzyv.ru/malina-polka/","external_published_reader_accounts"
"ремонтантная клубника лучшие сорта для краснодарского края","16","21","Умеренная","https://malinaklubnika.ru/zhurnal/remontantnaya-klubnika/","section-3","editorial_answer","","","",""
"сладкие сорта малины","16","28","Умеренная","https://malinaklubnika.ru/zhurnal/sorta-maliny-dlya-podmoskovya-kak-vybrat/","section-1","editorial_answer","","","",""
"темные пятна на стеблях малины что это такое и как лечить","16","15","Умеренная","https://malinaklubnika.ru/zhurnal/didimella-maliny-priznaki-i-proverka/","section-2","editorial_answer","","","",""
"чем обработать малину весной от вредителей","16","19","Умеренная","https://malinaklubnika.ru/zhurnal/bolezni-i-vrediteli-maliny-priznaki/","section-5","editorial_answer","","","",""
"чем опрыскивать малину весной от вредителей и болезней","16","23","Умеренная","https://malinaklubnika.ru/zhurnal/bolezni-i-vrediteli-maliny-priznaki/","section-1","editorial_answer","","","",""
"альбион клубника описание сорта фото отзывы","15","15","Умеренная","https://malinaklubnika.ru/sorta/albion/","otzyvy","cultivar_passport","","https://pmc.ncbi.nlm.nih.gov/articles/PMC8909511/#foods-11-00640-f001","https://7dach.ru/Bernata/klubnika-albion-avantyurnaya-ideya-uvenchavshayasya-uspehom-291485.html; https://7dach.ru/xena1505/sadovaya-zemlyanika-vne-sezona-4089.html; https://dachaotzyv.ru/klubnika-albion/","grower_diary; external_published_reader_accounts"
"болезни садовой клубники","15","27","Умеренная","https://malinaklubnika.ru/zhurnal/bolezni-klubniki-priznaki-i-proverka/","section-1","editorial_answer","","","",""
"виктория максим описание сорта","15","16","Умеренная","https://malinaklubnika.ru/sorta/strawberry-victoria/","seo-opisanie","cultivar_passport","","https://dachaotzyv.ru/klubnika-viktoriya/","https://dachaotzyv.ru/klubnika-viktoriya/","external_published_reader_accounts"
"земляника априка описание сорта","15","12","Умеренная","https://malinaklubnika.ru/sorta/aprika/","seo-opisanie","cultivar_passport","","https://pmc.ncbi.nlm.nih.gov/articles/PMC11125040/","",""
"земляника садовая лучшие сорта для подмосковья","15","22","Умеренная","https://malinaklubnika.ru/sorta/klubnika/regiony/","region-3","regional_admissions_and_trials","","","",""
"какие сорта клубники самые лучшие для ленинградской области","15","29","Умеренная","https://malinaklubnika.ru/zhurnal/kak-vybrat-sort-klubniki/","section-1","editorial_answer","","","",""
"квики клубника описание сорта","15","17","Умеренная","https://malinaklubnika.ru/sorta/strawberry-quicky/","seo-opisanie","cultivar_passport","","","",""
"клубника белруби описание сорта","15","11","Умеренная","https://malinaklubnika.ru/sorta/strawberry-belrubi-skfnc/","seo-opisanie","cultivar_passport","","","",""
"клубника гребешок описание сорта фото отзывы садоводов урожайность","15","30","Умеренная","https://malinaklubnika.ru/sorta/strawberry-grebeshok-trade/","seo-reviews","cultivar_passport","photo; gardener_reviews","","",""
"клубника для ленинградской области лучшие сорта отзывы садоводов","15","30","Умеренная","https://malinaklubnika.ru/sorta/klubnika/regiony/","region-2","regional_admissions_and_trials","","","",""
"клубника дукат описание сорта","15","14","Умеренная","https://malinaklubnika.ru/sorta/strawberry-dukat/","seo-opisanie","cultivar_passport","","https://dachaotzyv.ru/klubnika-dukat/","https://dachaotzyv.ru/klubnika-dukat/","external_published_reader_accounts"
"клубника полька описание сорта","15","16","Умеренная","https://malinaklubnika.ru/sorta/strawberry-polka/","seo-opisanie","cultivar_passport","","https://dachaotzyv.ru/klubnika-polka/","https://dachaotzyv.ru/klubnika-polka/","external_published_reader_accounts"
"клубника ремонтантная лучшие сорта для подмосковья","15","21","Умеренная","https://malinaklubnika.ru/sorta/klubnika/regiony/","region-3","regional_admissions_and_trials","","","",""
"клубника румба описание сорта фото отзывы","15","18","Умеренная","https://malinaklubnika.ru/sorta/rumba/","otzyvy","cultivar_passport","","https://pmc.ncbi.nlm.nih.gov/articles/PMC10305725/","https://dachaotzyv.ru/klubnika-rumba/","external_published_reader_accounts"
"клубника сибилла описание сорта","15","17","Умеренная","https://malinaklubnika.ru/sorta/strawberry-sibilla/","seo-opisanie","cultivar_passport","","https://civ.it/wp-content/uploads/2025/02/sibilla-still-life.png","",""
"клубника симфония описание сорта","15","15","Умеренная","https://malinaklubnika.ru/sorta/strawberry-symphonia/","seo-opisanie","cultivar_passport","","","",""
"клубника сладкий колосс описание сорта фото","15","15","Умеренная","https://malinaklubnika.ru/sorta/strawberry-sweet-colossus-trade/","seo-photo","cultivar_passport","photo","","",""
"клубника сладкоежка описание сорта","15","13","Умеренная","https://malinaklubnika.ru/sorta/strawberry-sweettooth-amur-trial/","seo-opisanie","cultivar_passport","","","",""
"клубника сорта корона описание и фото","15","12","Умеренная","https://malinaklubnika.ru/sorta/strawberry-korona/","seo-photo","cultivar_passport","","https://dachaotzyv.ru/klubnika-korona/","https://dachaotzyv.ru/klubnika-korona/","external_published_reader_accounts"
"клубника фестивальная описание сорта отзывы","15","18","Умеренная","https://malinaklubnika.ru/sorta/festivalnaya/","otzyvy","cultivar_passport","","https://biosel.elpub.ru/jour/article/download/143/139#page=4","https://7dach.ru/panytany/klubnika-festivalnaya-vkus-detstva-133037.html; https://dachaotzyv.ru/klubnika-festivalnaya/","grower_diary; external_published_reader_accounts"
"клубника фестивальная описание сорта фото отзывы садоводов урожайность характеристика и описание","15","15","Умеренная","https://malinaklubnika.ru/sorta/festivalnaya/","otzyvy","cultivar_passport","","https://biosel.elpub.ru/jour/article/download/143/139#page=4","https://7dach.ru/panytany/klubnika-festivalnaya-vkus-detstva-133037.html; https://dachaotzyv.ru/klubnika-festivalnaya/","grower_diary; external_published_reader_accounts"
"клубника флоренс описание сорта фото отзывы садоводов урожайность","15","18","Умеренная","https://malinaklubnika.ru/sorta/strawberry-florence/","seo-reviews","cultivar_passport","","https://7dach.ru/Svet-Kara/ya-klubniku-florens-posadila-vsem-lyubitelyam-klubniki-ugodila-257949.html","https://7dach.ru/Svet-Kara/ya-klubniku-florens-posadila-vsem-lyubitelyam-klubniki-ugodila-257949.html; https://dachaotzyv.ru/klubnika-florens/","grower_diary; external_published_reader_accounts"
"клубника царица описание сорта фото","15","14","Умеренная","https://malinaklubnika.ru/sorta/tsaritsa/","seo-photo","cultivar_passport","","https://jbiochemtech.com/storage/models/article/bMUh1GtjLrbMv0U5GbVt14NkkfQ2frw7KZS6iVW7Iv1VKS7RXJ6GRMwbz9KS/garden-strawberry-varieties-of-the-all-russian-horticultural-institute-for-breeding-agrotechnology.pdf#page=4","https://dachaotzyv.ru/klubnika-carica/","external_published_reader_accounts"
"малина бристоль описание сорта","15","14","Умеренная","https://malinaklubnika.ru/sorta/raspberry-bristol/","seo-opisanie","cultivar_passport","","","",""
"малина вайолет описание сорта фото","15","16","Умеренная","https://malinaklubnika.ru/sorta/raspberry-vajolet/","seo-photo","cultivar_passport","photo","","",""
"малина золотой гигант описание сорта","15","16","Умеренная","https://malinaklubnika.ru/sorta/raspberry-zolotoy-gigant/","seo-opisanie","cultivar_passport","","","",""
"малина карамелька описание сорта фото отзывы садоводов урожайность характеристика и описание сорта","15","26","Умеренная","https://malinaklubnika.ru/sorta/karamelka/","otzyvy","cultivar_passport","","https://7dach.ru/user_7878_SveKle/malina-karamelka-kto-vyraschivaet-podelites-vpechatleniyami-296146.html","https://7dach.ru/user_7878_SveKle/malina-karamelka-kto-vyraschivaet-podelites-vpechatleniyami-296146.html; https://dachaotzyv.ru/malina-karamelka/","grower_diary; external_published_reader_accounts"
"малина маджестик описание сорта фото отзывы садоводов урожайность","15","27","Умеренная","https://malinaklubnika.ru/sorta/raspberry-majestic/","seo-reviews","cultivar_passport","photo; gardener_reviews","","",""
"малина посадка и уход","15","13","Умеренная","https://malinaklubnika.ru/zhurnal/posadka-maliny/","section-1","editorial_answer","","","",""
"малина тибетская описание сорта фото","15","16","Умеренная","https://malinaklubnika.ru/zhurnal/tibetskaya-malina-kakoe-rastenie/","section-2","editorial_answer","","","",""
"малиновое дерево таруса описание сорта","15","13","Умеренная","https://malinaklubnika.ru/sorta/tarusa/","seo-opisanie","cultivar_passport","","https://7dach.ru/SvetikOdessa/malinovoe-derevo_2-72683.html","https://7dach.ru/SvetikOdessa/malinovoe-derevo_2-72683.html; https://dachaotzyv.ru/malina-tarusa/","grower_diary; external_published_reader_accounts"
"на какую глубину сажать малину","15","8","Умеренная","https://malinaklubnika.ru/zhurnal/posadka-maliny/","section-2","editorial_answer","","","",""
"подкормка для малины весной","15","15","Умеренная","https://malinaklubnika.ru/zhurnal/uhod-za-malinoi-vesnoi-posle-zimy/","section-1","editorial_answer","","","",""
"пшехиба малина описание сорта фото","15","16","Умеренная","https://malinaklubnika.ru/sorta/pshehiba/","seo-photo","cultivar_passport","","https://www.brzezna.pl/malina-rubus-idaeus-przehyba/","",""
"ремонтантная клубника лучшие сорта для подмосковья","15","21","Умеренная","https://malinaklubnika.ru/zhurnal/remontantnaya-klubnika/","section-3","editorial_answer","","","",""
"ремонтантная клубника лучшие сорта для ростовской области","15","20","Умеренная","https://malinaklubnika.ru/zhurnal/remontantnaya-klubnika/","section-3","editorial_answer","","","",""
"ания клубника описание сорта","14","14","Умеренная","https://malinaklubnika.ru/sorta/aniya/","seo-opisanie","cultivar_passport","","https://patents.google.com/patent/USPP32221P3/en","",""
"вкусные сорта клубники","14","16","Умеренная","https://malinaklubnika.ru/zhurnal/kak-vybrat-sort-klubniki/","section-1","editorial_answer","","","",""
"геракл малина описание сорта","14","10","Умеренная","https://malinaklubnika.ru/sorta/gerakl/","seo-opisanie","cultivar_passport","","https://biosel.elpub.ru/jour/article/download/116/115#page=9","https://dachaotzyv.ru/malina-gerakl/","external_published_reader_accounts"
"джоан джей малина описание сорта","14","10","Умеренная","https://malinaklubnika.ru/sorta/joan-j/","seo-opisanie","cultivar_passport","","https://pmc.ncbi.nlm.nih.gov/articles/PMC13043038/","https://dachaotzyv.ru/malina-dzhoan-dzhej/","external_published_reader_accounts"
"желтая малина сорта и фото","14","20","Умеренная","https://malinaklubnika.ru/sorta/malina/","catalog","catalog_comparison","","","",""
"как посадить викторию на укрывной материал","14","12","Умеренная","https://malinaklubnika.ru/zhurnal/rasstoyanie-i-chernyi-material-dlya-klubniki/","section-2","editorial_answer","","","",""
"как правильно посадить малину на участке","14","13","Умеренная","https://malinaklubnika.ru/zhurnal/posadka-maliny/","section-1","editorial_answer","","","",""
"как правильно посадить малину осенью ремонтантную","14","18","Умеренная","https://malinaklubnika.ru/zhurnal/osennyaya-posadka-maliny-sroki-i-podgotovka/","section-1","editorial_answer","","","",""
"как растет малиновое дерево","14","17","Умеренная","https://malinaklubnika.ru/zhurnal/malinovoe-derevo-tarusa/","section-1","editorial_answer","","","",""
"какой сорт клубники выбрать для посадки в подмосковье самый хороший","14","19","Умеренная","https://malinaklubnika.ru/zhurnal/posadka-klubniki/","section-1","editorial_answer","","","",""
"клубника азия описание сорта и отзывы","14","23","Умеренная","https://malinaklubnika.ru/sorta/aziya/","otzyvy","cultivar_passport","","https://horticulturejournal.usamv.ro/pdf/2024/issue_1/Art2.pdf#page=3","https://7dach.ru/Roselin/klubnika-aziya-moi-vpechatleniya-pervyy-opyt-302706.html; https://dachaotzyv.ru/klubnika-aziya/","grower_diary; external_published_reader_accounts"
"клубника альфа описание сорта","14","11","Умеренная","https://malinaklubnika.ru/sorta/alfa/","seo-opisanie","cultivar_passport","","https://jbiochemtech.com/storage/models/article/bMUh1GtjLrbMv0U5GbVt14NkkfQ2frw7KZS6iVW7Iv1VKS7RXJ6GRMwbz9KS/garden-strawberry-varieties-of-the-all-russian-horticultural-institute-for-breeding-agrotechnology.pdf#page=5","",""
"клубника великобритания описание сорта","14","18","Умеренная","https://malinaklubnika.ru/sorta/strawberry-velikobritaniya-trade/","seo-opisanie","cultivar_passport","","","",""
"клубника искушение описание сорта фото отзывы садоводов","14","29","Умеренная","https://malinaklubnika.ru/sorta/strawberry-temptation-syngenta/","seo-reviews","cultivar_passport","","https://dachaotzyv.ru/klubnika-iskushenie/","https://dachaotzyv.ru/klubnika-iskushenie/","external_published_reader_accounts"
"клубника кама описание сорта фото отзывы","14","17","Умеренная","https://malinaklubnika.ru/sorta/strawberry-kama/","seo-reviews","cultivar_passport","","https://dachaotzyv.ru/klubnika-kama/","https://dachaotzyv.ru/klubnika-kama/","external_published_reader_accounts"
"клубника кармен описание сорта фото отзывы","14","16","Умеренная","https://malinaklubnika.ru/sorta/strawberry-carmen-czech/","seo-reviews","cultivar_passport","photo; gardener_reviews","","",""
"клубника кисс неллис описание сорта","14","14","Умеренная","https://malinaklubnika.ru/sorta/strawberry-kiss-nellis-trade/","seo-opisanie","cultivar_passport","","https://dachaotzyv.ru/klubnika-kiss-nellis/","https://dachaotzyv.ru/klubnika-kiss-nellis/","external_published_reader_accounts"
"клубника клери описание сорта и отзывы","14","19","Умеренная","https://malinaklubnika.ru/sorta/kleri/","otzyvy","cultivar_passport","","https://commons.wikimedia.org/wiki/File:Clery_Gartenerdbeere.JPG","https://dachaotzyv.ru/klubnika-kleri/","external_published_reader_accounts"
"клубника роксана описание сорта фото отзывы","14","17","Умеренная","https://malinaklubnika.ru/sorta/strawberry-roxana/","seo-reviews","cultivar_passport","","https://dachaotzyv.ru/klubnika-roksana/","https://dachaotzyv.ru/klubnika-roksana/","external_published_reader_accounts"
"клубника соната описание сорта фото отзывы садоводов урожайность","14","21","Умеренная","https://malinaklubnika.ru/sorta/strawberry-sonata/","seo-reviews","cultivar_passport","","https://dachaotzyv.ru/klubnika-sonata/","https://dachaotzyv.ru/klubnika-sonata/","external_published_reader_accounts"
"клубника федерика описание сорта","14","16","Умеренная","https://malinaklubnika.ru/sorta/strawberry-federica-berrylab/","seo-opisanie","cultivar_passport","","","",""
"крупные сорта клубники с фотографиями и описанием","14","23","Умеренная","https://malinaklubnika.ru/zhurnal/kak-vybrat-sort-klubniki/","section-1","editorial_answer","","","",""
"летние сорта малины","14","19","Умеренная","https://malinaklubnika.ru/zhurnal/sorta-maliny-dlya-podmoskovya-kak-vybrat/","section-1","editorial_answer","","","",""
"лучшие сорта клубники для тверской области","14","20","Умеренная","https://malinaklubnika.ru/zhurnal/kak-vybrat-sort-klubniki/","section-1","editorial_answer","","","",""
"лучшие сорта клубники для тверской области для открытого грунта","14","25","Умеренная","https://malinaklubnika.ru/zhurnal/kak-vybrat-sort-klubniki/","section-1","editorial_answer","","","",""
"лучшие сорта клубники для ярославской области для открытого грунта","14","28","Умеренная","https://malinaklubnika.ru/zhurnal/kak-vybrat-sort-klubniki/","section-1","editorial_answer","","","",""
"лучшие сорта малины для саратовской области","14","21","Умеренная","https://malinaklubnika.ru/zhurnal/sorta-maliny-dlya-podmoskovya-kak-vybrat/","section-1","editorial_answer","","","",""
"лучшие сорта малины для черноземья","14","25","Умеренная","https://malinaklubnika.ru/zhurnal/chernaya-malina-kumberlend-vyrashchivanie-i-obrezka/","section-1","editorial_answer","","","",""
"малина ляшка описание сорта","14","13","Умеренная","https://malinaklubnika.ru/sorta/lyachka/","seo-opisanie","cultivar_passport","","https://dachaotzyv.ru/malina-lyachka/","https://dachaotzyv.ru/malina-lyachka/","external_published_reader_accounts"
"малина маргарита описание сорта фото отзывы садоводов урожайность","14","27","Умеренная","https://malinaklubnika.ru/sorta/raspberry-margarita-trade/","seo-reviews","cultivar_passport","photo; gardener_reviews","","",""
"малина пшехиба описание сорта отзывы","14","16","Умеренная","https://malinaklubnika.ru/sorta/pshehiba/","otzyvy","cultivar_passport","gardener_reviews","https://www.brzezna.pl/malina-rubus-idaeus-przehyba/","",""
"малина сапфир описание сорта","14","20","Умеренная","https://malinaklubnika.ru/sorta/raspberry-sapphire/","seo-opisanie","cultivar_passport","","","",""
"малина сорта лучшие","14","18","Умеренная","https://malinaklubnika.ru/sorta/malina/","catalog","catalog_comparison","","","",""
"малина столичная описание сорта","14","14","Умеренная","https://malinaklubnika.ru/sorta/raspberry-stolichnaya/","seo-opisanie","cultivar_passport","","","",""
"малина тибетская описание сорта","14","10","Умеренная","https://malinaklubnika.ru/zhurnal/tibetskaya-malina-kakoe-rastenie/","section-2","editorial_answer","","","",""
"малина уход весной подкормка и обработка от вредителей и болезней","14","24","Умеренная","https://malinaklubnika.ru/zhurnal/bolezni-i-vrediteli-maliny-priznaki/","section-5","editorial_answer","","","",""
"малиновое дерево сказка описание сорта","14","13","Умеренная","https://malinaklubnika.ru/sorta/malina-skazka/","seo-opisanie","cultivar_passport","","https://dachaotzyv.ru/malina-skazka/","https://dachaotzyv.ru/malina-skazka/","external_published_reader_accounts"
"мальга клубника описание сорта","14","12","Умеренная","https://malinaklubnika.ru/sorta/malga/","seo-opisanie","cultivar_passport","","https://patents.google.com/patent/USPP28310P3/en","",""
"мурано сорт клубники фото и описание","14","14","Умеренная","https://malinaklubnika.ru/sorta/murano/","seo-photo","cultivar_passport","","https://commons.wikimedia.org/wiki/File:Fraises_Murano_en_Dordogne.jpg","https://7dach.ru/NatalyaAfonchenko/leto-2024-iyun-314014.html; https://dachaotzyv.ru/klubnika-murano/","grower_diary; external_published_reader_accounts"
"оранжевое чудо малина описание","14","9","Умеренная","https://malinaklubnika.ru/sorta/oranzhevoe-chudo/","seo-opisanie","cultivar_passport","","https://7dach.ru/gosha_popov_66/oranzhevoe-chudo_29-216211.html","https://dachaotzyv.ru/malina-oranzhevoe-chudo/","external_published_reader_accounts"
"посадка малины в ленинградской области","14","12","Умеренная","https://malinaklubnika.ru/zhurnal/posadka-maliny/","section-1","editorial_answer","","","",""
"посадка ремонтантной малины весной в открытый грунт саженцами","14","24","Умеренная","https://malinaklubnika.ru/zhurnal/uhod-za-malinoi-vesnoi-posle-zimy/","section-1","editorial_answer","","","",""
"ранние сорта клубники для подмосковья","14","24","Умеренная","https://malinaklubnika.ru/zhurnal/kak-vybrat-sort-klubniki/","section-1","editorial_answer","","","",""
"ремонтантная клубника для сибири лучшие сорта","14","19","Умеренная","https://malinaklubnika.ru/zhurnal/remontantnaya-klubnika/","section-3","editorial_answer","","","",""
"ремонтантный сорт клубники что это","14","11","Умеренная","https://malinaklubnika.ru/zhurnal/remontantnaya-klubnika/","section-3","editorial_answer","","","",""
"самые крупные сорта клубники","14","27","Умеренная","https://malinaklubnika.ru/zhurnal/kak-vybrat-sort-klubniki/","section-1","editorial_answer","","","",""
"самый лучший сорт клубники","14","16","Умеренная","https://malinaklubnika.ru/zhurnal/kak-vybrat-sort-klubniki/","section-1","editorial_answer","","","",""
"сорт клубники альба фото и описание отзывы садоводов","14","21","Умеренная","https://malinaklubnika.ru/sorta/alba/","otzyvy","cultivar_passport","","https://horticulturejournal.usamv.ro/pdf/2024/issue_1/Art2.pdf#page=3","https://dachaotzyv.ru/klubnika-alba/","external_published_reader_accounts"
"сорта клубники для подмосковья лучшие для открытого","14","23","Умеренная","https://malinaklubnika.ru/zhurnal/kak-vybrat-sort-klubniki/","section-1","editorial_answer","","","",""
"сорта клубники для средней полосы","14","28","Умеренная","https://malinaklubnika.ru/zhurnal/kak-vybrat-sort-klubniki/","section-1","editorial_answer","","","",""
"тибетская малина описание выращивание и уход в открытом грунте в подмосковье","14","15","Умеренная","https://malinaklubnika.ru/zhurnal/tibetskaya-malina-kakoe-rastenie/","section-3","editorial_answer","","","",""
"тибетская малина описание и отзывы","14","15","Умеренная","https://malinaklubnika.ru/zhurnal/tibetskaya-malina-kakoe-rastenie/","section-4","editorial_answer","","","",""
"херитейдж малина описание сорта фото отзывы","14","16","Умеренная","https://malinaklubnika.ru/sorta/heritage/","otzyvy","cultivar_passport","","https://www.flickr.com/photos/graibeard/3220923545/","https://dachaotzyv.ru/malina-heritejdzh/","external_published_reader_accounts"
"черная малина кумберленд посадка и уход и обрезка","14","14","Умеренная","https://malinaklubnika.ru/sorta/raspberry-cumberland/","seo-care","cultivar_passport","","","",""
"эльсанта клубника описание сорта","14","15","Умеренная","https://malinaklubnika.ru/sorta/elsanta/","seo-opisanie","cultivar_passport","","https://commons.wikimedia.org/wiki/File:FraisesElsantaCLJWeber_(23307386409).jpg","https://dachaotzyv.ru/klubnika-elsanta/","external_published_reader_accounts"
"болезни и вредители клубники описание с фотографиями","13","38","Умеренная","https://malinaklubnika.ru/zhurnal/vrediteli-klubniki-kak-razlichit/","section-1","editorial_answer","","","",""
"вивара клубника описание сорта фото отзывы","13","21","Умеренная","https://malinaklubnika.ru/sorta/strawberry-vivara/","seo-reviews","cultivar_passport","gardener_reviews","https://civ.it/wp-content/uploads/2025/01/vivara-still-life.png","",""
"виктория купчиха описание сорта фото отзывы","13","13","Умеренная","https://malinaklubnika.ru/sorta/strawberry-victoria/","seo-reviews","cultivar_passport","","https://dachaotzyv.ru/klubnika-viktoriya/","https://dachaotzyv.ru/klubnika-viktoriya/","external_published_reader_accounts"
"виктория машенька описание сорта","13","10","Умеренная","https://malinaklubnika.ru/sorta/mashenka/","seo-opisanie","cultivar_passport","","https://dachaotzyv.ru/klubnika-mashenka/","https://dachaotzyv.ru/klubnika-mashenka/","external_published_reader_accounts"
"гигантелла клубника описание сорта фото","13","13","Умеренная","https://malinaklubnika.ru/sorta/gigantella/","seo-photo","cultivar_passport","","https://7dach.ru/IgorKS/vkus-radosti---zemlyanika-gigantella-134540.html","https://7dach.ru/IgorKS/vkus-radosti---zemlyanika-gigantella-134540.html; https://dachaotzyv.ru/klubnika-gigantella/","grower_diary; external_published_reader_accounts"
"глен ди малина описание сорта фото","13","13","Умеренная","https://malinaklubnika.ru/sorta/raspberry-glen-dee/","seo-photo","cultivar_passport","","https://www.hutton.ac.uk/wp-content/uploads/2026/06/Glen-Dee.jpg","",""
"земляника купчиха описание","13","10","Умеренная","https://malinaklubnika.ru/sorta/kupchikha/","seo-opisanie","cultivar_passport","","https://7dach.ru/bajenovasveta/zemklunika-kupchiha_2-224899.html","https://7dach.ru/bajenovasveta/zemklunika-kupchiha_2-224899.html; https://dachaotzyv.ru/klubnika-kupchiha/","grower_diary; external_published_reader_accounts"
"зенга-зенгана клубника описание отзывы особенности сорта","13","11","Умеренная","https://malinaklubnika.ru/sorta/strawberry-zenga-zengana-trial/","seo-reviews","cultivar_passport","gardener_reviews","","",""
"кабрилло клубника описание фото","13","13","Умеренная","https://malinaklubnika.ru/sorta/cabrillo/","seo-photo","cultivar_passport","","https://pmc.ncbi.nlm.nih.gov/articles/PMC8728004/","https://klubnika24.ru/obsuzhdenie-sorta-klubniki-kabrillo","external_published_reader_accounts"
"как лучше сажать малину","13","17","Умеренная","https://malinaklubnika.ru/zhurnal/posadka-maliny/","section-1","editorial_answer","","","",""
"как правильно посадить ремонтантную малину осенью","13","16","Умеренная","https://malinaklubnika.ru/zhurnal/osennyaya-posadka-maliny-sroki-i-podgotovka/","section-1","editorial_answer","","","",""
"кимберли клубника описание сорта","13","11","Умеренная","https://malinaklubnika.ru/sorta/kimberli/","seo-opisanie","cultivar_passport","","https://openbiotechnologyjournal.com/contents/volumes/V20/e18740707455704/e18740707455704.pdf#page=5","https://dachaotzyv.ru/klubnika-kimberli/","external_published_reader_accounts"
"клубника ания описание сорта фото отзывы садоводов урожайность","13","22","Умеренная","https://malinaklubnika.ru/sorta/aniya/","otzyvy","cultivar_passport","gardener_reviews","https://patents.google.com/patent/USPP32221P3/en","",""
"клубника антея описание","13","12","Умеренная","https://malinaklubnika.ru/sorta/strawberry-antea/","seo-opisanie","cultivar_passport","","","",""
"клубника вивара описание сорта фото отзывы садоводов урожайность","13","28","Умеренная","https://malinaklubnika.ru/sorta/strawberry-vivara/","seo-reviews","cultivar_passport","gardener_reviews","https://civ.it/wp-content/uploads/2025/01/vivara-still-life.png","",""
"клубника гарда описание сорта","13","17","Умеренная","https://malinaklubnika.ru/sorta/strawberry-garda-crea/","seo-opisanie","cultivar_passport","","","",""
"клубника дали описание сорта","13","14","Умеренная","https://malinaklubnika.ru/sorta/strawberry-dahli-flevo/","seo-opisanie","cultivar_passport","","","",""
"клубника легран описание сорта","13","25","Умеренная","https://malinaklubnika.ru/sorta/strawberry-legran-frigolabs-trade/","seo-opisanie","cultivar_passport","","","",""
"клубника мея описание сорта","13","14","Умеренная","https://malinaklubnika.ru/sorta/strawberry-mae/","seo-opisanie","cultivar_passport","","","",""
"клубника нанди описание сорта","13","13","Умеренная","https://malinaklubnika.ru/sorta/strawberry-nandi/","seo-opisanie","cultivar_passport","","","",""
"клубника пандора описание сорта","13","10","Умеренная","https://malinaklubnika.ru/sorta/strawberry-pandora/","seo-opisanie","cultivar_passport","","https://dachaotzyv.ru/klubnika-pandora/","https://dachaotzyv.ru/klubnika-pandora/","external_published_reader_accounts"
"клубника сан андреас описание сорта фото отзывы","13","14","Умеренная","https://malinaklubnika.ru/sorta/san-andreas/","seo-reviews","cultivar_passport","","https://active.inspection.gc.ca/english/plaveg/pbrpov/cropreport/str/app00010197e.shtml","https://dachaotzyv.ru/klubnika-san-andreas/","external_published_reader_accounts"
"клубника сорта флер описание фото отзывы","13","14","Умеренная","https://malinaklubnika.ru/sorta/strawberry-flair/","seo-reviews","cultivar_passport","","https://dachaotzyv.ru/klubnika-fler/","https://dachaotzyv.ru/klubnika-fler/","external_published_reader_accounts"
"клубника сударушка описание сорта","13","11","Умеренная","https://malinaklubnika.ru/sorta/sudarushka/","seo-opisanie","cultivar_passport","","","",""
"клубника федерико описание сорта","13","14","Умеренная","https://malinaklubnika.ru/sorta/strawberry-federica-berrylab/","seo-opisanie","cultivar_passport","","","",""
"лучшие сорта клубники для воронежской области с фото и описанием","13","29","Умеренная","https://malinaklubnika.ru/zhurnal/kak-vybrat-sort-klubniki/","section-1","editorial_answer","","","",""
"лучшие сорта клубники для подмосковья для открытого грунта крупноплодные сладкие сорта с фото","13","23","Умеренная","https://malinaklubnika.ru/zhurnal/kak-vybrat-sort-klubniki/","section-1","editorial_answer","","","",""
"лучшие сорта клубники для саратовской области отзывы садоводов","13","25","Умеренная","https://malinaklubnika.ru/zhurnal/kak-vybrat-sort-klubniki/","section-1","editorial_answer","","","",""
"лучшие сорта малины для крыма","13","27","Умеренная","https://malinaklubnika.ru/zhurnal/sorta-maliny-dlya-podmoskovya-kak-vybrat/","section-1","editorial_answer","","","",""
"малина аделита описание сорта фото отзывы","13","24","Умеренная","https://malinaklubnika.ru/sorta/raspberry-adelita/","seo-reviews","cultivar_passport","gardener_reviews","https://patents.google.com/patent/US20120311748P1/en","",""
"малина богатырь описание сорта фото отзывы","13","15","Умеренная","https://malinaklubnika.ru/sorta/raspberry-bogatyr-trade/","seo-reviews","cultivar_passport","photo; gardener_reviews","","",""
"малина глен файн описание сорта","13","13","Умеренная","https://malinaklubnika.ru/sorta/raspberry-glen-fyne/","seo-opisanie","cultivar_passport","","https://www.hutton.ac.uk/wp-content/uploads/2026/06/Glen-Fyne.jpg","https://dachaotzyv.ru/malina-glen-fajn/","external_published_reader_accounts"
"малина груви описание сорта","13","16","Умеренная","https://malinaklubnika.ru/sorta/raspberry-groovy/","seo-opisanie","cultivar_passport","","","",""
"малина для сибири зимостойкие сорта","13","23","Умеренная","https://malinaklubnika.ru/sorta/malina/regiony/","region-10","regional_admissions_and_trials","","","",""
"малина маросейка описание сорта фото отзывы","13","18","Умеренная","https://malinaklubnika.ru/sorta/maroseyka/","otzyvy","cultivar_passport","","https://ferma.expert/rasteniya/maroseyka/","https://dachaotzyv.ru/malina-marosejka/","external_published_reader_accounts"
"малина носорог описание сорта","13","12","Умеренная","https://malinaklubnika.ru/sorta/raspberry-nosorog/","seo-opisanie","cultivar_passport","","https://dachaotzyv.ru/malina-nosorog/","https://dachaotzyv.ru/malina-nosorog/","external_published_reader_accounts"
"малина посадка осенью","13","12","Умеренная","https://malinaklubnika.ru/zhurnal/osennyaya-posadka-maliny-sroki-i-podgotovka/","section-1","editorial_answer","","","",""
"малина ремонтантная лучшие сорта для урала","13","21","Умеренная","https://malinaklubnika.ru/sorta/malina/regiony/","region-9","regional_admissions_and_trials","","","",""
"малина самородок","13","10","Умеренная","https://malinaklubnika.ru/sorta/raspberry-samorodok/","seo-opisanie","cultivar_passport","","","",""
"мальвина клубника описание сорта фото отзывы садоводов","13","19","Умеренная","https://malinaklubnika.ru/sorta/malvina/","otzyvy","cultivar_passport","","https://pmc.ncbi.nlm.nih.gov/articles/PMC11125040/#suppl_1","https://dachaotzyv.ru/klubnika-malvina/","external_published_reader_accounts"
"мара де буа клубника описание сорта","13","12","Умеренная","https://malinaklubnika.ru/sorta/strawberry-mara-des-bois/","seo-opisanie","cultivar_passport","","","",""
"маросейка малина описание сорта","13","15","Умеренная","https://malinaklubnika.ru/sorta/maroseyka/","seo-opisanie","cultivar_passport","","https://ferma.expert/rasteniya/maroseyka/","https://dachaotzyv.ru/malina-marosejka/","external_published_reader_accounts"
"можно ли сажать разные сорта малины рядом","13","20","Умеренная","https://malinaklubnika.ru/zhurnal/sorta-maliny-dlya-podmoskovya-kak-vybrat/","section-1","editorial_answer","","","",""
"подкормка виктории после плодоношения","13","9","Умеренная","https://malinaklubnika.ru/zhurnal/uhod-za-klubnikoi-v-techenie-sezona/","section-3","editorial_answer","","","",""
"правила посадки малины","13","12","Умеренная","https://malinaklubnika.ru/zhurnal/posadka-maliny/","section-1","editorial_answer","","","",""
"ремонтантная клубника сорта лучшие","13","22","Умеренная","https://malinaklubnika.ru/zhurnal/remontantnaya-klubnika/","section-3","editorial_answer","","","",""
"самохвал малина описание","13","9","Умеренная","https://malinaklubnika.ru/sorta/samohval/","seo-opisanie","cultivar_passport","","","",""
"сорт клубники альбион фото и описание","13","13","Умеренная","https://malinaklubnika.ru/sorta/albion/","seo-photo","cultivar_passport","","https://pmc.ncbi.nlm.nih.gov/articles/PMC8909511/#foods-11-00640-f001","https://7dach.ru/Bernata/klubnika-albion-avantyurnaya-ideya-uvenchavshayasya-uspehom-291485.html; https://7dach.ru/xena1505/sadovaya-zemlyanika-vne-sezona-4089.html; https://dachaotzyv.ru/klubnika-albion/","grower_diary; external_published_reader_accounts"
"сорта клубники для подмосковья устойчивые к болезням","13","20","Умеренная","https://malinaklubnika.ru/zhurnal/bolezni-klubniki-priznaki-i-proverka/","section-1","editorial_answer","","","",""
"сорта клубники для ростовской области","13","14","Умеренная","https://malinaklubnika.ru/zhurnal/kak-vybrat-sort-klubniki/","section-1","editorial_answer","","","",""
"сорта клубники лучшие для калужской области","13","18","Умеренная","https://malinaklubnika.ru/zhurnal/kak-vybrat-sort-klubniki/","section-1","editorial_answer","","","",""
"цунаки клубника описание сорта фото","13","15","Умеренная","https://malinaklubnika.ru/sorta/tsunaki/","seo-photo","cultivar_passport","photo","","https://stroy-podskazka.ru/klubnika/sorta/cunaki/","external_published_reader_accounts"
"чамора туруси клубника описание сорта фото","13","15","Умеренная","https://malinaklubnika.ru/sorta/strawberry-chamora-turusi/","seo-photo","cultivar_passport","","https://dachaotzyv.ru/klubnika-chamora-turusi/","https://dachaotzyv.ru/klubnika-chamora-turusi/","external_published_reader_accounts"
"чем обработать малину от вредителей и болезней весной в мае перед цветением","13","21","Умеренная","https://malinaklubnika.ru/zhurnal/bolezni-i-vrediteli-maliny-priznaki/","section-5","editorial_answer","","","",""
"чем обработать малину от дидимеллы","13","13","Умеренная","https://malinaklubnika.ru/zhurnal/didimella-maliny-priznaki-i-proverka/","section-1","editorial_answer","","","",""
"что такое ремонтантный сорт клубники означает","13","13","Умеренная","https://malinaklubnika.ru/zhurnal/remontantnaya-klubnika/","section-3","editorial_answer","","","",""
"штамбовая малина что это","13","6","Умеренная","https://malinaklubnika.ru/zhurnal/uhod-za-malinoi-v-techenie-sezona/","section-5","editorial_answer","","","",""
"атлант малина описание сорта","12","10","Умеренная","https://malinaklubnika.ru/sorta/atlant/","seo-opisanie","cultivar_passport","","https://commons.wikimedia.org/wiki/File:%D0%9C%D0%B0%D0%BB%D0%B8%D0%BD%D0%B0_%D0%B0%D1%82%D0%BB%D0%B0%D0%BD%D1%82.jpg","https://dachaotzyv.ru/malina-atlant/","external_published_reader_accounts"
"болезни и вредители малины","12","20","Умеренная","https://malinaklubnika.ru/zhurnal/bolezni-i-vrediteli-maliny-priznaki/","section-1","editorial_answer","","","",""
"виктория мурано описание сорта","12","9","Умеренная","https://malinaklubnika.ru/sorta/strawberry-victoria/","seo-opisanie","cultivar_passport","","https://dachaotzyv.ru/klubnika-viktoriya/","https://dachaotzyv.ru/klubnika-viktoriya/","external_published_reader_accounts"
"виктория фестивальная описание","12","11","Умеренная","https://malinaklubnika.ru/sorta/festivalnaya/","seo-opisanie","cultivar_passport","","https://biosel.elpub.ru/jour/article/download/143/139#page=4","https://7dach.ru/panytany/klubnika-festivalnaya-vkus-detstva-133037.html; https://dachaotzyv.ru/klubnika-festivalnaya/","grower_diary; external_published_reader_accounts"
"геракл малина ремонтантная описание сорта фото","12","11","Умеренная","https://malinaklubnika.ru/sorta/gerakl/","seo-photo","cultivar_passport","","https://biosel.elpub.ru/jour/article/download/116/115#page=9","https://dachaotzyv.ru/malina-gerakl/","external_published_reader_accounts"
"гигантелла клубника описание сорта фото отзывы","12","17","Умеренная","https://malinaklubnika.ru/sorta/gigantella/","seo-reviews","cultivar_passport","","https://7dach.ru/IgorKS/vkus-radosti---zemlyanika-gigantella-134540.html","https://7dach.ru/IgorKS/vkus-radosti---zemlyanika-gigantella-134540.html; https://dachaotzyv.ru/klubnika-gigantella/","grower_diary; external_published_reader_accounts"
"джуси клубника описание сорта","12","12","Умеренная","https://malinaklubnika.ru/sorta/strawberry-giusy/","seo-opisanie","cultivar_passport","","https://civ.it/wp-content/uploads/2025/01/giusy-still-life.png","",""
"земклуника купчиха уход и выращивание","12","15","Умеренная","https://malinaklubnika.ru/sorta/kupchikha/","seo-care","cultivar_passport","","https://7dach.ru/bajenovasveta/zemklunika-kupchiha_2-224899.html","https://7dach.ru/bajenovasveta/zemklunika-kupchiha_2-224899.html; https://dachaotzyv.ru/klubnika-kupchiha/","grower_diary; external_published_reader_accounts"
"как правильно посадить малину осенью на даче в подмосковье в открытый грунт","12","10","Умеренная","https://malinaklubnika.ru/zhurnal/osennyaya-posadka-maliny-sroki-i-podgotovka/","section-1","editorial_answer","","","",""
"как сажать ремонтантную малину осенью","12","15","Умеренная","https://malinaklubnika.ru/zhurnal/osennyaya-posadka-maliny-sroki-i-podgotovka/","section-1","editorial_answer","","","",""
"клубника альбион описание сорта фото отзывы садоводов","12","16","Умеренная","https://malinaklubnika.ru/sorta/albion/","otzyvy","cultivar_passport","","https://pmc.ncbi.nlm.nih.gov/articles/PMC8909511/#foods-11-00640-f001","https://7dach.ru/Bernata/klubnika-albion-avantyurnaya-ideya-uvenchavshayasya-uspehom-291485.html; https://7dach.ru/xena1505/sadovaya-zemlyanika-vne-sezona-4089.html; https://dachaotzyv.ru/klubnika-albion/","grower_diary; external_published_reader_accounts"
"клубника белый швед описание сорта","12","11","Умеренная","https://malinaklubnika.ru/sorta/strawberry-white-swede-trade/","seo-opisanie","cultivar_passport","","","https://dachaotzyv.ru/klubnika-belyj-shved/","external_published_reader_accounts"
"клубника болезни и вредители борьба с ними фото","12","31","Умеренная","https://malinaklubnika.ru/zhurnal/vrediteli-klubniki-kak-razlichit/","section-4","editorial_answer","","","",""
"клубника дженка описание сорта","12","25","Умеренная","https://malinaklubnika.ru/sorta/strawberry-jenkka/","seo-opisanie","cultivar_passport","","","",""
"клубника джуси описание сорта фото отзывы садоводов урожайность","12","26","Умеренная","https://malinaklubnika.ru/sorta/strawberry-giusy/","seo-reviews","cultivar_passport","gardener_reviews","https://civ.it/wp-content/uploads/2025/01/giusy-still-life.png","",""
"клубника елизавета 2 описание сорта фото отзывы садоводов урожайность","12","13","Умеренная","https://malinaklubnika.ru/sorta/elizaveta-2/","seo-reviews","cultivar_passport","","https://7dach.ru/gala1753/korolevskaya-yagoda-1886.html","https://7dach.ru/gala1753/korolevskaya-yagoda-1886.html","grower_diary"
"клубника женева описание сорта","12","14","Умеренная","https://malinaklubnika.ru/sorta/strawberry-geneva/","seo-opisanie","cultivar_passport","","https://dachaotzyv.ru/klubnika-zheneva/","https://dachaotzyv.ru/klubnika-zheneva/","external_published_reader_accounts"
"клубника зенга зенгана описание сорта","12","11","Умеренная","https://malinaklubnika.ru/sorta/strawberry-zenga-zengana-trial/","seo-opisanie","cultivar_passport","","","",""
"клубника зенга-зенгана описание сорта отзывы","12","14","Умеренная","https://malinaklubnika.ru/sorta/strawberry-zenga-zengana-trial/","seo-reviews","cultivar_passport","gardener_reviews","","",""
"клубника лия сахарная описание сорта","12","12","Умеренная","https://malinaklubnika.ru/sorta/strawberry-sugar-lia/","seo-opisanie","cultivar_passport","","","",""
"клубника рубиновый кулон описание сорта фото отзывы","12","16","Умеренная","https://malinaklubnika.ru/sorta/strawberry-ruby-pendant/","seo-reviews","cultivar_passport","","https://dachaotzyv.ru/klubnika-rubinovyj-kulon/","https://dachaotzyv.ru/klubnika-rubinovyj-kulon/","external_published_reader_accounts"
"клубника сорта для подмосковья","12","18","Умеренная","https://malinaklubnika.ru/sorta/klubnika/regiony/","region-3","regional_admissions_and_trials","","","",""
"клубника элан описание сорта","12","12","Умеренная","https://malinaklubnika.ru/sorta/elan/","seo-opisanie","cultivar_passport","","https://sortoved.ru/klubnika-zemlyanika/sort-klubniki-elan-f1.html","https://dachaotzyv.ru/klubnika-elan/","external_published_reader_accounts"
"лучшие сорта клубники для ростовской области отзывы и фото","12","20","Умеренная","https://malinaklubnika.ru/zhurnal/kak-vybrat-sort-klubniki/","section-1","editorial_answer","","","",""
"лучшие сорта летней малины","12","16","Умеренная","https://malinaklubnika.ru/sorta/malina/","tipy","catalog_comparison","","","",""
"малина бабье лето описание","12","8","Умеренная","https://malinaklubnika.ru/sorta/raspberry-babye-leto/","seo-opisanie","cultivar_passport","","https://dachaotzyv.ru/malina-babe-leto/","https://dachaotzyv.ru/malina-babe-leto/","external_published_reader_accounts"
"малина васена описание сорта фото отзывы садоводов урожайность","12","32","Умеренная","https://malinaklubnika.ru/sorta/raspberry-vasena/","seo-reviews","cultivar_passport","photo; gardener_reviews","","",""
"малина галактика описание сорта","12","9","Умеренная","https://malinaklubnika.ru/sorta/raspberry-galaktika-trade/","seo-opisanie","cultivar_passport","","","",""
"малина геракл описание сорта фото отзывы садоводов","12","13","Умеренная","https://malinaklubnika.ru/sorta/gerakl/","otzyvy","cultivar_passport","","https://biosel.elpub.ru/jour/article/download/116/115#page=9","https://dachaotzyv.ru/malina-gerakl/","external_published_reader_accounts"
"малина карамелька описание сорта фото отзывы садоводов","12","22","Умеренная","https://malinaklubnika.ru/sorta/karamelka/","otzyvy","cultivar_passport","","https://7dach.ru/user_7878_SveKle/malina-karamelka-kto-vyraschivaet-podelites-vpechatleniyami-296146.html","https://7dach.ru/user_7878_SveKle/malina-karamelka-kto-vyraschivaet-podelites-vpechatleniyami-296146.html; https://dachaotzyv.ru/malina-karamelka/","grower_diary; external_published_reader_accounts"
"малина красная королева описание сорта фото отзывы","12","16","Умеренная","https://malinaklubnika.ru/sorta/raspberry-krasnaya-koroleva/","seo-reviews","cultivar_passport","photo; gardener_reviews","","",""
"малина красная королева описание сорта фото отзывы садоводов","12","15","Умеренная","https://malinaklubnika.ru/sorta/raspberry-krasnaya-koroleva/","seo-reviews","cultivar_passport","photo; gardener_reviews","","",""
"малина кримсон найт описание сорта","12","10","Умеренная","https://malinaklubnika.ru/sorta/raspberry-crimson-night/","seo-opisanie","cultivar_passport","","","",""
"малина кумберленд описание сорта фото","12","15","Умеренная","https://malinaklubnika.ru/sorta/raspberry-cumberland/","seo-photo","cultivar_passport","photo","","",""
"малина московский великан описание сорта","12","12","Умеренная","https://malinaklubnika.ru/sorta/moskovskiy-gigant/","seo-opisanie","cultivar_passport","","","https://dachaotzyv.ru/malina-moskovskij-gigant/","external_published_reader_accounts"
"малина нантахала","12","12","Умеренная","https://malinaklubnika.ru/sorta/raspberry-nantahala/","seo-opisanie","cultivar_passport","","https://rubus.ces.ncsu.edu/wp-content/uploads/2018/04/Nantahala-red-raspberry.pdf?fwd=no#page=1","",""
"малина полька описание сорта фото","12","12","Умеренная","https://malinaklubnika.ru/sorta/polka/","seo-photo","cultivar_passport","","https://pmc.ncbi.nlm.nih.gov/articles/PMC10673471/#metabolites-13-01124-f001","https://dachaotzyv.ru/malina-polka/","external_published_reader_accounts"
"малина посадка осенью как правильно посадить","12","14","Умеренная","https://malinaklubnika.ru/zhurnal/osennyaya-posadka-maliny-sroki-i-podgotovka/","section-1","editorial_answer","","","",""
"малина рубифол","12","11","Умеренная","https://malinaklubnika.ru/sorta/raspberry-rubyfall/","seo-opisanie","cultivar_passport","","","",""
"малина скромница описание сорта","12","12","Умеренная","https://malinaklubnika.ru/sorta/skromnitsa/","seo-opisanie","cultivar_passport","","https://dachaotzyv.ru/malina-skromnica/","https://dachaotzyv.ru/malina-skromnica/","external_published_reader_accounts"
"обработка клубники в мае","12","14","Умеренная","https://malinaklubnika.ru/zhurnal/obrabotka-klubniki-i-maliny-po-sezonu/","section-2","editorial_answer","","","",""
"обработка малины весной от болезней и вредителей ранней весной","12","20","Умеренная","https://malinaklubnika.ru/zhurnal/bolezni-i-vrediteli-maliny-priznaki/","section-5","editorial_answer","","","",""
"осенняя обработка малины от вредителей и болезней","12","21","Умеренная","https://malinaklubnika.ru/zhurnal/bolezni-i-vrediteli-maliny-priznaki/","section-5","editorial_answer","","","",""
"посадить малину","12","11","Умеренная","https://malinaklubnika.ru/zhurnal/posadka-maliny/","section-1","editorial_answer","","","",""
"правильная посадка малины","12","10","Умеренная","https://malinaklubnika.ru/zhurnal/posadka-maliny/","section-1","editorial_answer","","","",""
"расстояние между кустами малины при посадке","12","7","Умеренная","https://malinaklubnika.ru/zhurnal/rasstoyanie-posadki-maliny-i-pervyi-urozhai/","section-1","editorial_answer","","","",""
"румба клубника описание сорта","12","12","Умеренная","https://malinaklubnika.ru/sorta/rumba/","seo-opisanie","cultivar_passport","","https://pmc.ncbi.nlm.nih.gov/articles/PMC10305725/","https://dachaotzyv.ru/klubnika-rumba/","external_published_reader_accounts"
"самые вкусные сорта клубники для подмосковья","12","22","Умеренная","https://malinaklubnika.ru/zhurnal/kak-vybrat-sort-klubniki/","section-1","editorial_answer","","","",""
"сан-андреас клубника ремонтантная описание сорта фото отзывы","12","16","Умеренная","https://malinaklubnika.ru/sorta/san-andreas/","seo-reviews","cultivar_passport","","https://active.inspection.gc.ca/english/plaveg/pbrpov/cropreport/str/app00010197e.shtml","https://dachaotzyv.ru/klubnika-san-andreas/","external_published_reader_accounts"
"сорт малины изобильная описание и фото","12","11","Умеренная","https://malinaklubnika.ru/sorta/izobilnaya/","seo-photo","cultivar_passport","","https://dachaotzyv.ru/malina-izobilnaya/","https://dachaotzyv.ru/malina-izobilnaya/","external_published_reader_accounts"
"сорта клубники для подмосковья с фото и описанием","12","15","Умеренная","https://malinaklubnika.ru/zhurnal/kak-vybrat-sort-klubniki/","section-1","editorial_answer","","","",""
"сорта малины для краснодарского края","12","19","Умеренная","https://malinaklubnika.ru/zhurnal/sorta-maliny-dlya-podmoskovya-kak-vybrat/","section-1","editorial_answer","","","",""
"сорта малины для сибири лучшие крупные сладкие","12","20","Умеренная","https://malinaklubnika.ru/zhurnal/sorta-maliny-dlya-podmoskovya-kak-vybrat/","section-1","editorial_answer","","","",""
"сорта ремонтантной клубники с фотографиями","12","23","Умеренная","https://malinaklubnika.ru/zhurnal/remontantnaya-klubnika/","section-3","editorial_answer","","","",""
"сорта сладкой клубники","12","20","Умеренная","https://malinaklubnika.ru/sorta/klubnika/","vkus","catalog_comparison","","","",""
"способы посадки малины","12","16","Умеренная","https://malinaklubnika.ru/zhurnal/posadka-maliny/","section-1","editorial_answer","","","",""
"фото тибетской малины","12","15","Умеренная","https://malinaklubnika.ru/zhurnal/tibetskaya-malina-kakoe-rastenie/","section-2","editorial_answer","","","",""
"чем обработать клубнику в мае от болезней и вредителей","12","14","Умеренная","https://malinaklubnika.ru/zhurnal/vrediteli-klubniki-kak-razlichit/","section-4","editorial_answer","","","",""
"виктория азия описание сорта фото","11","12","Умеренная","https://malinaklubnika.ru/sorta/strawberry-victoria/","seo-photo","cultivar_passport","","https://dachaotzyv.ru/klubnika-viktoriya/","https://dachaotzyv.ru/klubnika-viktoriya/","external_published_reader_accounts"
"гигантелла максим клубника описание сорта","11","11","Умеренная","https://malinaklubnika.ru/sorta/strawberry-gigantella-maxim-tail/","seo-opisanie","cultivar_passport","","","",""
"как посадить куст малины","11","7","Умеренная","https://malinaklubnika.ru/zhurnal/posadka-maliny/","section-1","editorial_answer","","","",""
"как сажать малину весной в открытый","11","7","Умеренная","https://malinaklubnika.ru/zhurnal/uhod-za-malinoi-vesnoi-posle-zimy/","section-1","editorial_answer","","","",""
"какие сорта клубники самые сладкие и крупные для подмосковья","11","15","Умеренная","https://malinaklubnika.ru/zhurnal/kak-vybrat-sort-klubniki/","section-1","editorial_answer","","","",""
"какой сорт клубники выбрать для посадки в ленинградской области","11","21","Умеренная","https://malinaklubnika.ru/zhurnal/posadka-klubniki/","section-1","editorial_answer","","","",""
"какую клубнику лучше посадить в ленинградской области","11","15","Умеренная","https://malinaklubnika.ru/zhurnal/posadka-klubniki/","section-1","editorial_answer","","","",""
"какую клубнику посадить лучшие сорта","11","17","Умеренная","https://malinaklubnika.ru/zhurnal/posadka-klubniki/","section-1","editorial_answer","","","",""
"клери клубника описание сорта фото отзывы садоводов урожайность","11","18","Умеренная","https://malinaklubnika.ru/sorta/kleri/","otzyvy","cultivar_passport","","https://commons.wikimedia.org/wiki/File:Clery_Gartenerdbeere.JPG","https://dachaotzyv.ru/klubnika-kleri/","external_published_reader_accounts"
"клубника антея описание сорта фото отзывы","11","14","Умеренная","https://malinaklubnika.ru/sorta/strawberry-antea/","seo-reviews","cultivar_passport","photo; gardener_reviews","","",""
"клубника барыня описание сорта фото отзывы","11","14","Умеренная","https://malinaklubnika.ru/sorta/strawberry-barynya/","seo-reviews","cultivar_passport","photo; gardener_reviews","","",""
"клубника барыня описание сорта фото отзывы садоводов","11","17","Умеренная","https://malinaklubnika.ru/sorta/strawberry-barynya/","seo-reviews","cultivar_passport","photo; gardener_reviews","","",""
"клубника вента описание сорта","11","14","Умеренная","https://malinaklubnika.ru/sorta/strawberry-venta/","seo-opisanie","cultivar_passport","","","",""
"клубника золушка описание сорта","11","12","Умеренная","https://malinaklubnika.ru/sorta/strawberry-zolushka-vstisp/","seo-opisanie","cultivar_passport","","","",""
"клубника крапо 10 описание сорта фото отзывы","11","13","Умеренная","https://malinaklubnika.ru/sorta/strawberry-krapo-10/","seo-reviews","cultivar_passport","photo; gardener_reviews","","",""
"клубника олимпия описание сорта","11","15","Умеренная","https://malinaklubnika.ru/sorta/strawberry-olympia-nf638/","seo-opisanie","cultivar_passport","","","",""
"клубника ремонтантная лучшие сорта для сибири","11","15","Умеренная","https://malinaklubnika.ru/sorta/klubnika/regiony/","region-10","regional_admissions_and_trials","","","",""
"клубника царица описание сорта фото отзывы садоводов урожайность характеристика и описание","11","19","Умеренная","https://malinaklubnika.ru/sorta/tsaritsa/","otzyvy","cultivar_passport","","https://jbiochemtech.com/storage/models/article/bMUh1GtjLrbMv0U5GbVt14NkkfQ2frw7KZS6iVW7Iv1VKS7RXJ6GRMwbz9KS/garden-strawberry-varieties-of-the-all-russian-horticultural-institute-for-breeding-agrotechnology.pdf#page=4","https://dachaotzyv.ru/klubnika-carica/","external_published_reader_accounts"
"клубника чили описание сорта фото отзывы садоводов","11","32","Умеренная","https://malinaklubnika.ru/sorta/strawberry-chile-species/","seo-reviews","cultivar_passport","photo; gardener_reviews","","",""
"клубника эльвира описание сорта","11","14","Умеренная","https://malinaklubnika.ru/sorta/strawberry-elvira-trade/","seo-opisanie","cultivar_passport","","https://dachaotzyv.ru/klubnika-elvira/","https://dachaotzyv.ru/klubnika-elvira/","external_published_reader_accounts"
"купчиха сорт клубники фото и описание","11","10","Умеренная","https://malinaklubnika.ru/sorta/kupchikha/","seo-photo","cultivar_passport","","https://7dach.ru/bajenovasveta/zemklunika-kupchiha_2-224899.html","https://7dach.ru/bajenovasveta/zemklunika-kupchiha_2-224899.html; https://dachaotzyv.ru/klubnika-kupchiha/","grower_diary; external_published_reader_accounts"
"лучшие сорта клубники для подмосковья для открытого","11","15","Умеренная","https://malinaklubnika.ru/zhurnal/kak-vybrat-sort-klubniki/","section-1","editorial_answer","","","",""
"лучшие сорта малины для нижегородской области","11","18","Умеренная","https://malinaklubnika.ru/zhurnal/sorta-maliny-dlya-podmoskovya-kak-vybrat/","section-1","editorial_answer","","","",""
"лучшие сорта малины для нижегородской области для открытого грунта","11","21","Умеренная","https://malinaklubnika.ru/zhurnal/sorta-maliny-dlya-podmoskovya-kak-vybrat/","section-1","editorial_answer","","","",""
"лучшие сорта малины для урала крупные сладкие","11","20","Умеренная","https://malinaklubnika.ru/zhurnal/sorta-maliny-dlya-podmoskovya-kak-vybrat/","section-1","editorial_answer","","","",""
"лючия клубника описание сорта","11","10","Умеренная","https://malinaklubnika.ru/sorta/strawberry-lucia/","seo-opisanie","cultivar_passport","","","",""
"малина абрикосовая описание сорта","11","9","Умеренная","https://malinaklubnika.ru/sorta/abrikosovaya/","seo-opisanie","cultivar_passport","","https://7dach.ru/fedzina/malina-abrikosovaya-95549.html","https://7dach.ru/fedzina/malina-abrikosovaya-95549.html; https://dachaotzyv.ru/malina-abrikosovaya/","grower_diary; external_published_reader_accounts"
"малина геракл описание сорта фото","11","17","Умеренная","https://malinaklubnika.ru/sorta/gerakl/","seo-photo","cultivar_passport","","https://biosel.elpub.ru/jour/article/download/116/115#page=9","https://dachaotzyv.ru/malina-gerakl/","external_published_reader_accounts"
"малина дельбар манифик описание сорта","11","11","Умеренная","https://malinaklubnika.ru/sorta/raspberry-delbar-manifik-trade/","seo-opisanie","cultivar_passport","","","",""
"малина желтый гигант описание сорта фото","11","11","Умеренная","https://malinaklubnika.ru/sorta/zheltyy-gigant/","seo-photo","cultivar_passport","","https://agroecoinfo.ru/STATYI/2022/5/st_525.pdf#page=5","https://7dach.ru/Tatka-Veta/malina-zheltyy-gigant-samaya-sladkaya-230032.html; https://dachaotzyv.ru/malina-zheltyj-gigant/","grower_diary; external_published_reader_accounts"
"малина золотая осень описание сорта","11","8","Умеренная","https://malinaklubnika.ru/sorta/zolotaya-osen/","seo-opisanie","cultivar_passport","","https://dachaotzyv.ru/malina-zolotaya-osen/","https://dachaotzyv.ru/malina-zolotaya-osen/","external_published_reader_accounts"
"малина зюгана описание сорта фото отзывы","11","14","Умеренная","https://malinaklubnika.ru/sorta/raspberry-sugana/","seo-reviews","cultivar_passport","","https://www.luberaedibles.com/cdn/shop/products/Rubus_Twotimer__Sugana_1_550x550.jpg?v=1675066659","https://dachaotzyv.ru/malina-zyugana/","external_published_reader_accounts"
"малина калининградская описание сорта","11","13","Умеренная","https://malinaklubnika.ru/sorta/raspberry-kaliningradskaya/","seo-opisanie","cultivar_passport","","https://dachaotzyv.ru/malina-kaliningradskaya/","https://dachaotzyv.ru/malina-kaliningradskaya/","external_published_reader_accounts"
"малина нантахала описание сорта фото отзывы садоводов","11","14","Умеренная","https://malinaklubnika.ru/sorta/raspberry-nantahala/","seo-reviews","cultivar_passport","gardener_reviews","https://rubus.ces.ncsu.edu/wp-content/uploads/2018/04/Nantahala-red-raspberry.pdf?fwd=no#page=1","",""
"малина похвалинка описание сорта фото","11","16","Умеренная","https://malinaklubnika.ru/sorta/pohvalinka/","seo-photo","cultivar_passport","photo","","",""
"малина рубиновый гигант описание сорта","11","13","Умеренная","https://malinaklubnika.ru/sorta/raspberry-rubinovyy-gigant/","seo-opisanie","cultivar_passport","","https://dachaotzyv.ru/malina-rubinovyj-gigant/","https://dachaotzyv.ru/malina-rubinovyj-gigant/","external_published_reader_accounts"
"малина светлячок описание сорта","11","13","Умеренная","https://malinaklubnika.ru/zhurnal/tlya-na-maline-chto-delat/","section-1","editorial_answer","","","",""
"малина терентий описание сорта фото отзывы садоводов","11","22","Умеренная","https://malinaklubnika.ru/sorta/raspberry-terentiy/","seo-reviews","cultivar_passport","","https://dachaotzyv.ru/malina-terentij/","https://dachaotzyv.ru/malina-terentij/","external_published_reader_accounts"
"малина харитейдж описание","11","12","Умеренная","https://malinaklubnika.ru/sorta/heritage/","seo-opisanie","cultivar_passport","","https://www.flickr.com/photos/graibeard/3220923545/","https://dachaotzyv.ru/malina-heritejdzh/","external_published_reader_accounts"
"маравилла малина описание сорта фото","11","10","Умеренная","https://malinaklubnika.ru/sorta/maravilla/","seo-photo","cultivar_passport","","https://patents.google.com/patent/USPP14804P2/en","https://dachaotzyv.ru/malina-maravilla/","external_published_reader_accounts"
"можно ли сажать малину летом","11","4","Умеренная","https://malinaklubnika.ru/zhurnal/posadka-letnei-i-remontantnoi-maliny-ryadom/","section-3","editorial_answer","","","",""
"новые сорта клубники","11","28","Умеренная","https://malinaklubnika.ru/zhurnal/kak-vybrat-sort-klubniki/","section-1","editorial_answer","","","",""
"обработка клубники от болезней","11","9","Умеренная","https://malinaklubnika.ru/zhurnal/bolezni-klubniki-priznaki-i-proverka/","section-5","editorial_answer","","","",""
"обработка малины ранней весной","11","14","Умеренная","https://malinaklubnika.ru/zhurnal/uhod-za-malinoi-vesnoi-posle-zimy/","section-1","editorial_answer","","","",""
"поздние сорта клубники для средней полосы с фото и описанием","11","20","Умеренная","https://malinaklubnika.ru/zhurnal/kak-vybrat-sort-klubniki/","section-1","editorial_answer","","","",""
"посадка малины осенью в открытый грунт саженцами в подмосковье","11","12","Умеренная","https://malinaklubnika.ru/zhurnal/osennyaya-posadka-maliny-sroki-i-podgotovka/","section-1","editorial_answer","","","",""
"самые крупные сорта малины","11","18","Умеренная","https://malinaklubnika.ru/zhurnal/sorta-maliny-dlya-podmoskovya-kak-vybrat/","section-1","editorial_answer","","","",""
"сладкая клубника сорт какой лучше","11","16","Умеренная","https://malinaklubnika.ru/sorta/klubnika/","vkus","catalog_comparison","","","",""
"сорт клубники лорд фото и описание","11","12","Умеренная","https://malinaklubnika.ru/sorta/strawberry-lord/","seo-photo","cultivar_passport","","https://7dach.ru/Tanjeen/klubnichnyy-placdarm-nachalo-s-prodolzheniem-266576.html","https://7dach.ru/Tanjeen/klubnichnyy-placdarm-nachalo-s-prodolzheniem-266576.html; https://dachaotzyv.ru/klubnika-lord/","grower_diary; external_published_reader_accounts"
"сорт клубники максим","11","12","Умеренная","https://malinaklubnika.ru/sorta/strawberry-gigantella-maxim-tail/","seo-opisanie","cultivar_passport","","","",""
"сорт клубники мальвина фото и описание отзывы садоводов","11","12","Умеренная","https://malinaklubnika.ru/sorta/malvina/","otzyvy","cultivar_passport","","https://pmc.ncbi.nlm.nih.gov/articles/PMC11125040/#suppl_1","https://dachaotzyv.ru/klubnika-malvina/","external_published_reader_accounts"
"сорт малины гусар фото и описание","11","13","Умеренная","https://malinaklubnika.ru/sorta/gusar/","seo-photo","cultivar_passport","","https://7dach.ru/KatyaK/gusar-krupnaya-sladkaya-malina-moego-sada-228819.html","https://7dach.ru/KatyaK/gusar-krupnaya-sladkaya-malina-moego-sada-228819.html; https://dachaotzyv.ru/malina-gusar/","grower_diary; external_published_reader_accounts"
"сорта клубники с фотографиями и названиями и описанием для средней полосы россии","11","14","Умеренная","https://malinaklubnika.ru/zhurnal/kak-vybrat-sort-klubniki/","section-1","editorial_answer","","","",""
"сорта клубники устойчивые к серой гнили","11","27","Умеренная","https://malinaklubnika.ru/zhurnal/kak-vybrat-sort-klubniki/","section-1","editorial_answer","","","",""
"сорта ремонтантной клубники для подмосковья","11","15","Умеренная","https://malinaklubnika.ru/zhurnal/remontantnaya-klubnika/","section-3","editorial_answer","","","",""
"сорта черной малины","11","12","Умеренная","https://malinaklubnika.ru/zhurnal/chernaya-malina-kumberlend-vyrashchivanie-i-obrezka/","section-1","editorial_answer","","","",""
"способ посадки малины","11","5","Умеренная","https://malinaklubnika.ru/zhurnal/posadka-maliny/","section-1","editorial_answer","","","",""
"сроки посадки малины весной","11","12","Умеренная","https://malinaklubnika.ru/zhurnal/uhod-za-malinoi-vesnoi-posle-zimy/","section-1","editorial_answer","","","",""
"сроки посадки малины осенью","11","8","Умеренная","https://malinaklubnika.ru/zhurnal/osennyaya-posadka-maliny-sroki-i-podgotovka/","section-1","editorial_answer","","","",""
"таганка малина описание сорта","11","9","Умеренная","https://malinaklubnika.ru/sorta/taganka/","seo-opisanie","cultivar_passport","","https://dachaotzyv.ru/malina-taganka/","https://dachaotzyv.ru/malina-taganka/","external_published_reader_accounts"
"утолщение на стволе малины что это такое","11","10","Умеренная","https://malinaklubnika.ru/zhurnal/gallitsa-na-maline-vzdutiya/","section-1","editorial_answer","","","",""
"фестивальная клубника описание сорта фото отзывы","11","14","Умеренная","https://malinaklubnika.ru/sorta/festivalnaya/","otzyvy","cultivar_passport","","https://biosel.elpub.ru/jour/article/download/143/139#page=4","https://7dach.ru/panytany/klubnika-festivalnaya-vkus-detstva-133037.html; https://dachaotzyv.ru/klubnika-festivalnaya/","grower_diary; external_published_reader_accounts"
"флер клубника описание сорта","11","13","Умеренная","https://malinaklubnika.ru/sorta/strawberry-flair/","seo-opisanie","cultivar_passport","","https://dachaotzyv.ru/klubnika-fler/","https://dachaotzyv.ru/klubnika-fler/","external_published_reader_accounts"
"хорошие сорта клубники для подмосковья","11","20","Умеренная","https://malinaklubnika.ru/zhurnal/kak-vybrat-sort-klubniki/","section-1","editorial_answer","","","",""
"чем опрыскать малину осенью от вредителей и болезней на зиму","11","20","Умеренная","https://malinaklubnika.ru/zhurnal/bolezni-i-vrediteli-maliny-priznaki/","section-1","editorial_answer","","","",""
"что такое тибетская малина и можно ли ее есть","11","11","Умеренная","https://malinaklubnika.ru/zhurnal/tibetskaya-malina-kakoe-rastenie/","section-1","editorial_answer","","","",""
"эльсанта клубника описание сорта фото отзывы садоводов урожайность","11","18","Умеренная","https://malinaklubnika.ru/sorta/elsanta/","otzyvy","cultivar_passport","","https://commons.wikimedia.org/wiki/File:FraisesElsantaCLJWeber_(23307386409).jpg","https://dachaotzyv.ru/klubnika-elsanta/","external_published_reader_accounts"
"вима рина клубника описание сорта фото отзывы садоводов","10","15","Умеренная","https://malinaklubnika.ru/sorta/strawberry-vima-rina/","seo-reviews","cultivar_passport","photo; gardener_reviews","","",""
"делнива малина описание","10","5","Умеренная","https://malinaklubnika.ru/sorta/raspberry-delniwa/","seo-opisanie","cultivar_passport","","https://en.niwabrzezna.pl/wp-content/uploads/2023/03/Delniwa.s-300x225-1.webp","",""
"есть ли черная малина","10","4","Умеренная","https://malinaklubnika.ru/zhurnal/chernaya-malina-kumberlend-vyrashchivanie-i-obrezka/","section-1","editorial_answer","","","",""
"земклуника купчиха фото","10","10","Умеренная","https://malinaklubnika.ru/sorta/kupchikha/","seo-photo","cultivar_passport","","https://7dach.ru/bajenovasveta/zemklunika-kupchiha_2-224899.html","https://7dach.ru/bajenovasveta/zemklunika-kupchiha_2-224899.html; https://dachaotzyv.ru/klubnika-kupchiha/","grower_diary; external_published_reader_accounts"
"земляника роксана","10","4","Умеренная","https://malinaklubnika.ru/sorta/strawberry-roxana/","seo-opisanie","cultivar_passport","","https://dachaotzyv.ru/klubnika-roksana/","https://dachaotzyv.ru/klubnika-roksana/","external_published_reader_accounts"
"какие сорта клубники лучше посадить в подмосковье","10","14","Умеренная","https://malinaklubnika.ru/zhurnal/posadka-klubniki/","section-1","editorial_answer","","","",""
"какие сорта клубники ранние","10","11","Умеренная","https://malinaklubnika.ru/zhurnal/kak-vybrat-sort-klubniki/","section-1","editorial_answer","","","",""
"какие сорта клубники самые лучшие для подмосковья","10","13","Умеренная","https://malinaklubnika.ru/zhurnal/kak-vybrat-sort-klubniki/","section-1","editorial_answer","","","",""
"какие сорта малины лучше сажать в ленинградской области","10","21","Умеренная","https://malinaklubnika.ru/zhurnal/sorta-maliny-dlya-podmoskovya-kak-vybrat/","section-1","editorial_answer","","","",""
"какой сорт малины выбрать для посадки","10","11","Умеренная","https://malinaklubnika.ru/zhurnal/posadka-maliny/","section-1","editorial_answer","","","",""
"клубника априка описание сорта фото отзывы садоводов","10","14","Умеренная","https://malinaklubnika.ru/sorta/aprika/","otzyvy","cultivar_passport","gardener_reviews","https://pmc.ncbi.nlm.nih.gov/articles/PMC11125040/","",""
"клубника априка описание сорта фото отзывы садоводов форум садоводов","10","18","Умеренная","https://malinaklubnika.ru/sorta/aprika/","otzyvy","cultivar_passport","gardener_reviews","https://pmc.ncbi.nlm.nih.gov/articles/PMC11125040/","",""
"клубника априка фото и описание","10","11","Умеренная","https://malinaklubnika.ru/sorta/aprika/","seo-photo","cultivar_passport","","https://pmc.ncbi.nlm.nih.gov/articles/PMC11125040/","",""
"клубника гигант описание сорта","10","11","Умеренная","https://malinaklubnika.ru/zhurnal/nazvaniya-klubniki-elizaveta-aprika-i-oshibki/","section-6","editorial_answer","","","",""
"клубника дарселект описание сорта фото отзывы садоводов урожайность","10","18","Умеренная","https://malinaklubnika.ru/sorta/strawberry-darselect/","seo-reviews","cultivar_passport","","https://dachaotzyv.ru/klubnika-darselekt/","https://dachaotzyv.ru/klubnika-darselekt/","external_published_reader_accounts"
"клубника для подмосковья для открытого грунта лучшие сорта","10","20","Умеренная","https://malinaklubnika.ru/sorta/klubnika/regiony/","region-3","regional_admissions_and_trials","","","",""
"клубника елизавета 2 описание сорта фото","10","16","Умеренная","https://malinaklubnika.ru/sorta/elizaveta-2/","seo-photo","cultivar_passport","","https://7dach.ru/gala1753/korolevskaya-yagoda-1886.html","https://7dach.ru/gala1753/korolevskaya-yagoda-1886.html","grower_diary"
"клубника елизавета описание сорта фото отзывы садоводов","10","11","Умеренная","https://malinaklubnika.ru/zhurnal/nazvaniya-klubniki-elizaveta-aprika-i-oshibki/","section-1","editorial_answer","photo; gardener_reviews","","",""
"клубника ирма описание сорта","10","12","Умеренная","https://malinaklubnika.ru/sorta/strawberry-irma/","seo-opisanie","cultivar_passport","","https://dachaotzyv.ru/klubnika-irma/","https://dachaotzyv.ru/klubnika-irma/","external_published_reader_accounts"
"клубника кент описание сорта фото отзывы","10","15","Умеренная","https://malinaklubnika.ru/sorta/strawberry-kent/","seo-reviews","cultivar_passport","","https://dachaotzyv.ru/klubnika-kent/","https://dachaotzyv.ru/klubnika-kent/","external_published_reader_accounts"
"клубника клери описание сорта отзывы","10","12","Умеренная","https://malinaklubnika.ru/sorta/kleri/","otzyvy","cultivar_passport","","https://commons.wikimedia.org/wiki/File:Clery_Gartenerdbeere.JPG","https://dachaotzyv.ru/klubnika-kleri/","external_published_reader_accounts"
"клубника крупная и сладкая сорта","10","13","Умеренная","https://malinaklubnika.ru/sorta/klubnika/","razmer","catalog_comparison","","","",""
"клубника лакомка описание сорта фото отзывы садоводов","10","11","Умеренная","https://malinaklubnika.ru/sorta/strawberry-lakomka-vir/","seo-reviews","cultivar_passport","photo; gardener_reviews","","",""
"клубника лималексия описание сорта","10","11","Умеренная","https://malinaklubnika.ru/sorta/strawberry-limalexia/","seo-opisanie","cultivar_passport","","","",""
"клубника мамочка описание сорта","10","14","Умеренная","https://malinaklubnika.ru/sorta/strawberry-mamochka-vniispk-study/","seo-opisanie","cultivar_passport","","","",""
"клубника московский деликатес описание сорта","10","12","Умеренная","https://malinaklubnika.ru/sorta/strawberry-moscow-delicacy-trade/","seo-opisanie","cultivar_passport","","https://dachaotzyv.ru/klubnika-moskovskij-delikates/","https://dachaotzyv.ru/klubnika-moskovskij-delikates/","external_published_reader_accounts"
"клубника поздняя лучшие сорта","10","18","Умеренная","https://malinaklubnika.ru/sorta/klubnika/","sroki","catalog_comparison","","","",""
"клубника польше описание сорта","10","12","Умеренная","https://malinaklubnika.ru/zhurnal/nazvaniya-klubniki-elizaveta-aprika-i-oshibki/","section-5","editorial_answer","","","",""
"клубника солнечная поляна описание сорта","10","12","Умеренная","https://malinaklubnika.ru/sorta/strawberry-solnechnaya-polyanka-krasnoyarsk/","seo-opisanie","cultivar_passport","","","",""
"клубника сорт купчиха описание и фото отзывы садоводов","10","14","Умеренная","https://malinaklubnika.ru/sorta/kupchikha/","seo-reviews","cultivar_passport","","https://7dach.ru/bajenovasveta/zemklunika-kupchiha_2-224899.html","https://7dach.ru/bajenovasveta/zemklunika-kupchiha_2-224899.html; https://dachaotzyv.ru/klubnika-kupchiha/","grower_diary; external_published_reader_accounts"
"клубника сорта с фото","10","17","Умеренная","https://malinaklubnika.ru/sorta/klubnika/","catalog","catalog_comparison","","","",""
"клубника черный лебедь описание сорта фото отзывы","10","14","Умеренная","https://malinaklubnika.ru/sorta/strawberry-black-swan/","seo-reviews","cultivar_passport","photo; gardener_reviews","","",""
"коричневые пятна на листьях клубники что это такое","10","10","Умеренная","https://malinaklubnika.ru/zhurnal/bolezni-klubniki-priznaki-i-proverka/","section-2","editorial_answer","","","",""
"красная гвардия малина описание сорта","10","9","Умеренная","https://malinaklubnika.ru/sorta/raspberry-krasnaya-gvardiya/","seo-opisanie","cultivar_passport","","https://dachaotzyv.ru/malina-krasnaya-gvardiya/","https://dachaotzyv.ru/malina-krasnaya-gvardiya/","external_published_reader_accounts"
"красные пятна на листьях клубники что это такое и как бороться с этим","10","10","Умеренная","https://malinaklubnika.ru/zhurnal/bolezni-klubniki-priznaki-i-proverka/","section-2","editorial_answer","","","",""
"лучшие сорта клубники для ленобласти","10","15","Умеренная","https://malinaklubnika.ru/zhurnal/kak-vybrat-sort-klubniki/","section-1","editorial_answer","","","",""
"лучшие сорта клубники для подмосковья для открытого грунта крупноплодные сладкие сорта с фото отзывы","10","17","Умеренная","https://malinaklubnika.ru/zhurnal/kak-vybrat-sort-klubniki/","section-1","editorial_answer","","","",""
"лучшие сорта клубники для приморского края","10","22","Умеренная","https://malinaklubnika.ru/zhurnal/kak-vybrat-sort-klubniki/","section-1","editorial_answer","","","",""
"лучшие сорта малины для башкирии крупные сладкие","10","16","Умеренная","https://malinaklubnika.ru/zhurnal/sorta-maliny-dlya-podmoskovya-kak-vybrat/","section-1","editorial_answer","","","",""
"лучшие сорта малины для самарской области","10","18","Умеренная","https://malinaklubnika.ru/zhurnal/sorta-maliny-dlya-podmoskovya-kak-vybrat/","section-1","editorial_answer","","","",""
"малина глен ди описание сорта","10","12","Умеренная","https://malinaklubnika.ru/sorta/raspberry-glen-dee/","seo-opisanie","cultivar_passport","","https://www.hutton.ac.uk/wp-content/uploads/2026/06/Glen-Dee.jpg","",""
"малина гусар описание фото отзывы особенности","10","10","Умеренная","https://malinaklubnika.ru/sorta/gusar/","otzyvy","cultivar_passport","","https://7dach.ru/KatyaK/gusar-krupnaya-sladkaya-malina-moego-sada-228819.html","https://7dach.ru/KatyaK/gusar-krupnaya-sladkaya-malina-moego-sada-228819.html; https://dachaotzyv.ru/malina-gusar/","grower_diary; external_published_reader_accounts"
"малина имара описание сорта","10","10","Умеренная","https://malinaklubnika.ru/sorta/raspberry-imara/","seo-opisanie","cultivar_passport","","","",""
"малина калининградская описание сорта фото отзывы","10","13","Умеренная","https://malinaklubnika.ru/sorta/raspberry-kaliningradskaya/","seo-reviews","cultivar_passport","","https://dachaotzyv.ru/malina-kaliningradskaya/","https://dachaotzyv.ru/malina-kaliningradskaya/","external_published_reader_accounts"
"малина карамелька описание сорта отзывы","10","13","Умеренная","https://malinaklubnika.ru/sorta/karamelka/","otzyvy","cultivar_passport","","https://7dach.ru/user_7878_SveKle/malina-karamelka-kto-vyraschivaet-podelites-vpechatleniyami-296146.html","https://7dach.ru/user_7878_SveKle/malina-karamelka-kto-vyraschivaet-podelites-vpechatleniyami-296146.html; https://dachaotzyv.ru/malina-karamelka/","grower_diary; external_published_reader_accounts"
"малина китайская фото","10","8","Умеренная","https://malinaklubnika.ru/zhurnal/tibetskaya-malina-kakoe-rastenie/","section-5","editorial_answer","","","",""
"малина краса россии описание сорта фото отзывы садоводов","10","7","Умеренная","https://malinaklubnika.ru/sorta/krasa-rossii/","otzyvy","cultivar_passport","","https://dachaotzyv.ru/malina-krasa-rossii/","https://dachaotzyv.ru/malina-krasa-rossii/","external_published_reader_accounts"
"малина лашка описание сорта","10","5","Умеренная","https://malinaklubnika.ru/sorta/raspberry-laszka/","seo-opisanie","cultivar_passport","","","",""
"малина лучшие сорта","10","14","Умеренная","https://malinaklubnika.ru/sorta/malina/","catalog","catalog_comparison","","","",""
"малина мапема описание сорта фото отзывы садоводов урожайность","10","19","Умеренная","https://malinaklubnika.ru/sorta/raspberry-mapema/","seo-reviews","cultivar_passport","gardener_reviews","https://www.advancedplants.nl/wp-content/uploads/2018/01/Mapema-1.jpg","",""
"малина метеор описание сорта фото отзывы","10","14","Умеренная","https://malinaklubnika.ru/sorta/meteor/","otzyvy","cultivar_passport","photo","","https://dachaotzyv.ru/malina-meteor/","external_published_reader_accounts"
"малина обработка весной от вредителей и болезней","10","12","Умеренная","https://malinaklubnika.ru/zhurnal/bolezni-i-vrediteli-maliny-priznaki/","section-5","editorial_answer","","","",""
"малина пересвет описание","10","6","Умеренная","https://malinaklubnika.ru/sorta/peresvet/","seo-opisanie","cultivar_passport","","https://dachaotzyv.ru/malina-peresvet/","https://dachaotzyv.ru/malina-peresvet/","external_published_reader_accounts"
"малина полана описание сорта фото отзывы садоводов","10","11","Умеренная","https://malinaklubnika.ru/sorta/polana/","otzyvy","cultivar_passport","","https://commons.wikimedia.org/wiki/File:Polana-malina.jpg","https://dachaotzyv.ru/malina-polana/","external_published_reader_accounts"
"малина похвалинка описание сорта фото отзывы","10","15","Умеренная","https://malinaklubnika.ru/sorta/pohvalinka/","otzyvy","cultivar_passport","photo; gardener_reviews","","",""
"малина прималба описание сорта","10","14","Умеренная","https://malinaklubnika.ru/sorta/raspberry-primalba/","seo-opisanie","cultivar_passport","","","",""
"малина ремонтантная лучшие сорта","10","15","Умеренная","https://malinaklubnika.ru/sorta/malina/","tipy","catalog_comparison","","","",""
"малина самохвал отзывы","10","12","Умеренная","https://malinaklubnika.ru/sorta/samohval/","otzyvy","cultivar_passport","gardener_reviews","","",""
"малина сорт","10","6","Умеренная","https://malinaklubnika.ru/sorta/malina/","catalog","catalog_comparison","","","",""
"малина тадмор","10","8","Умеренная","https://malinaklubnika.ru/sorta/raspberry-tadmor/","seo-opisanie","cultivar_passport","","https://dachaotzyv.ru/malina-tadmor/","https://dachaotzyv.ru/malina-tadmor/","external_published_reader_accounts"
"малина уход и выращивание в открытом грунте","10","12","Умеренная","https://malinaklubnika.ru/zhurnal/uhod-za-malinoi-v-techenie-sezona/","section-1","editorial_answer","","","",""
"малина херитейдж описание сорта фото","10","9","Умеренная","https://malinaklubnika.ru/sorta/heritage/","seo-photo","cultivar_passport","","https://www.flickr.com/photos/graibeard/3220923545/","https://dachaotzyv.ru/malina-heritejdzh/","external_published_reader_accounts"
"малина штамбовая что это такое фото","10","10","Умеренная","https://malinaklubnika.ru/zhurnal/uhod-za-malinoi-v-techenie-sezona/","section-5","editorial_answer","","","",""
"на малине коричневые пятна","10","12","Умеренная","https://malinaklubnika.ru/zhurnal/bolezni-i-vrediteli-maliny-priznaki/","section-2","editorial_answer","","","",""
"обработка малины от вредителей весной","10","9","Умеренная","https://malinaklubnika.ru/zhurnal/bolezni-i-vrediteli-maliny-priznaki/","section-5","editorial_answer","","","",""
"посадка и уход за малиной","10","10","Умеренная","https://malinaklubnika.ru/zhurnal/uhod-za-malinoi-v-techenie-sezona/","section-1","editorial_answer","","","",""
"посадка малины в краснодарском крае","10","11","Умеренная","https://malinaklubnika.ru/zhurnal/posadka-maliny/","section-1","editorial_answer","","","",""
"посадка малины осенью в подмосковье как правильно","10","11","Умеренная","https://malinaklubnika.ru/zhurnal/osennyaya-posadka-maliny-sroki-i-podgotovka/","section-1","editorial_answer","","","",""
"ранние сорта клубники для подмосковья с фото и описанием","10","15","Умеренная","https://malinaklubnika.ru/zhurnal/kak-vybrat-sort-klubniki/","section-1","editorial_answer","","","",""
"расстояние между кустами малины при посадке в один ряд","10","4","Умеренная","https://malinaklubnika.ru/zhurnal/rasstoyanie-posadki-maliny-i-pervyi-urozhai/","section-1","editorial_answer","","","",""
"самая вкусная клубника сорта","10","17","Умеренная","https://malinaklubnika.ru/sorta/klubnika/","vkus","catalog_comparison","","","",""
"самые сладкие сорта клубники для ленинградской области","10","20","Умеренная","https://malinaklubnika.ru/zhurnal/kak-vybrat-sort-klubniki/","section-1","editorial_answer","","","",""
"сказка малина описание сорта","10","10","Умеренная","https://malinaklubnika.ru/sorta/malina-skazka/","seo-opisanie","cultivar_passport","","https://dachaotzyv.ru/malina-skazka/","https://dachaotzyv.ru/malina-skazka/","external_published_reader_accounts"
"сладкие сорта клубники для подмосковья для открытого грунта","10","16","Умеренная","https://malinaklubnika.ru/zhurnal/kak-vybrat-sort-klubniki/","section-1","editorial_answer","","","",""
"сорт клубники елизавета 2 фото и описание","10","12","Умеренная","https://malinaklubnika.ru/sorta/elizaveta-2/","seo-photo","cultivar_passport","","https://7dach.ru/gala1753/korolevskaya-yagoda-1886.html","https://7dach.ru/gala1753/korolevskaya-yagoda-1886.html","grower_diary"
"сорт клубники кабрилло фото и описание","10","12","Умеренная","https://malinaklubnika.ru/sorta/cabrillo/","seo-photo","cultivar_passport","","https://pmc.ncbi.nlm.nih.gov/articles/PMC8728004/","https://klubnika24.ru/obsuzhdenie-sorta-klubniki-kabrillo","external_published_reader_accounts"
"сорт клубники машенька фото и описание","10","16","Умеренная","https://malinaklubnika.ru/sorta/mashenka/","seo-photo","cultivar_passport","","https://dachaotzyv.ru/klubnika-mashenka/","https://dachaotzyv.ru/klubnika-mashenka/","external_published_reader_accounts"
"сорт малины полька фото и описание","10","12","Умеренная","https://malinaklubnika.ru/sorta/polka/","seo-photo","cultivar_passport","","https://pmc.ncbi.nlm.nih.gov/articles/PMC10673471/#metabolites-13-01124-f001","https://dachaotzyv.ru/malina-polka/","external_published_reader_accounts"
"сорта виктории для сибири","10","13","Умеренная","https://malinaklubnika.ru/sorta/klubnika/regiony/","region-10","regional_admissions_and_trials","","","",""
"сорта клубники по алфавиту с фото от а до я","10","22","Умеренная","https://malinaklubnika.ru/zhurnal/kak-vybrat-sort-klubniki/","section-1","editorial_answer","","","",""
"сорта малины для ленинградской области лучшие","10","20","Умеренная","https://malinaklubnika.ru/zhurnal/sorta-maliny-dlya-podmoskovya-kak-vybrat/","section-1","editorial_answer","","","",""
"сроки посадки малины","10","10","Умеренная","https://malinaklubnika.ru/zhurnal/posadka-maliny/","section-1","editorial_answer","","","",""
"таганка малина описание сорта фото отзывы","10","9","Умеренная","https://malinaklubnika.ru/sorta/taganka/","seo-reviews","cultivar_passport","","https://dachaotzyv.ru/malina-taganka/","https://dachaotzyv.ru/malina-taganka/","external_published_reader_accounts"
"тибетская малина описание и фото","10","13","Умеренная","https://malinaklubnika.ru/zhurnal/tibetskaya-malina-kakoe-rastenie/","section-2","editorial_answer","","","",""
"флоренс клубника описание сорта фото отзывы","10","11","Умеренная","https://malinaklubnika.ru/sorta/strawberry-florence/","seo-reviews","cultivar_passport","","https://7dach.ru/Svet-Kara/ya-klubniku-florens-posadila-vsem-lyubitelyam-klubniki-ugodila-257949.html","https://7dach.ru/Svet-Kara/ya-klubniku-florens-posadila-vsem-lyubitelyam-klubniki-ugodila-257949.html; https://dachaotzyv.ru/klubnika-florens/","grower_diary; external_published_reader_accounts"
"чем обработать малину от вредителей весной","10","14","Умеренная","https://malinaklubnika.ru/zhurnal/bolezni-i-vrediteli-maliny-priznaki/","section-5","editorial_answer","","","",""
"что такое малиновое дерево как растет","10","10","Умеренная","https://malinaklubnika.ru/zhurnal/malinovoe-derevo-tarusa/","section-1","editorial_answer","","","",""
"что такое тибетская малина фото и описание","10","10","Умеренная","https://malinaklubnika.ru/zhurnal/tibetskaya-malina-kakoe-rastenie/","section-2","editorial_answer","","","",""
"шарлотта клубника описание сорта","10","10","Умеренная","https://malinaklubnika.ru/sorta/strawberry-charlotte/","seo-opisanie","cultivar_passport","","https://dachaotzyv.ru/klubnika-sharlotta/","https://dachaotzyv.ru/klubnika-sharlotta/","external_published_reader_accounts"
"шишки на стволе малины что это такое и как бороться","10","10","Умеренная","https://malinaklubnika.ru/zhurnal/gallitsa-na-maline-vzdutiya/","section-1","editorial_answer","","","",""
"болезни малины описание с фотографиями на листьях и способы","9","16","Умеренная","https://malinaklubnika.ru/zhurnal/bolezni-i-vrediteli-maliny-priznaki/","section-1","editorial_answer","","","",""
"брилла клубника описание сорта фото отзывы садоводов","9","18","Умеренная","https://malinaklubnika.ru/sorta/brilla/","otzyvy","cultivar_passport","photo; gardener_reviews","","",""
"виды малины фото и название","9","10","Умеренная","https://malinaklubnika.ru/zhurnal/vidy-maliny-nazvaniya-i-fotografii/","section-1","editorial_answer","","","",""
"виктория первоклассница описание сорта","9","9","Умеренная","https://malinaklubnika.ru/sorta/strawberry-pervoklassnitsa/","seo-opisanie","cultivar_passport","","","",""
"виктория цунаки описание","9","8","Умеренная","https://malinaklubnika.ru/sorta/strawberry-victoria/","seo-opisanie","cultivar_passport","","https://dachaotzyv.ru/klubnika-viktoriya/","https://dachaotzyv.ru/klubnika-viktoriya/","external_published_reader_accounts"
"вима занта клубника описание сорта фото отзывы садоводов","9","12","Умеренная","https://malinaklubnika.ru/sorta/strawberry-vima-zanta/","seo-reviews","cultivar_passport","","https://dachaotzyv.ru/klubnika-vima-zanta/","https://dachaotzyv.ru/klubnika-vima-zanta/","external_published_reader_accounts"
"джоли сорт клубники описание отзывы фото","9","13","Умеренная","https://malinaklubnika.ru/sorta/dzholi/","otzyvy","cultivar_passport","","https://patents.google.com/patent/USPP23126P3/en","https://dachaotzyv.ru/klubnika-dzholi/","external_published_reader_accounts"
"земляника садовая азия описание сорта","9","8","Умеренная","https://malinaklubnika.ru/sorta/aziya/","seo-opisanie","cultivar_passport","","https://horticulturejournal.usamv.ro/pdf/2024/issue_1/Art2.pdf#page=3","https://7dach.ru/Roselin/klubnika-aziya-moi-vpechatleniya-pervyy-opyt-302706.html; https://dachaotzyv.ru/klubnika-aziya/","grower_diary; external_published_reader_accounts"
"зимостойкие сорта клубники для сибири","9","20","Умеренная","https://malinaklubnika.ru/zhurnal/kak-vybrat-sort-klubniki/","section-1","editorial_answer","","","",""
"зюгана малина описание сорта отзывы","9","7","Умеренная","https://malinaklubnika.ru/sorta/raspberry-sugana/","seo-reviews","cultivar_passport","","https://www.luberaedibles.com/cdn/shop/products/Rubus_Twotimer__Sugana_1_550x550.jpg?v=1675066659","https://dachaotzyv.ru/malina-zyugana/","external_published_reader_accounts"
"какие сорта клубники самые сладкие и крупные для средней полосы","9","17","Умеренная","https://malinaklubnika.ru/zhurnal/kak-vybrat-sort-klubniki/","section-1","editorial_answer","","","",""
"какой сорт малины самый крупный и сладкий","9","17","Умеренная","https://malinaklubnika.ru/sorta/malina/","razmer","catalog_comparison","","","",""
"клубника альбион описание сорта фото отзывы садоводов урожайность характеристика и описание","9","11","Умеренная","https://malinaklubnika.ru/sorta/albion/","otzyvy","cultivar_passport","","https://pmc.ncbi.nlm.nih.gov/articles/PMC8909511/#foods-11-00640-f001","https://7dach.ru/Bernata/klubnika-albion-avantyurnaya-ideya-uvenchavshayasya-uspehom-291485.html; https://7dach.ru/xena1505/sadovaya-zemlyanika-vne-sezona-4089.html; https://dachaotzyv.ru/klubnika-albion/","grower_diary; external_published_reader_accounts"
"клубника антей описание сорта","9","11","Умеренная","https://malinaklubnika.ru/sorta/strawberry-antei-arifova-study/","seo-opisanie","cultivar_passport","","","",""
"клубника брайтон описание сорта","9","11","Умеренная","https://malinaklubnika.ru/sorta/strawberry-brighton-uc/","seo-opisanie","cultivar_passport","","","",""
"клубника брилла описание сорта фото","9","11","Умеренная","https://malinaklubnika.ru/sorta/brilla/","seo-photo","cultivar_passport","photo","","",""
"клубника гирлянда описание сорта фото отзывы","9","13","Умеренная","https://malinaklubnika.ru/sorta/strawberry-garland-trade-name/","seo-reviews","cultivar_passport","photo; gardener_reviews","","",""
"клубника для бизнеса лучшие сорта","9","10","Умеренная","https://malinaklubnika.ru/zhurnal/kak-vybrat-i-kupit-sazhency-maliny-i-klubniki/","section-3","editorial_answer","","","",""
"клубника зинга зинга фото описание и отзывы","9","8","Умеренная","https://malinaklubnika.ru/sorta/strawberry-zenga-zengana-trial/","seo-reviews","cultivar_passport","photo; gardener_reviews","","",""
"клубника квики описание сорта фото отзывы садоводов","9","17","Умеренная","https://malinaklubnika.ru/sorta/strawberry-quicky/","seo-reviews","cultivar_passport","photo; gardener_reviews","","",""
"клубника магнус описание сорта фото отзывы","9","12","Умеренная","https://malinaklubnika.ru/sorta/magnus/","otzyvy","cultivar_passport","photo; gardener_reviews","","",""
"клубника мальвина описание сорта фото отзывы садоводов урожайность характеристика и описание","9","12","Умеренная","https://malinaklubnika.ru/sorta/malvina/","otzyvy","cultivar_passport","","https://pmc.ncbi.nlm.nih.gov/articles/PMC11125040/#suppl_1","https://dachaotzyv.ru/klubnika-malvina/","external_published_reader_accounts"
"клубника маригет описание сорта фото отзывы садоводов урожайность","9","18","Умеренная","https://malinaklubnika.ru/sorta/strawberry-mariguette/","seo-reviews","cultivar_passport","photo; gardener_reviews","","",""
"клубника сорта для подмосковья урожайные лучшие","9","14","Умеренная","https://malinaklubnika.ru/sorta/klubnika/regiony/","region-3","regional_admissions_and_trials","","","",""
"клубника фенелла описание сорта","9","11","Умеренная","https://malinaklubnika.ru/sorta/strawberry-fenella/","seo-opisanie","cultivar_passport","","","",""
"клубника флорида бьюти описание сорта фото отзывы садоводов урожайность","9","18","Умеренная","https://malinaklubnika.ru/sorta/strawberry-florida-beauty/","seo-reviews","cultivar_passport","photo; gardener_reviews","","",""
"куда сажать малину на дачном участке","9","7","Умеренная","https://malinaklubnika.ru/zhurnal/posadka-maliny/","section-1","editorial_answer","","","",""
"листья малины как обожженные что это такое","9","9","Умеренная","https://malinaklubnika.ru/zhurnal/listya-maliny-kak-vyglyadyat/","section-2","editorial_answer","","","",""
"лия сахарная клубника описание сорта и отзывы","9","18","Умеренная","https://malinaklubnika.ru/sorta/strawberry-sugar-lia/","seo-reviews","cultivar_passport","gardener_reviews","","",""
"лучшие сорта клубники для карелии","9","18","Умеренная","https://malinaklubnika.ru/zhurnal/kak-vybrat-sort-klubniki/","section-1","editorial_answer","","","",""
"лучшие сорта клубники ремонтантной","9","19","Умеренная","https://malinaklubnika.ru/zhurnal/kak-vybrat-sort-klubniki/","section-1","editorial_answer","","","",""
"лучшие сорта малины для ростовской области с фото и описанием","9","16","Умеренная","https://malinaklubnika.ru/zhurnal/sorta-maliny-dlya-podmoskovya-kak-vybrat/","section-1","editorial_answer","","","",""
"лучшие сорта малины для ярославской области","9","17","Умеренная","https://malinaklubnika.ru/zhurnal/sorta-maliny-dlya-podmoskovya-kak-vybrat/","section-1","editorial_answer","","","",""
"лучшие сорта ремонтантной клубники для сибири","9","19","Умеренная","https://malinaklubnika.ru/zhurnal/remontantnaya-klubnika/","section-3","editorial_answer","","","",""
"лучшие сорта ремонтантной малины желтой","9","10","Умеренная","https://malinaklubnika.ru/sorta/malina/","tipy","catalog_comparison","","","",""
"малина аврора описание сорта","9","10","Умеренная","https://malinaklubnika.ru/sorta/raspberry-aurora/","seo-opisanie","cultivar_passport","","","",""
"малина арбат описание сорта","9","11","Умеренная","https://malinaklubnika.ru/sorta/raspberry-arbat/","seo-opisanie","cultivar_passport","","https://dachaotzyv.ru/malina-arbat/","https://dachaotzyv.ru/malina-arbat/","external_published_reader_accounts"
"малина бенефис","9","7","Умеренная","https://malinaklubnika.ru/sorta/raspberry-benefis/","seo-opisanie","cultivar_passport","","","",""
"малина гусар описание сорта фото отзывы садоводов урожайность характеристика и описание сорта","9","14","Умеренная","https://malinaklubnika.ru/sorta/gusar/","otzyvy","cultivar_passport","","https://7dach.ru/KatyaK/gusar-krupnaya-sladkaya-malina-moego-sada-228819.html","https://7dach.ru/KatyaK/gusar-krupnaya-sladkaya-malina-moego-sada-228819.html; https://dachaotzyv.ru/malina-gusar/","grower_diary; external_published_reader_accounts"
"малина евразия описание сорта","9","11","Умеренная","https://malinaklubnika.ru/sorta/evraziya/","seo-opisanie","cultivar_passport","","https://rastisad.ru/malina/3505","https://dachaotzyv.ru/malina-evraziya/","external_published_reader_accounts"
"малина изобильная казакова описание сорта","9","8","Умеренная","https://malinaklubnika.ru/sorta/izobilnaya/","seo-opisanie","cultivar_passport","","https://dachaotzyv.ru/malina-izobilnaya/","https://dachaotzyv.ru/malina-izobilnaya/","external_published_reader_accounts"
"малина киржач описание сорта","9","10","Умеренная","https://malinaklubnika.ru/sorta/raspberry-kirzhach/","seo-opisanie","cultivar_passport","","","",""
"малина конек горбунок описание сорта фото отзывы садоводов","9","13","Умеренная","https://malinaklubnika.ru/sorta/raspberry-konek-gorbunok/","seo-reviews","cultivar_passport","photo; gardener_reviews","","",""
"малина король ночи описание сорта","9","15","Умеренная","https://malinaklubnika.ru/sorta/raspberry-korol-nochi-trade/","seo-opisanie","cultivar_passport","","","",""
"малина красная королева отзывы","9","14","Умеренная","https://malinaklubnika.ru/sorta/raspberry-krasnaya-koroleva/","seo-reviews","cultivar_passport","gardener_reviews","","",""
"малина подарок казакова описание сорта","9","9","Умеренная","https://malinaklubnika.ru/sorta/poklon-kazakovu/","seo-opisanie","cultivar_passport","","https://ferma.expert/rasteniya/kustarniki/malina/poklon-kazakovu/","https://dachaotzyv.ru/malina-poklon-kazakovu/","external_published_reader_accounts"
"малина полана описание сорта фото","9","8","Умеренная","https://malinaklubnika.ru/sorta/polana/","seo-photo","cultivar_passport","","https://commons.wikimedia.org/wiki/File:Polana-malina.jpg","https://dachaotzyv.ru/malina-polana/","external_published_reader_accounts"
"малина полка описание сорта фото отзывы садоводов урожайность","9","13","Умеренная","https://malinaklubnika.ru/sorta/polka/","otzyvy","cultivar_passport","","https://pmc.ncbi.nlm.nih.gov/articles/PMC10673471/#metabolites-13-01124-f001","https://dachaotzyv.ru/malina-polka/","external_published_reader_accounts"
"малина посадка и уход в открытом грунте для новичков","9","7","Умеренная","https://malinaklubnika.ru/zhurnal/posadka-maliny/","section-1","editorial_answer","","","",""
"малина тайская","9","6","Умеренная","https://malinaklubnika.ru/zhurnal/tibetskaya-malina-kakoe-rastenie/","section-5","editorial_answer","","","",""
"малина терентий описание сорта фото отзывы","9","18","Умеренная","https://malinaklubnika.ru/sorta/raspberry-terentiy/","seo-reviews","cultivar_passport","","https://dachaotzyv.ru/malina-terentij/","https://dachaotzyv.ru/malina-terentij/","external_published_reader_accounts"
"малина фиана описание сорта","9","11","Умеренная","https://malinaklubnika.ru/sorta/raspberry-fiana-trade/","seo-opisanie","cultivar_passport","","","",""
"малиновое дерево что это фото","9","11","Умеренная","https://malinaklubnika.ru/zhurnal/malinovoe-derevo-tarusa/","section-1","editorial_answer","","","",""
"наросты на стебле малины что это такое","9","9","Умеренная","https://malinaklubnika.ru/zhurnal/gallitsa-na-maline-vzdutiya/","section-1","editorial_answer","","","",""
"посадка и сбор малины","9","10","Умеренная","https://malinaklubnika.ru/zhurnal/posadka-maliny/","section-1","editorial_answer","","","",""
"посадка малины расстояние","9","7","Умеренная","https://malinaklubnika.ru/zhurnal/rasstoyanie-posadki-maliny-i-pervyi-urozhai/","section-1","editorial_answer","","","",""
"ранняя клубника лучшие сорта","9","15","Умеренная","https://malinaklubnika.ru/sorta/klubnika/","sroki","catalog_comparison","","","",""
"ремонтантная клубника для подмосковья лучшие сорта","9","17","Умеренная","https://malinaklubnika.ru/zhurnal/remontantnaya-klubnika/","section-3","editorial_answer","","","",""
"рубиновый кулон клубника описание сорта отзывы садоводов","9","13","Умеренная","https://malinaklubnika.ru/sorta/strawberry-ruby-pendant/","seo-reviews","cultivar_passport","","https://dachaotzyv.ru/klubnika-rubinovyj-kulon/","https://dachaotzyv.ru/klubnika-rubinovyj-kulon/","external_published_reader_accounts"
"самохвал малина описание сорта","9","10","Умеренная","https://malinaklubnika.ru/sorta/samohval/","seo-opisanie","cultivar_passport","","","",""
"самый ранний сорт клубники","9","11","Умеренная","https://malinaklubnika.ru/zhurnal/kak-vybrat-sort-klubniki/","section-1","editorial_answer","","","",""
"самый сладкий сорт клубники для средней полосы","9","14","Умеренная","https://malinaklubnika.ru/zhurnal/kak-vybrat-sort-klubniki/","section-1","editorial_answer","","","",""
"сорт клубники джоли фото и описание","9","12","Умеренная","https://malinaklubnika.ru/sorta/dzholi/","seo-photo","cultivar_passport","","https://patents.google.com/patent/USPP23126P3/en","https://dachaotzyv.ru/klubnika-dzholi/","external_published_reader_accounts"
"сорт клубники зенга зенгана фото и описание","9","11","Умеренная","https://malinaklubnika.ru/sorta/zenga-zengana/","seo-photo","cultivar_passport","","https://commons.wikimedia.org/wiki/File:Fragaria_ananassa_Senga_Sengana_2023-06-12_7456.jpg","https://dachaotzyv.ru/klubnika-zenga-zengana/","external_published_reader_accounts"
"сорта клубники для краснодарского края фото с названием","9","18","Умеренная","https://malinaklubnika.ru/zhurnal/kak-vybrat-sort-klubniki/","section-1","editorial_answer","","","",""
"сорта клубники для приморского края","9","15","Умеренная","https://malinaklubnika.ru/zhurnal/kak-vybrat-sort-klubniki/","section-1","editorial_answer","","","",""
"сорта малины для ростовской области","9","13","Умеренная","https://malinaklubnika.ru/zhurnal/sorta-maliny-dlya-podmoskovya-kak-vybrat/","section-1","editorial_answer","","","",""
"тибетская малина фото и описание кустарника плоды отзывы","9","12","Умеренная","https://malinaklubnika.ru/zhurnal/tibetskaya-malina-kakoe-rastenie/","section-4","editorial_answer","","","",""
"урожайные сорта клубники для северо запада","9","11","Умеренная","https://malinaklubnika.ru/zhurnal/kak-vybrat-sort-klubniki/","section-1","editorial_answer","","","",""
"херитейдж малина описание","9","9","Умеренная","https://malinaklubnika.ru/sorta/heritage/","seo-opisanie","cultivar_passport","","https://www.flickr.com/photos/graibeard/3220923545/","https://dachaotzyv.ru/malina-heritejdzh/","external_published_reader_accounts"
"чем обработать малину от вредителей после сбора урожая","9","8","Умеренная","https://malinaklubnika.ru/zhurnal/bolezni-i-vrediteli-maliny-priznaki/","section-5","editorial_answer","","","",""
"чем обработать почву перед посадкой клубники","9","15","Умеренная","https://malinaklubnika.ru/zhurnal/posadka-klubniki/","section-1","editorial_answer","","","",""
"что положить в лунку при посадке малины осенью в открытый грунт","9","10","Умеренная","https://malinaklubnika.ru/zhurnal/osennyaya-posadka-maliny-sroki-i-podgotovka/","section-1","editorial_answer","","","",""
"что такое дерево малина посадка и уход","9","9","Умеренная","https://malinaklubnika.ru/zhurnal/posadka-maliny/","section-1","editorial_answer","","","",""
"энросадира малина описание сорта фото отзывы","9","10","Умеренная","https://malinaklubnika.ru/sorta/raspberry-enrosadira/","seo-reviews","cultivar_passport","gardener_reviews","https://patentimages.storage.googleapis.com/24/cb/3a/c3d2d1cc563536/US20140317798P1.pdf#page=2","",""
"японская малина фото описание сорта отзывы","9","11","Умеренная","https://malinaklubnika.ru/zhurnal/yaponskaya-malina-rubus-phoenicolasius/","section-1","editorial_answer","","","",""
"берегиня клубника описание","8","9","Умеренная","https://malinaklubnika.ru/sorta/bereginya/","seo-opisanie","cultivar_passport","","https://jbiochemtech.com/storage/models/article/bMUh1GtjLrbMv0U5GbVt14NkkfQ2frw7KZS6iVW7Iv1VKS7RXJ6GRMwbz9KS/garden-strawberry-varieties-of-the-all-russian-horticultural-institute-for-breeding-agrotechnology.pdf#page=5","https://dachaotzyv.ru/klubnika-bereginya/","external_published_reader_accounts"
"болезнь малины дидимелла и борьба с ней","8","15","Умеренная","https://malinaklubnika.ru/zhurnal/bolezni-i-vrediteli-maliny-priznaki/","section-5","editorial_answer","","","",""
"гигант московский малина описание сорта","8","8","Умеренная","https://malinaklubnika.ru/sorta/moskovskiy-gigant/","seo-opisanie","cultivar_passport","","","https://dachaotzyv.ru/malina-moskovskij-gigant/","external_published_reader_accounts"
"земляника белруби описание","8","5","Умеренная","https://malinaklubnika.ru/sorta/strawberry-belrubi-skfnc/","seo-opisanie","cultivar_passport","","","",""
"земляника зефир описание сорта","8","9","Умеренная","https://malinaklubnika.ru/sorta/zephyr/","seo-opisanie","cultivar_passport","","https://dachaotzyv.ru/klubnika-zefir/","https://dachaotzyv.ru/klubnika-zefir/","external_published_reader_accounts"
"земляника фестивальная описание сорта фото отзывы садоводов","8","12","Умеренная","https://malinaklubnika.ru/sorta/festivalnaya/","otzyvy","cultivar_passport","","https://biosel.elpub.ru/jour/article/download/143/139#page=4","https://7dach.ru/panytany/klubnika-festivalnaya-vkus-detstva-133037.html; https://dachaotzyv.ru/klubnika-festivalnaya/","grower_diary; external_published_reader_accounts"
"как посадить малину весной саженцами пошагово и как ухаживать","8","13","Умеренная","https://malinaklubnika.ru/zhurnal/uhod-za-malinoi-vesnoi-posle-zimy/","section-1","editorial_answer","","","",""
"как сажать малину осенью саженцами в открытый","8","10","Умеренная","https://malinaklubnika.ru/zhurnal/osennyaya-posadka-maliny-sroki-i-podgotovka/","section-1","editorial_answer","","","",""
"какая клубника ремонтантная самая урожайная сладкая и крупная","8","10","Умеренная","https://malinaklubnika.ru/sorta/klubnika/","tipy","catalog_comparison","","","",""
"какой сорт клубники выбрать для посадки в подмосковье","8","14","Умеренная","https://malinaklubnika.ru/zhurnal/posadka-klubniki/","section-1","editorial_answer","","","",""
"какую малину лучше посадить в подмосковье отзывы садоводов","8","11","Умеренная","https://malinaklubnika.ru/zhurnal/posadka-maliny/","section-1","editorial_answer","","","",""
"какую малину лучше посадить на участке в ленинградской области","8","11","Умеренная","https://malinaklubnika.ru/zhurnal/posadka-maliny/","section-1","editorial_answer","","","",""
"какую малину посадить в подмосковье","8","7","Умеренная","https://malinaklubnika.ru/zhurnal/posadka-maliny/","section-1","editorial_answer","","","",""
"камрад победитель клубника описание сорта","8","10","Умеренная","https://malinaklubnika.ru/sorta/strawberry-kamrad-pobeditel-breeding/","seo-opisanie","cultivar_passport","","","",""
"клери описание сорта фото отзывы клубника","8","10","Умеренная","https://malinaklubnika.ru/sorta/kleri/","otzyvy","cultivar_passport","","https://commons.wikimedia.org/wiki/File:Clery_Gartenerdbeere.JPG","https://dachaotzyv.ru/klubnika-kleri/","external_published_reader_accounts"
"клубника альба описание сорта фото отзывы садоводов","8","10","Умеренная","https://malinaklubnika.ru/sorta/alba/","otzyvy","cultivar_passport","","https://horticulturejournal.usamv.ro/pdf/2024/issue_1/Art2.pdf#page=3","https://dachaotzyv.ru/klubnika-alba/","external_published_reader_accounts"
"клубника гаригуэтта описание сорта","8","11","Умеренная","https://malinaklubnika.ru/sorta/strawberry-gariguette/","seo-opisanie","cultivar_passport","","https://dachaotzyv.ru/klubnika-gariguetta/","https://dachaotzyv.ru/klubnika-gariguetta/","external_published_reader_accounts"
"клубника гигант джорнея описание сорта фото отзывы садоводов урожайность","8","12","Умеренная","https://malinaklubnika.ru/sorta/strawberry-giant-jorney-trade/","seo-reviews","cultivar_passport","photo; gardener_reviews","","",""
"клубника для подмосковья лучшие сорта отзывы садоводов","8","20","Умеренная","https://malinaklubnika.ru/sorta/klubnika/regiony/","region-3","regional_admissions_and_trials","","","",""
"клубника лучшие сорта для подмосковья отзывы","8","18","Умеренная","https://malinaklubnika.ru/sorta/klubnika/regiony/","region-3","regional_admissions_and_trials","","","",""
"клубника рубиновый кулон описание","8","9","Умеренная","https://malinaklubnika.ru/sorta/strawberry-ruby-pendant/","seo-opisanie","cultivar_passport","","https://dachaotzyv.ru/klubnika-rubinovyj-kulon/","https://dachaotzyv.ru/klubnika-rubinovyj-kulon/","external_published_reader_accounts"
"клубника сан-андреас ремонтантная описание сорта","8","10","Умеренная","https://malinaklubnika.ru/sorta/san-andreas/","seo-opisanie","cultivar_passport","","https://active.inspection.gc.ca/english/plaveg/pbrpov/cropreport/str/app00010197e.shtml","https://dachaotzyv.ru/klubnika-san-andreas/","external_published_reader_accounts"
"клубника фейт описание","8","8","Умеренная","https://malinaklubnika.ru/sorta/strawberry-faith/","seo-opisanie","cultivar_passport","","","",""
"клубника фейт описание сорта фото отзывы","8","13","Умеренная","https://malinaklubnika.ru/sorta/strawberry-faith/","seo-reviews","cultivar_passport","photo; gardener_reviews","","",""
"клубника фестивальная описание сорта отзывы садоводов","8","11","Умеренная","https://malinaklubnika.ru/sorta/festivalnaya/","otzyvy","cultivar_passport","","https://biosel.elpub.ru/jour/article/download/143/139#page=4","https://7dach.ru/panytany/klubnika-festivalnaya-vkus-detstva-133037.html; https://dachaotzyv.ru/klubnika-festivalnaya/","grower_diary; external_published_reader_accounts"
"клубника фестивальная ромашка описание сорта фото отзывы","8","12","Умеренная","https://malinaklubnika.ru/sorta/strawberry-festivalnaya-romashka/","seo-reviews","cultivar_passport","photo; gardener_reviews","","",""
"клубника царица описание сорта отзывы садоводов","8","11","Умеренная","https://malinaklubnika.ru/sorta/tsaritsa/","otzyvy","cultivar_passport","","https://jbiochemtech.com/storage/models/article/bMUh1GtjLrbMv0U5GbVt14NkkfQ2frw7KZS6iVW7Iv1VKS7RXJ6GRMwbz9KS/garden-strawberry-varieties-of-the-all-russian-horticultural-institute-for-breeding-agrotechnology.pdf#page=4","https://dachaotzyv.ru/klubnika-carica/","external_published_reader_accounts"
"клубника чешская красавица описание сорта фото отзывы садоводов урожайность","8","20","Умеренная","https://malinaklubnika.ru/sorta/strawberry-czech-beauty-trade/","seo-reviews","cultivar_passport","photo; gardener_reviews","","",""
"клубника эльсанта описание сорта фото отзывы","8","12","Умеренная","https://malinaklubnika.ru/sorta/elsanta/","otzyvy","cultivar_passport","","https://commons.wikimedia.org/wiki/File:FraisesElsantaCLJWeber_(23307386409).jpg","https://dachaotzyv.ru/klubnika-elsanta/","external_published_reader_accounts"
"лучшие сорта клубники для ленинградской области для открытого грунта с фото и описанием отзывы","8","17","Умеренная","https://malinaklubnika.ru/zhurnal/kak-vybrat-sort-klubniki/","section-1","editorial_answer","","","",""
"лучшие сорта клубники для ленинградской области отзывы","8","18","Умеренная","https://malinaklubnika.ru/zhurnal/kak-vybrat-sort-klubniki/","section-1","editorial_answer","","","",""
"лучшие сорта клубники для московской области","8","13","Умеренная","https://malinaklubnika.ru/zhurnal/kak-vybrat-sort-klubniki/","section-1","editorial_answer","","","",""
"лучшие сорта клубники для подмосковья для открытого грунта отзывы","8","18","Умеренная","https://malinaklubnika.ru/zhurnal/kak-vybrat-sort-klubniki/","section-1","editorial_answer","","","",""
"лучшие сорта клубники для юга россии","8","19","Умеренная","https://malinaklubnika.ru/zhurnal/kak-vybrat-sort-klubniki/","section-1","editorial_answer","","","",""
"малина аделита описание сорта","8","16","Умеренная","https://malinaklubnika.ru/sorta/raspberry-adelita/","seo-opisanie","cultivar_passport","","https://patents.google.com/patent/US20120311748P1/en","",""
"малина алая россыпь","8","7","Умеренная","https://malinaklubnika.ru/sorta/raspberry-alaya-rossyp/","seo-opisanie","cultivar_passport","","","",""
"малина ананасная вигорова описание сорта","8","9","Умеренная","https://malinaklubnika.ru/sorta/raspberry-ananasnaya-vigorova/","seo-opisanie","cultivar_passport","","","",""
"малина валентина описание сорта","8","9","Умеренная","https://malinaklubnika.ru/sorta/raspberry-valentina/","seo-opisanie","cultivar_passport","","","",""
"малина гигант рубиновый описание сорта","8","5","Умеренная","https://malinaklubnika.ru/sorta/raspberry-gigant-rubinovyi-trade/","seo-opisanie","cultivar_passport","","","",""
"малина гусарская описание сорта","8","7","Умеренная","https://malinaklubnika.ru/sorta/gusar/","seo-opisanie","cultivar_passport","","https://7dach.ru/KatyaK/gusar-krupnaya-sladkaya-malina-moego-sada-228819.html","https://7dach.ru/KatyaK/gusar-krupnaya-sladkaya-malina-moego-sada-228819.html; https://dachaotzyv.ru/malina-gusar/","grower_diary; external_published_reader_accounts"
"малина дельнива описание сорта","8","9","Умеренная","https://malinaklubnika.ru/sorta/raspberry-delniwa/","seo-opisanie","cultivar_passport","","https://en.niwabrzezna.pl/wp-content/uploads/2023/03/Delniwa.s-300x225-1.webp","",""
"малина жар птица описание сорта фото отзывы садоводов","8","8","Умеренная","https://malinaklubnika.ru/sorta/zhar-ptitsa/","otzyvy","cultivar_passport","photo; gardener_reviews","","",""
"малина земляничная описание сорта фото отзывы","8","12","Умеренная","https://malinaklubnika.ru/zhurnal/tibetskaya-malina-kakoe-rastenie/","section-5","editorial_answer","","","",""
"малина изобильная описание","8","9","Умеренная","https://malinaklubnika.ru/sorta/izobilnaya/","seo-opisanie","cultivar_passport","","https://dachaotzyv.ru/malina-izobilnaya/","https://dachaotzyv.ru/malina-izobilnaya/","external_published_reader_accounts"
"малина красная королева описание сорта фото отзывы особенности выращивания","8","6","Умеренная","https://malinaklubnika.ru/sorta/raspberry-krasnaya-koroleva/","seo-reviews","cultivar_passport","photo; gardener_reviews","","",""
"малина кумберленд описание сорта фото отзывы","8","12","Умеренная","https://malinaklubnika.ru/sorta/raspberry-cumberland/","seo-reviews","cultivar_passport","photo; gardener_reviews","","",""
"малина мария описание сорта","8","8","Умеренная","https://malinaklubnika.ru/sorta/raspberry-maria-trade/","seo-opisanie","cultivar_passport","","","",""
"малина мария описание сорта фото отзывы садоводов","8","14","Умеренная","https://malinaklubnika.ru/sorta/raspberry-maria-trade/","seo-reviews","cultivar_passport","photo; gardener_reviews","","",""
"малина маросейка описание сорта фото","8","6","Умеренная","https://malinaklubnika.ru/sorta/maroseyka/","seo-photo","cultivar_passport","","https://ferma.expert/rasteniya/maroseyka/","https://dachaotzyv.ru/malina-marosejka/","external_published_reader_accounts"
"малина награда описание","8","9","Умеренная","https://malinaklubnika.ru/sorta/raspberry-nagrada/","seo-opisanie","cultivar_passport","","","",""
"малина овация описание сорта","8","5","Умеренная","https://malinaklubnika.ru/sorta/raspberry-ovation/","seo-opisanie","cultivar_passport","","https://patents.google.com/patent/US20160050824P1/en","",""
"малина сказка описание сорта отзывы","8","9","Умеренная","https://malinaklubnika.ru/sorta/malina-skazka/","seo-reviews","cultivar_passport","","https://dachaotzyv.ru/malina-skazka/","https://dachaotzyv.ru/malina-skazka/","external_published_reader_accounts"
"малина сластиха описание сорта отзывы садоводов","8","19","Умеренная","https://malinaklubnika.ru/sorta/raspberry-slastikha/","seo-reviews","cultivar_passport","gardener_reviews","","",""
"малина соблазнительная описание сорта фото отзывы","8","7","Умеренная","https://malinaklubnika.ru/zhurnal/tibetskaya-malina-kakoe-rastenie/","section-4","editorial_answer","","","",""
"малина таганка описание сорта отзывы","8","9","Умеренная","https://malinaklubnika.ru/sorta/taganka/","seo-reviews","cultivar_passport","","https://dachaotzyv.ru/malina-taganka/","https://dachaotzyv.ru/malina-taganka/","external_published_reader_accounts"
"малина таганка описание сорта фото","8","7","Умеренная","https://malinaklubnika.ru/sorta/taganka/","seo-photo","cultivar_passport","","https://dachaotzyv.ru/malina-taganka/","https://dachaotzyv.ru/malina-taganka/","external_published_reader_accounts"
"малина тибетская описание сорта фото отзывы","8","8","Умеренная","https://malinaklubnika.ru/zhurnal/tibetskaya-malina-kakoe-rastenie/","section-4","editorial_answer","","","",""
"малина шапка мономаха описание сорта фото","8","11","Умеренная","https://malinaklubnika.ru/sorta/raspberry-shapka-monomaha/","seo-photo","cultivar_passport","photo","","https://dachaotzyv.ru/malina-shapka-monomaha/","external_published_reader_accounts"
"малина энросадира описание сорта фото отзывы","8","9","Умеренная","https://malinaklubnika.ru/sorta/raspberry-enrosadira/","seo-reviews","cultivar_passport","gardener_reviews","https://patentimages.storage.googleapis.com/24/cb/3a/c3d2d1cc563536/US20140317798P1.pdf#page=2","",""
"малиновое дерево уход и выращивание","8","8","Умеренная","https://malinaklubnika.ru/zhurnal/malinovoe-derevo-tarusa/","section-1","editorial_answer","","","",""
"малиновое дерево что это за растение фото","8","12","Умеренная","https://malinaklubnika.ru/zhurnal/malinovoe-derevo-tarusa/","section-1","editorial_answer","","","",""
"малину когда сажать","8","7","Умеренная","https://malinaklubnika.ru/zhurnal/posadka-maliny/","section-3","editorial_answer","","","",""
"на листьях клубники красные пятна чем обработать","8","10","Умеренная","https://malinaklubnika.ru/zhurnal/bolezni-klubniki-priznaki-i-proverka/","section-2","editorial_answer","","","",""
"полана малина описание сорта фото отзывы","8","12","Умеренная","https://malinaklubnika.ru/sorta/polana/","otzyvy","cultivar_passport","","https://commons.wikimedia.org/wiki/File:Polana-malina.jpg","https://dachaotzyv.ru/malina-polana/","external_published_reader_accounts"
"посадка ремонтантной малины весной","8","11","Умеренная","https://malinaklubnika.ru/zhurnal/uhod-za-malinoi-vesnoi-posle-zimy/","section-1","editorial_answer","","","",""
"при посадке малины что положить в лунку весной","8","7","Умеренная","https://malinaklubnika.ru/zhurnal/uhod-za-malinoi-vesnoi-posle-zimy/","section-1","editorial_answer","","","",""
"при посадке малины что положить в лунку осенью","8","11","Умеренная","https://malinaklubnika.ru/zhurnal/osennyaya-posadka-maliny-sroki-i-podgotovka/","section-1","editorial_answer","","","",""
"ранние сорта ремонтантной малины","8","13","Умеренная","https://malinaklubnika.ru/sorta/malina/","tipy","catalog_comparison","","","",""
"ремонтантная клубника лучшие сорта для крыма","8","13","Умеренная","https://malinaklubnika.ru/zhurnal/remontantnaya-klubnika/","section-3","editorial_answer","","","",""
"ремонтантная клубника лучшие сорта для урала","8","11","Умеренная","https://malinaklubnika.ru/zhurnal/remontantnaya-klubnika/","section-3","editorial_answer","","","",""
"ремонтантная малина для сибири лучшие сорта","8","15","Умеренная","https://malinaklubnika.ru/sorta/malina/regiony/","region-10","regional_admissions_and_trials","","","",""
"самые вкусные сорта малины","8","21","Умеренная","https://malinaklubnika.ru/zhurnal/sorta-maliny-dlya-podmoskovya-kak-vybrat/","section-1","editorial_answer","","","",""
"самые популярные сорта клубники","8","11","Умеренная","https://malinaklubnika.ru/zhurnal/kak-vybrat-sort-klubniki/","section-1","editorial_answer","","","",""
"самые сладкие сорта ремонтантной клубники","8","22","Умеренная","https://malinaklubnika.ru/zhurnal/remontantnaya-klubnika/","section-3","editorial_answer","","","",""
"сладкие сорта клубники для ленинградской области","8","13","Умеренная","https://malinaklubnika.ru/zhurnal/kak-vybrat-sort-klubniki/","section-1","editorial_answer","","","",""
"сорт виктории купчиха","8","6","Умеренная","https://malinaklubnika.ru/sorta/kupchikha/","seo-opisanie","cultivar_passport","","https://7dach.ru/bajenovasveta/zemklunika-kupchiha_2-224899.html","https://7dach.ru/bajenovasveta/zemklunika-kupchiha_2-224899.html; https://dachaotzyv.ru/klubnika-kupchiha/","grower_diary; external_published_reader_accounts"
"сорт клубники для ленинградской области","8","12","Умеренная","https://malinaklubnika.ru/zhurnal/kak-vybrat-sort-klubniki/","section-1","editorial_answer","","","",""
"сорт клубники мурано фото и описание отзывы садоводов","8","13","Умеренная","https://malinaklubnika.ru/sorta/murano/","otzyvy","cultivar_passport","","https://commons.wikimedia.org/wiki/File:Fraises_Murano_en_Dordogne.jpg","https://7dach.ru/NatalyaAfonchenko/leto-2024-iyun-314014.html; https://dachaotzyv.ru/klubnika-murano/","grower_diary; external_published_reader_accounts"
"сорт малины для ленинградской области","8","9","Умеренная","https://malinaklubnika.ru/sorta/malina/regiony/","region-2","regional_admissions_and_trials","","","",""
"сорт малины карамелька фото и описание","8","9","Умеренная","https://malinaklubnika.ru/sorta/karamelka/","seo-photo","cultivar_passport","","https://7dach.ru/user_7878_SveKle/malina-karamelka-kto-vyraschivaet-podelites-vpechatleniyami-296146.html","https://7dach.ru/user_7878_SveKle/malina-karamelka-kto-vyraschivaet-podelites-vpechatleniyami-296146.html; https://dachaotzyv.ru/malina-karamelka/","grower_diary; external_published_reader_accounts"
"сорт малины пшехиба фото и описание","8","8","Умеренная","https://malinaklubnika.ru/sorta/pshehiba/","seo-photo","cultivar_passport","","https://www.brzezna.pl/malina-rubus-idaeus-przehyba/","",""
"сорт малины таруса фото и описание","8","9","Умеренная","https://malinaklubnika.ru/sorta/tarusa/","seo-photo","cultivar_passport","","https://7dach.ru/SvetikOdessa/malinovoe-derevo_2-72683.html","https://7dach.ru/SvetikOdessa/malinovoe-derevo_2-72683.html; https://dachaotzyv.ru/malina-tarusa/","grower_diary; external_published_reader_accounts"
"сорта клубники для ленинградской области лучшие с фото","8","19","Умеренная","https://malinaklubnika.ru/zhurnal/kak-vybrat-sort-klubniki/","section-1","editorial_answer","","","",""
"сорта клубники для подмосковья устойчивые к болезням и вредителям","8","11","Умеренная","https://malinaklubnika.ru/zhurnal/bolezni-klubniki-priznaki-i-proverka/","section-1","editorial_answer","","","",""
"сорта малины для башкирии","8","13","Умеренная","https://malinaklubnika.ru/zhurnal/sorta-maliny-dlya-podmoskovya-kak-vybrat/","section-1","editorial_answer","","","",""
"сорта ремонтантной клубники для подмосковья открытого грунта","8","11","Умеренная","https://malinaklubnika.ru/zhurnal/remontantnaya-klubnika/","section-3","editorial_answer","","","",""
"тибетская земляничная малина","8","7","Умеренная","https://malinaklubnika.ru/zhurnal/tibetskaya-malina-kakoe-rastenie/","section-1","editorial_answer","","","",""
"тибетская малина купить ягоды","8","8","Умеренная","https://malinaklubnika.ru/zhurnal/tibetskaya-malina-kakoe-rastenie/","section-1","editorial_answer","","","",""
"тибетская малина съедобная или нет","8","3","Умеренная","https://malinaklubnika.ru/zhurnal/tibetskaya-malina-kakoe-rastenie/","section-1","editorial_answer","","","",""
"топ сортов клубники","8","12","Умеренная","https://malinaklubnika.ru/sorta/klubnika/","catalog","catalog_comparison","","","",""
"утолщение на стебле малины что это","8","10","Умеренная","https://malinaklubnika.ru/zhurnal/gallitsa-na-maline-vzdutiya/","section-1","editorial_answer","","","",""
"уход за тибетской малиной","8","8","Умеренная","https://malinaklubnika.ru/zhurnal/tibetskaya-malina-kakoe-rastenie/","section-3","editorial_answer","","","",""
"хорошие сорта клубники для средней полосы","8","11","Умеренная","https://malinaklubnika.ru/zhurnal/kak-vybrat-sort-klubniki/","section-1","editorial_answer","","","",""
"чем побрызгать малину весной от вредителей и болезней","8","7","Умеренная","https://malinaklubnika.ru/zhurnal/bolezni-i-vrediteli-maliny-priznaki/","section-1","editorial_answer","","","",""
"черная малина сорта","8","8","Умеренная","https://malinaklubnika.ru/zhurnal/chernaya-malina-kumberlend-vyrashchivanie-i-obrezka/","section-1","editorial_answer","","","",""
"что добавить в лунку при посадке малины","8","6","Умеренная","https://malinaklubnika.ru/zhurnal/posadka-maliny/","section-1","editorial_answer","","","",""
"что можно сажать после виктории","8","7","Умеренная","https://malinaklubnika.ru/zhurnal/uhod-za-klubnikoi-v-techenie-sezona/","section-5","editorial_answer","","","",""
"что посадить после виктории на следующий год","8","6","Умеренная","https://malinaklubnika.ru/zhurnal/uhod-za-klubnikoi-v-techenie-sezona/","section-5","editorial_answer","","","",""
"штамбовая малина посадка и уход в открытом грунте","8","10","Умеренная","https://malinaklubnika.ru/zhurnal/malinovoe-derevo-tarusa/","section-1","editorial_answer","","","",""
"штамбовый сорт малины что это такое","8","8","Умеренная","https://malinaklubnika.ru/zhurnal/malinovoe-derevo-tarusa/","section-1","editorial_answer","","","",""
"азия виктория описание сорта","7","7","Умеренная","https://malinaklubnika.ru/sorta/strawberry-victoria/","seo-opisanie","cultivar_passport","","https://dachaotzyv.ru/klubnika-viktoriya/","https://dachaotzyv.ru/klubnika-viktoriya/","external_published_reader_accounts"
"брянское диво малина описание сорта","7","7","Умеренная","https://malinaklubnika.ru/sorta/bryanskoe-divo/","seo-opisanie","cultivar_passport","","https://biosel.elpub.ru/jour/article/download/116/115#page=9","https://dachaotzyv.ru/malina-bryanskoe-divo/","external_published_reader_accounts"
"весенняя обработка клубники от болезней и вредителей препараты и сроки","7","15","Умеренная","https://malinaklubnika.ru/zhurnal/vrediteli-klubniki-kak-razlichit/","section-4","editorial_answer","","","",""
"выращивание малины в теплице","7","6","Умеренная","https://malinaklubnika.ru/zhurnal/klubnika-i-malina-v-teplitse/","section-4","editorial_answer","","","",""
"гигантский деликатес клубника описание сорта","7","12","Умеренная","https://malinaklubnika.ru/sorta/strawberry-giant-delicacy-trade/","seo-opisanie","cultivar_passport","","","",""
"гималайская малина фото отзывы описание","7","7","Умеренная","https://malinaklubnika.ru/zhurnal/tibetskaya-malina-kakoe-rastenie/","section-7","editorial_answer","","","",""
"глен ампл малина описание сорта","7","7","Умеренная","https://malinaklubnika.ru/sorta/glen-ample/","seo-opisanie","cultivar_passport","","https://dachaotzyv.ru/malina-glen-ampl/","https://dachaotzyv.ru/malina-glen-ampl/","external_published_reader_accounts"
"дарселект клубника описание сорта фото отзывы садоводов урожайность","7","11","Умеренная","https://malinaklubnika.ru/sorta/strawberry-darselect/","seo-reviews","cultivar_passport","","https://dachaotzyv.ru/klubnika-darselekt/","https://dachaotzyv.ru/klubnika-darselekt/","external_published_reader_accounts"
"джоан джей малина описание сорта фото отзывы","7","9","Умеренная","https://malinaklubnika.ru/sorta/joan-j/","otzyvy","cultivar_passport","","https://pmc.ncbi.nlm.nih.gov/articles/PMC13043038/","https://dachaotzyv.ru/malina-dzhoan-dzhej/","external_published_reader_accounts"
"желтая малина сорта","7","7","Умеренная","https://malinaklubnika.ru/sorta/malina/","catalog","catalog_comparison","","","",""
"земляника даренка описание сорта фото отзывы","7","7","Умеренная","https://malinaklubnika.ru/sorta/darenka/","otzyvy","cultivar_passport","gardener_reviews","https://www.agronauka-sv.ru/jour/article/view/1761","",""
"земляника садовая лучшие сорта для ленинградской области","7","10","Умеренная","https://malinaklubnika.ru/sorta/klubnika/regiony/","region-2","regional_admissions_and_trials","","","",""
"как вырастить малину на даче в открытом грунте","7","11","Умеренная","https://malinaklubnika.ru/zhurnal/uhod-za-malinoi-v-techenie-sezona/","section-2","editorial_answer","","","",""
"как лучше посадить малину на участке","7","15","Умеренная","https://malinaklubnika.ru/zhurnal/posadka-maliny/","section-1","editorial_answer","","","",""
"как отличить сорта клубники по листьям","7","19","Умеренная","https://malinaklubnika.ru/zhurnal/kak-vybrat-sort-klubniki/","section-1","editorial_answer","","","",""
"как ухаживать за тибетской малиной","7","6","Умеренная","https://malinaklubnika.ru/zhurnal/tibetskaya-malina-kakoe-rastenie/","section-1","editorial_answer","","","",""
"какие сорта клубники самые лучшие для подмосковья отзывы садоводов","7","11","Умеренная","https://malinaklubnika.ru/zhurnal/kak-vybrat-sort-klubniki/","section-1","editorial_answer","","","",""
"какие сорта клубники самые сладкие и крупные","7","10","Умеренная","https://malinaklubnika.ru/zhurnal/kak-vybrat-sort-klubniki/","section-1","editorial_answer","","","",""
"какие сорта клубники самые сладкие и крупные для средней полосы россии","7","14","Умеренная","https://malinaklubnika.ru/zhurnal/kak-vybrat-sort-klubniki/","section-1","editorial_answer","","","",""
"какое расстояние должно быть между кустами малины","7","4","Умеренная","https://malinaklubnika.ru/zhurnal/rasstoyanie-posadki-maliny-i-pervyi-urozhai/","section-1","editorial_answer","","","",""
"какой сорт клубники самый сладкий и крупный","7","12","Умеренная","https://malinaklubnika.ru/zhurnal/kak-vybrat-sort-klubniki/","section-1","editorial_answer","","","",""
"какой сорт клубники самый урожайный","7","10","Умеренная","https://malinaklubnika.ru/zhurnal/kak-vybrat-sort-klubniki/","section-1","editorial_answer","","","",""
"кент клубника описание","7","5","Умеренная","https://malinaklubnika.ru/sorta/strawberry-kent/","seo-opisanie","cultivar_passport","","https://dachaotzyv.ru/klubnika-kent/","https://dachaotzyv.ru/klubnika-kent/","external_published_reader_accounts"
"клубника александра описание сорта фото отзывы садоводов урожайность","7","11","Умеренная","https://malinaklubnika.ru/sorta/strawberry-aleksandra-yakutia/","seo-reviews","cultivar_passport","photo; gardener_reviews","","",""
"клубника александра описание сорта фото отзывы садоводов урожайность характеристика и описание сорта","7","16","Умеренная","https://malinaklubnika.ru/sorta/strawberry-aleksandra-yakutia/","seo-reviews","cultivar_passport","photo; gardener_reviews","","",""
"клубника берегиня описание сорта фото отзывы","7","13","Умеренная","https://malinaklubnika.ru/sorta/bereginya/","otzyvy","cultivar_passport","","https://jbiochemtech.com/storage/models/article/bMUh1GtjLrbMv0U5GbVt14NkkfQ2frw7KZS6iVW7Iv1VKS7RXJ6GRMwbz9KS/garden-strawberry-varieties-of-the-all-russian-horticultural-institute-for-breeding-agrotechnology.pdf#page=5","https://dachaotzyv.ru/klubnika-bereginya/","external_published_reader_accounts"
"клубника бычье сердце описание сорта фото","7","12","Умеренная","https://malinaklubnika.ru/sorta/strawberry-oxheart-trade-name/","seo-photo","cultivar_passport","photo","","",""
"клубника для подмосковья лучшие сорта отзывы","7","12","Умеренная","https://malinaklubnika.ru/sorta/klubnika/regiony/","region-3","regional_admissions_and_trials","","","",""
"клубника каденза описание сорта","7","11","Умеренная","https://malinaklubnika.ru/sorta/strawberry-cadenza/","seo-opisanie","cultivar_passport","","","",""
"клубника королева елизавета 2 расскажите про сорт хочу посадить спасибо","7","11","Умеренная","https://malinaklubnika.ru/sorta/strawberry-queen-elizabeth/","seo-care","cultivar_passport","","https://dachaotzyv.ru/klubnika-koroleva-elizaveta/","https://dachaotzyv.ru/klubnika-koroleva-elizaveta/","external_published_reader_accounts"
"клубника мурано описание и фото","7","8","Умеренная","https://malinaklubnika.ru/sorta/murano/","seo-photo","cultivar_passport","","https://commons.wikimedia.org/wiki/File:Fraises_Murano_en_Dordogne.jpg","https://7dach.ru/NatalyaAfonchenko/leto-2024-iyun-314014.html; https://dachaotzyv.ru/klubnika-murano/","grower_diary; external_published_reader_accounts"
"клубника первоклассница описание сорта фото отзывы","7","14","Умеренная","https://malinaklubnika.ru/sorta/strawberry-pervoklassnitsa/","seo-reviews","cultivar_passport","photo; gardener_reviews","","",""
"клубника ремонтантная сорта с фото и описанием","7","16","Умеренная","https://malinaklubnika.ru/sorta/klubnika/","tipy","catalog_comparison","","","",""
"клубника русский гигант f1 описание сорта фото отзывы","7","12","Умеренная","https://malinaklubnika.ru/sorta/strawberry-giant-russian-f1-gavrish/","seo-reviews","cultivar_passport","photo; gardener_reviews","","",""
"клубника сирия описание сорта фото отзывы садоводов урожайность характеристика и отзывы","7","11","Умеренная","https://malinaklubnika.ru/sorta/siriya/","otzyvy","cultivar_passport","gardener_reviews","https://www.meiosis.co.uk/fruit_types/syria/","",""
"клубника соната описание","7","4","Умеренная","https://malinaklubnika.ru/sorta/strawberry-sonata/","seo-opisanie","cultivar_passport","","https://dachaotzyv.ru/klubnika-sonata/","https://dachaotzyv.ru/klubnika-sonata/","external_published_reader_accounts"
"клубника царица описание сорта фото отзывы садоводов урожайность","7","14","Умеренная","https://malinaklubnika.ru/sorta/tsaritsa/","otzyvy","cultivar_passport","","https://jbiochemtech.com/storage/models/article/bMUh1GtjLrbMv0U5GbVt14NkkfQ2frw7KZS6iVW7Iv1VKS7RXJ6GRMwbz9KS/garden-strawberry-varieties-of-the-all-russian-horticultural-institute-for-breeding-agrotechnology.pdf#page=4","https://dachaotzyv.ru/klubnika-carica/","external_published_reader_accounts"
"клубника цунаки описание сорта фото отзывы садоводов","7","12","Умеренная","https://malinaklubnika.ru/sorta/tsunaki/","seo-reviews","cultivar_passport","photo","","https://stroy-podskazka.ru/klubnika/sorta/cunaki/","external_published_reader_accounts"
"когда можно посадить малину","7","6","Умеренная","https://malinaklubnika.ru/zhurnal/posadka-maliny/","section-1","editorial_answer","","","",""
"легран клубника описание сорта","7","11","Умеренная","https://malinaklubnika.ru/sorta/strawberry-legran-frigolabs-trade/","seo-opisanie","cultivar_passport","","","",""
"лучшая ремонтантная клубника для подмосковья отзывы","7","12","Умеренная","https://malinaklubnika.ru/zhurnal/remontantnaya-klubnika/","section-3","editorial_answer","","","",""
"лучшие ремонтантные сорта клубники для подмосковья","7","13","Умеренная","https://malinaklubnika.ru/zhurnal/remontantnaya-klubnika/","section-3","editorial_answer","","","",""
"лучшие сорта клубники для владимирской области отзывы садоводов","7","13","Умеренная","https://malinaklubnika.ru/zhurnal/kak-vybrat-sort-klubniki/","section-1","editorial_answer","","","",""
"лучшие сорта клубники для ленинградской области для открытого грунта отзывы садоводов","7","18","Умеренная","https://malinaklubnika.ru/zhurnal/kak-vybrat-sort-klubniki/","section-1","editorial_answer","","","",""
"лучшие сорта клубники для ленинградской области для открытого грунта с фото и описанием","7","11","Умеренная","https://malinaklubnika.ru/zhurnal/kak-vybrat-sort-klubniki/","section-1","editorial_answer","","","",""
"лучшие сорта клубники для подмосковья для открытого грунта отзывы садоводов","7","15","Умеренная","https://malinaklubnika.ru/zhurnal/kak-vybrat-sort-klubniki/","section-1","editorial_answer","","","",""
"лучшие сорта клубники для самарской области","7","11","Умеренная","https://malinaklubnika.ru/zhurnal/kak-vybrat-sort-klubniki/","section-1","editorial_answer","","","",""
"лучшие сорта малины для сибири крупные сладкие в новосибирске","7","16","Умеренная","https://malinaklubnika.ru/zhurnal/sorta-maliny-dlya-podmoskovya-kak-vybrat/","section-1","editorial_answer","","","",""
"лучшие сорта ремонтантной клубники для юга россии","7","12","Умеренная","https://malinaklubnika.ru/zhurnal/remontantnaya-klubnika/","section-3","editorial_answer","","","",""
"малина августовское чудо описание сорта","7","13","Умеренная","https://malinaklubnika.ru/sorta/raspberry-avgustovskoe-chudo/","seo-opisanie","cultivar_passport","","https://dachaotzyv.ru/malina-avgustovskoe-chudo/","https://dachaotzyv.ru/malina-avgustovskoe-chudo/","external_published_reader_accounts"
"малина алая россыпь описание сорта фото отзывы","7","10","Умеренная","https://malinaklubnika.ru/sorta/raspberry-alaya-rossyp/","seo-reviews","cultivar_passport","photo; gardener_reviews","","",""
"малина амира описание сорта фото отзывы","7","8","Умеренная","https://malinaklubnika.ru/sorta/raspberry-amira/","seo-reviews","cultivar_passport","photo; gardener_reviews","","",""
"малина ананасная вигорова описание сорта фото отзывы","7","11","Умеренная","https://malinaklubnika.ru/sorta/raspberry-ananasnaya-vigorova/","seo-reviews","cultivar_passport","photo; gardener_reviews","","",""
"малина болгарский рубин описание сорта","7","7","Умеренная","https://malinaklubnika.ru/sorta/raspberry-rubin-bolgarskiy/","seo-opisanie","cultivar_passport","","","",""
"малина болезни и вредители","7","10","Умеренная","https://malinaklubnika.ru/zhurnal/bolezni-i-vrediteli-maliny-priznaki/","section-1","editorial_answer","","","",""
"малина болезни и вредители и борьба с ними","7","20","Умеренная","https://malinaklubnika.ru/zhurnal/bolezni-i-vrediteli-maliny-priznaki/","section-5","editorial_answer","","","",""
"малина вайолет описание сорта фото отзывы","7","11","Умеренная","https://malinaklubnika.ru/sorta/raspberry-vajolet/","seo-reviews","cultivar_passport","photo; gardener_reviews","","",""
"малина гигант московский описание сорта фото отзывы","7","8","Умеренная","https://malinaklubnika.ru/sorta/moskovskiy-gigant/","seo-reviews","cultivar_passport","photo","","https://dachaotzyv.ru/malina-moskovskij-gigant/","external_published_reader_accounts"
"малина глен мор описание сорта","7","16","Умеренная","https://malinaklubnika.ru/sorta/raspberry-glen-mor/","seo-opisanie","cultivar_passport","","https://www.hutton.ac.uk/wp-content/uploads/2026/06/Glen-Mor.jpg","",""
"малина делнива описание","7","7","Умеренная","https://malinaklubnika.ru/sorta/raspberry-delniwa/","seo-opisanie","cultivar_passport","","https://en.niwabrzezna.pl/wp-content/uploads/2023/03/Delniwa.s-300x225-1.webp","",""
"малина джоан джей описание сорта фото","7","6","Умеренная","https://malinaklubnika.ru/sorta/raspberry-joan-j/","seo-photo","cultivar_passport","","https://patents.google.com/patent/USPP18954P3/en","",""
"малина королевский пингвин описание сорта","7","8","Умеренная","https://malinaklubnika.ru/sorta/pingvin/","seo-opisanie","cultivar_passport","","https://dachaotzyv.ru/malina-pingvin/","https://dachaotzyv.ru/malina-pingvin/","external_published_reader_accounts"
"малина лучшие сорта для ленинградской области","7","13","Умеренная","https://malinaklubnika.ru/sorta/malina/regiony/","region-2","regional_admissions_and_trials","","","",""
"малина маргарита описание сорта фото отзывы","7","11","Умеренная","https://malinaklubnika.ru/sorta/raspberry-margarita-trade/","seo-reviews","cultivar_passport","photo; gardener_reviews","","",""
"малина московский великан описание сорта фото отзывы","7","11","Умеренная","https://malinaklubnika.ru/sorta/moskovskiy-gigant/","seo-reviews","cultivar_passport","photo","","https://dachaotzyv.ru/malina-moskovskij-gigant/","external_published_reader_accounts"
"малина недосягаемая описание сорта фото отзывы садоводов","7","15","Умеренная","https://malinaklubnika.ru/sorta/raspberry-nedosyaemaya/","seo-reviews","cultivar_passport","photo; gardener_reviews","","",""
"малина нижегородец описание сорта фото","7","9","Умеренная","https://malinaklubnika.ru/sorta/raspberry-nizhegorodets/","seo-photo","cultivar_passport","","https://dachaotzyv.ru/malina-nizhegorodec/","https://dachaotzyv.ru/malina-nizhegorodec/","external_published_reader_accounts"
"малина осенняя красавица описание сорта","7","8","Умеренная","https://malinaklubnika.ru/sorta/raspberry-osennyaya-krasavitsa-trade/","seo-opisanie","cultivar_passport","","https://dachaotzyv.ru/malina-osennyaya-krasavica/","https://dachaotzyv.ru/malina-osennyaya-krasavica/","external_published_reader_accounts"
"малина пересвет описание сорта фото отзывы","7","11","Умеренная","https://malinaklubnika.ru/sorta/peresvet/","otzyvy","cultivar_passport","","https://dachaotzyv.ru/malina-peresvet/","https://dachaotzyv.ru/malina-peresvet/","external_published_reader_accounts"
"малина подарок кашину описание сорта фото отзывы","7","10","Умеренная","https://malinaklubnika.ru/sorta/podarok-kashinu/","otzyvy","cultivar_passport","gardener_reviews","https://rastisad.ru/malina/3552","",""
"малина ремонтантная лучшие сорта для ленинградской области","7","8","Умеренная","https://malinaklubnika.ru/sorta/malina/regiony/","region-2","regional_admissions_and_trials","","","",""
"малина самохвал описание сорта фото","7","6","Умеренная","https://malinaklubnika.ru/sorta/samohval/","seo-photo","cultivar_passport","photo","","",""
"малина сластиха описание сорта фото отзывы садоводов урожайность","7","11","Умеренная","https://malinaklubnika.ru/sorta/raspberry-slastikha/","seo-reviews","cultivar_passport","photo; gardener_reviews","","",""
"малина сорт гусар описание сорта","7","7","Умеренная","https://malinaklubnika.ru/sorta/gusar/","seo-opisanie","cultivar_passport","","https://7dach.ru/KatyaK/gusar-krupnaya-sladkaya-malina-moego-sada-228819.html","https://7dach.ru/KatyaK/gusar-krupnaya-sladkaya-malina-moego-sada-228819.html; https://dachaotzyv.ru/malina-gusar/","grower_diary; external_published_reader_accounts"
"малина сорт полька описание фото","7","5","Умеренная","https://malinaklubnika.ru/sorta/polka/","seo-photo","cultivar_passport","","https://pmc.ncbi.nlm.nih.gov/articles/PMC10673471/#metabolites-13-01124-f001","https://dachaotzyv.ru/malina-polka/","external_published_reader_accounts"
"малина столешник описание сорта","7","7","Умеренная","https://malinaklubnika.ru/sorta/raspberry-stoleshnik/","seo-opisanie","cultivar_passport","","","",""
"малина тибетская розолистная","7","11","Умеренная","https://malinaklubnika.ru/zhurnal/tibetskaya-malina-kakoe-rastenie/","section-1","editorial_answer","","","",""
"малиновая гряда малина описание сорта фото отзывы","7","9","Умеренная","https://malinaklubnika.ru/sorta/raspberry-malinovaya-gryada/","seo-reviews","cultivar_passport","photo; gardener_reviews","","",""
"мармелада клубника описание сорта фото отзывы садоводов","7","13","Умеренная","https://malinaklubnika.ru/sorta/strawberry-marmolada/","seo-reviews","cultivar_passport","","https://dachaotzyv.ru/klubnika-marmelada/","https://dachaotzyv.ru/klubnika-marmelada/","external_published_reader_accounts"
"норвежская малина описание","7","8","Умеренная","https://malinaklubnika.ru/zhurnal/tibetskaya-malina-kakoe-rastenie/","section-6","editorial_answer","","","",""
"посадка малины расстояние между кустами","7","6","Умеренная","https://malinaklubnika.ru/zhurnal/rasstoyanie-posadki-maliny-i-pervyi-urozhai/","section-1","editorial_answer","","","",""
"почему ягоды малины больные","7","8","Умеренная","https://malinaklubnika.ru/zhurnal/sohnut-i-gniyut-yagody-maliny/","section-3","editorial_answer","","","",""
"ранние сорта клубники для ленинградской области","7","14","Умеренная","https://malinaklubnika.ru/zhurnal/kak-vybrat-sort-klubniki/","section-1","editorial_answer","","","",""
"расстояние между малиной при посадке","7","5","Умеренная","https://malinaklubnika.ru/zhurnal/rasstoyanie-posadki-maliny-i-pervyi-urozhai/","section-1","editorial_answer","","","",""
"самая ранняя клубника сорта","7","18","Умеренная","https://malinaklubnika.ru/sorta/klubnika/","sroki","catalog_comparison","","","",""
"самые вкусные сорта клубники для средней полосы","7","17","Умеренная","https://malinaklubnika.ru/zhurnal/kak-vybrat-sort-klubniki/","section-1","editorial_answer","","","",""
"самые урожайные сорта малины","7","16","Умеренная","https://malinaklubnika.ru/zhurnal/sorta-maliny-dlya-podmoskovya-kak-vybrat/","section-1","editorial_answer","","","",""
"сорт клубники слоненок фото и описание","7","10","Умеренная","https://malinaklubnika.ru/sorta/strawberry-slonenok/","seo-photo","cultivar_passport","photo","","",""
"сорт клубники царица фото и описание","7","11","Умеренная","https://malinaklubnika.ru/sorta/tsaritsa/","seo-photo","cultivar_passport","","https://jbiochemtech.com/storage/models/article/bMUh1GtjLrbMv0U5GbVt14NkkfQ2frw7KZS6iVW7Iv1VKS7RXJ6GRMwbz9KS/garden-strawberry-varieties-of-the-all-russian-horticultural-institute-for-breeding-agrotechnology.pdf#page=4","https://dachaotzyv.ru/klubnika-carica/","external_published_reader_accounts"
"сорт малины метеор урожайность","7","6","Умеренная","https://malinaklubnika.ru/sorta/meteor/","seo-opisanie","cultivar_passport","","","https://dachaotzyv.ru/malina-meteor/","external_published_reader_accounts"
"сорт малины полана фото и описание","7","8","Умеренная","https://malinaklubnika.ru/sorta/polana/","seo-photo","cultivar_passport","","https://commons.wikimedia.org/wiki/File:Polana-malina.jpg","https://dachaotzyv.ru/malina-polana/","external_published_reader_accounts"
"сорт малины похвалинка фото и описание","7","8","Умеренная","https://malinaklubnika.ru/sorta/pohvalinka/","seo-photo","cultivar_passport","photo","","",""
"сорта виктории для средней полосы","7","11","Умеренная","https://malinaklubnika.ru/sorta/klubnika/","catalog","catalog_comparison","","","",""
"сорта клубники для средней полосы открытого грунта лучшие","7","14","Умеренная","https://malinaklubnika.ru/zhurnal/kak-vybrat-sort-klubniki/","section-1","editorial_answer","","","",""
"сорта клубники которые плодоносят все лето до осени","7","15","Умеренная","https://malinaklubnika.ru/zhurnal/remontantnaya-klubnika/","section-3","editorial_answer","","","",""
"сорта малины для сибири лучшие крупные","7","14","Умеренная","https://malinaklubnika.ru/zhurnal/sorta-maliny-dlya-podmoskovya-kak-vybrat/","section-1","editorial_answer","","","",""
"сорта малины для урала с фото и описанием лучшие","7","14","Умеренная","https://malinaklubnika.ru/zhurnal/sorta-maliny-dlya-podmoskovya-kak-vybrat/","section-1","editorial_answer","","","",""
"сорта ремонтантной клубники для сибири","7","12","Умеренная","https://malinaklubnika.ru/zhurnal/remontantnaya-klubnika/","section-3","editorial_answer","","","",""
"схема посадки малины в открытом грунте расстояние между рядами и в ряду","7","10","Умеренная","https://malinaklubnika.ru/zhurnal/rasstoyanie-posadki-maliny-i-pervyi-urozhai/","section-1","editorial_answer","","","",""
"таганка малина описание","7","6","Умеренная","https://malinaklubnika.ru/sorta/taganka/","seo-opisanie","cultivar_passport","","https://dachaotzyv.ru/malina-taganka/","https://dachaotzyv.ru/malina-taganka/","external_published_reader_accounts"
"тайская малина описание сорта фото отзывы","7","6","Умеренная","https://malinaklubnika.ru/zhurnal/tibetskaya-malina-kakoe-rastenie/","section-5","editorial_answer","","","",""
"тибетская малина можно ли есть","7","3","Умеренная","https://malinaklubnika.ru/zhurnal/tibetskaya-malina-kakoe-rastenie/","section-1","editorial_answer","","","",""
"урожайные сорта клубники для подмосковья","7","16","Умеренная","https://malinaklubnika.ru/zhurnal/kak-vybrat-sort-klubniki/","section-1","editorial_answer","","","",""
"утолщение на стволе малины что за болезнь и что делать","7","8","Умеренная","https://malinaklubnika.ru/zhurnal/gallitsa-na-maline-vzdutiya/","section-1","editorial_answer","","","",""
"федерика клубника описание","7","6","Умеренная","https://malinaklubnika.ru/sorta/strawberry-federica-berrylab/","seo-opisanie","cultivar_passport","","","",""
"феномен малина описание сорта","7","9","Умеренная","https://malinaklubnika.ru/sorta/raspberry-fenomen/","seo-opisanie","cultivar_passport","","https://dachaotzyv.ru/malina-fenomen/","https://dachaotzyv.ru/malina-fenomen/","external_published_reader_accounts"
"фестивальная клубника фото","7","5","Умеренная","https://malinaklubnika.ru/sorta/festivalnaya/","seo-photo","cultivar_passport","","https://biosel.elpub.ru/jour/article/download/143/139#page=4","https://7dach.ru/panytany/klubnika-festivalnaya-vkus-detstva-133037.html; https://dachaotzyv.ru/klubnika-festivalnaya/","grower_diary; external_published_reader_accounts"
"химбо топ малина описание сорта","7","6","Умеренная","https://malinaklubnika.ru/sorta/raspberry-himbo-top/","seo-opisanie","cultivar_passport","","","",""
"чем обрабатывать малину весной от вредителей и болезней и когда","7","10","Умеренная","https://malinaklubnika.ru/zhurnal/bolezni-i-vrediteli-maliny-priznaki/","section-1","editorial_answer","","","",""
"чем обработать малину весной от болезней","7","14","Умеренная","https://malinaklubnika.ru/zhurnal/bolezni-i-vrediteli-maliny-priznaki/","section-5","editorial_answer","","","",""
"чем обработать малину до цветения","7","11","Умеренная","https://malinaklubnika.ru/zhurnal/obrabotka-klubniki-i-maliny-po-sezonu/","section-2","editorial_answer","","","",""
"чем обработать малину от вредителей осенью","7","8","Умеренная","https://malinaklubnika.ru/zhurnal/bolezni-i-vrediteli-maliny-priznaki/","section-5","editorial_answer","","","",""
"чем опрыскать клубнику во время цветения от вредителей","7","8","Умеренная","https://malinaklubnika.ru/zhurnal/vrediteli-klubniki-kak-razlichit/","section-1","editorial_answer","","","",""
"чем опрыскать малину осенью от вредителей и болезней","7","12","Умеренная","https://malinaklubnika.ru/zhurnal/bolezni-i-vrediteli-maliny-priznaki/","section-1","editorial_answer","","","",""
"через какое расстояние сажать малину друг от друга","7","6","Умеренная","https://malinaklubnika.ru/zhurnal/rasstoyanie-posadki-maliny-i-pervyi-urozhai/","section-1","editorial_answer","","","",""
"амира малина описание сорта","6","6","Умеренная","https://malinaklubnika.ru/sorta/raspberry-amira/","seo-opisanie","cultivar_passport","","","",""
"атлант малина описание","6","5","Умеренная","https://malinaklubnika.ru/sorta/atlant/","seo-opisanie","cultivar_passport","","https://commons.wikimedia.org/wiki/File:%D0%9C%D0%B0%D0%BB%D0%B8%D0%BD%D0%B0_%D0%B0%D1%82%D0%BB%D0%B0%D0%BD%D1%82.jpg","https://dachaotzyv.ru/malina-atlant/","external_published_reader_accounts"
"баковая смесь для обработки клубники осенью","6","15","Умеренная","https://malinaklubnika.ru/zhurnal/obrabotka-klubniki-i-maliny-po-sezonu/","section-2","editorial_answer","","","",""
"болезни малины и их лечение","6","12","Умеренная","https://malinaklubnika.ru/zhurnal/bolezni-i-vrediteli-maliny-priznaki/","section-5","editorial_answer","","","",""
"виктория априка","6","6","Умеренная","https://malinaklubnika.ru/sorta/strawberry-victoria/","seo-opisanie","cultivar_passport","","https://dachaotzyv.ru/klubnika-viktoriya/","https://dachaotzyv.ru/klubnika-viktoriya/","external_published_reader_accounts"
"виктория корона описание сорта","6","7","Умеренная","https://malinaklubnika.ru/sorta/strawberry-victoria/","seo-opisanie","cultivar_passport","","https://dachaotzyv.ru/klubnika-viktoriya/","https://dachaotzyv.ru/klubnika-viktoriya/","external_published_reader_accounts"
"где лучше посадить малину на дачном участке","6","8","Умеренная","https://malinaklubnika.ru/zhurnal/posadka-maliny/","section-1","editorial_answer","","","",""
"гибрид земляники и клубники земклуника или земклубника лучшие сорта","6","10","Умеренная","https://malinaklubnika.ru/zhurnal/zemklunika-chto-eto-i-kak-vybrat-sort/","section-1","editorial_answer","","","",""
"гигант московский малина описание сорта отзывы","6","8","Умеренная","https://malinaklubnika.ru/sorta/moskovskiy-gigant/","seo-reviews","cultivar_passport","","","https://dachaotzyv.ru/malina-moskovskij-gigant/","external_published_reader_accounts"
"желтая ремонтантная малина сорта и фото","6","6","Умеренная","https://malinaklubnika.ru/sorta/malina/","tipy","catalog_comparison","","","",""
"земляника купчиха описание сорта фото отзывы","6","6","Умеренная","https://malinaklubnika.ru/sorta/kupchikha/","seo-reviews","cultivar_passport","","https://7dach.ru/bajenovasveta/zemklunika-kupchiha_2-224899.html","https://7dach.ru/bajenovasveta/zemklunika-kupchiha_2-224899.html; https://dachaotzyv.ru/klubnika-kupchiha/","grower_diary; external_published_reader_accounts"
"кабрильо клубника описание","6","5","Умеренная","https://malinaklubnika.ru/sorta/cabrillo/","seo-opisanie","cultivar_passport","","https://pmc.ncbi.nlm.nih.gov/articles/PMC8728004/","https://klubnika24.ru/obsuzhdenie-sorta-klubniki-kabrillo","external_published_reader_accounts"
"как называется сорт клубники белого цвета","6","22","Умеренная","https://malinaklubnika.ru/zhurnal/kak-vybrat-sort-klubniki/","section-1","editorial_answer","","","",""
"как посадить саженцы малины осенью","6","4","Умеренная","https://malinaklubnika.ru/zhurnal/osennyaya-posadka-maliny-sroki-i-podgotovka/","section-1","editorial_answer","","","",""
"как сажать ремонтантную малину весной в открытый грунт правильно","6","6","Умеренная","https://malinaklubnika.ru/zhurnal/uhod-za-malinoi-vesnoi-posle-zimy/","section-1","editorial_answer","","","",""
"какую клубнику лучше посадить в средней полосе","6","13","Умеренная","https://malinaklubnika.ru/zhurnal/posadka-klubniki/","section-1","editorial_answer","","","",""
"клубника боровицкая описание сорта фото отзывы садоводов","6","10","Умеренная","https://malinaklubnika.ru/sorta/borovitskaya/","otzyvy","cultivar_passport","photo; gardener_reviews","","",""
"клубника ранняя лучшие сорта","6","13","Умеренная","https://malinaklubnika.ru/sorta/klubnika/","sroki","catalog_comparison","","","",""
"клубника соната описание сорта фото отзывы","6","11","Умеренная","https://malinaklubnika.ru/sorta/strawberry-sonata/","seo-reviews","cultivar_passport","","https://dachaotzyv.ru/klubnika-sonata/","https://dachaotzyv.ru/klubnika-sonata/","external_published_reader_accounts"
"клубника эстафета описание сорта","6","10","Умеренная","https://malinaklubnika.ru/sorta/strawberry-estafeta-vstisp/","seo-opisanie","cultivar_passport","","","",""
"когда малина дает урожай","6","1","Умеренная","https://malinaklubnika.ru/zhurnal/rasstoyanie-posadki-maliny-i-pervyi-urozhai/","section-2","editorial_answer","","","",""
"когда сажать ремонтантную малину осенью","6","7","Умеренная","https://malinaklubnika.ru/zhurnal/osennyaya-posadka-maliny-sroki-i-podgotovka/","section-1","editorial_answer","","","",""
"когда сажают малину весной","6","2","Умеренная","https://malinaklubnika.ru/zhurnal/uhod-za-malinoi-vesnoi-posle-zimy/","section-1","editorial_answer","","","",""
"коричневые пятна на листьях клубники что это за болезнь и как ее лечить","6","11","Умеренная","https://malinaklubnika.ru/zhurnal/bolezni-klubniki-priznaki-i-proverka/","section-2","editorial_answer","","","",""
"красная королева малина описание сорта","6","8","Умеренная","https://malinaklubnika.ru/sorta/raspberry-krasnaya-koroleva/","seo-opisanie","cultivar_passport","","","",""
"лагорай малина описание сорта","6","11","Умеренная","https://malinaklubnika.ru/sorta/raspberry-lagorai-plus/","seo-opisanie","cultivar_passport","","https://patents.google.com/patent/US20130318664P1/en","",""
"лучшие ремонтантные сорта клубники для подмосковья для открытого грунта","6","11","Умеренная","https://malinaklubnika.ru/zhurnal/remontantnaya-klubnika/","section-3","editorial_answer","","","",""
"лучшие ремонтантные сорта малины","6","18","Умеренная","https://malinaklubnika.ru/zhurnal/sorta-maliny-dlya-podmoskovya-kak-vybrat/","section-1","editorial_answer","","","",""
"лучшие сорта клубники для подмосковья форум","6","13","Умеренная","https://malinaklubnika.ru/zhurnal/kak-vybrat-sort-klubniki/","section-1","editorial_answer","","","",""
"лучшие сорта клубники ремонтантной для подмосковья","6","11","Умеренная","https://malinaklubnika.ru/zhurnal/kak-vybrat-sort-klubniki/","section-1","editorial_answer","","","",""
"лучшие сорта малины для кировской области","6","13","Умеренная","https://malinaklubnika.ru/zhurnal/sorta-maliny-dlya-podmoskovya-kak-vybrat/","section-1","editorial_answer","","","",""
"лучшие сорта малины для ленинградской области рекомендации садоводов отзывы","6","12","Умеренная","https://malinaklubnika.ru/zhurnal/sorta-maliny-dlya-podmoskovya-kak-vybrat/","section-1","editorial_answer","","","",""
"лучшие сорта малины для ленобласти","6","8","Умеренная","https://malinaklubnika.ru/zhurnal/sorta-maliny-dlya-podmoskovya-kak-vybrat/","section-1","editorial_answer","","","",""
"лучшие сорта ремонтантной малины для ленинградской области","6","13","Умеренная","https://malinaklubnika.ru/sorta/malina/regiony/","region-2","regional_admissions_and_trials","","","",""
"лячка малина описание сорта фото отзывы","6","10","Умеренная","https://malinaklubnika.ru/sorta/lyachka/","otzyvy","cultivar_passport","","https://dachaotzyv.ru/malina-lyachka/","https://dachaotzyv.ru/malina-lyachka/","external_published_reader_accounts"
"маджестик малина описание сорта","6","8","Умеренная","https://malinaklubnika.ru/sorta/raspberry-majestic/","seo-opisanie","cultivar_passport","","","",""
"малина алая россыпь описание сорта","6","7","Умеренная","https://malinaklubnika.ru/sorta/raspberry-alaya-rossyp/","seo-opisanie","cultivar_passport","","","",""
"малина атлант описание сорта фото","6","6","Умеренная","https://malinaklubnika.ru/sorta/atlant/","seo-photo","cultivar_passport","","https://commons.wikimedia.org/wiki/File:%D0%9C%D0%B0%D0%BB%D0%B8%D0%BD%D0%B0_%D0%B0%D1%82%D0%BB%D0%B0%D0%BD%D1%82.jpg","https://dachaotzyv.ru/malina-atlant/","external_published_reader_accounts"
"малина бархатная описание сорта","6","6","Умеренная","https://malinaklubnika.ru/sorta/raspberry-barhatnaya/","seo-opisanie","cultivar_passport","","","",""
"малина беглянка описание сорта фото отзывы особенности выращивания","6","8","Умеренная","https://malinaklubnika.ru/sorta/beglyanka/","otzyvy","cultivar_passport","","https://dachaotzyv.ru/malina-beglyanka/","https://dachaotzyv.ru/malina-beglyanka/","external_published_reader_accounts"
"малина блестящая","6","5","Умеренная","https://malinaklubnika.ru/sorta/raspberry-brilliantovaya/","seo-opisanie","cultivar_passport","","","",""
"малина геракл описание сорта фото отзывы садоводов урожайность характеристика и описание","6","9","Умеренная","https://malinaklubnika.ru/sorta/gerakl/","otzyvy","cultivar_passport","","https://biosel.elpub.ru/jour/article/download/116/115#page=9","https://dachaotzyv.ru/malina-gerakl/","external_published_reader_accounts"
"малина деревом фото сорта цена и отзывы","6","5","Умеренная","https://malinaklubnika.ru/zhurnal/kak-vybrat-i-kupit-sazhency-maliny-i-klubniki/","section-1","editorial_answer","","","",""
"малина для урала лучшие сорта","6","18","Умеренная","https://malinaklubnika.ru/sorta/malina/regiony/","region-9","regional_admissions_and_trials","","","",""
"малина желтая сорта фото описание","6","8","Умеренная","https://malinaklubnika.ru/sorta/malina/","catalog","catalog_comparison","","","",""
"малина жозефина описание сорта","6","10","Умеренная","https://malinaklubnika.ru/sorta/raspberry-josephine/","seo-opisanie","cultivar_passport","","https://patents.google.com/patent/USPP12173P2/en","",""
"малина журавлик описание сорта","6","6","Умеренная","https://malinaklubnika.ru/sorta/zhuravlik/","seo-opisanie","cultivar_passport","","https://mossad24.ru/product/malina-zhuravlik/","https://dachaotzyv.ru/malina-zhuravlik/","external_published_reader_accounts"
"малина изобильная казакова описание","6","5","Умеренная","https://malinaklubnika.ru/sorta/izobilnaya/","seo-opisanie","cultivar_passport","","https://dachaotzyv.ru/malina-izobilnaya/","https://dachaotzyv.ru/malina-izobilnaya/","external_published_reader_accounts"
"малина исполин описание","6","9","Умеренная","https://malinaklubnika.ru/sorta/raspberry-ispolin/","seo-opisanie","cultivar_passport","","","",""
"малина крепыш описание сорта фото","6","9","Умеренная","https://malinaklubnika.ru/sorta/malina-krepysh/","seo-photo","cultivar_passport","","https://7dach.ru/SvetikOdessa/malinovoe-derevo_2-72683.html","https://dachaotzyv.ru/malina-krepysh/","external_published_reader_accounts"
"малина лячка описание сорта фото","6","5","Умеренная","https://malinaklubnika.ru/sorta/lyachka/","seo-photo","cultivar_passport","","https://dachaotzyv.ru/malina-lyachka/","https://dachaotzyv.ru/malina-lyachka/","external_published_reader_accounts"
"малина магнат описание сорта","6","15","Умеренная","https://malinaklubnika.ru/sorta/raspberry-magnat/","seo-opisanie","cultivar_passport","","https://niwabrzezna.pl/wp-content/uploads/2023/09/IMG_0844.jpg","",""
"малина малиновая гряда описание сорта фото отзывы садоводов","6","11","Умеренная","https://malinaklubnika.ru/sorta/raspberry-malinovaya-gryada/","seo-reviews","cultivar_passport","photo; gardener_reviews","","",""
"малина мапема описание сорта фото отзывы","6","7","Умеренная","https://malinaklubnika.ru/sorta/raspberry-mapema/","seo-reviews","cultivar_passport","gardener_reviews","https://www.advancedplants.nl/wp-content/uploads/2018/01/Mapema-1.jpg","",""
"малина нантахала описание сорта","6","9","Умеренная","https://malinaklubnika.ru/sorta/raspberry-nantahala/","seo-opisanie","cultivar_passport","","https://rubus.ces.ncsu.edu/wp-content/uploads/2018/04/Nantahala-red-raspberry.pdf?fwd=no#page=1","",""
"малина новость кузьмина описание сорта фото","6","7","Умеренная","https://malinaklubnika.ru/sorta/raspberry-novost-kuzmina/","seo-photo","cultivar_passport","","https://7dach.ru/Eleko/10-luchshih-sortov-maliny-kotorye-rekomenduyut-dachniki-272274.html","",""
"малина описание сорта фото отзывы","6","5","Умеренная","https://malinaklubnika.ru/sorta/malina/","catalog","catalog_comparison","","","",""
"малина пингвин описание сорта фото отзывы садоводов урожайность характеристика и описание сорта фото","6","12","Умеренная","https://malinaklubnika.ru/sorta/pingvin/","otzyvy","cultivar_passport","","https://dachaotzyv.ru/malina-pingvin/","https://dachaotzyv.ru/malina-pingvin/","external_published_reader_accounts"
"малина посадка весной как правильно посадить саженцы","6","8","Умеренная","https://malinaklubnika.ru/zhurnal/uhod-za-malinoi-vesnoi-posle-zimy/","section-1","editorial_answer","","","",""
"малина роялти описание сорта","6","8","Умеренная","https://malinaklubnika.ru/sorta/raspberry-royalty/","seo-opisanie","cultivar_passport","","","",""
"малина самородок описание сорта","6","9","Умеренная","https://malinaklubnika.ru/sorta/raspberry-samorodok/","seo-opisanie","cultivar_passport","","","",""
"малина сенатор описание сорта","6","7","Умеренная","https://malinaklubnika.ru/sorta/raspberry-senator-trade/","seo-opisanie","cultivar_passport","","","",""
"малина сорт таруса описание фото отзывы садоводов","6","7","Умеренная","https://malinaklubnika.ru/sorta/tarusa/","otzyvy","cultivar_passport","","https://7dach.ru/SvetikOdessa/malinovoe-derevo_2-72683.html","https://7dach.ru/SvetikOdessa/malinovoe-derevo_2-72683.html; https://dachaotzyv.ru/malina-tarusa/","grower_diary; external_published_reader_accounts"
"малина столичная описание сорта фото отзывы садоводов","6","5","Умеренная","https://malinaklubnika.ru/sorta/raspberry-stolichnaya/","seo-reviews","cultivar_passport","photo; gardener_reviews","","",""
"малина татьяна описание сорта фото отзывы","6","9","Умеренная","https://malinaklubnika.ru/sorta/raspberry-tatyana/","seo-reviews","cultivar_passport","photo; gardener_reviews","","",""
"малина халлей описание сорта","6","6","Умеренная","https://malinaklubnika.ru/sorta/raspberry-halley/","seo-opisanie","cultivar_passport","","https://patents.justia.com/patent/20210176908","",""
"малина хебан описание сорта фото отзывы садоводов","6","17","Умеренная","https://malinaklubnika.ru/sorta/raspberry-heban/","seo-reviews","cultivar_passport","gardener_reviews","https://en.niwabrzezna.pl/varieties/raspberries/heban/","",""
"малина химбо-топ описание сорта","6","6","Умеренная","https://malinaklubnika.ru/sorta/raspberry-himbo-top/","seo-opisanie","cultivar_passport","","","",""
"малина черная кумберленд описание сорта фото отзывы","6","7","Умеренная","https://malinaklubnika.ru/sorta/raspberry-cumberland/","seo-reviews","cultivar_passport","photo; gardener_reviews","","",""
"малина янтарная описание сорта","6","6","Умеренная","https://malinaklubnika.ru/sorta/raspberry-yantarnaya/","seo-opisanie","cultivar_passport","","","",""
"малиновое дерево богатырь посадка и уход","6","6","Умеренная","https://malinaklubnika.ru/sorta/raspberry-bogatyr-trade/","seo-care","cultivar_passport","","","",""
"можно ли сажать малину в июне","6","6","Умеренная","https://malinaklubnika.ru/zhurnal/posadka-maliny/","section-3","editorial_answer","","","",""
"на каком расстоянии сажают малину друг от друга","6","4","Умеренная","https://malinaklubnika.ru/zhurnal/rasstoyanie-posadki-maliny-i-pervyi-urozhai/","section-1","editorial_answer","","","",""
"на какую глубину сажать малину осенью в открытый грунт","6","7","Умеренная","https://malinaklubnika.ru/zhurnal/osennyaya-posadka-maliny-sroki-i-podgotovka/","section-1","editorial_answer","","","",""
"описание сорта малина дочь геракла отзывы","6","5","Умеренная","https://malinaklubnika.ru/sorta/raspberry-doch-gerakla-trade/","seo-reviews","cultivar_passport","","https://dachaotzyv.ru/malina-doch-gerakla/","https://dachaotzyv.ru/malina-doch-gerakla/","external_published_reader_accounts"
"оранжевое чудо малина описание сорта фото отзывы","6","8","Умеренная","https://malinaklubnika.ru/sorta/oranzhevoe-chudo/","otzyvy","cultivar_passport","","https://7dach.ru/gosha_popov_66/oranzhevoe-chudo_29-216211.html","https://dachaotzyv.ru/malina-oranzhevoe-chudo/","external_published_reader_accounts"
"поздние сорта малины","6","8","Умеренная","https://malinaklubnika.ru/zhurnal/sorta-maliny-dlya-podmoskovya-kak-vybrat/","section-1","editorial_answer","","","",""
"полана малина описание сорта","6","5","Умеренная","https://malinaklubnika.ru/sorta/polana/","seo-opisanie","cultivar_passport","","https://commons.wikimedia.org/wiki/File:Polana-malina.jpg","https://dachaotzyv.ru/malina-polana/","external_published_reader_accounts"
"посадка малины осенью когда и как правильно сажать","6","8","Умеренная","https://malinaklubnika.ru/zhurnal/osennyaya-posadka-maliny-sroki-i-podgotovka/","section-1","editorial_answer","","","",""
"посадка малины ремонтантной осенью","6","8","Умеренная","https://malinaklubnika.ru/zhurnal/osennyaya-posadka-maliny-sroki-i-podgotovka/","section-1","editorial_answer","","","",""
"похвалинка малина описание сорта отзывы","6","6","Умеренная","https://malinaklubnika.ru/sorta/pohvalinka/","otzyvy","cultivar_passport","gardener_reviews","","",""
"расстояние между малиной при посадке в ряд","6","4","Умеренная","https://malinaklubnika.ru/zhurnal/rasstoyanie-posadki-maliny-i-pervyi-urozhai/","section-1","editorial_answer","","","",""
"ремонтантная клубника лучшие сорта для средней полосы","6","13","Умеренная","https://malinaklubnika.ru/zhurnal/remontantnaya-klubnika/","section-3","editorial_answer","","","",""
"сажаем малину осенью правильно","6","7","Умеренная","https://malinaklubnika.ru/zhurnal/osennyaya-posadka-maliny-sroki-i-podgotovka/","section-1","editorial_answer","","","",""
"самая сладкая малина","6","9","Умеренная","https://malinaklubnika.ru/sorta/malina/","vkus","catalog_comparison","","","",""
"самый урожайный сорт клубники","6","10","Умеренная","https://malinaklubnika.ru/zhurnal/kak-vybrat-sort-klubniki/","section-1","editorial_answer","","","",""
"сорт клубники для подмосковья сладкая и крупная","6","11","Умеренная","https://malinaklubnika.ru/zhurnal/kak-vybrat-sort-klubniki/","section-1","editorial_answer","","","",""
"сорт клубники купчиха фото и описание сорта отзывы садоводов","6","10","Умеренная","https://malinaklubnika.ru/sorta/kupchikha/","seo-reviews","cultivar_passport","","https://7dach.ru/bajenovasveta/zemklunika-kupchiha_2-224899.html","https://7dach.ru/bajenovasveta/zemklunika-kupchiha_2-224899.html; https://dachaotzyv.ru/klubnika-kupchiha/","grower_diary; external_published_reader_accounts"
"сорт малины вайолет фото и описание","6","5","Умеренная","https://malinaklubnika.ru/sorta/raspberry-vajolet/","seo-photo","cultivar_passport","photo","","",""
"сорта малины для ленинградской области крупноплодной вкусной","6","10","Умеренная","https://malinaklubnika.ru/zhurnal/sorta-maliny-dlya-podmoskovya-kak-vybrat/","section-1","editorial_answer","","","",""
"сорта ремонтантной малины для ленинградской области","6","10","Умеренная","https://malinaklubnika.ru/sorta/malina/regiony/","region-2","regional_admissions_and_trials","","","",""
"сроки посадки малины осенью в подмосковье","6","5","Умеренная","https://malinaklubnika.ru/zhurnal/osennyaya-posadka-maliny-sroki-i-podgotovka/","section-1","editorial_answer","","","",""
"таруса малиновое дерево описание сорта","6","6","Умеренная","https://malinaklubnika.ru/sorta/tarusa/","seo-opisanie","cultivar_passport","","https://7dach.ru/SvetikOdessa/malinovoe-derevo_2-72683.html","https://7dach.ru/SvetikOdessa/malinovoe-derevo_2-72683.html; https://dachaotzyv.ru/malina-tarusa/","grower_diary; external_published_reader_accounts"
"урожайные сорта клубники","6","21","Умеренная","https://malinaklubnika.ru/zhurnal/kak-vybrat-sort-klubniki/","section-1","editorial_answer","","","",""
"хорошие сорта малины","6","8","Умеренная","https://malinaklubnika.ru/zhurnal/sorta-maliny-dlya-podmoskovya-kak-vybrat/","section-1","editorial_answer","","","",""
"чем обработать малину весной от болезней и вредителей в апреле","6","14","Умеренная","https://malinaklubnika.ru/zhurnal/bolezni-i-vrediteli-maliny-priznaki/","section-5","editorial_answer","","","",""
"чем опрыскать малину осенью","6","11","Умеренная","https://malinaklubnika.ru/zhurnal/obrabotka-klubniki-i-maliny-po-sezonu/","section-2","editorial_answer","","","",""
"чем подкормить малину при посадке","6","4","Умеренная","https://malinaklubnika.ru/zhurnal/chem-podkormit-malinu-po-fazam/","section-2","editorial_answer","","","",""
"черный принц клубника описание сорта отзывы садоводов","6","10","Умеренная","https://malinaklubnika.ru/sorta/black-prince-strawberry/","seo-reviews","cultivar_passport","","https://7dach.ru/28101959NaTa/klubnika-sorta-chernyy-princ-ochen-vkusnaya-yagoda-259932.html","https://7dach.ru/28101959NaTa/klubnika-sorta-chernyy-princ-ochen-vkusnaya-yagoda-259932.html; https://dachaotzyv.ru/klubnika-chernyj-princ/","grower_diary; external_published_reader_accounts"
"бабье лето что за сорт малины","5","8","Умеренная","https://malinaklubnika.ru/sorta/raspberry-babye-leto/","seo-opisanie","cultivar_passport","","https://dachaotzyv.ru/malina-babe-leto/","https://dachaotzyv.ru/malina-babe-leto/","external_published_reader_accounts"
"болезни малины и борьба с ними с фото","5","10","Умеренная","https://malinaklubnika.ru/zhurnal/bolezni-i-vrediteli-maliny-priznaki/","section-5","editorial_answer","","","",""
"болезни ягод клубники","5","6","Умеренная","https://malinaklubnika.ru/zhurnal/bolezni-klubniki-priznaki-i-proverka/","section-1","editorial_answer","","","",""
"весенняя посадка малины","5","8","Умеренная","https://malinaklubnika.ru/zhurnal/posadka-maliny/","section-1","editorial_answer","","","",""
"выращивание малины из семян в домашних условиях","5","8","Умеренная","https://malinaklubnika.ru/zhurnal/kak-vyrastit-malinu-iz-semyan/","section-1","editorial_answer","","","",""
"грунт для малины при посадке","5","3","Умеренная","https://malinaklubnika.ru/zhurnal/posadka-maliny/","section-1","editorial_answer","","","",""
"дочь геракла малина описание","5","2","Умеренная","https://malinaklubnika.ru/sorta/raspberry-doch-gerakla-trade/","seo-opisanie","cultivar_passport","","https://dachaotzyv.ru/malina-doch-gerakla/","https://dachaotzyv.ru/malina-doch-gerakla/","external_published_reader_accounts"
"желтая малина выращивание и уход","5","4","Умеренная","https://malinaklubnika.ru/zhurnal/vyrashchivanie-zheltoy-maliny/","section-2","editorial_answer","","","",""
"земляника сан андреас описание сорта","5","4","Умеренная","https://malinaklubnika.ru/sorta/san-andreas/","seo-opisanie","cultivar_passport","","https://active.inspection.gc.ca/english/plaveg/pbrpov/cropreport/str/app00010197e.shtml","https://dachaotzyv.ru/klubnika-san-andreas/","external_published_reader_accounts"
"земляника царица описание","5","5","Умеренная","https://malinaklubnika.ru/sorta/tsaritsa/","seo-opisanie","cultivar_passport","","https://jbiochemtech.com/storage/models/article/bMUh1GtjLrbMv0U5GbVt14NkkfQ2frw7KZS6iVW7Iv1VKS7RXJ6GRMwbz9KS/garden-strawberry-varieties-of-the-all-russian-horticultural-institute-for-breeding-agrotechnology.pdf#page=4","https://dachaotzyv.ru/klubnika-carica/","external_published_reader_accounts"
"как обрезать саженцы малины при посадке","5","15","Умеренная","https://malinaklubnika.ru/zhurnal/posadka-maliny/","section-1","editorial_answer","","","",""
"как подготовить клубнику весной","5","3","Умеренная","https://malinaklubnika.ru/zhurnal/uhod-za-klubnikoi-vesnoi-posle-zimy/","section-1","editorial_answer","","","",""
"как посадить малину осенью саженцами","5","7","Умеренная","https://malinaklubnika.ru/zhurnal/osennyaya-posadka-maliny-sroki-i-podgotovka/","section-1","editorial_answer","","","",""
"как правильно посадить малину весной в открытый","5","5","Умеренная","https://malinaklubnika.ru/zhurnal/uhod-za-malinoi-vesnoi-posle-zimy/","section-1","editorial_answer","","","",""
"как сохранить саженец малины до весны в домашних условиях","5","6","Умеренная","https://malinaklubnika.ru/zhurnal/kak-sohranit-sazhency-maliny-do-posadki/","section-2","editorial_answer","","","",""
"как хранить саженцы малины до посадки весной","5","5","Умеренная","https://malinaklubnika.ru/zhurnal/kak-sohranit-sazhency-maliny-do-posadki/","section-2","editorial_answer","","","",""
"какие удобрения вносить при посадке малины осенью","5","4","Умеренная","https://malinaklubnika.ru/zhurnal/osennyaya-posadka-maliny-sroki-i-podgotovka/","section-1","editorial_answer","","","",""
"какой сорт малины самый лучший","5","9","Умеренная","https://malinaklubnika.ru/sorta/malina/","catalog","catalog_comparison","","","",""
"клубника альтурас описание сорта","5","12","Умеренная","https://malinaklubnika.ru/sorta/strawberry-alturas-bernardini/","seo-opisanie","cultivar_passport","","","",""
"клубника большая медведица описание сорта фото отзывы садоводов","5","11","Умеренная","https://malinaklubnika.ru/sorta/strawberry-big-dipper-trade/","seo-reviews","cultivar_passport","photo; gardener_reviews","","",""
"клубника избранница описание сорта фото отзывы садоводов","5","11","Умеренная","https://malinaklubnika.ru/sorta/strawberry-izbrannitsa/","seo-reviews","cultivar_passport","photo; gardener_reviews","","",""
"клубника лималексия описание сорта фото отзывы садоводов урожайность","5","11","Умеренная","https://malinaklubnika.ru/sorta/strawberry-limalexia/","seo-reviews","cultivar_passport","photo; gardener_reviews","","",""
"клубника мадлен описание сорта фото отзывы","5","10","Умеренная","https://malinaklubnika.ru/sorta/strawberry-madlen-skopje-trial/","seo-reviews","cultivar_passport","photo; gardener_reviews","","",""
"клубника маршал описание","5","6","Умеренная","https://malinaklubnika.ru/sorta/strawberry-marshal/","seo-opisanie","cultivar_passport","","","https://dachaotzyv.ru/klubnika-marshal/","external_published_reader_accounts"
"клубника нсд что это значит","5","5","Умеренная","https://malinaklubnika.ru/zhurnal/nsd-ksd-klubnika-chto-znachat-tipy-dnya/","section-1","editorial_answer","","","",""
"клубника фестивальная описание отзывы","5","5","Умеренная","https://malinaklubnika.ru/sorta/festivalnaya/","otzyvy","cultivar_passport","","https://biosel.elpub.ru/jour/article/download/143/139#page=4","https://7dach.ru/panytany/klubnika-festivalnaya-vkus-detstva-133037.html; https://dachaotzyv.ru/klubnika-festivalnaya/","grower_diary; external_published_reader_accounts"
"клубника флорис описание сорта","5","12","Умеренная","https://malinaklubnika.ru/sorta/strawberry-florice-flevo/","seo-opisanie","cultivar_passport","","","",""
"клубника элоди описание сорта фото отзывы садоводов урожайность","5","15","Умеренная","https://malinaklubnika.ru/sorta/strawberry-elody-bernardini/","seo-reviews","cultivar_passport","photo; gardener_reviews","","",""
"клубника эльвира описание сорта фото отзывы садоводов","5","12","Умеренная","https://malinaklubnika.ru/sorta/strawberry-elvira-trade/","seo-reviews","cultivar_passport","","https://dachaotzyv.ru/klubnika-elvira/","https://dachaotzyv.ru/klubnika-elvira/","external_published_reader_accounts"
"когда высаживать малину в открытый грунт","5","2","Умеренная","https://malinaklubnika.ru/zhurnal/posadka-maliny/","section-3","editorial_answer","","","",""
"когда и как сажать малину осенью","5","5","Умеренная","https://malinaklubnika.ru/zhurnal/osennyaya-posadka-maliny-sroki-i-podgotovka/","section-1","editorial_answer","","","",""
"когда сажать саженцы малины весной в открытый грунт","5","2","Умеренная","https://malinaklubnika.ru/zhurnal/uhod-za-malinoi-vesnoi-posle-zimy/","section-1","editorial_answer","","","",""
"лучшая клубника для ленинградской области","5","9","Умеренная","https://malinaklubnika.ru/sorta/klubnika/regiony/","region-2","regional_admissions_and_trials","","","",""
"лучшие ремонтантные сорта клубники для средней полосы","5","12","Умеренная","https://malinaklubnika.ru/zhurnal/remontantnaya-klubnika/","section-3","editorial_answer","","","",""
"лучшие сорта клубники для подмосковья для открытого грунта крупноплодные сладкие сорта","5","6","Умеренная","https://malinaklubnika.ru/zhurnal/kak-vybrat-sort-klubniki/","section-1","editorial_answer","","","",""
"лучшие сорта малины для урала отзывы садоводов","5","13","Умеренная","https://malinaklubnika.ru/zhurnal/sorta-maliny-dlya-podmoskovya-kak-vybrat/","section-1","editorial_answer","","","",""
"лучшие сорта малины ремонтантной","5","9","Умеренная","https://malinaklubnika.ru/zhurnal/sorta-maliny-dlya-podmoskovya-kak-vybrat/","section-1","editorial_answer","","","",""
"лячка малина описание сорта","5","6","Умеренная","https://malinaklubnika.ru/sorta/lyachka/","seo-opisanie","cultivar_passport","","https://dachaotzyv.ru/malina-lyachka/","https://dachaotzyv.ru/malina-lyachka/","external_published_reader_accounts"
"малина без поросли лучшие сорта","5","8","Умеренная","https://malinaklubnika.ru/zhurnal/kak-udalit-kornevuyu-porosl-maliny/","section-3","editorial_answer","","","",""
"малина бенефис описание сорта","5","5","Умеренная","https://malinaklubnika.ru/sorta/raspberry-benefis/","seo-opisanie","cultivar_passport","","","",""
"малина бирюсинка описание сорта фото отзывы садоводов","5","8","Умеренная","https://malinaklubnika.ru/sorta/raspberry-biryusinka/","seo-reviews","cultivar_passport","photo; gardener_reviews","","",""
"малина богатырь описание сорта отзывы","5","7","Умеренная","https://malinaklubnika.ru/sorta/raspberry-bogatyr-trade/","seo-reviews","cultivar_passport","gardener_reviews","","",""
"малина бристоль описание сорта фото отзывы особенности выращивания","5","7","Умеренная","https://malinaklubnika.ru/sorta/raspberry-bristol/","seo-reviews","cultivar_passport","photo; gardener_reviews","","",""
"малина галактика описание","5","3","Умеренная","https://malinaklubnika.ru/sorta/raspberry-galaktika-trade/","seo-opisanie","cultivar_passport","","","",""
"малина геракл ремонтантная описание сорта","5","5","Умеренная","https://malinaklubnika.ru/sorta/gerakl/","seo-opisanie","cultivar_passport","","https://biosel.elpub.ru/jour/article/download/116/115#page=9","https://dachaotzyv.ru/malina-gerakl/","external_published_reader_accounts"
"малина геракл ремонтантная посадка и уход","5","7","Умеренная","https://malinaklubnika.ru/sorta/gerakl/","seo-care","cultivar_passport","","https://biosel.elpub.ru/jour/article/download/116/115#page=9","https://dachaotzyv.ru/malina-gerakl/","external_published_reader_accounts"
"малина геркулес описание сорта","5","3","Умеренная","https://malinaklubnika.ru/sorta/gerakl/","seo-opisanie","cultivar_passport","","https://biosel.elpub.ru/jour/article/download/116/115#page=9","https://dachaotzyv.ru/malina-gerakl/","external_published_reader_accounts"
"малина глен ампл описание","5","7","Умеренная","https://malinaklubnika.ru/sorta/glen-ample/","seo-opisanie","cultivar_passport","","https://dachaotzyv.ru/malina-glen-ampl/","https://dachaotzyv.ru/malina-glen-ampl/","external_published_reader_accounts"
"малина гусар описание сорта фото отзывы садоводов урожайность характеристика","5","5","Умеренная","https://malinaklubnika.ru/sorta/gusar/","otzyvy","cultivar_passport","","https://7dach.ru/KatyaK/gusar-krupnaya-sladkaya-malina-moego-sada-228819.html","https://7dach.ru/KatyaK/gusar-krupnaya-sladkaya-malina-moego-sada-228819.html; https://dachaotzyv.ru/malina-gusar/","grower_diary; external_published_reader_accounts"
"малина делнива описание сорта фото отзывы","5","6","Умеренная","https://malinaklubnika.ru/sorta/raspberry-delniwa/","seo-reviews","cultivar_passport","gardener_reviews","https://en.niwabrzezna.pl/wp-content/uploads/2023/03/Delniwa.s-300x225-1.webp","",""
"малина делнива описание сорта фото отзывы садоводов урожайность","5","11","Умеренная","https://malinaklubnika.ru/sorta/raspberry-delniwa/","seo-reviews","cultivar_passport","gardener_reviews","https://en.niwabrzezna.pl/wp-content/uploads/2023/03/Delniwa.s-300x225-1.webp","",""
"малина джоан джи описание сорта","5","5","Умеренная","https://malinaklubnika.ru/sorta/raspberry-joan-j/","seo-opisanie","cultivar_passport","","https://patents.google.com/patent/USPP18954P3/en","",""
"малина добрая описание сорта","5","6","Умеренная","https://malinaklubnika.ru/sorta/raspberry-dobraya/","seo-opisanie","cultivar_passport","","","",""
"малина дочь геракла описание сорта фото отзывы садоводов","5","8","Умеренная","https://malinaklubnika.ru/sorta/raspberry-doch-gerakla-trade/","seo-reviews","cultivar_passport","","https://dachaotzyv.ru/malina-doch-gerakla/","https://dachaotzyv.ru/malina-doch-gerakla/","external_published_reader_accounts"
"малина желтый гигант посадка и уход","5","5","Умеренная","https://malinaklubnika.ru/sorta/zheltyy-gigant/","seo-care","cultivar_passport","","https://agroecoinfo.ru/STATYI/2022/5/st_525.pdf#page=5","https://7dach.ru/Tatka-Veta/malina-zheltyy-gigant-samaya-sladkaya-230032.html; https://dachaotzyv.ru/malina-zheltyj-gigant/","grower_diary; external_published_reader_accounts"
"малина земляничная тибетская описание сорта фото отзывы","5","5","Умеренная","https://malinaklubnika.ru/zhurnal/tibetskaya-malina-kakoe-rastenie/","section-4","editorial_answer","","","",""
"малина золотая осень описание сорта фото отзывы садоводов","5","5","Умеренная","https://malinaklubnika.ru/sorta/zolotaya-osen/","otzyvy","cultivar_passport","","https://dachaotzyv.ru/malina-zolotaya-osen/","https://dachaotzyv.ru/malina-zolotaya-osen/","external_published_reader_accounts"
"малина золотые купола описание","5","4","Умеренная","https://malinaklubnika.ru/sorta/zolotye-kupola/","seo-opisanie","cultivar_passport","","https://dachaotzyv.ru/malina-zolotye-kupola/","https://dachaotzyv.ru/malina-zolotye-kupola/","external_published_reader_accounts"
"малина зюгана желтая описание сорта","5","6","Умеренная","https://malinaklubnika.ru/sorta/raspberry-sugana/","seo-opisanie","cultivar_passport","","https://www.luberaedibles.com/cdn/shop/products/Rubus_Twotimer__Sugana_1_550x550.jpg?v=1675066659","https://dachaotzyv.ru/malina-zyugana/","external_published_reader_accounts"
"малина имара описание сорта фото отзывы садоводов","5","10","Умеренная","https://malinaklubnika.ru/sorta/raspberry-imara/","seo-reviews","cultivar_passport","photo; gardener_reviews","","",""
"малина как сажать и ухаживать расстояние между кустами","5","6","Умеренная","https://malinaklubnika.ru/zhurnal/rasstoyanie-posadki-maliny-i-pervyi-urozhai/","section-1","editorial_answer","","","",""
"малина каскад харвест описание сорта фото отзывы","5","7","Умеренная","https://malinaklubnika.ru/sorta/raspberry-cascade-harvest/","seo-reviews","cultivar_passport","photo; gardener_reviews","","",""
"малина кимберленд","5","4","Умеренная","https://malinaklubnika.ru/sorta/raspberry-cumberland/","seo-opisanie","cultivar_passport","","","",""
"малина когда сажать саженцы","5","3","Умеренная","https://malinaklubnika.ru/zhurnal/posadka-maliny/","section-3","editorial_answer","","","",""
"малина краса россии описание сорта отзывы","5","9","Умеренная","https://malinaklubnika.ru/sorta/krasa-rossii/","otzyvy","cultivar_passport","","https://dachaotzyv.ru/malina-krasa-rossii/","https://dachaotzyv.ru/malina-krasa-rossii/","external_published_reader_accounts"
"малина кустовая сорта фото","5","6","Умеренная","https://malinaklubnika.ru/zhurnal/uhod-za-malinoi-v-techenie-sezona/","section-5","editorial_answer","","","",""
"малина ляшка описание сорта фото отзывы","5","6","Умеренная","https://malinaklubnika.ru/sorta/lyachka/","otzyvy","cultivar_passport","","https://dachaotzyv.ru/malina-lyachka/","https://dachaotzyv.ru/malina-lyachka/","external_published_reader_accounts"
"малина маджестик описание сорта отзывы","5","9","Умеренная","https://malinaklubnika.ru/sorta/raspberry-majestic/","seo-reviews","cultivar_passport","gardener_reviews","","",""
"малина моллинг джуно описание сорта","5","5","Умеренная","https://malinaklubnika.ru/sorta/raspberry-molling-juno/","seo-opisanie","cultivar_passport","","","",""
"малина награда описание сорта фото отзывы","5","7","Умеренная","https://malinaklubnika.ru/sorta/raspberry-nagrada/","seo-reviews","cultivar_passport","photo; gardener_reviews","","",""
"малина нектарная описание сорта фото отзывы","5","9","Умеренная","https://malinaklubnika.ru/sorta/raspberry-nektarnaya-heisa-trade/","seo-reviews","cultivar_passport","photo; gardener_reviews","","",""
"малина нобилити","5","8","Умеренная","https://malinaklubnika.ru/sorta/raspberry-nobility/","seo-opisanie","cultivar_passport","","","",""
"малина новость кузьмина описание сорта отзывы","5","9","Умеренная","https://malinaklubnika.ru/sorta/raspberry-novost-kuzmina/","seo-reviews","cultivar_passport","gardener_reviews","https://7dach.ru/Eleko/10-luchshih-sortov-maliny-kotorye-rekomenduyut-dachniki-272274.html","",""
"малина носорог описание сорта фото отзывы садоводов","5","9","Умеренная","https://malinaklubnika.ru/sorta/raspberry-nosorog/","seo-reviews","cultivar_passport","","https://dachaotzyv.ru/malina-nosorog/","https://dachaotzyv.ru/malina-nosorog/","external_published_reader_accounts"
"малина пингвин описание сорта отзывы","5","9","Умеренная","https://malinaklubnika.ru/sorta/pingvin/","otzyvy","cultivar_passport","","https://dachaotzyv.ru/malina-pingvin/","https://dachaotzyv.ru/malina-pingvin/","external_published_reader_accounts"
"малина пшехиба описание сорта отзывы садоводов","5","8","Умеренная","https://malinaklubnika.ru/sorta/pshehiba/","otzyvy","cultivar_passport","gardener_reviews","https://www.brzezna.pl/malina-rubus-idaeus-przehyba/","",""
"малина ремонтантная карамелька описание сорта","5","6","Умеренная","https://malinaklubnika.ru/sorta/karamelka/","seo-opisanie","cultivar_passport","","https://7dach.ru/user_7878_SveKle/malina-karamelka-kto-vyraschivaet-podelites-vpechatleniyami-296146.html","https://7dach.ru/user_7878_SveKle/malina-karamelka-kto-vyraschivaet-podelites-vpechatleniyami-296146.html; https://dachaotzyv.ru/malina-karamelka/","grower_diary; external_published_reader_accounts"
"малина ремонтантная посадка и уход в открытом грунте осенью","5","6","Умеренная","https://malinaklubnika.ru/zhurnal/osennyaya-posadka-maliny-sroki-i-podgotovka/","section-1","editorial_answer","","","",""
"малина розолистная выращивание и уход","5","4","Умеренная","https://malinaklubnika.ru/zhurnal/tibetskaya-malina-kakoe-rastenie/","section-3","editorial_answer","","","",""
"малина садовая посадка и уход","5","4","Умеренная","https://malinaklubnika.ru/zhurnal/posadka-maliny/","section-1","editorial_answer","","","",""
"малина самородок описание сорта фото отзывы садоводов","5","7","Умеренная","https://malinaklubnika.ru/sorta/raspberry-samorodok/","seo-reviews","cultivar_passport","photo; gardener_reviews","","",""
"малина сказка описание сорта фото отзывы садоводов урожайность характеристика и описание сорта","5","7","Умеренная","https://malinaklubnika.ru/sorta/malina-skazka/","seo-reviews","cultivar_passport","","https://dachaotzyv.ru/malina-skazka/","https://dachaotzyv.ru/malina-skazka/","external_published_reader_accounts"
"малина слава россии описание сорта фото отзывы садоводов","5","9","Умеренная","https://malinaklubnika.ru/sorta/raspberry-slava-rossii-trade/","seo-reviews","cultivar_passport","photo; gardener_reviews","","",""
"малина сорт награда описание сорта фото","5","8","Умеренная","https://malinaklubnika.ru/sorta/raspberry-nagrada/","seo-photo","cultivar_passport","photo","","",""
"малина таруса описание и отзывы","5","6","Умеренная","https://malinaklubnika.ru/sorta/tarusa/","otzyvy","cultivar_passport","","https://7dach.ru/SvetikOdessa/malinovoe-derevo_2-72683.html","https://7dach.ru/SvetikOdessa/malinovoe-derevo_2-72683.html; https://dachaotzyv.ru/malina-tarusa/","grower_diary; external_published_reader_accounts"
"малина таруса описание и уход","5","5","Умеренная","https://malinaklubnika.ru/sorta/tarusa/","seo-care","cultivar_passport","","https://7dach.ru/SvetikOdessa/malinovoe-derevo_2-72683.html","https://7dach.ru/SvetikOdessa/malinovoe-derevo_2-72683.html; https://dachaotzyv.ru/malina-tarusa/","grower_diary; external_published_reader_accounts"
"малина таруса описание сорта посадка и уход","5","5","Умеренная","https://malinaklubnika.ru/sorta/tarusa/","seo-care","cultivar_passport","","https://7dach.ru/SvetikOdessa/malinovoe-derevo_2-72683.html","https://7dach.ru/SvetikOdessa/malinovoe-derevo_2-72683.html; https://dachaotzyv.ru/malina-tarusa/","grower_diary; external_published_reader_accounts"
"малина терентий описание сорта отзывы","5","7","Умеренная","https://malinaklubnika.ru/sorta/raspberry-terentiy/","seo-reviews","cultivar_passport","","https://dachaotzyv.ru/malina-terentij/","https://dachaotzyv.ru/malina-terentij/","external_published_reader_accounts"
"малина тибетская отзывы","5","5","Умеренная","https://malinaklubnika.ru/zhurnal/tibetskaya-malina-kakoe-rastenie/","section-4","editorial_answer","","","",""
"малина тибетская фото и описание кустарника","5","4","Умеренная","https://malinaklubnika.ru/zhurnal/tibetskaya-malina-kakoe-rastenie/","section-2","editorial_answer","","","",""
"малина халлей описание сорта фото отзывы","5","15","Умеренная","https://malinaklubnika.ru/sorta/raspberry-halley/","seo-reviews","cultivar_passport","gardener_reviews","https://patents.justia.com/patent/20210176908","",""
"малина херитейдж описание сорта фото отзывы","5","5","Умеренная","https://malinaklubnika.ru/sorta/heritage/","otzyvy","cultivar_passport","","https://www.flickr.com/photos/graibeard/3220923545/","https://dachaotzyv.ru/malina-heritejdzh/","external_published_reader_accounts"
"малина энросадира описание сорта фото отзывы садоводов урожайность характеристика","5","13","Умеренная","https://malinaklubnika.ru/sorta/raspberry-enrosadira/","seo-reviews","cultivar_passport","gardener_reviews","https://patentimages.storage.googleapis.com/24/cb/3a/c3d2d1cc563536/US20140317798P1.pdf#page=2","",""
"малиновое дерево богатырь описание сорта","5","6","Умеренная","https://malinaklubnika.ru/sorta/raspberry-bogatyr-trade/","seo-opisanie","cultivar_passport","","","",""
"малиновое дерево таруса уход","5","5","Умеренная","https://malinaklubnika.ru/sorta/tarusa/","seo-care","cultivar_passport","","https://7dach.ru/SvetikOdessa/malinovoe-derevo_2-72683.html","https://7dach.ru/SvetikOdessa/malinovoe-derevo_2-72683.html; https://dachaotzyv.ru/malina-tarusa/","grower_diary; external_published_reader_accounts"
"маросейка малина описание сорта отзывы","5","6","Умеренная","https://malinaklubnika.ru/sorta/maroseyka/","otzyvy","cultivar_passport","","https://ferma.expert/rasteniya/maroseyka/","https://dachaotzyv.ru/malina-marosejka/","external_published_reader_accounts"
"маршал клубника описание","5","5","Умеренная","https://malinaklubnika.ru/sorta/strawberry-marshal/","seo-opisanie","cultivar_passport","","","https://dachaotzyv.ru/klubnika-marshal/","external_published_reader_accounts"
"метеор малина описание сорта","5","6","Умеренная","https://malinaklubnika.ru/sorta/meteor/","seo-opisanie","cultivar_passport","","","https://dachaotzyv.ru/malina-meteor/","external_published_reader_accounts"
"московский гигант малина описание сорта","5","4","Умеренная","https://malinaklubnika.ru/sorta/moskovskiy-gigant/","seo-opisanie","cultivar_passport","","","https://dachaotzyv.ru/malina-moskovskij-gigant/","external_published_reader_accounts"
"нижегородец малина описание","5","4","Умеренная","https://malinaklubnika.ru/sorta/raspberry-nizhegorodets/","seo-opisanie","cultivar_passport","","https://dachaotzyv.ru/malina-nizhegorodec/","https://dachaotzyv.ru/malina-nizhegorodec/","external_published_reader_accounts"
"нижегородец малина описание сорта","5","5","Умеренная","https://malinaklubnika.ru/sorta/raspberry-nizhegorodets/","seo-opisanie","cultivar_passport","","https://dachaotzyv.ru/malina-nizhegorodec/","https://dachaotzyv.ru/malina-nizhegorodec/","external_published_reader_accounts"
"обработка клубники от вредителей и болезней весной","5","6","Умеренная","https://malinaklubnika.ru/zhurnal/vrediteli-klubniki-kak-razlichit/","section-4","editorial_answer","","","",""
"опрыскивание малины весной","5","7","Умеренная","https://malinaklubnika.ru/zhurnal/uhod-za-malinoi-vesnoi-posle-zimy/","section-1","editorial_answer","","","",""
"посадить малину осенью","5","6","Умеренная","https://malinaklubnika.ru/zhurnal/osennyaya-posadka-maliny-sroki-i-podgotovka/","section-1","editorial_answer","","","",""
"посадка малины в траншею","5","6","Умеренная","https://malinaklubnika.ru/zhurnal/posadka-maliny/","section-1","editorial_answer","","","",""
"посадка ремонтантной малины весной в открытый грунт","5","10","Умеренная","https://malinaklubnika.ru/zhurnal/uhod-za-malinoi-vesnoi-posle-zimy/","section-1","editorial_answer","","","",""
"посадочная яма для малины","5","5","Умеренная","https://malinaklubnika.ru/zhurnal/posadka-maliny/","section-1","editorial_answer","","","",""
"пшехиба малина описание сорта фото отзывы садоводов","5","5","Умеренная","https://malinaklubnika.ru/sorta/pshehiba/","otzyvy","cultivar_passport","gardener_reviews","https://www.brzezna.pl/malina-rubus-idaeus-przehyba/","",""
"рейтинг сортов клубники для подмосковья лучших по отзывам","5","14","Умеренная","https://malinaklubnika.ru/sorta/klubnika/regiony/","region-3","regional_admissions_and_trials","","","",""
"розолистная малина описание и фото","5","4","Умеренная","https://malinaklubnika.ru/zhurnal/tibetskaya-malina-kakoe-rastenie/","section-2","editorial_answer","","","",""
"русский размер клубника описание","5","4","Умеренная","https://malinaklubnika.ru/sorta/strawberry-russian-size-trade/","seo-opisanie","cultivar_passport","","","",""
"сажаем малину осенью","5","6","Умеренная","https://malinaklubnika.ru/zhurnal/osennyaya-posadka-maliny-sroki-i-podgotovka/","section-1","editorial_answer","","","",""
"самые зимостойкие сорта клубники","5","12","Умеренная","https://malinaklubnika.ru/zhurnal/kak-vybrat-sort-klubniki/","section-1","editorial_answer","","","",""
"самый крупный сорт малины","5","7","Умеренная","https://malinaklubnika.ru/sorta/malina/","razmer","catalog_comparison","","","",""
"самый сладкий сорт малины","5","11","Умеренная","https://malinaklubnika.ru/sorta/malina/","vkus","catalog_comparison","","","",""
"сорт малины гусар фото и описание сорта отзывы","5","7","Умеренная","https://malinaklubnika.ru/sorta/gusar/","otzyvy","cultivar_passport","","https://7dach.ru/KatyaK/gusar-krupnaya-sladkaya-malina-moego-sada-228819.html","https://7dach.ru/KatyaK/gusar-krupnaya-sladkaya-malina-moego-sada-228819.html; https://dachaotzyv.ru/malina-gusar/","grower_diary; external_published_reader_accounts"
"сорта малины для северо-западного региона","5","11","Умеренная","https://malinaklubnika.ru/zhurnal/sorta-maliny-dlya-podmoskovya-kak-vybrat/","section-1","editorial_answer","","","",""
"сорта малины для урала лучшие","5","11","Умеренная","https://malinaklubnika.ru/zhurnal/sorta-maliny-dlya-podmoskovya-kak-vybrat/","section-1","editorial_answer","","","",""
"сорта малины ремонтантной с фотографиями и описанием","5","10","Умеренная","https://malinaklubnika.ru/zhurnal/sorta-maliny-dlya-podmoskovya-kak-vybrat/","section-1","editorial_answer","","","",""
"таруса малиновое дерево описание сорта фото и отзывы","5","5","Умеренная","https://malinaklubnika.ru/sorta/tarusa/","otzyvy","cultivar_passport","","https://7dach.ru/SvetikOdessa/malinovoe-derevo_2-72683.html","https://7dach.ru/SvetikOdessa/malinovoe-derevo_2-72683.html; https://dachaotzyv.ru/malina-tarusa/","grower_diary; external_published_reader_accounts"
"тибетская малина уход и выращивание в открытом грунте","5","5","Умеренная","https://malinaklubnika.ru/zhurnal/tibetskaya-malina-kakoe-rastenie/","section-3","editorial_answer","","","",""
"фея виктория","5","4","Умеренная","https://malinaklubnika.ru/sorta/strawberry-victoria/","seo-opisanie","cultivar_passport","","https://dachaotzyv.ru/klubnika-viktoriya/","https://dachaotzyv.ru/klubnika-viktoriya/","external_published_reader_accounts"
"чем обработать клубнику во время цветения от болезней","5","8","Умеренная","https://malinaklubnika.ru/zhurnal/bolezni-klubniki-priznaki-i-proverka/","section-5","editorial_answer","","","",""
"чем обработать клубнику во время цветения от болезней и вредителей","5","12","Умеренная","https://malinaklubnika.ru/zhurnal/vrediteli-klubniki-kak-razlichit/","section-4","editorial_answer","","","",""
"чем обработать клубнику от вредителей во время плодоношения","5","9","Умеренная","https://malinaklubnika.ru/zhurnal/vrediteli-klubniki-kak-razlichit/","section-4","editorial_answer","","","",""
"чем обработать малину в июне","5","10","Умеренная","https://malinaklubnika.ru/zhurnal/obrabotka-klubniki-i-maliny-po-sezonu/","section-2","editorial_answer","","","",""
"чем обработать малину в июне от вредителей и болезней","5","7","Умеренная","https://malinaklubnika.ru/zhurnal/bolezni-i-vrediteli-maliny-priznaki/","section-5","editorial_answer","","","",""
"чем обработать малину весной от болезней и вредителей в апреле и чем","5","12","Умеренная","https://malinaklubnika.ru/zhurnal/bolezni-i-vrediteli-maliny-priznaki/","section-5","editorial_answer","","","",""
"чем обработать малину осенью от болезней","5","10","Умеренная","https://malinaklubnika.ru/zhurnal/bolezni-i-vrediteli-maliny-priznaki/","section-5","editorial_answer","","","",""
"чем обработать малину осенью от вредителей","5","5","Умеренная","https://malinaklubnika.ru/zhurnal/bolezni-i-vrediteli-maliny-priznaki/","section-5","editorial_answer","","","",""
"чем обработать малину от вредителей до цветения","5","12","Умеренная","https://malinaklubnika.ru/zhurnal/bolezni-i-vrediteli-maliny-priznaki/","section-5","editorial_answer","","","",""
"чем обработать малину ранней весной от вредителей и болезней","5","11","Умеренная","https://malinaklubnika.ru/zhurnal/bolezni-i-vrediteli-maliny-priznaki/","section-5","editorial_answer","","","",""
"черная малина кумберленд фото описание сорта","5","5","Умеренная","https://malinaklubnika.ru/sorta/raspberry-cumberland/","seo-photo","cultivar_passport","photo","","",""
"что класть в лунку при посадке малины осенью","5","5","Умеренная","https://malinaklubnika.ru/zhurnal/osennyaya-posadka-maliny-sroki-i-podgotovka/","section-1","editorial_answer","","","",""
"что положить в яму при посадке малины","5","3","Умеренная","https://malinaklubnika.ru/zhurnal/posadka-maliny/","section-1","editorial_answer","","","",""
"что положить при посадке малины в лунку","5","4","Умеренная","https://malinaklubnika.ru/zhurnal/posadka-maliny/","section-1","editorial_answer","","","",""
"что такое тибетская малина","5","3","Умеренная","https://malinaklubnika.ru/zhurnal/tibetskaya-malina-kakoe-rastenie/","section-1","editorial_answer","","","",""
"штамбовая малина посадка и уход","5","5","Умеренная","https://malinaklubnika.ru/zhurnal/malinovoe-derevo-tarusa/","section-1","editorial_answer","","","",""
"аллегро клубника","4","3","Умеренная","https://malinaklubnika.ru/sorta/strawberry-allegro/","seo-opisanie","cultivar_passport","","","",""
"болезни земляники садовой с фотографиями и способы лечения","4","6","Умеренная","https://malinaklubnika.ru/zhurnal/bolezni-klubniki-priznaki-i-proverka/","section-6","editorial_answer","","","",""
"болезни и вредители малины и борьба с ними","4","11","Умеренная","https://malinaklubnika.ru/zhurnal/bolezni-i-vrediteli-maliny-priznaki/","section-5","editorial_answer","","","",""
"в какой грунт сажать малину","4","2","Умеренная","https://malinaklubnika.ru/zhurnal/kakuyu-pochvu-vybrat-dlya-maliny/","section-1","editorial_answer","","","",""
"в какую землю сажать малину","4","3","Умеренная","https://malinaklubnika.ru/zhurnal/kakuyu-pochvu-vybrat-dlya-maliny/","section-1","editorial_answer","","","",""
"виды клубники фото с названиями","4","7","Умеренная","https://malinaklubnika.ru/zhurnal/vidy-klubniki-nazvaniya-i-fotografii/","section-1","editorial_answer","","","",""
"виктория ремонтантная сорта для сибири","4","5","Умеренная","https://malinaklubnika.ru/sorta/strawberry-victoria/","seo-opisanie","cultivar_passport","","https://dachaotzyv.ru/klubnika-viktoriya/","https://dachaotzyv.ru/klubnika-viktoriya/","external_published_reader_accounts"
"виктория фестивальная ромашка","4","5","Умеренная","https://malinaklubnika.ru/sorta/strawberry-festivalnaya-romashka/","seo-opisanie","cultivar_passport","","","",""
"выбор места для посадки малины","4","5","Умеренная","https://malinaklubnika.ru/zhurnal/posadka-maliny/","section-1","editorial_answer","","","",""
"грунт для малины при посадке весной","4","5","Умеренная","https://malinaklubnika.ru/zhurnal/uhod-za-malinoi-vesnoi-posle-zimy/","section-1","editorial_answer","","","",""
"делнива малина описание сорта отзывы","4","5","Умеренная","https://malinaklubnika.ru/sorta/raspberry-delniwa/","seo-reviews","cultivar_passport","gardener_reviews","https://en.niwabrzezna.pl/wp-content/uploads/2023/03/Delniwa.s-300x225-1.webp","",""
"древовидная малина фото и описание сорта","4","5","Умеренная","https://malinaklubnika.ru/zhurnal/malinovoe-derevo-tarusa/","section-1","editorial_answer","","","",""
"защита клубники от болезней","4","5","Умеренная","https://malinaklubnika.ru/zhurnal/bolezni-klubniki-priznaki-i-proverka/","section-5","editorial_answer","","","",""
"земляника антея описание сорта","4","3","Умеренная","https://malinaklubnika.ru/sorta/strawberry-antea/","seo-opisanie","cultivar_passport","","","",""
"земляника зенга зенгана описание сорта фото отзывы садоводов","4","3","Умеренная","https://malinaklubnika.ru/sorta/zenga-zengana/","otzyvy","cultivar_passport","","https://commons.wikimedia.org/wiki/File:Fragaria_ananassa_Senga_Sengana_2023-06-12_7456.jpg","https://dachaotzyv.ru/klubnika-zenga-zengana/","external_published_reader_accounts"
"земляника мея описание сорта","4","5","Умеренная","https://malinaklubnika.ru/sorta/strawberry-mae/","seo-opisanie","cultivar_passport","","","",""
"земляника русский размер описание сорта","4","4","Умеренная","https://malinaklubnika.ru/sorta/strawberry-russian-size-trade/","seo-opisanie","cultivar_passport","","","",""
"земляника сорт максим","4","3","Умеренная","https://malinaklubnika.ru/sorta/strawberry-gigantella-maxim-tail/","seo-opisanie","cultivar_passport","","","",""
"земляника фестивальная описание","4","7","Умеренная","https://malinaklubnika.ru/sorta/festivalnaya/","seo-opisanie","cultivar_passport","","https://biosel.elpub.ru/jour/article/download/143/139#page=4","https://7dach.ru/panytany/klubnika-festivalnaya-vkus-detstva-133037.html; https://dachaotzyv.ru/klubnika-festivalnaya/","grower_diary; external_published_reader_accounts"
"земляника черный принц описание сорта фото отзывы","4","4","Умеренная","https://malinaklubnika.ru/sorta/black-prince-strawberry/","seo-reviews","cultivar_passport","","https://7dach.ru/28101959NaTa/klubnika-sorta-chernyy-princ-ochen-vkusnaya-yagoda-259932.html","https://7dach.ru/28101959NaTa/klubnika-sorta-chernyy-princ-ochen-vkusnaya-yagoda-259932.html; https://dachaotzyv.ru/klubnika-chernyj-princ/","grower_diary; external_published_reader_accounts"
"земляника элан описание сорта","4","4","Умеренная","https://malinaklubnika.ru/sorta/elan/","seo-opisanie","cultivar_passport","","https://sortoved.ru/klubnika-zemlyanika/sort-klubniki-elan-f1.html","https://dachaotzyv.ru/klubnika-elan/","external_published_reader_accounts"
"зимостойкие сорта клубники для подмосковья","4","10","Умеренная","https://malinaklubnika.ru/zhurnal/kak-vybrat-sort-klubniki/","section-1","editorial_answer","","","",""
"как выбрать место для посадки малины","4","4","Умеренная","https://malinaklubnika.ru/zhurnal/posadka-maliny/","section-1","editorial_answer","","","",""
"как защитить малину от вредителей и болезней без химии","4","6","Умеренная","https://malinaklubnika.ru/zhurnal/bolezni-i-vrediteli-maliny-priznaki/","section-5","editorial_answer","","","",""
"как подготовить грядку под малину","4","4","Умеренная","https://malinaklubnika.ru/zhurnal/kakuyu-pochvu-vybrat-dlya-maliny/","section-2","editorial_answer","","","",""
"как подготовить почву для посадки малины","4","4","Умеренная","https://malinaklubnika.ru/zhurnal/kakuyu-pochvu-vybrat-dlya-maliny/","section-1","editorial_answer","","","",""
"как посадить малину в саду","4","4","Умеренная","https://malinaklubnika.ru/zhurnal/posadka-maliny/","section-1","editorial_answer","","","",""
"как посадить малину весной саженцами пошагово","4","5","Умеренная","https://malinaklubnika.ru/zhurnal/uhod-za-malinoi-vesnoi-posle-zimy/","section-1","editorial_answer","","","",""
"как посадить малину на участке","4","3","Умеренная","https://malinaklubnika.ru/zhurnal/posadka-maliny/","section-1","editorial_answer","","","",""
"как посадить саженец малины","4","2","Умеренная","https://malinaklubnika.ru/zhurnal/posadka-maliny/","section-1","editorial_answer","","","",""
"как посадить тибетскую малину","4","4","Умеренная","https://malinaklubnika.ru/zhurnal/tibetskaya-malina-kakoe-rastenie/","section-3","editorial_answer","","","",""
"как правильно посадить малину осенью на даче в подмосковье","4","5","Умеренная","https://malinaklubnika.ru/zhurnal/osennyaya-posadka-maliny-sroki-i-podgotovka/","section-1","editorial_answer","","","",""
"как правильно посадить малину осенью ремонтантную на даче","4","5","Умеренная","https://malinaklubnika.ru/zhurnal/osennyaya-posadka-maliny-sroki-i-podgotovka/","section-1","editorial_answer","","","",""
"как правильно посадить саженец малины","4","3","Умеренная","https://malinaklubnika.ru/zhurnal/posadka-maliny/","section-1","editorial_answer","","","",""
"как сажать малину весной пошаговая инструкция","4","3","Умеренная","https://malinaklubnika.ru/zhurnal/uhod-za-malinoi-vesnoi-posle-zimy/","section-1","editorial_answer","","","",""
"как сажать малину ремонтантную осенью","4","6","Умеренная","https://malinaklubnika.ru/zhurnal/osennyaya-posadka-maliny-sroki-i-podgotovka/","section-1","editorial_answer","","","",""
"как сажать саженцы малины","4","2","Умеренная","https://malinaklubnika.ru/zhurnal/posadka-maliny/","section-1","editorial_answer","","","",""
"как сохранить саженцы малины до посадки весной","4","8","Умеренная","https://malinaklubnika.ru/zhurnal/kak-sohranit-sazhency-maliny-do-posadki/","section-2","editorial_answer","","","",""
"какая земля нужна для посадки малины","4","2","Умеренная","https://malinaklubnika.ru/zhurnal/posadka-maliny/","section-1","editorial_answer","","","",""
"какие сорта малины крупные и очень сладкие для средней полосы","4","12","Умеренная","https://malinaklubnika.ru/zhurnal/sorta-maliny-dlya-podmoskovya-kak-vybrat/","section-1","editorial_answer","","","",""
"какое удобрение вносить при посадке малины осенью","4","4","Умеренная","https://malinaklubnika.ru/zhurnal/osennyaya-posadka-maliny-sroki-i-podgotovka/","section-1","editorial_answer","","","",""
"какой сорт малины самый сладкий","4","7","Умеренная","https://malinaklubnika.ru/sorta/malina/","vkus","catalog_comparison","","","",""
"какую землю любит малина при посадке","4","3","Умеренная","https://malinaklubnika.ru/zhurnal/posadka-maliny/","section-1","editorial_answer","","","",""
"карликовая малина сорта","4","5","Умеренная","https://malinaklubnika.ru/sorta/malina/","catalog","catalog_comparison","","","",""
"китайская малина фото и описание отзывы","4","4","Умеренная","https://malinaklubnika.ru/zhurnal/tibetskaya-malina-kakoe-rastenie/","section-5","editorial_answer","","","",""
"клубника антея фото и описание","4","6","Умеренная","https://malinaklubnika.ru/sorta/strawberry-antea/","seo-photo","cultivar_passport","photo","","",""
"клубника африка описание","4","3","Умеренная","https://malinaklubnika.ru/zhurnal/nazvaniya-klubniki-elizaveta-aprika-i-oshibki/","section-2","editorial_answer","","","",""
"клубника гармония описание","4","2","Умеренная","https://malinaklubnika.ru/sorta/strawberry-harmonie/","seo-opisanie","cultivar_passport","","","",""
"клубника гребешок отзывы","4","11","Умеренная","https://malinaklubnika.ru/sorta/strawberry-grebeshok-trade/","seo-reviews","cultivar_passport","gardener_reviews","","",""
"клубника марышка описание сорта фото отзывы садоводов","4","11","Умеренная","https://malinaklubnika.ru/sorta/strawberry-maryshka/","seo-reviews","cultivar_passport","photo; gardener_reviews","","",""
"клубника мурано отзывы описание","4","4","Умеренная","https://malinaklubnika.ru/sorta/murano/","otzyvy","cultivar_passport","","https://commons.wikimedia.org/wiki/File:Fraises_Murano_en_Dordogne.jpg","https://7dach.ru/NatalyaAfonchenko/leto-2024-iyun-314014.html; https://dachaotzyv.ru/klubnika-murano/","grower_diary; external_published_reader_accounts"
"клубника мурано ремонтантная или нет","4","1","Умеренная","https://malinaklubnika.ru/sorta/murano/","seo-opisanie","cultivar_passport","","https://commons.wikimedia.org/wiki/File:Fraises_Murano_en_Dordogne.jpg","https://7dach.ru/NatalyaAfonchenko/leto-2024-iyun-314014.html; https://dachaotzyv.ru/klubnika-murano/","grower_diary; external_published_reader_accounts"
"клубника пораженная нематодой фото","4","6","Умеренная","https://malinaklubnika.ru/zhurnal/zhelteet-krasneet-i-sohnet-klubnika/","section-6","editorial_answer","","","",""
"клубника сенсейшен описание","4","3","Умеренная","https://malinaklubnika.ru/sorta/strawberry-sonsation/","seo-opisanie","cultivar_passport","","https://flevoberry.nl/wp-content/uploads/2026/09/Sonsation-duo-2400_1600-1024x683-1.jpg","https://7dach.ru/Tangeya/bez-leta-dachniku-ne-zhit-s-iyunem-nadobno-druzhit-zhdem-rasskazov-ob-iyunskoy-pogode-327809.html?c=3; https://dachaotzyv.ru/klubnika-sensaciya/","grower_diary; external_published_reader_accounts"
"клубника хадемар описание сорта фото отзывы садоводов урожайность","4","12","Умеренная","https://malinaklubnika.ru/sorta/strawberry-hademar/","seo-reviews","cultivar_passport","photo; gardener_reviews","","",""
"когда можно сажать малину весной","4","3","Умеренная","https://malinaklubnika.ru/zhurnal/uhod-za-malinoi-vesnoi-posle-zimy/","section-1","editorial_answer","","","",""
"куда лучше сажать малину на участке","4","3","Умеренная","https://malinaklubnika.ru/zhurnal/kakuyu-pochvu-vybrat-dlya-maliny/","section-4","editorial_answer","","","",""
"лечение дидимеллы на малине","4","14","Умеренная","https://malinaklubnika.ru/zhurnal/didimella-maliny-priznaki-i-proverka/","section-1","editorial_answer","","","",""
"лучшая клубника для сибири","4","9","Умеренная","https://malinaklubnika.ru/sorta/klubnika/regiony/","region-10","regional_admissions_and_trials","","","",""
"лучшее время для посадки малины","4","2","Умеренная","https://malinaklubnika.ru/zhurnal/posadka-maliny/","section-1","editorial_answer","","","",""
"лучшие сорта клубники для подмосковья для открытого грунта крупноплодные","4","12","Умеренная","https://malinaklubnika.ru/zhurnal/kak-vybrat-sort-klubniki/","section-1","editorial_answer","","","",""
"лучшие сорта клубники для средней полосы для открытого грунта отзывы садоводов","4","15","Умеренная","https://malinaklubnika.ru/zhurnal/kak-vybrat-sort-klubniki/","section-1","editorial_answer","","","",""
"лучшие сорта ремонтантной малины для сибири","4","9","Умеренная","https://malinaklubnika.ru/sorta/malina/regiony/","region-10","regional_admissions_and_trials","","","",""
"лучший сорт малины","4","8","Умеренная","https://malinaklubnika.ru/sorta/malina/","catalog","catalog_comparison","","","",""
"малина августовское чудо описание сорта фото отзывы","4","5","Умеренная","https://malinaklubnika.ru/sorta/raspberry-avgustovskoe-chudo/","seo-reviews","cultivar_passport","","https://dachaotzyv.ru/malina-avgustovskoe-chudo/","https://dachaotzyv.ru/malina-avgustovskoe-chudo/","external_published_reader_accounts"
"малина антарес","4","4","Умеренная","https://malinaklubnika.ru/sorta/raspberry-antares/","seo-opisanie","cultivar_passport","","","",""
"малина анфиса описание сорта фото отзывы садоводов","4","7","Умеренная","https://malinaklubnika.ru/sorta/raspberry-anfisa-trade/","seo-reviews","cultivar_passport","photo; gardener_reviews","","",""
"малина арбат описание сорта фото отзывы садоводов","4","5","Умеренная","https://malinaklubnika.ru/sorta/raspberry-arbat/","seo-reviews","cultivar_passport","","https://dachaotzyv.ru/malina-arbat/","https://dachaotzyv.ru/malina-arbat/","external_published_reader_accounts"
"малина бальзам описание сорта фото","4","5","Умеренная","https://malinaklubnika.ru/sorta/balzam/","seo-photo","cultivar_passport","photo","","",""
"малина беглянка желтая описание сорта фото отзывы","4","5","Умеренная","https://malinaklubnika.ru/sorta/beglyanka/","otzyvy","cultivar_passport","","https://dachaotzyv.ru/malina-beglyanka/","https://dachaotzyv.ru/malina-beglyanka/","external_published_reader_accounts"
"малина без шипов сорта для подмосковья","4","6","Умеренная","https://malinaklubnika.ru/zhurnal/sorta-maliny-dlya-podmoskovya-kak-vybrat/","section-1","editorial_answer","","","",""
"малина бирюсинка","4","5","Умеренная","https://malinaklubnika.ru/sorta/raspberry-biryusinka/","seo-opisanie","cultivar_passport","","","",""
"малина болгарский рубин описание сорта фото отзывы","4","9","Умеренная","https://malinaklubnika.ru/sorta/raspberry-rubin-bolgarskiy/","seo-reviews","cultivar_passport","photo; gardener_reviews","","",""
"малина вайолет описание сорта отзывы","4","6","Умеренная","https://malinaklubnika.ru/sorta/raspberry-vajolet/","seo-reviews","cultivar_passport","gardener_reviews","","",""
"малина вера описание сорта фото отзывы садоводов","4","10","Умеренная","https://malinaklubnika.ru/sorta/raspberry-vera/","seo-reviews","cultivar_passport","photo; gardener_reviews","","",""
"малина гигант московский описание сорта отзывы","4","6","Умеренная","https://malinaklubnika.ru/sorta/moskovskiy-gigant/","seo-reviews","cultivar_passport","","","https://dachaotzyv.ru/malina-moskovskij-gigant/","external_published_reader_accounts"
"малина груви описание сорта фото отзывы","4","7","Умеренная","https://malinaklubnika.ru/sorta/raspberry-groovy/","seo-reviews","cultivar_passport","photo; gardener_reviews","","",""
"малина гусар описание отзывы","4","4","Умеренная","https://malinaklubnika.ru/sorta/gusar/","otzyvy","cultivar_passport","","https://7dach.ru/KatyaK/gusar-krupnaya-sladkaya-malina-moego-sada-228819.html","https://7dach.ru/KatyaK/gusar-krupnaya-sladkaya-malina-moego-sada-228819.html; https://dachaotzyv.ru/malina-gusar/","grower_diary; external_published_reader_accounts"
"малина гусар фото","4","3","Умеренная","https://malinaklubnika.ru/sorta/gusar/","seo-photo","cultivar_passport","","https://7dach.ru/KatyaK/gusar-krupnaya-sladkaya-malina-moego-sada-228819.html","https://7dach.ru/KatyaK/gusar-krupnaya-sladkaya-malina-moego-sada-228819.html; https://dachaotzyv.ru/malina-gusar/","grower_diary; external_published_reader_accounts"
"малина двойная ягода какой сорт","4","5","Умеренная","https://malinaklubnika.ru/zhurnal/malina-dvoinaya-sort-i-parnye-yagody/","section-1","editorial_answer","","","",""
"малина дельнива описание сорта фото отзывы садоводов","4","8","Умеренная","https://malinaklubnika.ru/sorta/raspberry-delniwa/","seo-reviews","cultivar_passport","gardener_reviews","https://en.niwabrzezna.pl/wp-content/uploads/2023/03/Delniwa.s-300x225-1.webp","",""
"малина джорджия описание сорта фото отзывы","4","5","Умеренная","https://malinaklubnika.ru/sorta/raspberry-georgia/","seo-reviews","cultivar_passport","gardener_reviews","https://patents.google.com/patent/USPP19430P3/en","",""
"малина джорджия описание сорта фото отзывы садоводов урожайность","4","12","Умеренная","https://malinaklubnika.ru/sorta/raspberry-georgia/","seo-reviews","cultivar_passport","gardener_reviews","https://patents.google.com/patent/USPP19430P3/en","",""
"малина древовидная посадка и уход в открытом грунте","4","4","Умеренная","https://malinaklubnika.ru/zhurnal/posadka-maliny/","section-1","editorial_answer","","","",""
"малина жаклин описание сорта","4","5","Умеренная","https://malinaklubnika.ru/sorta/raspberry-jaclyn/","seo-opisanie","cultivar_passport","","https://patents.google.com/patent/USPP15647P2/en","",""
"малина жаклин описание сорта фото отзывы садоводов","4","10","Умеренная","https://malinaklubnika.ru/sorta/raspberry-jaclyn/","seo-reviews","cultivar_passport","gardener_reviews","https://patents.google.com/patent/USPP15647P2/en","",""
"малина каскад харвест описание сорта","4","7","Умеренная","https://malinaklubnika.ru/sorta/raspberry-cascade-harvest/","seo-opisanie","cultivar_passport","","","",""
"малина китайская фото и описание","4","3","Умеренная","https://malinaklubnika.ru/zhurnal/tibetskaya-malina-kakoe-rastenie/","section-5","editorial_answer","","","",""
"малина красная королева описание отзывы","4","5","Умеренная","https://malinaklubnika.ru/sorta/raspberry-krasnaya-koroleva/","seo-reviews","cultivar_passport","gardener_reviews","","",""
"малина красная королева описание сорта отзывы","4","6","Умеренная","https://malinaklubnika.ru/sorta/raspberry-krasnaya-koroleva/","seo-reviews","cultivar_passport","gardener_reviews","","",""
"малина крепыш описание сорта отзывы","4","6","Умеренная","https://malinaklubnika.ru/sorta/malina-krepysh/","seo-reviews","cultivar_passport","","https://7dach.ru/SvetikOdessa/malinovoe-derevo_2-72683.html","https://dachaotzyv.ru/malina-krepysh/","external_published_reader_accounts"
"малина кумберленд описание посадка и уход","4","6","Умеренная","https://malinaklubnika.ru/sorta/raspberry-cumberland/","seo-care","cultivar_passport","","","",""
"малина летняя лучшие сорта","4","8","Умеренная","https://malinaklubnika.ru/sorta/malina/","tipy","catalog_comparison","","","",""
"малина лячка описание сорта фото отзывы садоводов урожайность характеристика и описание сорта","4","9","Умеренная","https://malinaklubnika.ru/sorta/lyachka/","otzyvy","cultivar_passport","","https://dachaotzyv.ru/malina-lyachka/","https://dachaotzyv.ru/malina-lyachka/","external_published_reader_accounts"
"малина микер описание сорта","4","5","Умеренная","https://malinaklubnika.ru/sorta/raspberry-meeker/","seo-opisanie","cultivar_passport","","","",""
"малина моросейка описание сорта фото отзывы","4","6","Умеренная","https://malinaklubnika.ru/sorta/maroseyka/","otzyvy","cultivar_passport","","https://ferma.expert/rasteniya/maroseyka/","https://dachaotzyv.ru/malina-marosejka/","external_published_reader_accounts"
"малина московская карамель описание сорта фото отзывы","4","9","Умеренная","https://malinaklubnika.ru/sorta/raspberry-moscow-caramel-trade/","seo-reviews","cultivar_passport","photo; gardener_reviews","","",""
"малина новость кузьмина описание сорта фото отзывы садоводов урожайность","4","6","Умеренная","https://malinaklubnika.ru/sorta/raspberry-novost-kuzmina/","seo-reviews","cultivar_passport","gardener_reviews","https://7dach.ru/Eleko/10-luchshih-sortov-maliny-kotorye-rekomenduyut-dachniki-272274.html","",""
"малина октавия описание сорта фото отзывы","4","6","Умеренная","https://malinaklubnika.ru/sorta/raspberry-oktavia/","seo-reviews","cultivar_passport","photo; gardener_reviews","","",""
"малина оранжевый гигант описание сорта фото отзывы","4","10","Умеренная","https://malinaklubnika.ru/sorta/raspberry-orange-giant-trade/","seo-reviews","cultivar_passport","photo; gardener_reviews","","",""
"малина орбита","4","5","Умеренная","https://malinaklubnika.ru/sorta/raspberry-orbita/","seo-opisanie","cultivar_passport","","","",""
"малина пересвет отзывы","4","7","Умеренная","https://malinaklubnika.ru/sorta/peresvet/","otzyvy","cultivar_passport","","https://dachaotzyv.ru/malina-peresvet/","https://dachaotzyv.ru/malina-peresvet/","external_published_reader_accounts"
"малина полана описание сорта отзывы","4","5","Умеренная","https://malinaklubnika.ru/sorta/polana/","otzyvy","cultivar_passport","","https://commons.wikimedia.org/wiki/File:Polana-malina.jpg","https://dachaotzyv.ru/malina-polana/","external_published_reader_accounts"
"малина полька описание сорта отзывы","4","5","Умеренная","https://malinaklubnika.ru/sorta/polka/","otzyvy","cultivar_passport","","https://pmc.ncbi.nlm.nih.gov/articles/PMC10673471/#metabolites-13-01124-f001","https://dachaotzyv.ru/malina-polka/","external_published_reader_accounts"
"малина похвалинка описание сорта фото отзывы садоводов урожайность характеристика и описание","4","7","Умеренная","https://malinaklubnika.ru/sorta/pohvalinka/","otzyvy","cultivar_passport","photo; gardener_reviews","","",""
"малина расстояние между кустами при посадке","4","1","Умеренная","https://malinaklubnika.ru/zhurnal/rasstoyanie-posadki-maliny-i-pervyi-urozhai/","section-1","editorial_answer","","","",""
"малина ремонтантная желтая лучшие сорта","4","7","Умеренная","https://malinaklubnika.ru/sorta/malina/","tipy","catalog_comparison","","","",""
"малина ремонтантная посадка","4","4","Умеренная","https://malinaklubnika.ru/zhurnal/posadka-maliny/","section-1","editorial_answer","","","",""
"малина руби бьюти описание сорта","4","5","Умеренная","https://malinaklubnika.ru/sorta/raspberry-ruby-beauty-trade/","seo-opisanie","cultivar_passport","","","",""
"малина рубифол описание сорта","4","6","Умеренная","https://malinaklubnika.ru/sorta/raspberry-rubyfall/","seo-opisanie","cultivar_passport","","","",""
"малина самохвал описание сорта отзывы","4","5","Умеренная","https://malinaklubnika.ru/sorta/samohval/","otzyvy","cultivar_passport","gardener_reviews","","",""
"малина сапфир описание сорта фото отзывы садоводов","4","11","Умеренная","https://malinaklubnika.ru/sorta/raspberry-sapphire/","seo-reviews","cultivar_passport","photo; gardener_reviews","","",""
"малина соколица описание сорта отзывы","4","9","Умеренная","https://malinaklubnika.ru/sorta/raspberry-sokolica/","seo-reviews","cultivar_passport","","https://dachaotzyv.ru/malina-sokolica/","https://dachaotzyv.ru/malina-sokolica/","external_published_reader_accounts"
"малина солнышко описание сорта фото отзывы садоводов","4","6","Умеренная","https://malinaklubnika.ru/sorta/solnyshko/","otzyvy","cultivar_passport","","https://sortoved.ru/malina/sort-maliny-solnyshko.html","https://dachaotzyv.ru/malina-solnyshko/","external_published_reader_accounts"
"малина тадмор описание сорта","4","5","Умеренная","https://malinaklubnika.ru/sorta/raspberry-tadmor/","seo-opisanie","cultivar_passport","","https://dachaotzyv.ru/malina-tadmor/","https://dachaotzyv.ru/malina-tadmor/","external_published_reader_accounts"
"малина туламин описание сорта фото отзывы","4","9","Умеренная","https://malinaklubnika.ru/sorta/raspberry-tulameen/","seo-reviews","cultivar_passport","","https://dachaotzyv.ru/malina-tulamin/","https://dachaotzyv.ru/malina-tulamin/","external_published_reader_accounts"
"малина турмалин описание сорта фото отзывы","4","8","Умеренная","https://malinaklubnika.ru/sorta/raspberry-turmalin/","seo-reviews","cultivar_passport","photo; gardener_reviews","","",""
"малина харитейдж описание сорта фото отзывы садоводов","4","8","Умеренная","https://malinaklubnika.ru/sorta/heritage/","otzyvy","cultivar_passport","","https://www.flickr.com/photos/graibeard/3220923545/","https://dachaotzyv.ru/malina-heritejdzh/","external_published_reader_accounts"
"малина хебан описание сорта","4","9","Умеренная","https://malinaklubnika.ru/sorta/raspberry-heban/","seo-opisanie","cultivar_passport","","https://en.niwabrzezna.pl/varieties/raspberries/heban/","",""
"малина черный бриллиант описание сорта фото отзывы особенности выращивания","4","7","Умеренная","https://malinaklubnika.ru/zhurnal/chernaya-malina-kumberlend-vyrashchivanie-i-obrezka/","section-2","editorial_answer","","","",""
"малина шоша описание сорта фото отзывы","4","6","Умеренная","https://malinaklubnika.ru/sorta/raspberry-shosha/","seo-reviews","cultivar_passport","photo; gardener_reviews","","",""
"малина штамбовая сказка описание сорта фото отзывы","4","5","Умеренная","https://malinaklubnika.ru/sorta/malina-skazka/","seo-reviews","cultivar_passport","","https://dachaotzyv.ru/malina-skazka/","https://dachaotzyv.ru/malina-skazka/","external_published_reader_accounts"
"малина штамбовая таруса описание сорта фото отзывы","4","6","Умеренная","https://malinaklubnika.ru/sorta/tarusa/","otzyvy","cultivar_passport","","https://7dach.ru/SvetikOdessa/malinovoe-derevo_2-72683.html","https://7dach.ru/SvetikOdessa/malinovoe-derevo_2-72683.html; https://dachaotzyv.ru/malina-tarusa/","grower_diary; external_published_reader_accounts"
"малина штамбовая что это","4","2","Умеренная","https://malinaklubnika.ru/zhurnal/uhod-za-malinoi-v-techenie-sezona/","section-5","editorial_answer","","","",""
"маргарита малина описание сорта","4","5","Умеренная","https://malinaklubnika.ru/sorta/raspberry-margarita-trade/","seo-opisanie","cultivar_passport","","","",""
"маросейка малина описание сорта фото отзывы","4","5","Умеренная","https://malinaklubnika.ru/sorta/maroseyka/","otzyvy","cultivar_passport","","https://ferma.expert/rasteniya/maroseyka/","https://dachaotzyv.ru/malina-marosejka/","external_published_reader_accounts"
"можно ли опрыскивать клубнику во время цветения","4","4","Умеренная","https://malinaklubnika.ru/zhurnal/obrabotka-klubniki-i-maliny-po-sezonu/","section-2","editorial_answer","","","",""
"можно ли опрыскивать клубнику во время цветения от вредителей","4","3","Умеренная","https://malinaklubnika.ru/zhurnal/vrediteli-klubniki-kak-razlichit/","section-1","editorial_answer","","","",""
"мозаичность малины","4","6","Умеренная","https://malinaklubnika.ru/zhurnal/mozaika-i-kurchavost-maliny/","section-1","editorial_answer","","","",""
"надо ли обрезать тибетскую малину на зиму","4","5","Умеренная","https://malinaklubnika.ru/zhurnal/tibetskaya-malina-kakoe-rastenie/","section-1","editorial_answer","","","",""
"нантахала малина описание","4","4","Умеренная","https://malinaklubnika.ru/sorta/raspberry-nantahala/","seo-opisanie","cultivar_passport","","https://rubus.ces.ncsu.edu/wp-content/uploads/2018/04/Nantahala-red-raspberry.pdf?fwd=no#page=1","",""
"нантахала малина описание сорта","4","5","Умеренная","https://malinaklubnika.ru/sorta/raspberry-nantahala/","seo-opisanie","cultivar_passport","","https://rubus.ces.ncsu.edu/wp-content/uploads/2018/04/Nantahala-red-raspberry.pdf?fwd=no#page=1","",""
"новые сорта малины","4","8","Умеренная","https://malinaklubnika.ru/zhurnal/sorta-maliny-dlya-podmoskovya-kak-vybrat/","section-1","editorial_answer","","","",""
"нужно ли обрезать тибетскую малину на зиму осенью","4","5","Умеренная","https://malinaklubnika.ru/zhurnal/tibetskaya-malina-kakoe-rastenie/","section-1","editorial_answer","","","",""
"обработка клубники в августе от вредителей и болезней","4","4","Умеренная","https://malinaklubnika.ru/zhurnal/vrediteli-klubniki-kak-razlichit/","section-4","editorial_answer","","","",""
"обработка малины осенью от болезней и вредителей в сентябре","4","8","Умеренная","https://malinaklubnika.ru/zhurnal/bolezni-i-vrediteli-maliny-priznaki/","section-5","editorial_answer","","","",""
"обработка малины от вредителей и болезней весной","4","6","Умеренная","https://malinaklubnika.ru/zhurnal/bolezni-i-vrediteli-maliny-priznaki/","section-5","editorial_answer","","","",""
"посадка малины в сентябре","4","5","Умеренная","https://malinaklubnika.ru/zhurnal/posadka-maliny/","section-1","editorial_answer","","","",""
"посадка малины в траншею с ограждением","4","3","Умеренная","https://malinaklubnika.ru/zhurnal/posadka-maliny/","section-1","editorial_answer","","","",""
"посадка малины весной в открытый грунт саженцами расстояние","4","4","Умеренная","https://malinaklubnika.ru/zhurnal/rasstoyanie-posadki-maliny-i-pervyi-urozhai/","section-1","editorial_answer","","","",""
"посадка малины весной для начинающих","4","5","Умеренная","https://malinaklubnika.ru/zhurnal/uhod-za-malinoi-vesnoi-posle-zimy/","section-1","editorial_answer","","","",""
"посадка малины как посадить","4","3","Умеренная","https://malinaklubnika.ru/zhurnal/posadka-maliny/","section-1","editorial_answer","","","",""
"посадка малины осенью в открытый","4","4","Умеренная","https://malinaklubnika.ru/zhurnal/osennyaya-posadka-maliny-sroki-i-podgotovka/","section-1","editorial_answer","","","",""
"посадка малины осенью когда и как посадить в подмосковье в открытый грунт","4","6","Умеренная","https://malinaklubnika.ru/zhurnal/osennyaya-posadka-maliny-sroki-i-podgotovka/","section-1","editorial_answer","","","",""
"посадка малины семенами на рассаду","4","4","Умеренная","https://malinaklubnika.ru/zhurnal/posadka-maliny/","section-1","editorial_answer","","","",""
"посадка рассады малины","4","4","Умеренная","https://malinaklubnika.ru/zhurnal/posadka-maliny/","section-1","editorial_answer","","","",""
"посадка саженцев малины весной в открытый грунт","4","6","Умеренная","https://malinaklubnika.ru/zhurnal/uhod-za-malinoi-vesnoi-posle-zimy/","section-1","editorial_answer","","","",""
"правила посадки малины осенью","4","4","Умеренная","https://malinaklubnika.ru/zhurnal/osennyaya-posadka-maliny-sroki-i-podgotovka/","section-1","editorial_answer","","","",""
"правильная посадка малины таруса осенью","4","2","Умеренная","https://malinaklubnika.ru/sorta/tarusa/","seo-care","cultivar_passport","","https://7dach.ru/SvetikOdessa/malinovoe-derevo_2-72683.html","https://7dach.ru/SvetikOdessa/malinovoe-derevo_2-72683.html; https://dachaotzyv.ru/malina-tarusa/","grower_diary; external_published_reader_accounts"
"при посадке малины что положить в лунку","4","4","Умеренная","https://malinaklubnika.ru/zhurnal/posadka-maliny/","section-1","editorial_answer","","","",""
"профилактика болезней клубники","4","7","Умеренная","https://malinaklubnika.ru/zhurnal/bolezni-klubniki-priznaki-i-proverka/","section-1","editorial_answer","","","",""
"пшехиба малина описание сорта отзывы","4","5","Умеренная","https://malinaklubnika.ru/sorta/pshehiba/","otzyvy","cultivar_passport","gardener_reviews","https://www.brzezna.pl/malina-rubus-idaeus-przehyba/","",""
"разновидность малины фото и название","4","4","Умеренная","https://malinaklubnika.ru/zhurnal/vidy-maliny-nazvaniya-i-fotografii/","section-1","editorial_answer","","","",""
"рейтинг клубники лучших сортов","4","11","Умеренная","https://malinaklubnika.ru/sorta/klubnika/","catalog","catalog_comparison","","","",""
"розалина ягода фото и описание","4","3","Умеренная","https://malinaklubnika.ru/zhurnal/tibetskaya-malina-kakoe-rastenie/","section-6","editorial_answer","","","",""
"самая вкусная малина сорта","4","6","Умеренная","https://malinaklubnika.ru/sorta/malina/","vkus","catalog_comparison","","","",""
"самая сладкая клубника сорта отзывы садоводов","4","11","Умеренная","https://malinaklubnika.ru/sorta/klubnika/","vkus","catalog_comparison","","","",""
"самохвал малина описание сорта фото отзывы","4","5","Умеренная","https://malinaklubnika.ru/sorta/samohval/","otzyvy","cultivar_passport","photo; gardener_reviews","","",""
"самые лучшие сорта малины","4","10","Умеренная","https://malinaklubnika.ru/zhurnal/sorta-maliny-dlya-podmoskovya-kak-vybrat/","section-1","editorial_answer","","","",""
"самые ранние сорта клубники для средней полосы","4","11","Умеренная","https://malinaklubnika.ru/zhurnal/kak-vybrat-sort-klubniki/","section-1","editorial_answer","","","",""
"самый вкусный сорт малины","4","6","Умеренная","https://malinaklubnika.ru/sorta/malina/","vkus","catalog_comparison","","","",""
"сорта летней малины с крупной ягодой","4","9","Умеренная","https://malinaklubnika.ru/sorta/malina/","tipy","catalog_comparison","","","",""
"сорта малины для урала с фото и описанием","4","7","Умеренная","https://malinaklubnika.ru/zhurnal/sorta-maliny-dlya-podmoskovya-kak-vybrat/","section-1","editorial_answer","","","",""
"средства от серой гнили на клубнике","4","4","Умеренная","https://malinaklubnika.ru/zhurnal/bolezni-klubniki-priznaki-i-proverka/","section-1","editorial_answer","","","",""
"старые сорта клубники с фотографиями и описанием","4","11","Умеренная","https://malinaklubnika.ru/zhurnal/kak-vybrat-sort-klubniki/","section-1","editorial_answer","","","",""
"таежная малина фото","4","2","Умеренная","https://malinaklubnika.ru/zhurnal/listya-maliny-kak-vyglyadyat/","section-5","editorial_answer","","","",""
"тибетская малина вкус","4","1","Умеренная","https://malinaklubnika.ru/zhurnal/tibetskaya-malina-kakoe-rastenie/","section-1","editorial_answer","","","",""
"тибетская малина посадка и уход в открытом грунте","4","4","Умеренная","https://malinaklubnika.ru/zhurnal/tibetskaya-malina-kakoe-rastenie/","section-3","editorial_answer","","","",""
"тибетская малина что с ней делать","4","3","Умеренная","https://malinaklubnika.ru/zhurnal/tibetskaya-malina-kakoe-rastenie/","section-1","editorial_answer","","","",""
"уход за тибетской малиной осенью","4","7","Умеренная","https://malinaklubnika.ru/zhurnal/tibetskaya-malina-kakoe-rastenie/","section-3","editorial_answer","","","",""
"чем обработать клубнику на зиму","4","4","Умеренная","https://malinaklubnika.ru/zhurnal/uhod-za-klubnikoi-osenyu-podgotovka-k-zime/","section-3","editorial_answer","","","",""
"чем обработать клубнику осенью от вредителей и болезней после обрезки","4","6","Умеренная","https://malinaklubnika.ru/zhurnal/vrediteli-klubniki-kak-razlichit/","section-4","editorial_answer","","","",""
"чем обработать клубнику от болезней во время цветения","4","8","Умеренная","https://malinaklubnika.ru/zhurnal/bolezni-klubniki-priznaki-i-proverka/","section-5","editorial_answer","","","",""
"чем обработать клубнику после сбора урожая от болезней и вредителей форум","4","6","Умеренная","https://malinaklubnika.ru/zhurnal/vrediteli-klubniki-kak-razlichit/","section-4","editorial_answer","","","",""
"чем обработать малину от вредителей и болезней","4","5","Умеренная","https://malinaklubnika.ru/zhurnal/bolezni-i-vrediteli-maliny-priznaki/","section-5","editorial_answer","","","",""
"чем опрыскивать малину весной","4","4","Умеренная","https://malinaklubnika.ru/zhurnal/uhod-za-malinoi-vesnoi-posle-zimy/","section-1","editorial_answer","","","",""
"чем опрыснуть малину весной","4","7","Умеренная","https://malinaklubnika.ru/zhurnal/uhod-za-malinoi-vesnoi-posle-zimy/","section-1","editorial_answer","","","",""
"что добавить в лунку при посадке малины осенью","4","7","Умеренная","https://malinaklubnika.ru/zhurnal/osennyaya-posadka-maliny-sroki-i-podgotovka/","section-1","editorial_answer","","","",""
"что класть в лунку при посадке малины","4","3","Умеренная","https://malinaklubnika.ru/zhurnal/posadka-maliny/","section-1","editorial_answer","","","",""
"что класть в лунку при посадке малины весной","4","4","Умеренная","https://malinaklubnika.ru/zhurnal/uhod-za-malinoi-vesnoi-posle-zimy/","section-1","editorial_answer","","","",""
"что любит малина при посадке","4","3","Умеренная","https://malinaklubnika.ru/zhurnal/posadka-maliny/","section-1","editorial_answer","","","",""
"что нужно для посадки малины","4","2","Умеренная","https://malinaklubnika.ru/zhurnal/posadka-maliny/","section-1","editorial_answer","","","",""
"актеллик для клубники весной от вредителей и болезней","3","4","Умеренная","https://malinaklubnika.ru/zhurnal/vrediteli-klubniki-kak-razlichit/","section-1","editorial_answer","","","",""
"баковая смесь для обработки клубники осенью от вредителей и болезней","3","20","Умеренная","https://malinaklubnika.ru/zhurnal/vrediteli-klubniki-kak-razlichit/","section-4","editorial_answer","","","",""
"болезни и вредители клубники и борьба с ними","3","9","Умеренная","https://malinaklubnika.ru/zhurnal/vrediteli-klubniki-kak-razlichit/","section-4","editorial_answer","","","",""
"болезни клубники фото и описание чем","3","8","Умеренная","https://malinaklubnika.ru/zhurnal/bolezni-klubniki-priznaki-i-proverka/","section-6","editorial_answer","","","",""
"болезни малины по листьям","3","7","Умеренная","https://malinaklubnika.ru/zhurnal/bolezni-i-vrediteli-maliny-priznaki/","section-1","editorial_answer","","","",""
"в чем замочить клубнику перед посадкой","3","6","Умеренная","https://malinaklubnika.ru/zhurnal/posadka-klubniki/","section-1","editorial_answer","","","",""
"васена малина описание","3","4","Умеренная","https://malinaklubnika.ru/sorta/raspberry-vasena/","seo-opisanie","cultivar_passport","","","",""
"виктория купчиха описание","3","3","Умеренная","https://malinaklubnika.ru/sorta/strawberry-victoria/","seo-opisanie","cultivar_passport","","https://dachaotzyv.ru/klubnika-viktoriya/","https://dachaotzyv.ru/klubnika-viktoriya/","external_published_reader_accounts"
"виктория купчиха описание сорта фото","3","4","Умеренная","https://malinaklubnika.ru/sorta/strawberry-victoria/","seo-photo","cultivar_passport","","https://dachaotzyv.ru/klubnika-viktoriya/","https://dachaotzyv.ru/klubnika-viktoriya/","external_published_reader_accounts"
"вредители и болезни клубники описание с фотографиями","3","7","Умеренная","https://malinaklubnika.ru/zhurnal/vrediteli-klubniki-kak-razlichit/","section-1","editorial_answer","","","",""
"время посадки малины","3","2","Умеренная","https://malinaklubnika.ru/zhurnal/posadka-maliny/","section-1","editorial_answer","","","",""
"вырастить малину из семян в домашних условиях","3","4","Умеренная","https://malinaklubnika.ru/zhurnal/kak-vyrastit-malinu-iz-semyan/","section-1","editorial_answer","","","",""
"где лучше посадить малину на участке","3","3","Умеренная","https://malinaklubnika.ru/zhurnal/posadka-maliny/","section-1","editorial_answer","","","",""
"где лучше сажать малину на участке","3","2","Умеренная","https://malinaklubnika.ru/zhurnal/kakuyu-pochvu-vybrat-dlya-maliny/","section-4","editorial_answer","","","",""
"где сажать малину на участке","3","2","Умеренная","https://malinaklubnika.ru/zhurnal/kakuyu-pochvu-vybrat-dlya-maliny/","section-4","editorial_answer","","","",""
"гигант московский малина описание","3","3","Умеренная","https://malinaklubnika.ru/sorta/moskovskiy-gigant/","seo-opisanie","cultivar_passport","","","https://dachaotzyv.ru/malina-moskovskij-gigant/","external_published_reader_accounts"
"гусар малина описание сорта фото","3","3","Умеренная","https://malinaklubnika.ru/sorta/gusar/","seo-photo","cultivar_passport","","https://7dach.ru/KatyaK/gusar-krupnaya-sladkaya-malina-moego-sada-228819.html","https://7dach.ru/KatyaK/gusar-krupnaya-sladkaya-malina-moego-sada-228819.html; https://dachaotzyv.ru/malina-gusar/","grower_diary; external_published_reader_accounts"
"дарселект клубника описание и отзывы","3","3","Умеренная","https://malinaklubnika.ru/sorta/strawberry-darselect/","seo-reviews","cultivar_passport","","https://dachaotzyv.ru/klubnika-darselekt/","https://dachaotzyv.ru/klubnika-darselekt/","external_published_reader_accounts"
"заболевания малины фото и описания лечение","3","6","Умеренная","https://malinaklubnika.ru/zhurnal/bolezni-i-vrediteli-maliny-priznaki/","section-5","editorial_answer","","","",""
"защита клубники от болезней и вредителей","3","5","Умеренная","https://malinaklubnika.ru/zhurnal/vrediteli-klubniki-kak-razlichit/","section-4","editorial_answer","","","",""
"земклуника купчиха фото и описание","3","3","Умеренная","https://malinaklubnika.ru/sorta/kupchikha/","seo-photo","cultivar_passport","","https://7dach.ru/bajenovasveta/zemklunika-kupchiha_2-224899.html","https://7dach.ru/bajenovasveta/zemklunika-kupchiha_2-224899.html; https://dachaotzyv.ru/klubnika-kupchiha/","grower_diary; external_published_reader_accounts"
"земляника вима занта описание сорта","3","4","Умеренная","https://malinaklubnika.ru/sorta/strawberry-vima-zanta/","seo-opisanie","cultivar_passport","","https://dachaotzyv.ru/klubnika-vima-zanta/","https://dachaotzyv.ru/klubnika-vima-zanta/","external_published_reader_accounts"
"земляника королева елизавета описание сорта фото отзывы садоводов","3","4","Умеренная","https://malinaklubnika.ru/sorta/strawberry-queen-elizabeth/","seo-reviews","cultivar_passport","","https://dachaotzyv.ru/klubnika-koroleva-elizaveta/","https://dachaotzyv.ru/klubnika-koroleva-elizaveta/","external_published_reader_accounts"
"земляника лакомка описание сорта","3","2","Умеренная","https://malinaklubnika.ru/sorta/strawberry-lakomka-vir/","seo-opisanie","cultivar_passport","","","",""
"земляника садовая альба описание сорта","3","2","Умеренная","https://malinaklubnika.ru/sorta/alba/","seo-opisanie","cultivar_passport","","https://horticulturejournal.usamv.ro/pdf/2024/issue_1/Art2.pdf#page=3","https://dachaotzyv.ru/klubnika-alba/","external_published_reader_accounts"
"земляника садовая клери описание сорта","3","3","Умеренная","https://malinaklubnika.ru/sorta/kleri/","seo-opisanie","cultivar_passport","","https://commons.wikimedia.org/wiki/File:Clery_Gartenerdbeere.JPG","https://dachaotzyv.ru/klubnika-kleri/","external_published_reader_accounts"
"земляника садовая остара","3","2","Умеренная","https://malinaklubnika.ru/sorta/strawberry-ostara-trade/","seo-opisanie","cultivar_passport","","https://dachaotzyv.ru/klubnika-ostara/","https://dachaotzyv.ru/klubnika-ostara/","external_published_reader_accounts"
"земляника черный принц описание сорта фото отзывы садоводов","3","6","Умеренная","https://malinaklubnika.ru/sorta/black-prince-strawberry/","seo-reviews","cultivar_passport","","https://7dach.ru/28101959NaTa/klubnika-sorta-chernyy-princ-ochen-vkusnaya-yagoda-259932.html","https://7dach.ru/28101959NaTa/klubnika-sorta-chernyy-princ-ochen-vkusnaya-yagoda-259932.html; https://dachaotzyv.ru/klubnika-chernyj-princ/","grower_diary; external_published_reader_accounts"
"зенгана клубника описание","3","3","Умеренная","https://malinaklubnika.ru/sorta/strawberry-zenga-zengana-trial/","seo-opisanie","cultivar_passport","","","",""
"золотые купола малина","3","2","Умеренная","https://malinaklubnika.ru/sorta/zolotye-kupola/","seo-opisanie","cultivar_passport","","https://dachaotzyv.ru/malina-zolotye-kupola/","https://dachaotzyv.ru/malina-zolotye-kupola/","external_published_reader_accounts"
"зюгана желтая малина описание","3","5","Умеренная","https://malinaklubnika.ru/sorta/raspberry-sugana/","seo-opisanie","cultivar_passport","","https://www.luberaedibles.com/cdn/shop/products/Rubus_Twotimer__Sugana_1_550x550.jpg?v=1675066659","https://dachaotzyv.ru/malina-zyugana/","external_published_reader_accounts"
"изобильная казакова малина описание","3","4","Умеренная","https://malinaklubnika.ru/sorta/izobilnaya/","seo-opisanie","cultivar_passport","","https://dachaotzyv.ru/malina-izobilnaya/","https://dachaotzyv.ru/malina-izobilnaya/","external_published_reader_accounts"
"как обрабатывать малину весной","3","3","Умеренная","https://malinaklubnika.ru/zhurnal/uhod-za-malinoi-vesnoi-posle-zimy/","section-1","editorial_answer","","","",""
"как подготовить почву для высадки малины","3","5","Умеренная","https://malinaklubnika.ru/zhurnal/kakuyu-pochvu-vybrat-dlya-maliny/","section-1","editorial_answer","","","",""
"как посадить малину весной в открытый грунт саженцами","3","2","Умеренная","https://malinaklubnika.ru/zhurnal/uhod-za-malinoi-vesnoi-posle-zimy/","section-1","editorial_answer","","","",""
"как посадить ремонтантную малину весной","3","3","Умеренная","https://malinaklubnika.ru/zhurnal/uhod-za-malinoi-vesnoi-posle-zimy/","section-1","editorial_answer","","","",""
"как правильно растить малину","3","3","Умеренная","https://malinaklubnika.ru/zhurnal/uhod-za-malinoi-v-techenie-sezona/","section-1","editorial_answer","","","",""
"как правильно сажать саженцы малины","3","2","Умеренная","https://malinaklubnika.ru/zhurnal/posadka-maliny/","section-1","editorial_answer","","","",""
"как развести нашатырный спирт для полива клубники","3","2","Умеренная","https://malinaklubnika.ru/zhurnal/poliv-i-mulcha-klubniki/","section-1","editorial_answer","","","",""
"как сажать малину правильно через сколько сантиметров","3","2","Умеренная","https://malinaklubnika.ru/zhurnal/posadka-maliny/","section-1","editorial_answer","","","",""
"как сажать осенью малину","3","3","Умеренная","https://malinaklubnika.ru/zhurnal/osennyaya-posadka-maliny-sroki-i-podgotovka/","section-1","editorial_answer","","","",""
"как ухаживать за штамбовой малиной","3","3","Умеренная","https://malinaklubnika.ru/zhurnal/malinovoe-derevo-tarusa/","section-1","editorial_answer","","","",""
"какие болезни бывают у малины","3","5","Умеренная","https://malinaklubnika.ru/zhurnal/bolezni-i-vrediteli-maliny-priznaki/","section-1","editorial_answer","","","",""
"какие виды малины бывают фото и название","3","4","Умеренная","https://malinaklubnika.ru/zhurnal/vidy-maliny-nazvaniya-i-fotografii/","section-1","editorial_answer","","","",""
"какие сорта малины лучше сажать","3","6","Умеренная","https://malinaklubnika.ru/zhurnal/sorta-maliny-dlya-podmoskovya-kak-vybrat/","section-1","editorial_answer","","","",""
"какое расстояние между кустами малины","3","2","Умеренная","https://malinaklubnika.ru/zhurnal/rasstoyanie-posadki-maliny-i-pervyi-urozhai/","section-1","editorial_answer","","","",""
"карликовые сорта малины","3","5","Умеренная","https://malinaklubnika.ru/zhurnal/sorta-maliny-dlya-podmoskovya-kak-vybrat/","section-1","editorial_answer","","","",""
"клубника антея отзывы","3","2","Умеренная","https://malinaklubnika.ru/sorta/strawberry-antea/","seo-reviews","cultivar_passport","gardener_reviews","","",""
"клубника дженто описание сорта","3","11","Умеренная","https://malinaklubnika.ru/sorta/strawberry-gento-ogorodik-trade/","seo-opisanie","cultivar_passport","","","",""
"клубника кент описание","3","4","Умеренная","https://malinaklubnika.ru/sorta/strawberry-kent/","seo-opisanie","cultivar_passport","","https://dachaotzyv.ru/klubnika-kent/","https://dachaotzyv.ru/klubnika-kent/","external_published_reader_accounts"
"клубника лорд морозостойкость","3","3","Умеренная","https://malinaklubnika.ru/sorta/strawberry-lord/","seo-opisanie","cultivar_passport","","https://7dach.ru/Tanjeen/klubnichnyy-placdarm-nachalo-s-prodolzheniem-266576.html","https://7dach.ru/Tanjeen/klubnichnyy-placdarm-nachalo-s-prodolzheniem-266576.html; https://dachaotzyv.ru/klubnika-lord/","grower_diary; external_published_reader_accounts"
"клубника мальвина описание отзывы","3","3","Умеренная","https://malinaklubnika.ru/sorta/malvina/","otzyvy","cultivar_passport","","https://pmc.ncbi.nlm.nih.gov/articles/PMC11125040/#suppl_1","https://dachaotzyv.ru/klubnika-malvina/","external_published_reader_accounts"
"клубника надя описание сорта фото отзывы садоводов урожайность","3","14","Умеренная","https://malinaklubnika.ru/sorta/strawberry-nadja-bl29/","seo-reviews","cultivar_passport","photo; gardener_reviews","","",""
"клубника садовая лучшие сорта","3","6","Умеренная","https://malinaklubnika.ru/sorta/klubnika/","catalog","catalog_comparison","","","",""
"клубника сибилла описание","3","4","Умеренная","https://malinaklubnika.ru/sorta/strawberry-sibilla/","seo-opisanie","cultivar_passport","","https://civ.it/wp-content/uploads/2025/02/sibilla-still-life.png","",""
"клубника фронтерас описание сорта фото отзывы садоводов","3","15","Умеренная","https://malinaklubnika.ru/sorta/strawberry-fronteras/","seo-reviews","cultivar_passport","gardener_reviews","https://patentimages.storage.googleapis.com/62/7d/6a/89f614181750cf/USPP026709-20160510-D00001.png","",""
"клубника цветет чем обработать от вредителей","3","4","Умеренная","https://malinaklubnika.ru/zhurnal/vrediteli-klubniki-kak-razlichit/","section-4","editorial_answer","","","",""
"когда можно сажать саженцы малины","3","2","Умеренная","https://malinaklubnika.ru/zhurnal/posadka-maliny/","section-1","editorial_answer","","","",""
"когда обрабатывать малину от вредителей","3","5","Умеренная","https://malinaklubnika.ru/zhurnal/bolezni-i-vrediteli-maliny-priznaki/","section-1","editorial_answer","","","",""
"когда обрезать тибетскую малину","3","4","Умеренная","https://malinaklubnika.ru/zhurnal/tibetskaya-malina-kakoe-rastenie/","section-1","editorial_answer","","","",""
"когда опрыскивать малину от вредителей","3","3","Умеренная","https://malinaklubnika.ru/zhurnal/bolezni-i-vrediteli-maliny-priznaki/","section-1","editorial_answer","","","",""
"колоновидная малина фото","3","2","Умеренная","https://malinaklubnika.ru/zhurnal/malinovoe-derevo-tarusa/","section-1","editorial_answer","","","",""
"королева елизавета 2 клубника описание","3","4","Умеренная","https://malinaklubnika.ru/sorta/strawberry-queen-elizabeth/","seo-opisanie","cultivar_passport","","https://dachaotzyv.ru/klubnika-koroleva-elizaveta/","https://dachaotzyv.ru/klubnika-koroleva-elizaveta/","external_published_reader_accounts"
"куда лучше посадить малину","3","3","Умеренная","https://malinaklubnika.ru/zhurnal/posadka-maliny/","section-1","editorial_answer","","","",""
"куда посадить малину на участке","3","3","Умеренная","https://malinaklubnika.ru/zhurnal/posadka-maliny/","section-1","editorial_answer","","","",""
"кумберленд малина фото","3","2","Умеренная","https://malinaklubnika.ru/sorta/raspberry-cumberland/","seo-photo","cultivar_passport","photo","","",""
"купчиха клубника описание отзывы","3","3","Умеренная","https://malinaklubnika.ru/sorta/kupchikha/","seo-reviews","cultivar_passport","","https://7dach.ru/bajenovasveta/zemklunika-kupchiha_2-224899.html","https://7dach.ru/bajenovasveta/zemklunika-kupchiha_2-224899.html; https://dachaotzyv.ru/klubnika-kupchiha/","grower_diary; external_published_reader_accounts"
"лучшие сорта малины для южного урала","3","7","Умеренная","https://malinaklubnika.ru/zhurnal/sorta-maliny-dlya-podmoskovya-kak-vybrat/","section-1","editorial_answer","","","",""
"малина анфиса описание сорта","3","5","Умеренная","https://malinaklubnika.ru/sorta/raspberry-anfisa-trade/","seo-opisanie","cultivar_passport","","","",""
"малина атлант описание сорта отзывы","3","5","Умеренная","https://malinaklubnika.ru/sorta/atlant/","otzyvy","cultivar_passport","","https://commons.wikimedia.org/wiki/File:%D0%9C%D0%B0%D0%BB%D0%B8%D0%BD%D0%B0_%D0%B0%D1%82%D0%BB%D0%B0%D0%BD%D1%82.jpg","https://dachaotzyv.ru/malina-atlant/","external_published_reader_accounts"
"малина беглянка желтая описание","3","2","Умеренная","https://malinaklubnika.ru/sorta/beglyanka/","seo-opisanie","cultivar_passport","","https://dachaotzyv.ru/malina-beglyanka/","https://dachaotzyv.ru/malina-beglyanka/","external_published_reader_accounts"
"малина вайолет описание сорта отзывы сроки созревания","3","5","Умеренная","https://malinaklubnika.ru/sorta/raspberry-vajolet/","seo-reviews","cultivar_passport","gardener_reviews","","",""
"малина вайолет описание сорта фото отзывы садоводов урожайность характеристика","3","9","Умеренная","https://malinaklubnika.ru/sorta/raspberry-vajolet/","seo-reviews","cultivar_passport","photo; gardener_reviews","","",""
"малина венге описание сорта фото отзывы","3","9","Умеренная","https://malinaklubnika.ru/sorta/raspberry-venge-trade/","seo-reviews","cultivar_passport","photo; gardener_reviews","","",""
"малина вольница описание сорта отзывы","3","6","Умеренная","https://malinaklubnika.ru/sorta/raspberry-volnitsa/","seo-reviews","cultivar_passport","gardener_reviews","","",""
"малина гигант московский описание сорта фото","3","5","Умеренная","https://malinaklubnika.ru/sorta/moskovskiy-gigant/","seo-photo","cultivar_passport","photo","","https://dachaotzyv.ru/malina-moskovskij-gigant/","external_published_reader_accounts"
"малина гигант московский описание сорта фото отзывы садоводов урожайность","3","5","Умеренная","https://malinaklubnika.ru/sorta/moskovskiy-gigant/","seo-reviews","cultivar_passport","photo","","https://dachaotzyv.ru/malina-moskovskij-gigant/","external_published_reader_accounts"
"малина гусария описание сорта фото отзывы","3","5","Умеренная","https://malinaklubnika.ru/sorta/raspberry-husaria/","seo-reviews","cultivar_passport","photo; gardener_reviews","","",""
"малина доломия описание сорта","3","6","Умеренная","https://malinaklubnika.ru/sorta/raspberry-dolomia-plus/","seo-opisanie","cultivar_passport","","","",""
"малина заболевания","3","3","Умеренная","https://malinaklubnika.ru/zhurnal/bolezni-i-vrediteli-maliny-priznaki/","section-1","editorial_answer","","","",""
"малина земляничная тибетская малина","3","2","Умеренная","https://malinaklubnika.ru/zhurnal/tibetskaya-malina-kakoe-rastenie/","section-1","editorial_answer","","","",""
"малина королевский пингвин описание сорта фото отзывы садоводов","3","9","Умеренная","https://malinaklubnika.ru/sorta/pingvin/","otzyvy","cultivar_passport","","https://dachaotzyv.ru/malina-pingvin/","https://dachaotzyv.ru/malina-pingvin/","external_published_reader_accounts"
"малина которая не дает поросли сорта","3","6","Умеренная","https://malinaklubnika.ru/zhurnal/kak-udalit-kornevuyu-porosl-maliny/","section-3","editorial_answer","","","",""
"малина краса россии описание сорта фото отзывы садоводов урожайность характеристика и описание сорта","3","5","Умеренная","https://malinaklubnika.ru/sorta/krasa-rossii/","otzyvy","cultivar_passport","","https://dachaotzyv.ru/malina-krasa-rossii/","https://dachaotzyv.ru/malina-krasa-rossii/","external_published_reader_accounts"
"малина лель описание сорта фото отзывы","3","6","Умеренная","https://malinaklubnika.ru/sorta/raspberry-lel/","seo-reviews","cultivar_passport","photo; gardener_reviews","","",""
"малина мапема описание сорта фото","3","6","Умеренная","https://malinaklubnika.ru/sorta/raspberry-mapema/","seo-photo","cultivar_passport","","https://www.advancedplants.nl/wp-content/uploads/2018/01/Mapema-1.jpg","",""
"малина московский гигант описание сорта фото отзывы садоводов","3","8","Умеренная","https://malinaklubnika.ru/sorta/moskovskiy-gigant/","seo-reviews","cultivar_passport","photo","","https://dachaotzyv.ru/malina-moskovskij-gigant/","external_published_reader_accounts"
"малина московский гигант описание сорта фото отзывы садоводов урожайность характеристика","3","6","Умеренная","https://malinaklubnika.ru/sorta/moskovskiy-gigant/","seo-reviews","cultivar_passport","photo","","https://dachaotzyv.ru/malina-moskovskij-gigant/","external_published_reader_accounts"
"малина муза описание сорта","3","7","Умеренная","https://malinaklubnika.ru/sorta/raspberry-muza/","seo-opisanie","cultivar_passport","","","",""
"малина нектарная описание сорта","3","5","Умеренная","https://malinaklubnika.ru/sorta/raspberry-nektarnaya-heisa-trade/","seo-opisanie","cultivar_passport","","","",""
"малина нобилити описание сорта","3","5","Умеренная","https://malinaklubnika.ru/sorta/raspberry-nobility/","seo-opisanie","cultivar_passport","","","",""
"малина новость кузьмина описание сорта фото отзывы садоводов","3","7","Умеренная","https://malinaklubnika.ru/sorta/raspberry-novost-kuzmina/","seo-reviews","cultivar_passport","gardener_reviews","https://7dach.ru/Eleko/10-luchshih-sortov-maliny-kotorye-rekomenduyut-dachniki-272274.html","",""
"малина обработка весной","3","5","Умеренная","https://malinaklubnika.ru/zhurnal/uhod-za-malinoi-vesnoi-posle-zimy/","section-1","editorial_answer","","","",""
"малина пересвет описание сорта фото отзывы садоводов","3","6","Умеренная","https://malinaklubnika.ru/sorta/peresvet/","otzyvy","cultivar_passport","","https://dachaotzyv.ru/malina-peresvet/","https://dachaotzyv.ru/malina-peresvet/","external_published_reader_accounts"
"малина посадка и уход в подмосковье","3","4","Умеренная","https://malinaklubnika.ru/zhurnal/posadka-maliny/","section-1","editorial_answer","","","",""
"малина почва для посадки кислотность","3","1","Умеренная","https://malinaklubnika.ru/zhurnal/kakuyu-pochvu-vybrat-dlya-maliny/","section-1","editorial_answer","","","",""
"малина радзиева описание сорта фото отзывы садоводов","3","6","Умеренная","https://malinaklubnika.ru/sorta/raspberry-radziejowa/","seo-reviews","cultivar_passport","photo; gardener_reviews","","",""
"малина рейтинг лучших сортов","3","5","Умеренная","https://malinaklubnika.ru/sorta/malina/","catalog","catalog_comparison","","","",""
"малина ремонтантная посадка осенью","3","2","Умеренная","https://malinaklubnika.ru/zhurnal/osennyaya-posadka-maliny-sroki-i-podgotovka/","section-1","editorial_answer","","","",""
"малина рубиновое ожерелье описание","3","5","Умеренная","https://malinaklubnika.ru/sorta/rubinovoe-ozherele/","seo-opisanie","cultivar_passport","","https://dachaotzyv.ru/malina-rubinovoe-ozherele/","https://dachaotzyv.ru/malina-rubinovoe-ozherele/","external_published_reader_accounts"
"малина самородок описание","3","1","Умеренная","https://malinaklubnika.ru/sorta/raspberry-samorodok/","seo-opisanie","cultivar_passport","","","",""
"малина сан рафаэль описание сорта","3","6","Умеренная","https://malinaklubnika.ru/sorta/raspberry-san-rafael-trade/","seo-opisanie","cultivar_passport","","","",""
"малина светлячок описание сорта фото отзывы садоводов","3","9","Умеренная","https://malinaklubnika.ru/zhurnal/tlya-na-maline-chto-delat/","section-1","editorial_answer","","","",""
"малина сорт сказка описание фото отзывы","3","5","Умеренная","https://malinaklubnika.ru/sorta/malina-skazka/","seo-reviews","cultivar_passport","","https://dachaotzyv.ru/malina-skazka/","https://dachaotzyv.ru/malina-skazka/","external_published_reader_accounts"
"малина сорта для сибири","3","5","Умеренная","https://malinaklubnika.ru/sorta/malina/regiony/","region-10","regional_admissions_and_trials","","","",""
"малина сорта для средней полосы","3","6","Умеренная","https://malinaklubnika.ru/sorta/malina/","catalog","catalog_comparison","","","",""
"малина столешник описание сорта фото отзывы садоводов","3","7","Умеренная","https://malinaklubnika.ru/sorta/raspberry-stoleshnik/","seo-reviews","cultivar_passport","photo; gardener_reviews","","",""
"малина столичная описание сорта фото отзывы","3","5","Умеренная","https://malinaklubnika.ru/sorta/raspberry-stolichnaya/","seo-reviews","cultivar_passport","photo; gardener_reviews","","",""
"малина таруса как сажать","3","3","Умеренная","https://malinaklubnika.ru/sorta/tarusa/","seo-care","cultivar_passport","","https://7dach.ru/SvetikOdessa/malinovoe-derevo_2-72683.html","https://7dach.ru/SvetikOdessa/malinovoe-derevo_2-72683.html; https://dachaotzyv.ru/malina-tarusa/","grower_diary; external_published_reader_accounts"
"малина таруса описание отзывы","3","3","Умеренная","https://malinaklubnika.ru/sorta/tarusa/","otzyvy","cultivar_passport","","https://7dach.ru/SvetikOdessa/malinovoe-derevo_2-72683.html","https://7dach.ru/SvetikOdessa/malinovoe-derevo_2-72683.html; https://dachaotzyv.ru/malina-tarusa/","grower_diary; external_published_reader_accounts"
"малина таруса фото и описание","3","3","Умеренная","https://malinaklubnika.ru/sorta/tarusa/","seo-photo","cultivar_passport","","https://7dach.ru/SvetikOdessa/malinovoe-derevo_2-72683.html","https://7dach.ru/SvetikOdessa/malinovoe-derevo_2-72683.html; https://dachaotzyv.ru/malina-tarusa/","grower_diary; external_published_reader_accounts"
"малина тибетская земляничная","3","2","Умеренная","https://malinaklubnika.ru/zhurnal/tibetskaya-malina-kakoe-rastenie/","section-1","editorial_answer","","","",""
"малина туламин описание сорта фото отзывы садоводов урожайность","3","5","Умеренная","https://malinaklubnika.ru/sorta/raspberry-tulameen/","seo-reviews","cultivar_passport","","https://dachaotzyv.ru/malina-tulamin/","https://dachaotzyv.ru/malina-tulamin/","external_published_reader_accounts"
"малина чиф описание сорта","3","5","Умеренная","https://malinaklubnika.ru/sorta/raspberry-chief/","seo-opisanie","cultivar_passport","","","",""
"малина шоша описание сорта","3","6","Умеренная","https://malinaklubnika.ru/sorta/raspberry-shosha/","seo-opisanie","cultivar_passport","","","",""
"малина willamette","3","5","Умеренная","https://malinaklubnika.ru/sorta/raspberry-willamette/","seo-opisanie","cultivar_passport","","","",""
"малинника ягода фото и описание","3","2","Умеренная","https://malinaklubnika.ru/zhurnal/tibetskaya-malina-kakoe-rastenie/","section-6","editorial_answer","","","",""
"малиновое дерево таруса посадка и уход в открытом грунте весной","3","3","Умеренная","https://malinaklubnika.ru/sorta/tarusa/","seo-care","cultivar_passport","","https://7dach.ru/SvetikOdessa/malinovoe-derevo_2-72683.html","https://7dach.ru/SvetikOdessa/malinovoe-derevo_2-72683.html; https://dachaotzyv.ru/malina-tarusa/","grower_diary; external_published_reader_accounts"
"малиновое дерево что это такое и как за ним ухаживать в домашних условиях","3","2","Умеренная","https://malinaklubnika.ru/zhurnal/malinovoe-derevo-tarusa/","section-1","editorial_answer","","","",""
"можно ли пересаживать малину весной","3","2","Умеренная","https://malinaklubnika.ru/zhurnal/peresadka-maliny-na-novoe-mesto/","section-1","editorial_answer","","","",""
"московский гигант малина описание сорта отзывы","3","7","Умеренная","https://malinaklubnika.ru/sorta/moskovskiy-gigant/","seo-reviews","cultivar_passport","","","https://dachaotzyv.ru/malina-moskovskij-gigant/","external_published_reader_accounts"
"на какую глубину сажают малину","3","4","Умеренная","https://malinaklubnika.ru/zhurnal/posadka-maliny/","section-2","editorial_answer","","","",""
"на стволе малины коричневые пятна что это за болезнь и как с ней бороться фото","3","3","Умеренная","https://malinaklubnika.ru/zhurnal/didimella-maliny-priznaki-i-proverka/","section-2","editorial_answer","","","",""
"нанди клубника описание","3","3","Умеренная","https://malinaklubnika.ru/sorta/strawberry-nandi/","seo-opisanie","cultivar_passport","","","",""
"низкорослые сорта малины","3","6","Умеренная","https://malinaklubnika.ru/zhurnal/sorta-maliny-dlya-podmoskovya-kak-vybrat/","section-1","editorial_answer","","","",""
"обработка клубники во время цветения от вредителей","3","4","Умеренная","https://malinaklubnika.ru/zhurnal/vrediteli-klubniki-kak-razlichit/","section-4","editorial_answer","","","",""
"обработка малины осенью от болезней","3","4","Умеренная","https://malinaklubnika.ru/zhurnal/bolezni-i-vrediteli-maliny-priznaki/","section-5","editorial_answer","","","",""
"обработка малины перед цветением","3","7","Умеренная","https://malinaklubnika.ru/zhurnal/obrabotka-klubniki-i-maliny-po-sezonu/","section-2","editorial_answer","","","",""
"обрезка тибетской малины","3","3","Умеренная","https://malinaklubnika.ru/zhurnal/tibetskaya-malina-kakoe-rastenie/","section-1","editorial_answer","","","",""
"осенняя обработка клубники на зиму","3","4","Умеренная","https://malinaklubnika.ru/zhurnal/uhod-za-klubnikoi-osenyu-podgotovka-k-zime/","section-3","editorial_answer","","","",""
"осенняя посадка ремонтантной малины","3","4","Умеренная","https://malinaklubnika.ru/zhurnal/osennyaya-posadka-maliny-sroki-i-podgotovka/","section-1","editorial_answer","","","",""
"посадка малины в высокие грядки","3","2","Умеренная","https://malinaklubnika.ru/zhurnal/posadka-maliny/","section-1","editorial_answer","","","",""
"посадка малины весной когда и как","3","4","Умеренная","https://malinaklubnika.ru/zhurnal/uhod-za-malinoi-vesnoi-posle-zimy/","section-1","editorial_answer","","","",""
"посадка малины осенью как правильно когда сажать в подмосковье в открытый","3","3","Умеренная","https://malinaklubnika.ru/zhurnal/osennyaya-posadka-maliny-sroki-i-podgotovka/","section-1","editorial_answer","","","",""
"посадка малины осенью как правильно сажать","3","5","Умеренная","https://malinaklubnika.ru/zhurnal/osennyaya-posadka-maliny-sroki-i-podgotovka/","section-1","editorial_answer","","","",""
"посадка ремонтантной малины осенью в открытый","3","3","Умеренная","https://malinaklubnika.ru/zhurnal/osennyaya-posadka-maliny-sroki-i-podgotovka/","section-1","editorial_answer","","","",""
"правильная посадка малины осенью","3","3","Умеренная","https://malinaklubnika.ru/zhurnal/osennyaya-posadka-maliny-sroki-i-podgotovka/","section-1","editorial_answer","","","",""
"правильно посадить малину","3","3","Умеренная","https://malinaklubnika.ru/zhurnal/posadka-maliny/","section-1","editorial_answer","","","",""
"при посадке малины что класть в лунку","3","2","Умеренная","https://malinaklubnika.ru/zhurnal/posadka-maliny/","section-1","editorial_answer","","","",""
"ранние сорта малины для средней полосы самые лучшие","3","6","Умеренная","https://malinaklubnika.ru/zhurnal/sorta-maliny-dlya-podmoskovya-kak-vybrat/","section-1","editorial_answer","","","",""
"расстояние между рядами малины при посадке","3","2","Умеренная","https://malinaklubnika.ru/zhurnal/rasstoyanie-posadki-maliny-i-pervyi-urozhai/","section-1","editorial_answer","","","",""
"ремонтантная клубника для сибири","3","5","Умеренная","https://malinaklubnika.ru/zhurnal/remontantnaya-klubnika/","section-3","editorial_answer","","","",""
"ремонтантная малина для подмосковья","3","3","Умеренная","https://malinaklubnika.ru/zhurnal/sorta-maliny-dlya-podmoskovya-kak-vybrat/","section-1","editorial_answer","","","",""
"самые лучшие сорта ремонтантной малины","3","6","Умеренная","https://malinaklubnika.ru/sorta/malina/","tipy","catalog_comparison","","","",""
"самые сладкие сорта ремонтантной малины","3","6","Умеренная","https://malinaklubnika.ru/sorta/malina/","tipy","catalog_comparison","","","",""
"сорт малины геракл фото и описание","3","6","Умеренная","https://malinaklubnika.ru/sorta/gerakl/","seo-photo","cultivar_passport","","https://biosel.elpub.ru/jour/article/download/116/115#page=9","https://dachaotzyv.ru/malina-gerakl/","external_published_reader_accounts"
"сорт малины лагорай","3","7","Умеренная","https://malinaklubnika.ru/sorta/raspberry-lagorai-plus/","seo-opisanie","cultivar_passport","","https://patents.google.com/patent/US20130318664P1/en","",""
"сорт малины сказка фото и описание сорта отзывы","3","7","Умеренная","https://malinaklubnika.ru/sorta/malina-skazka/","seo-reviews","cultivar_passport","","https://dachaotzyv.ru/malina-skazka/","https://dachaotzyv.ru/malina-skazka/","external_published_reader_accounts"
"сорта малины для волгоградской области","3","7","Умеренная","https://malinaklubnika.ru/zhurnal/sorta-maliny-dlya-podmoskovya-kak-vybrat/","section-1","editorial_answer","","","",""
"сорта малины для сибири лучшие крупные сладкие в новосибирске","3","7","Умеренная","https://malinaklubnika.ru/zhurnal/sorta-maliny-dlya-podmoskovya-kak-vybrat/","section-1","editorial_answer","","","",""
"сорта малины для сибири с фотографиями и описанием","3","6","Умеренная","https://malinaklubnika.ru/zhurnal/sorta-maliny-dlya-podmoskovya-kak-vybrat/","section-1","editorial_answer","","","",""
"сорта малины для средней полосы с крупными ягодами лучшие","3","5","Умеренная","https://malinaklubnika.ru/zhurnal/sorta-maliny-dlya-podmoskovya-kak-vybrat/","section-1","editorial_answer","","","",""
"схема посадки малины в открытом грунте расстояние","3","3","Умеренная","https://malinaklubnika.ru/zhurnal/rasstoyanie-posadki-maliny-i-pervyi-urozhai/","section-1","editorial_answer","","","",""
"схема посадки малины в открытом грунте расстояние между рядами и в ряду фото","3","3","Умеренная","https://malinaklubnika.ru/zhurnal/rasstoyanie-posadki-maliny-i-pervyi-urozhai/","section-1","editorial_answer","","","",""
"схема посадки малины ремонтантной в открытом грунте","3","5","Умеренная","https://malinaklubnika.ru/zhurnal/posadka-maliny/","section-1","editorial_answer","","","",""
"темные пятна на стволах малины","3","5","Умеренная","https://malinaklubnika.ru/zhurnal/didimella-maliny-priznaki-i-proverka/","section-2","editorial_answer","","","",""
"тибетская малина где сажать","3","1","Умеренная","https://malinaklubnika.ru/zhurnal/tibetskaya-malina-kakoe-rastenie/","section-3","editorial_answer","","","",""
"тибетская малина как сажать","3","2","Умеренная","https://malinaklubnika.ru/zhurnal/tibetskaya-malina-kakoe-rastenie/","section-3","editorial_answer","","","",""
"тибетская малина когда сажать","3","2","Умеренная","https://malinaklubnika.ru/zhurnal/tibetskaya-malina-kakoe-rastenie/","section-3","editorial_answer","","","",""
"тибетская малина отзывы садоводов фото","3","4","Умеренная","https://malinaklubnika.ru/zhurnal/tibetskaya-malina-kakoe-rastenie/","section-4","editorial_answer","","","",""
"тибетская малина посадка и уход","3","4","Умеренная","https://malinaklubnika.ru/zhurnal/tibetskaya-malina-kakoe-rastenie/","section-3","editorial_answer","","","",""
"тибетская малина уход","3","3","Умеренная","https://malinaklubnika.ru/zhurnal/tibetskaya-malina-kakoe-rastenie/","section-3","editorial_answer","","","",""
"тибетская малина фото и описание кустарника отзывы покупателей","3","3","Умеренная","https://malinaklubnika.ru/zhurnal/tibetskaya-malina-kakoe-rastenie/","section-4","editorial_answer","","","",""
"тибетская малина фото и описание отзывы садоводов","3","4","Умеренная","https://malinaklubnika.ru/zhurnal/tibetskaya-malina-kakoe-rastenie/","section-4","editorial_answer","","","",""
"тибетская малина фото отзывы","3","3","Умеренная","https://malinaklubnika.ru/zhurnal/tibetskaya-malina-kakoe-rastenie/","section-4","editorial_answer","","","",""
"урожайные сорта малины","3","5","Умеренная","https://malinaklubnika.ru/zhurnal/sorta-maliny-dlya-podmoskovya-kak-vybrat/","section-1","editorial_answer","","","",""
"уход за викторией весной на даче на открытом участке","3","4","Умеренная","https://malinaklubnika.ru/zhurnal/uhod-za-klubnikoi-v-techenie-sezona/","section-1","editorial_answer","","","",""
"флоренция клубника описание","3","3","Умеренная","https://malinaklubnika.ru/sorta/strawberry-florence/","seo-opisanie","cultivar_passport","","https://7dach.ru/Svet-Kara/ya-klubniku-florens-posadila-vsem-lyubitelyam-klubniki-ugodila-257949.html","https://7dach.ru/Svet-Kara/ya-klubniku-florens-posadila-vsem-lyubitelyam-klubniki-ugodila-257949.html; https://dachaotzyv.ru/klubnika-florens/","grower_diary; external_published_reader_accounts"
"чем обрабатывать викторию весной","3","4","Умеренная","https://malinaklubnika.ru/zhurnal/obrabotka-klubniki-i-maliny-po-sezonu/","section-1","editorial_answer","","","",""
"чем обработать клубнику после обрезки осенью от вредителей и болезней","3","2","Умеренная","https://malinaklubnika.ru/zhurnal/vrediteli-klubniki-kak-razlichit/","section-4","editorial_answer","","","",""
"чем обработать клубнику после цветения","3","3","Умеренная","https://malinaklubnika.ru/zhurnal/obrabotka-klubniki-i-maliny-po-sezonu/","section-2","editorial_answer","","","",""
"чем обработать малину от вредителей и болезней в августе","3","3","Умеренная","https://malinaklubnika.ru/zhurnal/bolezni-i-vrediteli-maliny-priznaki/","section-5","editorial_answer","","","",""
"чем опрыскать клубнику во время цветения от вредителей и болезней","3","7","Умеренная","https://malinaklubnika.ru/zhurnal/vrediteli-klubniki-kak-razlichit/","section-1","editorial_answer","","","",""
"чем опрыскать клубнику при цветении","3","4","Умеренная","https://malinaklubnika.ru/zhurnal/obrabotka-klubniki-i-maliny-po-sezonu/","section-2","editorial_answer","","","",""
"чем удобрить малину при посадке","3","3","Умеренная","https://malinaklubnika.ru/zhurnal/chem-podkormit-malinu-po-fazam/","section-2","editorial_answer","","","",""
"что делать с малиной после сбора урожая в августе","3","3","Умеренная","https://malinaklubnika.ru/zhurnal/uhod-za-malinoi-posle-sbora-urozhaya/","section-1","editorial_answer","","","",""
"что добавить в лунку при посадке малины весной","3","3","Умеренная","https://malinaklubnika.ru/zhurnal/uhod-za-malinoi-vesnoi-posle-zimy/","section-1","editorial_answer","","","",""
"штамбовая малина что это значит","3","3","Умеренная","https://malinaklubnika.ru/zhurnal/uhod-za-malinoi-v-techenie-sezona/","section-5","editorial_answer","","","",""
"альфа клубника","2","2","Умеренная","https://malinaklubnika.ru/sorta/alfa/","seo-opisanie","cultivar_passport","","https://jbiochemtech.com/storage/models/article/bMUh1GtjLrbMv0U5GbVt14NkkfQ2frw7KZS6iVW7Iv1VKS7RXJ6GRMwbz9KS/garden-strawberry-varieties-of-the-all-russian-horticultural-institute-for-breeding-agrotechnology.pdf#page=5","",""
"антей клубника описание","2","2","Умеренная","https://malinaklubnika.ru/sorta/strawberry-antei-arifova-study/","seo-opisanie","cultivar_passport","","","",""
"болезни вредители клубники","2","2","Умеренная","https://malinaklubnika.ru/zhurnal/vrediteli-klubniki-kak-razlichit/","section-1","editorial_answer","","","",""
"болезни клубники по листьям фото","2","5","Умеренная","https://malinaklubnika.ru/zhurnal/bolezni-klubniki-priznaki-i-proverka/","section-6","editorial_answer","","","",""
"болезни листьев клубники","2","4","Умеренная","https://malinaklubnika.ru/zhurnal/bolezni-klubniki-priznaki-i-proverka/","section-1","editorial_answer","","","",""
"болезни малины и борьба","2","4","Умеренная","https://malinaklubnika.ru/zhurnal/bolezni-i-vrediteli-maliny-priznaki/","section-5","editorial_answer","","","",""
"болезни малины и вредители","2","2","Умеренная","https://malinaklubnika.ru/zhurnal/bolezni-i-vrediteli-maliny-priznaki/","section-1","editorial_answer","","","",""
"болезни малины и их лечение фото и описание","2","4","Умеренная","https://malinaklubnika.ru/zhurnal/bolezni-i-vrediteli-maliny-priznaki/","section-5","editorial_answer","","","",""
"болезни малины описание с фотографиями на листьях","2","3","Умеренная","https://malinaklubnika.ru/zhurnal/bolezni-i-vrediteli-maliny-priznaki/","section-1","editorial_answer","","","",""
"болезни малины фото и описание чем","2","5","Умеренная","https://malinaklubnika.ru/zhurnal/bolezni-i-vrediteli-maliny-priznaki/","section-1","editorial_answer","","","",""
"болезнь малины в картинках фото","2","4","Умеренная","https://malinaklubnika.ru/zhurnal/bolezni-i-vrediteli-maliny-priznaki/","section-1","editorial_answer","","","",""
"болезнь малины дидимелла и борьба с ней осенью","2","2","Умеренная","https://malinaklubnika.ru/zhurnal/bolezni-i-vrediteli-maliny-priznaki/","section-5","editorial_answer","","","",""
"в какое время сажать малину","2","2","Умеренная","https://malinaklubnika.ru/zhurnal/posadka-maliny/","section-3","editorial_answer","","","",""
"в каком месте сажать малину","2","2","Умеренная","https://malinaklubnika.ru/zhurnal/kakuyu-pochvu-vybrat-dlya-maliny/","section-4","editorial_answer","","","",""
"в каком месяце сажают малину","2","3","Умеренная","https://malinaklubnika.ru/zhurnal/posadka-maliny/","section-3","editorial_answer","","","",""
"в какую почву сажать малину","2","2","Умеренная","https://malinaklubnika.ru/zhurnal/kakuyu-pochvu-vybrat-dlya-maliny/","section-1","editorial_answer","","","",""
"где садить малину на дачном участке","2","4","Умеренная","https://malinaklubnika.ru/zhurnal/posadka-maliny/","section-1","editorial_answer","","","",""
"грунт для малины при посадке осенью","2","2","Умеренная","https://malinaklubnika.ru/zhurnal/osennyaya-posadka-maliny-sroki-i-podgotovka/","section-1","editorial_answer","","","",""
"дерево малиновое фото","2","3","Умеренная","https://malinaklubnika.ru/zhurnal/uhod-za-malinoi-v-techenie-sezona/","section-5","editorial_answer","","","",""
"заболевание малины и меры борьбы фото","2","4","Умеренная","https://malinaklubnika.ru/zhurnal/bolezni-i-vrediteli-maliny-priznaki/","section-5","editorial_answer","","","",""
"защита малины от вредителей и болезней","2","5","Умеренная","https://malinaklubnika.ru/zhurnal/bolezni-i-vrediteli-maliny-priznaki/","section-5","editorial_answer","","","",""
"земклубника купчиха описание сорта","2","2","Умеренная","https://malinaklubnika.ru/sorta/kupchikha/","seo-opisanie","cultivar_passport","","https://7dach.ru/bajenovasveta/zemklunika-kupchiha_2-224899.html","https://7dach.ru/bajenovasveta/zemklunika-kupchiha_2-224899.html; https://dachaotzyv.ru/klubnika-kupchiha/","grower_diary; external_published_reader_accounts"
"земляника азия описание сорта отзывы садоводов","2","2","Умеренная","https://malinaklubnika.ru/sorta/aziya/","otzyvy","cultivar_passport","","https://horticulturejournal.usamv.ro/pdf/2024/issue_1/Art2.pdf#page=3","https://7dach.ru/Roselin/klubnika-aziya-moi-vpechatleniya-pervyy-opyt-302706.html; https://dachaotzyv.ru/klubnika-aziya/","grower_diary; external_published_reader_accounts"
"земляника альбион описание","2","1","Умеренная","https://malinaklubnika.ru/sorta/albion/","seo-opisanie","cultivar_passport","","https://pmc.ncbi.nlm.nih.gov/articles/PMC8909511/#foods-11-00640-f001","https://7dach.ru/Bernata/klubnika-albion-avantyurnaya-ideya-uvenchavshayasya-uspehom-291485.html; https://7dach.ru/xena1505/sadovaya-zemlyanika-vne-sezona-4089.html; https://dachaotzyv.ru/klubnika-albion/","grower_diary; external_published_reader_accounts"
"земляника елизавета 2 описание","2","3","Умеренная","https://malinaklubnika.ru/sorta/elizaveta-2/","seo-opisanie","cultivar_passport","","https://7dach.ru/gala1753/korolevskaya-yagoda-1886.html","https://7dach.ru/gala1753/korolevskaya-yagoda-1886.html","grower_diary"
"земляника зенга зенгана описание сорта фото отзывы","2","2","Умеренная","https://malinaklubnika.ru/sorta/zenga-zengana/","otzyvy","cultivar_passport","","https://commons.wikimedia.org/wiki/File:Fragaria_ananassa_Senga_Sengana_2023-06-12_7456.jpg","https://dachaotzyv.ru/klubnika-zenga-zengana/","external_published_reader_accounts"
"земляника зефир описание","2","2","Умеренная","https://malinaklubnika.ru/sorta/zephyr/","seo-opisanie","cultivar_passport","","https://dachaotzyv.ru/klubnika-zefir/","https://dachaotzyv.ru/klubnika-zefir/","external_published_reader_accounts"
"земляника садовая хоней описание сорта","2","2","Умеренная","https://malinaklubnika.ru/sorta/honey/","seo-opisanie","cultivar_passport","","https://commons.wikimedia.org/wiki/File:Fragaria_ananassa_Honeoye_2023-05-31_6638.jpg","https://dachaotzyv.ru/klubnika-honej/","external_published_reader_accounts"
"земляника сенсация описание","2","2","Умеренная","https://malinaklubnika.ru/sorta/strawberry-sonsation/","seo-opisanie","cultivar_passport","","https://flevoberry.nl/wp-content/uploads/2026/09/Sonsation-duo-2400_1600-1024x683-1.jpg","https://7dach.ru/Tangeya/bez-leta-dachniku-ne-zhit-s-iyunem-nadobno-druzhit-zhdem-rasskazov-ob-iyunskoy-pogode-327809.html?c=3; https://dachaotzyv.ru/klubnika-sensaciya/","grower_diary; external_published_reader_accounts"
"земляника эльвира описание сорта","2","1","Умеренная","https://malinaklubnika.ru/sorta/strawberry-elvira-trade/","seo-opisanie","cultivar_passport","","https://dachaotzyv.ru/klubnika-elvira/","https://dachaotzyv.ru/klubnika-elvira/","external_published_reader_accounts"
"земляника эльсанта описание сорта фото","2","2","Умеренная","https://malinaklubnika.ru/sorta/elsanta/","seo-photo","cultivar_passport","","https://commons.wikimedia.org/wiki/File:FraisesElsantaCLJWeber_(23307386409).jpg","https://dachaotzyv.ru/klubnika-elsanta/","external_published_reader_accounts"
"земляничная тибетская малина","2","2","Умеренная","https://malinaklubnika.ru/zhurnal/tibetskaya-malina-kakoe-rastenie/","section-1","editorial_answer","","","",""
"как весной ухаживать за малиной","2","3","Умеренная","https://malinaklubnika.ru/zhurnal/uhod-za-malinoi-vesnoi-posle-zimy/","section-1","editorial_answer","","","",""
"как выбрать малину для посадки","2","3","Умеренная","https://malinaklubnika.ru/zhurnal/posadka-maliny/","section-1","editorial_answer","","","",""
"как высаживать малину на садовом участке","2","1","Умеренная","https://malinaklubnika.ru/zhurnal/posadka-maliny/","section-2","editorial_answer","","","",""
"как и когда правильно сажать малину","2","3","Умеренная","https://malinaklubnika.ru/zhurnal/posadka-maliny/","section-1","editorial_answer","","","",""
"как обработать клубнику железным купоросом","2","3","Умеренная","https://malinaklubnika.ru/zhurnal/obrabotka-klubniki-i-maliny-po-sezonu/","section-5","editorial_answer","","","",""
"как обработать малину в августе","2","1","Умеренная","https://malinaklubnika.ru/zhurnal/obrabotka-klubniki-i-maliny-po-sezonu/","section-2","editorial_answer","","","",""
"как обрезать тибетскую малину осенью","2","3","Умеренная","https://malinaklubnika.ru/zhurnal/tibetskaya-malina-kakoe-rastenie/","section-1","editorial_answer","","","",""
"как подготовить грядку для посадки усов клубники","2","2","Умеренная","https://malinaklubnika.ru/zhurnal/posadka-klubniki/","section-1","editorial_answer","","","",""
"как подготовить землю для посадки малины","2","2","Умеренная","https://malinaklubnika.ru/zhurnal/posadka-maliny/","section-1","editorial_answer","","","",""
"как посадить малину на участке правильно","2","3","Умеренная","https://malinaklubnika.ru/zhurnal/posadka-maliny/","section-1","editorial_answer","","","",""
"как посадить малину правильно осенью","2","3","Умеренная","https://malinaklubnika.ru/zhurnal/osennyaya-posadka-maliny-sroki-i-podgotovka/","section-1","editorial_answer","","","",""
"как посадить малину ремонтантную осенью","2","2","Умеренная","https://malinaklubnika.ru/zhurnal/osennyaya-posadka-maliny-sroki-i-podgotovka/","section-1","editorial_answer","","","",""
"как посадить правильно малину","2","2","Умеренная","https://malinaklubnika.ru/zhurnal/posadka-maliny/","section-1","editorial_answer","","","",""
"как посадить саженец малины весной","2","3","Умеренная","https://malinaklubnika.ru/zhurnal/uhod-za-malinoi-vesnoi-posle-zimy/","section-1","editorial_answer","","","",""
"как посадить саженцы малины весной","2","2","Умеренная","https://malinaklubnika.ru/zhurnal/uhod-za-malinoi-vesnoi-posle-zimy/","section-1","editorial_answer","","","",""
"как правильно высаживать малину","2","2","Умеренная","https://malinaklubnika.ru/zhurnal/posadka-maliny/","section-2","editorial_answer","","","",""
"как правильно посадить куст малины","2","2","Умеренная","https://malinaklubnika.ru/zhurnal/posadka-maliny/","section-1","editorial_answer","","","",""
"как правильно посадить кусты малины","2","1","Умеренная","https://malinaklubnika.ru/zhurnal/posadka-maliny/","section-1","editorial_answer","","","",""
"как правильно посадить малину в июне","2","1","Умеренная","https://malinaklubnika.ru/zhurnal/posadka-maliny/","section-1","editorial_answer","","","",""
"как правильно посадить ремонтантную малину весной в открытый грунт","2","4","Умеренная","https://malinaklubnika.ru/zhurnal/uhod-za-malinoi-vesnoi-posle-zimy/","section-1","editorial_answer","","","",""
"как правильно сажать ремонтантную малину осенью","2","3","Умеренная","https://malinaklubnika.ru/zhurnal/osennyaya-posadka-maliny-sroki-i-podgotovka/","section-1","editorial_answer","","","",""
"как правильно ухаживать за малиновым деревом","2","3","Умеренная","https://malinaklubnika.ru/zhurnal/malinovoe-derevo-tarusa/","section-1","editorial_answer","","","",""
"как сажать ремонтантную малину осенью пошаговая инструкция","2","1","Умеренная","https://malinaklubnika.ru/zhurnal/osennyaya-posadka-maliny-sroki-i-podgotovka/","section-1","editorial_answer","","","",""
"как ухаживать за желтой малиной","2","2","Умеренная","https://malinaklubnika.ru/zhurnal/vyrashchivanie-zheltoy-maliny/","section-2","editorial_answer","","","",""
"какая клубника не дает усов","2","4","Умеренная","https://malinaklubnika.ru/zhurnal/klubnika-s-malyim-kolichestvom-usov/","section-1","editorial_answer","","","",""
"какая клубника ремонтантная самая лучшая","2","4","Умеренная","https://malinaklubnika.ru/sorta/klubnika/","tipy","catalog_comparison","","","",""
"какая самая хорошая клубника ремонтантная","2","3","Умеренная","https://malinaklubnika.ru/sorta/klubnika/","tipy","catalog_comparison","","","",""
"какие плодовые деревья можно сажать рядом с малиной","2","3","Умеренная","https://malinaklubnika.ru/zhurnal/uhod-za-malinoi-v-techenie-sezona/","section-6","editorial_answer","","","",""
"какие сорта клубники для теплицы","2","2","Умеренная","https://malinaklubnika.ru/zhurnal/klubnika-i-malina-v-teplitse/","section-1","editorial_answer","","","",""
"какие сорта клубники не подвержены болезнями","2","4","Умеренная","https://malinaklubnika.ru/zhurnal/bolezni-klubniki-priznaki-i-proverka/","section-1","editorial_answer","","","",""
"какие удобрения вносить при посадке малины","2","1","Умеренная","https://malinaklubnika.ru/zhurnal/chem-podkormit-malinu-po-fazam/","section-2","editorial_answer","","","",""
"какое расстояние должно быть между кустами малины при посадке","2","1","Умеренная","https://malinaklubnika.ru/zhurnal/rasstoyanie-posadki-maliny-i-pervyi-urozhai/","section-1","editorial_answer","","","",""
"какой грунт нужен малине","2","2","Умеренная","https://malinaklubnika.ru/zhurnal/kakuyu-pochvu-vybrat-dlya-maliny/","section-1","editorial_answer","","","",""
"какой сорт малины лучше посадить в сибири","2","5","Умеренная","https://malinaklubnika.ru/zhurnal/posadka-maliny/","section-1","editorial_answer","","","",""
"какую землю любит малина кислую или щелочную","2","1","Умеренная","https://malinaklubnika.ru/zhurnal/kakuyu-pochvu-vybrat-dlya-maliny/","section-1","editorial_answer","","","",""
"какую почву любит малина ремонтантная","2","3","Умеренная","https://malinaklubnika.ru/zhurnal/kakuyu-pochvu-vybrat-dlya-maliny/","section-1","editorial_answer","","","",""
"карамелька малина описание сорта отзывы","2","3","Умеренная","https://malinaklubnika.ru/sorta/karamelka/","otzyvy","cultivar_passport","","https://7dach.ru/user_7878_SveKle/malina-karamelka-kto-vyraschivaet-podelites-vpechatleniyami-296146.html","https://7dach.ru/user_7878_SveKle/malina-karamelka-kto-vyraschivaet-podelites-vpechatleniyami-296146.html; https://dachaotzyv.ru/malina-karamelka/","grower_diary; external_published_reader_accounts"
"карамелька малина ремонтантная описание","2","2","Умеренная","https://malinaklubnika.ru/sorta/karamelka/","seo-opisanie","cultivar_passport","","https://7dach.ru/user_7878_SveKle/malina-karamelka-kto-vyraschivaet-podelites-vpechatleniyami-296146.html","https://7dach.ru/user_7878_SveKle/malina-karamelka-kto-vyraschivaet-podelites-vpechatleniyami-296146.html; https://dachaotzyv.ru/malina-karamelka/","grower_diary; external_published_reader_accounts"
"клубника антей описание","2","2","Умеренная","https://malinaklubnika.ru/sorta/strawberry-antei-arifova-study/","seo-opisanie","cultivar_passport","","","",""
"клубника апика","2","2","Умеренная","https://malinaklubnika.ru/zhurnal/nazvaniya-klubniki-elizaveta-aprika-i-oshibki/","section-2","editorial_answer","","","",""
"клубника болезни и вредители борьба","2","3","Умеренная","https://malinaklubnika.ru/zhurnal/vrediteli-klubniki-kak-razlichit/","section-4","editorial_answer","","","",""
"клубника витязь описание","2","2","Умеренная","https://malinaklubnika.ru/sorta/vityaz/","seo-opisanie","cultivar_passport","","https://jbiochemtech.com/storage/models/article/bMUh1GtjLrbMv0U5GbVt14NkkfQ2frw7KZS6iVW7Iv1VKS7RXJ6GRMwbz9KS/garden-strawberry-varieties-of-the-all-russian-horticultural-institute-for-breeding-agrotechnology.pdf#page=4","",""
"клубника джуси отзывы","2","6","Умеренная","https://malinaklubnika.ru/sorta/strawberry-giusy/","seo-reviews","cultivar_passport","gardener_reviews","https://civ.it/wp-content/uploads/2025/01/giusy-still-life.png","",""
"клубника для подмосковья для открытого грунта","2","3","Умеренная","https://malinaklubnika.ru/sorta/klubnika/regiony/","region-3","regional_admissions_and_trials","","","",""
"клубника для северо запада","2","4","Умеренная","https://malinaklubnika.ru/sorta/klubnika/regiony/","region-2","regional_admissions_and_trials","","","",""
"клубника заболевания","2","3","Умеренная","https://malinaklubnika.ru/zhurnal/bolezni-klubniki-priznaki-i-proverka/","section-1","editorial_answer","","","",""
"клубника какой сорт лучший для посадки","2","1","Умеренная","https://malinaklubnika.ru/zhurnal/posadka-klubniki/","section-1","editorial_answer","","","",""
"клубника купчиха фото и описание сорта отзывы садоводов","2","3","Умеренная","https://malinaklubnika.ru/sorta/kupchikha/","seo-reviews","cultivar_passport","","https://7dach.ru/bajenovasveta/zemklunika-kupchiha_2-224899.html","https://7dach.ru/bajenovasveta/zemklunika-kupchiha_2-224899.html; https://dachaotzyv.ru/klubnika-kupchiha/","grower_diary; external_published_reader_accounts"
"клубника купчиха характеристика","2","1","Умеренная","https://malinaklubnika.ru/sorta/kupchikha/","seo-opisanie","cultivar_passport","","https://7dach.ru/bajenovasveta/zemklunika-kupchiha_2-224899.html","https://7dach.ru/bajenovasveta/zemklunika-kupchiha_2-224899.html; https://dachaotzyv.ru/klubnika-kupchiha/","grower_diary; external_published_reader_accounts"
"клубника лакомка отзывы","2","4","Умеренная","https://malinaklubnika.ru/sorta/strawberry-lakomka-vir/","seo-reviews","cultivar_passport","gardener_reviews","","",""
"клубника лорд описание и отзывы","2","3","Умеренная","https://malinaklubnika.ru/sorta/strawberry-lord/","seo-reviews","cultivar_passport","","https://7dach.ru/Tanjeen/klubnichnyy-placdarm-nachalo-s-prodolzheniem-266576.html","https://7dach.ru/Tanjeen/klubnichnyy-placdarm-nachalo-s-prodolzheniem-266576.html; https://dachaotzyv.ru/klubnika-lord/","grower_diary; external_published_reader_accounts"
"клубника маригет описание","2","2","Умеренная","https://malinaklubnika.ru/sorta/strawberry-mariguette/","seo-opisanie","cultivar_passport","","","",""
"клубника после плодоношения чем обрабатывать от болезней и вредителей и чем удобрить","2","2","Умеренная","https://malinaklubnika.ru/zhurnal/vrediteli-klubniki-kak-razlichit/","section-1","editorial_answer","","","",""
"клубника ремонтантная альбион описание","2","2","Умеренная","https://malinaklubnika.ru/sorta/albion/","seo-opisanie","cultivar_passport","","https://pmc.ncbi.nlm.nih.gov/articles/PMC8909511/#foods-11-00640-f001","https://7dach.ru/Bernata/klubnika-albion-avantyurnaya-ideya-uvenchavshayasya-uspehom-291485.html; https://7dach.ru/xena1505/sadovaya-zemlyanika-vne-sezona-4089.html; https://dachaotzyv.ru/klubnika-albion/","grower_diary; external_published_reader_accounts"
"клубника сан андреас отзывы садоводов","2","3","Умеренная","https://malinaklubnika.ru/sorta/san-andreas/","seo-reviews","cultivar_passport","","https://active.inspection.gc.ca/english/plaveg/pbrpov/cropreport/str/app00010197e.shtml","https://dachaotzyv.ru/klubnika-san-andreas/","external_published_reader_accounts"
"клубника санандрес","2","2","Умеренная","https://malinaklubnika.ru/sorta/san-andreas/","seo-opisanie","cultivar_passport","","https://active.inspection.gc.ca/english/plaveg/pbrpov/cropreport/str/app00010197e.shtml","https://dachaotzyv.ru/klubnika-san-andreas/","external_published_reader_accounts"
"клубника сенсация описание отзывы","2","2","Умеренная","https://malinaklubnika.ru/sorta/strawberry-sonsation/","seo-reviews","cultivar_passport","","https://flevoberry.nl/wp-content/uploads/2026/09/Sonsation-duo-2400_1600-1024x683-1.jpg","https://7dach.ru/Tangeya/bez-leta-dachniku-ne-zhit-s-iyunem-nadobno-druzhit-zhdem-rasskazov-ob-iyunskoy-pogode-327809.html?c=3; https://dachaotzyv.ru/klubnika-sensaciya/","grower_diary; external_published_reader_accounts"
"клубника федерика описание","2","1","Умеренная","https://malinaklubnika.ru/sorta/strawberry-federica-berrylab/","seo-opisanie","cultivar_passport","","","",""
"клубника фестивальная описание и отзывы","2","3","Умеренная","https://malinaklubnika.ru/sorta/festivalnaya/","otzyvy","cultivar_passport","","https://biosel.elpub.ru/jour/article/download/143/139#page=4","https://7dach.ru/panytany/klubnika-festivalnaya-vkus-detstva-133037.html; https://dachaotzyv.ru/klubnika-festivalnaya/","grower_diary; external_published_reader_accounts"
"клубника фото и описание","2","2","Умеренная","https://malinaklubnika.ru/sorta/klubnika/","catalog","catalog_comparison","","","",""
"клубника цунаки описание отзывы","2","6","Умеренная","https://malinaklubnika.ru/sorta/tsunaki/","seo-reviews","cultivar_passport","","","https://stroy-podskazka.ru/klubnika/sorta/cunaki/","external_published_reader_accounts"
"клубника эстафета описание","2","3","Умеренная","https://malinaklubnika.ru/sorta/strawberry-estafeta-vstisp/","seo-opisanie","cultivar_passport","","","",""
"клубнику обработать весной","2","2","Умеренная","https://malinaklubnika.ru/zhurnal/uhod-za-klubnikoi-vesnoi-posle-zimy/","section-1","editorial_answer","","","",""
"клубничная нематода фото","2","6","Умеренная","https://malinaklubnika.ru/zhurnal/zhelteet-krasneet-i-sohnet-klubnika/","section-6","editorial_answer","","","",""
"когда и как обрабатывать клубнику весной","2","5","Умеренная","https://malinaklubnika.ru/zhurnal/uhod-za-klubnikoi-vesnoi-posle-zimy/","section-1","editorial_answer","","","",""
"когда и как посадить малину","2","2","Умеренная","https://malinaklubnika.ru/zhurnal/posadka-maliny/","section-1","editorial_answer","","","",""
"когда лучше сажать ремонтантную малину в подмосковье","2","3","Умеренная","https://malinaklubnika.ru/zhurnal/osennyaya-posadka-maliny-sroki-i-podgotovka/","section-1","editorial_answer","","","",""
"когда можно пересаживать малину на новое место летом","2","4","Умеренная","https://malinaklubnika.ru/zhurnal/peresadka-maliny-na-novoe-mesto/","section-1","editorial_answer","","","",""
"когда осенью можно сажать малину","2","1","Умеренная","https://malinaklubnika.ru/zhurnal/osennyaya-posadka-maliny-sroki-i-podgotovka/","section-1","editorial_answer","","","",""
"когда осенью садить малину","2","3","Умеренная","https://malinaklubnika.ru/zhurnal/osennyaya-posadka-maliny-sroki-i-podgotovka/","section-1","editorial_answer","","","",""
"когда осенью сажают малину","2","2","Умеренная","https://malinaklubnika.ru/zhurnal/osennyaya-posadka-maliny-sroki-i-podgotovka/","section-1","editorial_answer","","","",""
"когда пересаживать тибетскую малину","2","2","Умеренная","https://malinaklubnika.ru/zhurnal/tibetskaya-malina-kakoe-rastenie/","section-1","editorial_answer","","","",""
"когда садить саженцы малины","2","2","Умеренная","https://malinaklubnika.ru/zhurnal/posadka-maliny/","section-1","editorial_answer","","","",""
"когда сажать малину осенью в каком месяце","2","2","Умеренная","https://malinaklubnika.ru/zhurnal/osennyaya-posadka-maliny-sroki-i-podgotovka/","section-1","editorial_answer","","","",""
"когда сажать тибетскую малину","2","1","Умеренная","https://malinaklubnika.ru/zhurnal/tibetskaya-malina-kakoe-rastenie/","section-3","editorial_answer","","","",""
"когда сажают малину в подмосковье осенью","2","2","Умеренная","https://malinaklubnika.ru/zhurnal/osennyaya-posadka-maliny-sroki-i-podgotovka/","section-1","editorial_answer","","","",""
"когда сажают малину на даче","2","3","Умеренная","https://malinaklubnika.ru/zhurnal/posadka-maliny/","section-3","editorial_answer","","","",""
"красная гвардия малина описание","2","3","Умеренная","https://malinaklubnika.ru/sorta/raspberry-krasnaya-gvardiya/","seo-opisanie","cultivar_passport","","https://dachaotzyv.ru/malina-krasnaya-gvardiya/","https://dachaotzyv.ru/malina-krasnaya-gvardiya/","external_published_reader_accounts"
"крепыш малина описание","2","3","Умеренная","https://malinaklubnika.ru/sorta/malina-krepysh/","seo-opisanie","cultivar_passport","","https://7dach.ru/SvetikOdessa/malinovoe-derevo_2-72683.html","https://dachaotzyv.ru/malina-krepysh/","external_published_reader_accounts"
"кумберленд малина описание посадка","2","3","Умеренная","https://malinaklubnika.ru/sorta/raspberry-cumberland/","seo-care","cultivar_passport","","","",""
"купчиха клубника отзывы описание","2","2","Умеренная","https://malinaklubnika.ru/sorta/kupchikha/","seo-reviews","cultivar_passport","","https://7dach.ru/bajenovasveta/zemklunika-kupchiha_2-224899.html","https://7dach.ru/bajenovasveta/zemklunika-kupchiha_2-224899.html; https://dachaotzyv.ru/klubnika-kupchiha/","grower_diary; external_published_reader_accounts"
"лучшие сорта клубники в подмосковье","2","2","Умеренная","https://malinaklubnika.ru/zhurnal/kak-vybrat-sort-klubniki/","section-1","editorial_answer","","","",""
"лучшие сорта малины для урала крупные сладкие не ремонтантные","2","5","Умеренная","https://malinaklubnika.ru/zhurnal/sorta-maliny-dlya-podmoskovya-kak-vybrat/","section-1","editorial_answer","","","",""
"лучшие сорта неремонтантной малины","2","5","Умеренная","https://malinaklubnika.ru/sorta/malina/","tipy","catalog_comparison","","","",""
"лучшие сорта ремонтантной малины для урала","2","5","Умеренная","https://malinaklubnika.ru/sorta/malina/regiony/","region-9","regional_admissions_and_trials","","","",""
"лучший сорт ремонтантной малины","2","5","Умеренная","https://malinaklubnika.ru/sorta/malina/","tipy","catalog_comparison","","","",""
"малина абрикосовая отзывы","2","3","Умеренная","https://malinaklubnika.ru/sorta/abrikosovaya/","otzyvy","cultivar_passport","","https://7dach.ru/fedzina/malina-abrikosovaya-95549.html","https://7dach.ru/fedzina/malina-abrikosovaya-95549.html; https://dachaotzyv.ru/malina-abrikosovaya/","grower_diary; external_published_reader_accounts"
"малина бенефис описание сорта фото отзывы садоводов","2","5","Умеренная","https://malinaklubnika.ru/sorta/raspberry-benefis/","seo-reviews","cultivar_passport","photo; gardener_reviews","","",""
"малина блестящая описание сорта фото отзывы садоводов","2","5","Умеренная","https://malinaklubnika.ru/sorta/raspberry-brilliantovaya/","seo-reviews","cultivar_passport","photo; gardener_reviews","","",""
"малина блэк джевел отзывы садоводов","2","4","Умеренная","https://malinaklubnika.ru/sorta/raspberry-black-jewel/","seo-reviews","cultivar_passport","gardener_reviews","","",""
"малина болезни фото","2","5","Умеренная","https://malinaklubnika.ru/zhurnal/bolezni-i-vrediteli-maliny-priznaki/","section-1","editorial_answer","","","",""
"малина бристоль описание","2","1","Умеренная","https://malinaklubnika.ru/sorta/raspberry-bristol/","seo-opisanie","cultivar_passport","","","",""
"малина вилламет описание сорта фото отзывы","2","8","Умеренная","https://malinaklubnika.ru/sorta/raspberry-willamette/","seo-reviews","cultivar_passport","photo; gardener_reviews","","",""
"малина галей описание сорта","2","10","Умеренная","https://malinaklubnika.ru/sorta/raspberry-halley/","seo-opisanie","cultivar_passport","","https://patents.justia.com/patent/20210176908","",""
"малина гордость россии описание сорта посадка и уход","2","4","Умеренная","https://malinaklubnika.ru/sorta/gordost-rossii/","seo-care","cultivar_passport","","","https://7dach.ru/Alex_Eskin/podelites-opytom-vyraschivaniya-maliny-gordost-rossii-221162.html","grower_diary"
"малина для ленобласти","2","2","Умеренная","https://malinaklubnika.ru/sorta/malina/","catalog","catalog_comparison","","","",""
"малина для сибири лучшие сорта отзывы садоводов","2","10","Умеренная","https://malinaklubnika.ru/sorta/malina/regiony/","region-10","regional_admissions_and_trials","","","",""
"малина для средней полосы лучшие сорта","2","10","Умеренная","https://malinaklubnika.ru/sorta/malina/","catalog","catalog_comparison","","","",""
"малина дочь геракла описание сорта фото отзывы садоводов урожайность характеристика","2","10","Умеренная","https://malinaklubnika.ru/sorta/raspberry-doch-gerakla-trade/","seo-reviews","cultivar_passport","","https://dachaotzyv.ru/malina-doch-gerakla/","https://dachaotzyv.ru/malina-doch-gerakla/","external_published_reader_accounts"
"малина жанна орлеанская описание сорта","2","5","Умеренная","https://malinaklubnika.ru/sorta/raspberry-jeanne-d-orleans/","seo-opisanie","cultivar_passport","","","",""
"малина желтая беглянка","2","1","Умеренная","https://malinaklubnika.ru/sorta/beglyanka/","seo-opisanie","cultivar_passport","","https://dachaotzyv.ru/malina-beglyanka/","https://dachaotzyv.ru/malina-beglyanka/","external_published_reader_accounts"
"малина земляничная тибетская описание сорта","2","1","Умеренная","https://malinaklubnika.ru/zhurnal/tibetskaya-malina-kakoe-rastenie/","section-2","editorial_answer","","","",""
"малина какую любит почву","2","1","Умеренная","https://malinaklubnika.ru/zhurnal/kakuyu-pochvu-vybrat-dlya-maliny/","section-1","editorial_answer","","","",""
"малина калининградская отзывы","2","4","Умеренная","https://malinaklubnika.ru/sorta/raspberry-kaliningradskaya/","seo-reviews","cultivar_passport","","https://dachaotzyv.ru/malina-kaliningradskaya/","https://dachaotzyv.ru/malina-kaliningradskaya/","external_published_reader_accounts"
"малина карамелька описание сорта посадка и уход","2","2","Умеренная","https://malinaklubnika.ru/sorta/karamelka/","seo-care","cultivar_passport","","https://7dach.ru/user_7878_SveKle/malina-karamelka-kto-vyraschivaet-podelites-vpechatleniyami-296146.html","https://7dach.ru/user_7878_SveKle/malina-karamelka-kto-vyraschivaet-podelites-vpechatleniyami-296146.html; https://dachaotzyv.ru/malina-karamelka/","grower_diary; external_published_reader_accounts"
"малина карамелька ремонтантная описание отзывы","2","3","Умеренная","https://malinaklubnika.ru/sorta/karamelka/","otzyvy","cultivar_passport","","https://7dach.ru/user_7878_SveKle/malina-karamelka-kto-vyraschivaet-podelites-vpechatleniyami-296146.html","https://7dach.ru/user_7878_SveKle/malina-karamelka-kto-vyraschivaet-podelites-vpechatleniyami-296146.html; https://dachaotzyv.ru/malina-karamelka/","grower_diary; external_published_reader_accounts"
"малина китайская фото и описание отзывы садоводов","2","2","Умеренная","https://malinaklubnika.ru/zhurnal/tibetskaya-malina-kakoe-rastenie/","section-5","editorial_answer","","","",""
"малина клубника тибетская","2","1","Умеренная","https://malinaklubnika.ru/zhurnal/tibetskaya-malina-kakoe-rastenie/","section-1","editorial_answer","","","",""
"малина корпико описание сорта фото отзывы","2","6","Умеренная","https://malinaklubnika.ru/sorta/raspberry-korpiko/","seo-reviews","cultivar_passport","photo; gardener_reviews","","",""
"малина красная гвардия описание сорта фото отзывы садоводов урожайность","2","6","Умеренная","https://malinaklubnika.ru/sorta/raspberry-krasnaya-gvardiya/","seo-reviews","cultivar_passport","","https://dachaotzyv.ru/malina-krasnaya-gvardiya/","https://dachaotzyv.ru/malina-krasnaya-gvardiya/","external_published_reader_accounts"
"малина кузьмина описание","2","2","Умеренная","https://malinaklubnika.ru/zhurnal/nazvaniya-maliny-chudo-kuzmina-novgorodets/","section-2","editorial_answer","","","",""
"малина кустовая посадка и уход в открытом грунте","2","1","Умеренная","https://malinaklubnika.ru/zhurnal/posadka-maliny/","section-1","editorial_answer","","","",""
"малина лучшие сорта для средней полосы россии","2","7","Умеренная","https://malinaklubnika.ru/sorta/malina/","catalog","catalog_comparison","","","",""
"малина лучшие сорта для урала","2","8","Умеренная","https://malinaklubnika.ru/sorta/malina/regiony/","region-9","regional_admissions_and_trials","","","",""
"малина маравилла описание отзывы","2","2","Умеренная","https://malinaklubnika.ru/sorta/maravilla/","seo-reviews","cultivar_passport","","https://patents.google.com/patent/USPP14804P2/en","https://dachaotzyv.ru/malina-maravilla/","external_published_reader_accounts"
"малина московский гигант описание сорта фото","2","2","Умеренная","https://malinaklubnika.ru/sorta/moskovskiy-gigant/","seo-photo","cultivar_passport","photo","","https://dachaotzyv.ru/malina-moskovskij-gigant/","external_published_reader_accounts"
"малина московский гигант ремонтантная или нет","2","1","Умеренная","https://malinaklubnika.ru/sorta/moskovskiy-gigant/","seo-opisanie","cultivar_passport","","","https://dachaotzyv.ru/malina-moskovskij-gigant/","external_published_reader_accounts"
"малина на каком расстоянии сажать","2","2","Умеренная","https://malinaklubnika.ru/zhurnal/rasstoyanie-posadki-maliny-i-pervyi-urozhai/","section-1","editorial_answer","","","",""
"малина на каком расстоянии сажать друг от друга","2","2","Умеренная","https://malinaklubnika.ru/zhurnal/rasstoyanie-posadki-maliny-i-pervyi-urozhai/","section-1","editorial_answer","","","",""
"малина на штамбе что это","2","3","Умеренная","https://malinaklubnika.ru/zhurnal/uhod-za-malinoi-v-techenie-sezona/","section-5","editorial_answer","","","",""
"малина натахала","2","2","Умеренная","https://malinaklubnika.ru/sorta/raspberry-nantahala/","seo-opisanie","cultivar_passport","","https://rubus.ces.ncsu.edu/wp-content/uploads/2018/04/Nantahala-red-raspberry.pdf?fwd=no#page=1","",""
"малина не ремонтантная лучшие сорта","2","5","Умеренная","https://malinaklubnika.ru/sorta/malina/","tipy","catalog_comparison","","","",""
"малина нектарная описание","2","2","Умеренная","https://malinaklubnika.ru/sorta/raspberry-nektarnaya-heisa-trade/","seo-opisanie","cultivar_passport","","","",""
"малина парпл джевел описание сорта фото отзывы","2","6","Умеренная","https://malinaklubnika.ru/sorta/raspberry-purple-jewel-trade/","seo-reviews","cultivar_passport","photo; gardener_reviews","","",""
"малина полька описание сорта посадка и уход в открытом грунте","2","2","Умеренная","https://malinaklubnika.ru/sorta/polka/","seo-care","cultivar_passport","","https://pmc.ncbi.nlm.nih.gov/articles/PMC10673471/#metabolites-13-01124-f001","https://dachaotzyv.ru/malina-polka/","external_published_reader_accounts"
"малина посадка и уход в открытом","2","3","Умеренная","https://malinaklubnika.ru/zhurnal/posadka-maliny/","section-1","editorial_answer","","","",""
"малина посадка и уход в открытом грунте осенью","2","2","Умеренная","https://malinaklubnika.ru/zhurnal/osennyaya-posadka-maliny-sroki-i-podgotovka/","section-1","editorial_answer","","","",""
"малина пшехиба описание отзывы","2","4","Умеренная","https://malinaklubnika.ru/sorta/pshehiba/","otzyvy","cultivar_passport","gardener_reviews","https://www.brzezna.pl/malina-rubus-idaeus-przehyba/","",""
"малина рафики описание сорта","2","8","Умеренная","https://malinaklubnika.ru/sorta/raspberry-rafiki/","seo-opisanie","cultivar_passport","","","",""
"малина регина описание сорта","2","6","Умеренная","https://malinaklubnika.ru/sorta/raspberry-regina/","seo-opisanie","cultivar_passport","","","",""
"малина ремонтантная джоан джей описание сорта","2","3","Умеренная","https://malinaklubnika.ru/sorta/joan-j/","seo-opisanie","cultivar_passport","","https://pmc.ncbi.nlm.nih.gov/articles/PMC13043038/","https://dachaotzyv.ru/malina-dzhoan-dzhej/","external_published_reader_accounts"
"малина ремонтантная желтый гигант описание","2","2","Умеренная","https://malinaklubnika.ru/sorta/zheltyy-gigant/","seo-opisanie","cultivar_passport","","https://agroecoinfo.ru/STATYI/2022/5/st_525.pdf#page=5","https://7dach.ru/Tatka-Veta/malina-zheltyy-gigant-samaya-sladkaya-230032.html; https://dachaotzyv.ru/malina-zheltyj-gigant/","grower_diary; external_published_reader_accounts"
"малина розолистная описание сорта фото отзывы","2","4","Умеренная","https://malinaklubnika.ru/zhurnal/tibetskaya-malina-kakoe-rastenie/","section-4","editorial_answer","","","",""
"малина роялти описание","2","2","Умеренная","https://malinaklubnika.ru/sorta/raspberry-royalty/","seo-opisanie","cultivar_passport","","","",""
"малина роялти отзывы","2","2","Умеренная","https://malinaklubnika.ru/sorta/raspberry-royalty/","seo-reviews","cultivar_passport","gardener_reviews","","",""
"малина самохвал описание характеристики и отзывы","2","2","Умеренная","https://malinaklubnika.ru/sorta/samohval/","otzyvy","cultivar_passport","gardener_reviews","","",""
"малина сказка описание сорта фото отзывы особенности","2","2","Умеренная","https://malinaklubnika.ru/sorta/malina-skazka/","seo-reviews","cultivar_passport","","https://dachaotzyv.ru/malina-skazka/","https://dachaotzyv.ru/malina-skazka/","external_published_reader_accounts"
"малина сорт гордость россии описание сорта фото отзывы","2","2","Умеренная","https://malinaklubnika.ru/sorta/gordost-rossii/","seo-reviews","cultivar_passport","photo","","https://7dach.ru/Alex_Eskin/podelites-opytom-vyraschivaniya-maliny-gordost-rossii-221162.html","grower_diary"
"малина сорта лучшие для средней полосы","2","5","Умеренная","https://malinaklubnika.ru/sorta/malina/","catalog","catalog_comparison","","","",""
"малина спутница описание","2","4","Умеренная","https://malinaklubnika.ru/sorta/raspberry-sputnitsa/","seo-opisanie","cultivar_passport","","","",""
"малина столичная отзывы","2","5","Умеренная","https://malinaklubnika.ru/sorta/raspberry-stolichnaya/","seo-reviews","cultivar_passport","gardener_reviews","","",""
"малина тибетская описание выращивание","2","1","Умеренная","https://malinaklubnika.ru/zhurnal/tibetskaya-malina-kakoe-rastenie/","section-3","editorial_answer","","","",""
"малина тибетская фото и описание кустарника плоды отзывы садоводов","2","2","Умеренная","https://malinaklubnika.ru/zhurnal/tibetskaya-malina-kakoe-rastenie/","section-4","editorial_answer","","","",""
"малина улыбка описание сорта фото отзывы садоводов","2","7","Умеренная","https://malinaklubnika.ru/sorta/raspberry-ulybka/","seo-reviews","cultivar_passport","photo; gardener_reviews","","",""
"малина шоша","2","3","Умеренная","https://malinaklubnika.ru/sorta/raspberry-shosha/","seo-opisanie","cultivar_passport","","","",""
"малина штамбовая что это такое фото и описание","2","1","Умеренная","https://malinaklubnika.ru/zhurnal/uhod-za-malinoi-v-techenie-sezona/","section-5","editorial_answer","","","",""
"малина эвита описание сорта","2","6","Умеренная","https://malinaklubnika.ru/sorta/raspberry-evita/","seo-opisanie","cultivar_passport","","","",""
"малина энросадира отзывы садоводов","2","3","Умеренная","https://malinaklubnika.ru/sorta/raspberry-enrosadira/","seo-reviews","cultivar_passport","gardener_reviews","https://patentimages.storage.googleapis.com/24/cb/3a/c3d2d1cc563536/US20140317798P1.pdf#page=2","",""
"малиновое дерево таруса описание отзывы","2","3","Умеренная","https://malinaklubnika.ru/sorta/tarusa/","otzyvy","cultivar_passport","","https://7dach.ru/SvetikOdessa/malinovoe-derevo_2-72683.html","https://7dach.ru/SvetikOdessa/malinovoe-derevo_2-72683.html; https://dachaotzyv.ru/malina-tarusa/","grower_diary; external_published_reader_accounts"
"малиновое дерево таруса посадка и уход","2","2","Умеренная","https://malinaklubnika.ru/sorta/tarusa/","seo-care","cultivar_passport","","https://7dach.ru/SvetikOdessa/malinovoe-derevo_2-72683.html","https://7dach.ru/SvetikOdessa/malinovoe-derevo_2-72683.html; https://dachaotzyv.ru/malina-tarusa/","grower_diary; external_published_reader_accounts"
"малиновое дерево таруса фото отзывы","2","3","Умеренная","https://malinaklubnika.ru/sorta/tarusa/","otzyvy","cultivar_passport","","https://7dach.ru/SvetikOdessa/malinovoe-derevo_2-72683.html","https://7dach.ru/SvetikOdessa/malinovoe-derevo_2-72683.html; https://dachaotzyv.ru/malina-tarusa/","grower_diary; external_published_reader_accounts"
"малину чем обработать весной","2","2","Умеренная","https://malinaklubnika.ru/zhurnal/uhod-za-malinoi-vesnoi-posle-zimy/","section-1","editorial_answer","","","",""
"мальвина клубника описание и отзывы","2","2","Умеренная","https://malinaklubnika.ru/sorta/malvina/","otzyvy","cultivar_passport","","https://pmc.ncbi.nlm.nih.gov/articles/PMC11125040/#suppl_1","https://dachaotzyv.ru/klubnika-malvina/","external_published_reader_accounts"
"место для малины на участке","2","2","Умеренная","https://malinaklubnika.ru/zhurnal/posadka-maliny/","section-1","editorial_answer","","","",""
"место для посадки малины","2","1","Умеренная","https://malinaklubnika.ru/zhurnal/posadka-maliny/","section-1","editorial_answer","","","",""
"место для посадки малины на дачном участке как выбрать","2","3","Умеренная","https://malinaklubnika.ru/zhurnal/posadka-maliny/","section-1","editorial_answer","","","",""
"можно ли из семян вырастить малину","2","3","Умеренная","https://malinaklubnika.ru/zhurnal/kak-vyrastit-malinu-iz-semyan/","section-1","editorial_answer","","","",""
"можно ли малину сажать весной","2","2","Умеренная","https://malinaklubnika.ru/zhurnal/uhod-za-malinoi-vesnoi-posle-zimy/","section-1","editorial_answer","","","",""
"на какой год плодоносит малина после посадки саженцев","2","2","Умеренная","https://malinaklubnika.ru/zhurnal/rasstoyanie-posadki-maliny-i-pervyi-urozhai/","section-1","editorial_answer","","","",""
"на каком расстоянии нужно сажать малину друг от друга","2","1","Умеренная","https://malinaklubnika.ru/zhurnal/rasstoyanie-posadki-maliny-i-pervyi-urozhai/","section-1","editorial_answer","","","",""
"на клубнике появились коричневые пятна на листьях что","2","4","Умеренная","https://malinaklubnika.ru/zhurnal/bolezni-klubniki-priznaki-i-proverka/","section-2","editorial_answer","","","",""
"на листьях клубники красные пятна что это за болезнь","2","3","Умеренная","https://malinaklubnika.ru/zhurnal/bolezni-klubniki-priznaki-i-proverka/","section-2","editorial_answer","","","",""
"неприхотливые сорта клубники","2","7","Умеренная","https://malinaklubnika.ru/zhurnal/kak-vybrat-sort-klubniki/","section-1","editorial_answer","","","",""
"нужно ли обрезать тибетскую малину на зиму","2","2","Умеренная","https://malinaklubnika.ru/zhurnal/tibetskaya-malina-kakoe-rastenie/","section-1","editorial_answer","","","",""
"обработать малину весной","2","3","Умеренная","https://malinaklubnika.ru/zhurnal/uhod-za-malinoi-vesnoi-posle-zimy/","section-1","editorial_answer","","","",""
"обработка клубники от болезней и вредителей весной","2","2","Умеренная","https://malinaklubnika.ru/zhurnal/vrediteli-klubniki-kak-razlichit/","section-4","editorial_answer","","","",""
"обработка малины весной от болезней и вредителей в мае","2","4","Умеренная","https://malinaklubnika.ru/zhurnal/bolezni-i-vrediteli-maliny-priznaki/","section-5","editorial_answer","","","",""
"обработка малины осенью от болезней и вредителей в октябре","2","3","Умеренная","https://malinaklubnika.ru/zhurnal/bolezni-i-vrediteli-maliny-priznaki/","section-5","editorial_answer","","","",""
"обработка малины ранней весной от болезней и вредителей","2","3","Умеренная","https://malinaklubnika.ru/zhurnal/bolezni-i-vrediteli-maliny-priznaki/","section-5","editorial_answer","","","",""
"описание клубники клери","2","3","Умеренная","https://malinaklubnika.ru/sorta/kleri/","seo-opisanie","cultivar_passport","","https://commons.wikimedia.org/wiki/File:Clery_Gartenerdbeere.JPG","https://dachaotzyv.ru/klubnika-kleri/","external_published_reader_accounts"
"первая обработка малины весной","2","2","Умеренная","https://malinaklubnika.ru/zhurnal/uhod-za-malinoi-vesnoi-posle-zimy/","section-1","editorial_answer","","","",""
"подготовка почвы для посадки клубники в августе","2","2","Умеренная","https://malinaklubnika.ru/zhurnal/posadka-klubniki/","section-1","editorial_answer","","","",""
"покажи малину тибетскую","2","1","Умеренная","https://malinaklubnika.ru/zhurnal/tibetskaya-malina-kakoe-rastenie/","section-1","editorial_answer","","","",""
"полка малина описание","2","2","Умеренная","https://malinaklubnika.ru/sorta/polka/","seo-opisanie","cultivar_passport","","https://pmc.ncbi.nlm.nih.gov/articles/PMC10673471/#metabolites-13-01124-f001","https://dachaotzyv.ru/malina-polka/","external_published_reader_accounts"
"полька малина описание сорта фото отзывы особенности выращивания","2","2","Умеренная","https://malinaklubnika.ru/sorta/polka/","otzyvy","cultivar_passport","","https://pmc.ncbi.nlm.nih.gov/articles/PMC10673471/#metabolites-13-01124-f001","https://dachaotzyv.ru/malina-polka/","external_published_reader_accounts"
"посадка малинового дерева","2","2","Умеренная","https://malinaklubnika.ru/zhurnal/posadka-maliny/","section-1","editorial_answer","","","",""
"посадка малины в колеса осенью","2","2","Умеренная","https://malinaklubnika.ru/zhurnal/osennyaya-posadka-maliny-sroki-i-podgotovka/","section-1","editorial_answer","","","",""
"посадка малины в контейнеры","2","3","Умеренная","https://malinaklubnika.ru/zhurnal/posadka-maliny/","section-1","editorial_answer","","","",""
"посадка малины в октябре","2","2","Умеренная","https://malinaklubnika.ru/zhurnal/posadka-maliny/","section-1","editorial_answer","","","",""
"посадка малины из семян в домашних условиях","2","3","Умеренная","https://malinaklubnika.ru/zhurnal/kak-vyrastit-malinu-iz-semyan/","section-1","editorial_answer","","","",""
"посадка малины осенью видео","2","2","Умеренная","https://malinaklubnika.ru/zhurnal/osennyaya-posadka-maliny-sroki-i-podgotovka/","section-1","editorial_answer","","","",""
"посадка малины осенью как правильно сажать расстояние между кустами и рядами","2","2","Умеренная","https://malinaklubnika.ru/zhurnal/osennyaya-posadka-maliny-sroki-i-podgotovka/","section-1","editorial_answer","","","",""
"посадка малины осенью когда и как правильно сажать в открытый грунт","2","4","Умеренная","https://malinaklubnika.ru/zhurnal/osennyaya-posadka-maliny-sroki-i-podgotovka/","section-1","editorial_answer","","","",""
"посадка малины расстояние между кустами и рядами схема посадки","2","2","Умеренная","https://malinaklubnika.ru/zhurnal/rasstoyanie-posadki-maliny-i-pervyi-urozhai/","section-1","editorial_answer","","","",""
"посадка малины ремонтантной весной","2","4","Умеренная","https://malinaklubnika.ru/zhurnal/uhod-za-malinoi-vesnoi-posle-zimy/","section-1","editorial_answer","","","",""
"посадка малины с закрытой корневой системой","2","4","Умеренная","https://malinaklubnika.ru/zhurnal/posadka-maliny/","section-1","editorial_answer","","","",""
"посадка ремонтантной малины в августе","2","2","Умеренная","https://malinaklubnika.ru/zhurnal/posadka-maliny/","section-1","editorial_answer","","","",""
"посадка ремонтантной малины летом","2","1","Умеренная","https://malinaklubnika.ru/zhurnal/posadka-maliny/","section-1","editorial_answer","","","",""
"посадка ремонтантной малины осенью когда и как посадить","2","4","Умеренная","https://malinaklubnika.ru/zhurnal/osennyaya-posadka-maliny-sroki-i-podgotovka/","section-1","editorial_answer","","","",""
"посадка саженцев малины","2","3","Умеренная","https://malinaklubnika.ru/zhurnal/posadka-maliny/","section-1","editorial_answer","","","",""
"посадка смородины малины на дачном участке","2","4","Умеренная","https://malinaklubnika.ru/zhurnal/posadka-maliny/","section-1","editorial_answer","","","",""
"посадка тибетской малины","2","2","Умеренная","https://malinaklubnika.ru/zhurnal/tibetskaya-malina-kakoe-rastenie/","section-3","editorial_answer","","","",""
"посадка штамбовой малины","2","3","Умеренная","https://malinaklubnika.ru/zhurnal/malinovoe-derevo-tarusa/","section-1","editorial_answer","","","",""
"посадка/малины","2","2","Умеренная","https://malinaklubnika.ru/zhurnal/posadka-maliny/","section-1","editorial_answer","","","",""
"почва для малины при посадке","2","2","Умеренная","https://malinaklubnika.ru/zhurnal/kakuyu-pochvu-vybrat-dlya-maliny/","section-1","editorial_answer","","","",""
"правила посадки малины весной для начинающих","2","3","Умеренная","https://malinaklubnika.ru/zhurnal/uhod-za-malinoi-vesnoi-posle-zimy/","section-1","editorial_answer","","","",""
"правила посадки малины осенью для начинающих","2","2","Умеренная","https://malinaklubnika.ru/zhurnal/osennyaya-posadka-maliny-sroki-i-podgotovka/","section-1","editorial_answer","","","",""
"правильная посадка малины весной","2","5","Умеренная","https://malinaklubnika.ru/zhurnal/uhod-za-malinoi-vesnoi-posle-zimy/","section-1","editorial_answer","","","",""
"промышленные сорта малины","2","7","Умеренная","https://malinaklubnika.ru/zhurnal/sorta-maliny-dlya-podmoskovya-kak-vybrat/","section-1","editorial_answer","","","",""
"пятнистость на листьях малины","2","4","Умеренная","https://malinaklubnika.ru/zhurnal/bolezni-i-vrediteli-maliny-priznaki/","section-2","editorial_answer","","","",""
"ранние сорта малины для кубани","2","5","Умеренная","https://malinaklubnika.ru/zhurnal/sorta-maliny-dlya-podmoskovya-kak-vybrat/","section-1","editorial_answer","","","",""
"расстояние посадки малины друг от друга","2","2","Умеренная","https://malinaklubnika.ru/zhurnal/rasstoyanie-posadki-maliny-i-pervyi-urozhai/","section-1","editorial_answer","","","",""
"расстояние при посадке малины","2","1","Умеренная","https://malinaklubnika.ru/zhurnal/rasstoyanie-posadki-maliny-i-pervyi-urozhai/","section-1","editorial_answer","","","",""
"рейтинг сортов малины","2","5","Умеренная","https://malinaklubnika.ru/sorta/malina/","catalog","catalog_comparison","","","",""
"ремонтантная клубника мурано описание","2","1","Умеренная","https://malinaklubnika.ru/sorta/murano/","seo-opisanie","cultivar_passport","","https://commons.wikimedia.org/wiki/File:Fraises_Murano_en_Dordogne.jpg","https://7dach.ru/NatalyaAfonchenko/leto-2024-iyun-314014.html; https://dachaotzyv.ru/klubnika-murano/","grower_diary; external_published_reader_accounts"
"ремонтантная малина посадка осенью","2","3","Умеренная","https://malinaklubnika.ru/zhurnal/osennyaya-posadka-maliny-sroki-i-podgotovka/","section-1","editorial_answer","","","",""
"ремонтантные сорта малины для юга россии","2","9","Умеренная","https://malinaklubnika.ru/zhurnal/sorta-maliny-dlya-podmoskovya-kak-vybrat/","section-1","editorial_answer","","","",""
"садовая земляника азия описание","2","3","Умеренная","https://malinaklubnika.ru/sorta/aziya/","seo-opisanie","cultivar_passport","","https://horticulturejournal.usamv.ro/pdf/2024/issue_1/Art2.pdf#page=3","https://7dach.ru/Roselin/klubnika-aziya-moi-vpechatleniya-pervyy-opyt-302706.html; https://dachaotzyv.ru/klubnika-aziya/","grower_diary; external_published_reader_accounts"
"сажать малину осенью","2","2","Умеренная","https://malinaklubnika.ru/zhurnal/osennyaya-posadka-maliny-sroki-i-podgotovka/","section-1","editorial_answer","","","",""
"саженец малины как посадить","2","1","Умеренная","https://malinaklubnika.ru/zhurnal/posadka-maliny/","section-1","editorial_answer","","","",""
"самая вкусная клубника для подмосковья","2","3","Умеренная","https://malinaklubnika.ru/sorta/klubnika/regiony/","region-3","regional_admissions_and_trials","","","",""
"самая ранняя клубника","2","8","Умеренная","https://malinaklubnika.ru/sorta/klubnika/","sroki","catalog_comparison","","","",""
"самая сладкая малина сорта","2","7","Умеренная","https://malinaklubnika.ru/sorta/malina/","vkus","catalog_comparison","","","",""
"самая урожайная малина","2","4","Умеренная","https://malinaklubnika.ru/sorta/malina/","urozhay","catalog_comparison","","","",""
"самые крупноплодные сорта малины","2","8","Умеренная","https://malinaklubnika.ru/zhurnal/sorta-maliny-dlya-podmoskovya-kak-vybrat/","section-1","editorial_answer","","","",""
"самые популярные сорта клубники для подмосковья","2","5","Умеренная","https://malinaklubnika.ru/zhurnal/kak-vybrat-sort-klubniki/","section-1","editorial_answer","","","",""
"самые урожайные сорта ремонтантной малины","2","5","Умеренная","https://malinaklubnika.ru/sorta/malina/","tipy","catalog_comparison","","","",""
"самый лучший фунгицид для клубники","2","3","Умеренная","https://malinaklubnika.ru/zhurnal/fitosporin-horus-narodnye-sredstva-i-smesi/","section-2","editorial_answer","","","",""
"самый урожайный сорт малины","2","5","Умеренная","https://malinaklubnika.ru/sorta/malina/","urozhay","catalog_comparison","","","",""
"смородина и малина рядом можно сажать","2","1","Умеренная","https://malinaklubnika.ru/zhurnal/uhod-za-malinoi-v-techenie-sezona/","section-6","editorial_answer","","","",""
"смородина рядом с малиной","2","2","Умеренная","https://malinaklubnika.ru/zhurnal/uhod-za-malinoi-v-techenie-sezona/","section-6","editorial_answer","","","",""
"сорт гусар малина описание","2","2","Умеренная","https://malinaklubnika.ru/sorta/gusar/","seo-opisanie","cultivar_passport","","https://7dach.ru/KatyaK/gusar-krupnaya-sladkaya-malina-moego-sada-228819.html","https://7dach.ru/KatyaK/gusar-krupnaya-sladkaya-malina-moego-sada-228819.html; https://dachaotzyv.ru/malina-gusar/","grower_diary; external_published_reader_accounts"
"сорт земляники азия фото и описание","2","3","Умеренная","https://malinaklubnika.ru/sorta/aziya/","seo-photo","cultivar_passport","","https://horticulturejournal.usamv.ro/pdf/2024/issue_1/Art2.pdf#page=3","https://7dach.ru/Roselin/klubnika-aziya-moi-vpechatleniya-pervyy-opyt-302706.html; https://dachaotzyv.ru/klubnika-aziya/","grower_diary; external_published_reader_accounts"
"сорт малины мапема фото и описание","2","5","Умеренная","https://malinaklubnika.ru/sorta/raspberry-mapema/","seo-photo","cultivar_passport","","https://www.advancedplants.nl/wp-content/uploads/2018/01/Mapema-1.jpg","",""
"сорт малины полька фото и описание сорта отзывы","2","3","Умеренная","https://malinaklubnika.ru/sorta/polka/","otzyvy","cultivar_passport","","https://pmc.ncbi.nlm.nih.gov/articles/PMC10673471/#metabolites-13-01124-f001","https://dachaotzyv.ru/malina-polka/","external_published_reader_accounts"
"сорта клубники для подмосковья устойчивые к болезням и вредителям отзывы покупателей","2","4","Умеренная","https://malinaklubnika.ru/zhurnal/bolezni-klubniki-priznaki-i-proverka/","section-1","editorial_answer","","","",""
"сорта клубники устойчивые к болезням","2","6","Умеренная","https://malinaklubnika.ru/zhurnal/bolezni-klubniki-priznaki-i-proverka/","section-1","editorial_answer","","","",""
"сорта клубники устойчивые к болезням и вредителям и вкусные","2","12","Умеренная","https://malinaklubnika.ru/zhurnal/bolezni-klubniki-priznaki-i-proverka/","section-1","editorial_answer","","","",""
"сорта малины для сибири с фотографиями и описанием крупноплодной","2","7","Умеренная","https://malinaklubnika.ru/zhurnal/sorta-maliny-dlya-podmoskovya-kak-vybrat/","section-1","editorial_answer","","","",""
"сорта малины крупноплодной с фотографиями и описанием","2","10","Умеренная","https://malinaklubnika.ru/zhurnal/sorta-maliny-dlya-podmoskovya-kak-vybrat/","section-1","editorial_answer","","","",""
"сорта малины с фото","2","6","Умеренная","https://malinaklubnika.ru/zhurnal/sorta-maliny-dlya-podmoskovya-kak-vybrat/","section-1","editorial_answer","","","",""
"сорта ремонтантной малины для урала","2","7","Умеренная","https://malinaklubnika.ru/sorta/malina/regiony/","region-9","regional_admissions_and_trials","","","",""
"сорта хорошей клубники","2","2","Умеренная","https://malinaklubnika.ru/sorta/klubnika/","catalog","catalog_comparison","","","",""
"спасатель клубники и малины от болезней и вредителей 3 в 1 (3 ампулы на 10 литров)","2","2","Умеренная","https://malinaklubnika.ru/zhurnal/vrediteli-klubniki-kak-razlichit/","section-1","editorial_answer","","","",""
"схема посадки ремонтантной малины","2","2","Умеренная","https://malinaklubnika.ru/zhurnal/posadka-maliny/","section-1","editorial_answer","","","",""
"схема посадки ремонтантной малины в открытом грунте","2","5","Умеренная","https://malinaklubnika.ru/zhurnal/posadka-maliny/","section-1","editorial_answer","","","",""
"таруса малиновое дерево описание","2","2","Умеренная","https://malinaklubnika.ru/sorta/tarusa/","seo-opisanie","cultivar_passport","","https://7dach.ru/SvetikOdessa/malinovoe-derevo_2-72683.html","https://7dach.ru/SvetikOdessa/malinovoe-derevo_2-72683.html; https://dachaotzyv.ru/malina-tarusa/","grower_diary; external_published_reader_accounts"
"терентий малина описание","2","2","Умеренная","https://malinaklubnika.ru/sorta/raspberry-terentiy/","seo-opisanie","cultivar_passport","","https://dachaotzyv.ru/malina-terentij/","https://dachaotzyv.ru/malina-terentij/","external_published_reader_accounts"
"тибетская малина как ухаживать осенью","2","2","Умеренная","https://malinaklubnika.ru/zhurnal/tibetskaya-malina-kakoe-rastenie/","section-1","editorial_answer","","","",""
"тибетская малина кустарник","2","1","Умеренная","https://malinaklubnika.ru/zhurnal/tibetskaya-malina-kakoe-rastenie/","section-1","editorial_answer","","","",""
"тибетская малина розалин","2","2","Умеренная","https://malinaklubnika.ru/zhurnal/tibetskaya-malina-kakoe-rastenie/","section-1","editorial_answer","","","",""
"тибетская малина уход осенью","2","5","Умеренная","https://malinaklubnika.ru/zhurnal/tibetskaya-malina-kakoe-rastenie/","section-3","editorial_answer","","","",""
"тибетская малина фото и описание кустарника отзывы","2","2","Умеренная","https://malinaklubnika.ru/zhurnal/tibetskaya-malina-kakoe-rastenie/","section-4","editorial_answer","","","",""
"тибетская малина фото и описание отзывы","2","4","Умеренная","https://malinaklubnika.ru/zhurnal/tibetskaya-malina-kakoe-rastenie/","section-4","editorial_answer","","","",""
"туламин малина","2","4","Умеренная","https://malinaklubnika.ru/sorta/raspberry-tulameen/","seo-opisanie","cultivar_passport","","https://dachaotzyv.ru/malina-tulamin/","https://dachaotzyv.ru/malina-tulamin/","external_published_reader_accounts"
"флоранс клубника описание","2","2","Умеренная","https://malinaklubnika.ru/sorta/strawberry-florence/","seo-opisanie","cultivar_passport","","https://7dach.ru/Svet-Kara/ya-klubniku-florens-posadila-vsem-lyubitelyam-klubniki-ugodila-257949.html","https://7dach.ru/Svet-Kara/ya-klubniku-florens-posadila-vsem-lyubitelyam-klubniki-ugodila-257949.html; https://dachaotzyv.ru/klubnika-florens/","grower_diary; external_published_reader_accounts"
"флоренс клубника описание отзывы","2","1","Умеренная","https://malinaklubnika.ru/sorta/strawberry-florence/","seo-reviews","cultivar_passport","","https://7dach.ru/Svet-Kara/ya-klubniku-florens-posadila-vsem-lyubitelyam-klubniki-ugodila-257949.html","https://7dach.ru/Svet-Kara/ya-klubniku-florens-posadila-vsem-lyubitelyam-klubniki-ugodila-257949.html; https://dachaotzyv.ru/klubnika-florens/","grower_diary; external_published_reader_accounts"
"фото тибетская малина","2","3","Умеренная","https://malinaklubnika.ru/zhurnal/tibetskaya-malina-kakoe-rastenie/","section-2","editorial_answer","","","",""
"чем лечить малину","2","3","Умеренная","https://malinaklubnika.ru/zhurnal/bolezni-i-vrediteli-maliny-priznaki/","section-5","editorial_answer","","","",""
"чем лучше обработать малину весной","2","3","Умеренная","https://malinaklubnika.ru/zhurnal/uhod-za-malinoi-vesnoi-posle-zimy/","section-1","editorial_answer","","","",""
"чем можно обработать клубнику во время цветения","2","2","Умеренная","https://malinaklubnika.ru/zhurnal/obrabotka-klubniki-i-maliny-po-sezonu/","section-2","editorial_answer","","","",""
"чем можно обработать клубнику во время цветения от вредителей и болезней","2","3","Умеренная","https://malinaklubnika.ru/zhurnal/vrediteli-klubniki-kak-razlichit/","section-4","editorial_answer","","","",""
"чем обрабатывать малину весной","2","1","Умеренная","https://malinaklubnika.ru/zhurnal/uhod-za-malinoi-vesnoi-posle-zimy/","section-1","editorial_answer","","","",""
"чем обработать весной малину","2","3","Умеренная","https://malinaklubnika.ru/zhurnal/uhod-za-malinoi-vesnoi-posle-zimy/","section-1","editorial_answer","","","",""
"чем обработать землю перед посадкой клубники в августе от вредителей и болезней","2","2","Умеренная","https://malinaklubnika.ru/zhurnal/vrediteli-klubniki-kak-razlichit/","section-4","editorial_answer","","","",""
"чем обработать землю перед посадкой клубники весной от вредителей и болезней","2","3","Умеренная","https://malinaklubnika.ru/zhurnal/vrediteli-klubniki-kak-razlichit/","section-4","editorial_answer","","","",""
"чем обработать землю перед посадкой клубники от вредителей и болезней","2","4","Умеренная","https://malinaklubnika.ru/zhurnal/vrediteli-klubniki-kak-razlichit/","section-4","editorial_answer","","","",""
"чем обработать клубнику народные средства","2","2","Умеренная","https://malinaklubnika.ru/zhurnal/obrabotka-klubniki-i-maliny-po-sezonu/","section-2","editorial_answer","","","",""
"чем обработать клубнику после сбора урожая от болезней и вредителей в июле","2","3","Умеренная","https://malinaklubnika.ru/zhurnal/vrediteli-klubniki-kak-razlichit/","section-4","editorial_answer","","","",""
"чем обработать клубнику после сбора урожая от болезней и вредителей после обрезки в августе","2","2","Умеренная","https://malinaklubnika.ru/zhurnal/vrediteli-klubniki-kak-razlichit/","section-4","editorial_answer","","","",""
"чем обработать клубнику после сбора урожая от болезней и вредителей после обрезки листьев в августе","2","1","Умеренная","https://malinaklubnika.ru/zhurnal/vrediteli-klubniki-kak-razlichit/","section-4","editorial_answer","","","",""
"чем обработать малину в августе после обрезки","2","2","Умеренная","https://malinaklubnika.ru/zhurnal/obrabotka-klubniki-i-maliny-po-sezonu/","section-2","editorial_answer","","","",""
"чем обработать малину весной от вредителей и болезней","2","6","Умеренная","https://malinaklubnika.ru/zhurnal/bolezni-i-vrediteli-maliny-priznaki/","section-5","editorial_answer","","","",""
"чем обработать малину от вредителей и болезней весной","2","4","Умеренная","https://malinaklubnika.ru/zhurnal/bolezni-i-vrediteli-maliny-priznaki/","section-5","editorial_answer","","","",""
"чем обработать малину ранней весной от вредителей и болезней до распускания почек","2","3","Умеренная","https://malinaklubnika.ru/zhurnal/bolezni-i-vrediteli-maliny-priznaki/","section-5","editorial_answer","","","",""
"чем обработать рассаду клубники перед посадкой от болезней и вредителей","2","3","Умеренная","https://malinaklubnika.ru/zhurnal/vrediteli-klubniki-kak-razlichit/","section-4","editorial_answer","","","",""
"чем опрыскать клубнику во время плодоношения","2","3","Умеренная","https://malinaklubnika.ru/zhurnal/obrabotka-klubniki-i-maliny-po-sezonu/","section-2","editorial_answer","","","",""
"чем опрыскать малину весной от вредителей","2","4","Умеренная","https://malinaklubnika.ru/zhurnal/bolezni-i-vrediteli-maliny-priznaki/","section-1","editorial_answer","","","",""
"чем опрыскать малину от вредителей весной","2","3","Умеренная","https://malinaklubnika.ru/zhurnal/bolezni-i-vrediteli-maliny-priznaki/","section-1","editorial_answer","","","",""
"чем опрыскивать малину весной от вредителей","2","2","Умеренная","https://malinaklubnika.ru/zhurnal/bolezni-i-vrediteli-maliny-priznaki/","section-1","editorial_answer","","","",""
"чем опрыскивать малину осенью от болезней и вредителей","2","3","Умеренная","https://malinaklubnika.ru/zhurnal/bolezni-i-vrediteli-maliny-priznaki/","section-1","editorial_answer","","","",""
"чем побрызгать малину весной от вредителей","2","2","Умеренная","https://malinaklubnika.ru/zhurnal/bolezni-i-vrediteli-maliny-priznaki/","section-1","editorial_answer","","","",""
"через какое расстояние сажают малину","2","1","Умеренная","https://malinaklubnika.ru/zhurnal/rasstoyanie-posadki-maliny-i-pervyi-urozhai/","section-1","editorial_answer","","","",""
"черная малина блэк джевел описание","2","2","Умеренная","https://malinaklubnika.ru/sorta/raspberry-black-jewel/","seo-opisanie","cultivar_passport","","","",""
"черная малина кумберленд описание","2","2","Умеренная","https://malinaklubnika.ru/sorta/raspberry-cumberland/","seo-opisanie","cultivar_passport","","","",""
"черная малина кумберленд уход","2","3","Умеренная","https://malinaklubnika.ru/sorta/raspberry-cumberland/","seo-care","cultivar_passport","","","",""
"что нужно положить в лунку при посадке малины","2","3","Умеренная","https://malinaklubnika.ru/zhurnal/posadka-maliny/","section-1","editorial_answer","","","",""
"что положить в лунку при посадке ремонтантной малины","2","3","Умеренная","https://malinaklubnika.ru/zhurnal/posadka-maliny/","section-1","editorial_answer","","","",""
"что положить в яму при посадке малины осенью","2","2","Умеренная","https://malinaklubnika.ru/zhurnal/osennyaya-posadka-maliny-sroki-i-podgotovka/","section-1","editorial_answer","","","",""
"что такое штамбовая малина","2","1","Умеренная","https://malinaklubnika.ru/zhurnal/uhod-za-malinoi-v-techenie-sezona/","section-5","editorial_answer","","","",""
"ягоды малины больные","2","2","Умеренная","https://malinaklubnika.ru/zhurnal/sohnut-i-gniyut-yagody-maliny/","section-3","editorial_answer","","","",""
"агротехника малины на даче в средней полосе","1","2","Умеренная","https://malinaklubnika.ru/zhurnal/uhod-za-malinoi-v-techenie-sezona/","section-2","editorial_answer","","","",""
"алая россыпь малина","1","1","Умеренная","https://malinaklubnika.ru/sorta/raspberry-alaya-rossyp/","seo-opisanie","cultivar_passport","","","",""
"антеа клубника описание","1","1","Умеренная","https://malinaklubnika.ru/sorta/strawberry-antea/","seo-opisanie","cultivar_passport","","","",""
"бабье лето малина отзывы","1","1","Умеренная","https://malinaklubnika.ru/sorta/raspberry-babye-leto/","seo-reviews","cultivar_passport","","https://dachaotzyv.ru/malina-babe-leto/","https://dachaotzyv.ru/malina-babe-leto/","external_published_reader_accounts"
"баковая смесь для клубники после плодоношения от болезней и вредителей","1","2","Умеренная","https://malinaklubnika.ru/zhurnal/vrediteli-klubniki-kak-razlichit/","section-1","editorial_answer","","","",""
"баковая смесь для обработки клубники в сентябре","1","3","Умеренная","https://malinaklubnika.ru/zhurnal/obrabotka-klubniki-i-maliny-po-sezonu/","section-2","editorial_answer","","","",""
"баковые смеси для клубники весной","1","5","Умеренная","https://malinaklubnika.ru/zhurnal/uhod-za-klubnikoi-vesnoi-posle-zimy/","section-1","editorial_answer","","","",""
"биопрепараты для клубники от вредителей и болезней","1","2","Умеренная","https://malinaklubnika.ru/zhurnal/vrediteli-klubniki-kak-razlichit/","section-1","editorial_answer","","","",""
"благоприятные дни для посадки малины в мае 2026г в тюмени и тюменской области","1","2","Умеренная","https://malinaklubnika.ru/zhurnal/posadka-maliny/","section-1","editorial_answer","","","",""
"болезни вредители малины","1","1","Умеренная","https://malinaklubnika.ru/zhurnal/bolezni-i-vrediteli-maliny-priznaki/","section-1","editorial_answer","","","",""
"болезни и вредители клубники народные средства","1","2","Умеренная","https://malinaklubnika.ru/zhurnal/vrediteli-klubniki-kak-razlichit/","section-1","editorial_answer","","","",""
"болезни и вредители клубники народными средствами","1","2","Умеренная","https://malinaklubnika.ru/zhurnal/vrediteli-klubniki-kak-razlichit/","section-1","editorial_answer","","","",""
"болезни клубники вредители","1","1","Умеренная","https://malinaklubnika.ru/zhurnal/vrediteli-klubniki-kak-razlichit/","section-1","editorial_answer","","","",""
"болезни клубники описание с фотографиями по листьям","1","4","Умеренная","https://malinaklubnika.ru/zhurnal/bolezni-klubniki-priznaki-i-proverka/","section-6","editorial_answer","","","",""
"болезни клубники садовой","1","3","Умеренная","https://malinaklubnika.ru/zhurnal/bolezni-klubniki-priznaki-i-proverka/","section-1","editorial_answer","","","",""
"болезни листьев клубники фото","1","2","Умеренная","https://malinaklubnika.ru/zhurnal/bolezni-klubniki-priznaki-i-proverka/","section-6","editorial_answer","","","",""
"болезни малины и борьба с ними с фото как","1","1","Умеренная","https://malinaklubnika.ru/zhurnal/bolezni-i-vrediteli-maliny-priznaki/","section-5","editorial_answer","","","",""
"болезни малины и борьба с ними с фото как выглядят","1","1","Умеренная","https://malinaklubnika.ru/zhurnal/bolezni-i-vrediteli-maliny-priznaki/","section-5","editorial_answer","","","",""
"болезни малины и лечение","1","2","Умеренная","https://malinaklubnika.ru/zhurnal/bolezni-i-vrediteli-maliny-priznaki/","section-5","editorial_answer","","","",""
"болезни малины их лечение","1","1","Умеренная","https://malinaklubnika.ru/zhurnal/bolezni-i-vrediteli-maliny-priznaki/","section-5","editorial_answer","","","",""
"болезни малины описание с фотографиями и способы лечения и профилактики летом","1","3","Умеренная","https://malinaklubnika.ru/zhurnal/bolezni-i-vrediteli-maliny-priznaki/","section-5","editorial_answer","","","",""
"болезни малины по листу фото","1","2","Умеренная","https://malinaklubnika.ru/zhurnal/bolezni-i-vrediteli-maliny-priznaki/","section-1","editorial_answer","","","",""
"болезни малины фото и лечение","1","3","Умеренная","https://malinaklubnika.ru/zhurnal/bolezni-i-vrediteli-maliny-priznaki/","section-5","editorial_answer","","","",""
"болезни малины.","1","1","Умеренная","https://malinaklubnika.ru/zhurnal/bolezni-i-vrediteli-maliny-priznaki/","section-1","editorial_answer","","","",""
"болезни у клубники","1","2","Умеренная","https://malinaklubnika.ru/zhurnal/bolezni-klubniki-priznaki-i-proverka/","section-1","editorial_answer","","","",""
"болезни у малины","1","1","Умеренная","https://malinaklubnika.ru/zhurnal/bolezni-i-vrediteli-maliny-priznaki/","section-1","editorial_answer","","","",""
"больные ягоды малины","1","1","Умеренная","https://malinaklubnika.ru/zhurnal/sohnut-i-gniyut-yagody-maliny/","section-3","editorial_answer","","","",""
"борьба с болезнями клубники народными средствами","1","1","Умеренная","https://malinaklubnika.ru/zhurnal/bolezni-klubniki-priznaki-i-proverka/","section-1","editorial_answer","","","",""
"бурые пятна на листьях малины","1","1","Умеренная","https://malinaklubnika.ru/zhurnal/bolezni-i-vrediteli-maliny-priznaki/","section-2","editorial_answer","","","",""
"в какое место сажать малину","1","1","Умеренная","https://malinaklubnika.ru/zhurnal/posadka-maliny/","section-1","editorial_answer","","","",""
"в чем замочить саженцы малины перед посадкой","1","1","Умеренная","https://malinaklubnika.ru/zhurnal/posadka-maliny/","section-1","editorial_answer","","","",""
"весенняя обработка клубники от вредителей","1","3","Умеренная","https://malinaklubnika.ru/zhurnal/vrediteli-klubniki-kak-razlichit/","section-4","editorial_answer","","","",""
"весенняя обработка малины от вредителей","1","1","Умеренная","https://malinaklubnika.ru/zhurnal/bolezni-i-vrediteli-maliny-priznaki/","section-5","editorial_answer","","","",""
"весенняя посадка ремонтантной малины","1","2","Умеренная","https://malinaklubnika.ru/zhurnal/posadka-maliny/","section-1","editorial_answer","","","",""
"виды ремонтантной клубники","1","1","Умеренная","https://malinaklubnika.ru/zhurnal/vidy-klubniki-nazvaniya-i-fotografii/","section-3","editorial_answer","","","",""
"виктория альба описание сорта фото","1","1","Умеренная","https://malinaklubnika.ru/sorta/strawberry-victoria/","seo-photo","cultivar_passport","","https://dachaotzyv.ru/klubnika-viktoriya/","https://dachaotzyv.ru/klubnika-viktoriya/","external_published_reader_accounts"
"виктория альба описание сорта фото отзывы","1","1","Умеренная","https://malinaklubnika.ru/sorta/strawberry-victoria/","seo-reviews","cultivar_passport","","https://dachaotzyv.ru/klubnika-viktoriya/","https://dachaotzyv.ru/klubnika-viktoriya/","external_published_reader_accounts"
"виктория гигантелла описание","1","1","Умеренная","https://malinaklubnika.ru/sorta/gigantella/","seo-opisanie","cultivar_passport","","https://7dach.ru/IgorKS/vkus-radosti---zemlyanika-gigantella-134540.html","https://7dach.ru/IgorKS/vkus-radosti---zemlyanika-gigantella-134540.html; https://dachaotzyv.ru/klubnika-gigantella/","grower_diary; external_published_reader_accounts"
"виктория гигантелла описание сорта","1","3","Умеренная","https://malinaklubnika.ru/sorta/gigantella/","seo-opisanie","cultivar_passport","","https://7dach.ru/IgorKS/vkus-radosti---zemlyanika-gigantella-134540.html","https://7dach.ru/IgorKS/vkus-radosti---zemlyanika-gigantella-134540.html; https://dachaotzyv.ru/klubnika-gigantella/","grower_diary; external_published_reader_accounts"
"виктория купчиха описание сорта фото отзывы садоводов","1","2","Умеренная","https://malinaklubnika.ru/sorta/strawberry-victoria/","seo-reviews","cultivar_passport","","https://dachaotzyv.ru/klubnika-viktoriya/","https://dachaotzyv.ru/klubnika-viktoriya/","external_published_reader_accounts"
"виктория первоклассница описание","1","2","Умеренная","https://malinaklubnika.ru/sorta/strawberry-pervoklassnitsa/","seo-opisanie","cultivar_passport","","","",""
"виктория сорт альбион","1","1","Умеренная","https://malinaklubnika.ru/sorta/strawberry-victoria/","seo-opisanie","cultivar_passport","","https://dachaotzyv.ru/klubnika-viktoriya/","https://dachaotzyv.ru/klubnika-viktoriya/","external_published_reader_accounts"
"виктория сорт слоненок","1","1","Умеренная","https://malinaklubnika.ru/sorta/strawberry-victoria/","seo-opisanie","cultivar_passport","","https://dachaotzyv.ru/klubnika-viktoriya/","https://dachaotzyv.ru/klubnika-viktoriya/","external_published_reader_accounts"
"вредители и болезни клубники","1","2","Умеренная","https://malinaklubnika.ru/zhurnal/vrediteli-klubniki-kak-razlichit/","section-1","editorial_answer","","","",""
"вредители и болезни малины","1","1","Умеренная","https://malinaklubnika.ru/zhurnal/bolezni-i-vrediteli-maliny-priznaki/","section-1","editorial_answer","","","",""
"время посадки малины осенью .","1","1","Умеренная","https://malinaklubnika.ru/zhurnal/osennyaya-posadka-maliny-sroki-i-podgotovka/","section-1","editorial_answer","","","",""
"все о выращивании малины","1","2","Умеренная","https://malinaklubnika.ru/zhurnal/uhod-za-malinoi-v-techenie-sezona/","section-1","editorial_answer","","","",""
"все о клубнике азия","1","1","Умеренная","https://malinaklubnika.ru/sorta/aziya/","seo-opisanie","cultivar_passport","","https://horticulturejournal.usamv.ro/pdf/2024/issue_1/Art2.pdf#page=3","https://7dach.ru/Roselin/klubnika-aziya-moi-vpechatleniya-pervyy-opyt-302706.html; https://dachaotzyv.ru/klubnika-aziya/","grower_diary; external_published_reader_accounts"
"выращивание клубники уход от вредителей и болезни подкормка и т д","1","1","Умеренная","https://malinaklubnika.ru/zhurnal/vrediteli-klubniki-kak-razlichit/","section-1","editorial_answer","","","",""
"выращивание малинового дерева","1","2","Умеренная","https://malinaklubnika.ru/zhurnal/uhod-za-malinoi-v-techenie-sezona/","section-5","editorial_answer","","","",""
"выращивание малины в саду","1","2","Умеренная","https://malinaklubnika.ru/zhurnal/uhod-za-malinoi-v-techenie-sezona/","section-1","editorial_answer","","","",""
"высокоурожайные сорта малины","1","6","Умеренная","https://malinaklubnika.ru/zhurnal/sorta-maliny-dlya-podmoskovya-kak-vybrat/","section-1","editorial_answer","","","",""
"где сажать малину на дачном участке","1","2","Умеренная","https://malinaklubnika.ru/zhurnal/kakuyu-pochvu-vybrat-dlya-maliny/","section-4","editorial_answer","","","",""
"гигант рубиновый малина описание","1","1","Умеренная","https://malinaklubnika.ru/sorta/raspberry-gigant-rubinovyi-trade/","seo-opisanie","cultivar_passport","","","",""
"глубина посадки малины осенью","1","2","Умеренная","https://malinaklubnika.ru/zhurnal/osennyaya-posadka-maliny-sroki-i-podgotovka/","section-1","editorial_answer","","","",""
"грибок на малине","1","1","Умеренная","https://malinaklubnika.ru/zhurnal/bolezni-i-vrediteli-maliny-priznaki/","section-1","editorial_answer","","","",""
"гусар малина описание сорта фото отзывы особенности выращивания","1","2","Умеренная","https://malinaklubnika.ru/sorta/gusar/","otzyvy","cultivar_passport","","https://7dach.ru/KatyaK/gusar-krupnaya-sladkaya-malina-moego-sada-228819.html","https://7dach.ru/KatyaK/gusar-krupnaya-sladkaya-malina-moego-sada-228819.html; https://dachaotzyv.ru/malina-gusar/","grower_diary; external_published_reader_accounts"
"дарселект земляника описание","1","1","Умеренная","https://malinaklubnika.ru/sorta/strawberry-darselect/","seo-opisanie","cultivar_passport","","https://dachaotzyv.ru/klubnika-darselekt/","https://dachaotzyv.ru/klubnika-darselekt/","external_published_reader_accounts"
"дачный участок посадка малины","1","3","Умеренная","https://malinaklubnika.ru/zhurnal/posadka-maliny/","section-1","editorial_answer","","","",""
"дерево малина что это","1","1","Умеренная","https://malinaklubnika.ru/zhurnal/uhod-za-malinoi-v-techenie-sezona/","section-5","editorial_answer","","","",""
"джоли клубника описание и отзывы","1","1","Умеренная","https://malinaklubnika.ru/sorta/dzholi/","otzyvy","cultivar_passport","","https://patents.google.com/patent/USPP23126P3/en","https://dachaotzyv.ru/klubnika-dzholi/","external_published_reader_accounts"
"дидимелла что это такое","1","1","Умеренная","https://malinaklubnika.ru/zhurnal/didimella-maliny-priznaki-i-proverka/","section-1","editorial_answer","","","",""
"до какого времени можно сажать малину осенью","1","1","Умеренная","https://malinaklubnika.ru/zhurnal/osennyaya-posadka-maliny-sroki-i-podgotovka/","section-1","editorial_answer","","","",""
"елизавета 2 клубника ремонтантная описание","1","1","Умеренная","https://malinaklubnika.ru/sorta/elizaveta-2/","seo-opisanie","cultivar_passport","","https://7dach.ru/gala1753/korolevskaya-yagoda-1886.html","https://7dach.ru/gala1753/korolevskaya-yagoda-1886.html","grower_diary"
"жанна орлеанская малина","1","1","Умеренная","https://malinaklubnika.ru/sorta/raspberry-jeanne-d-orleans/","seo-opisanie","cultivar_passport","","","",""
"желтая малина посадка и уход","1","1","Умеренная","https://malinaklubnika.ru/zhurnal/vyrashchivanie-zheltoy-maliny/","section-2","editorial_answer","","","",""
"желтая малина посадка и уход в открытом грунте","1","1","Умеренная","https://malinaklubnika.ru/zhurnal/vyrashchivanie-zheltoy-maliny/","section-2","editorial_answer","","","",""
"заболевания малины фото","1","2","Умеренная","https://malinaklubnika.ru/zhurnal/bolezni-i-vrediteli-maliny-priznaki/","section-1","editorial_answer","","","",""
"земклуника дар описание","1","2","Умеренная","https://malinaklubnika.ru/zhurnal/zemklunika-chto-eto-i-kak-vybrat-sort/","section-3","editorial_answer","","","",""
"земля для посадки малины","1","1","Умеренная","https://malinaklubnika.ru/zhurnal/posadka-maliny/","section-1","editorial_answer","","","",""
"земля под малину","1","1","Умеренная","https://malinaklubnika.ru/zhurnal/kakuyu-pochvu-vybrat-dlya-maliny/","section-1","editorial_answer","","","",""
"земляника альба описание сорта фото","1","1","Умеренная","https://malinaklubnika.ru/sorta/alba/","seo-photo","cultivar_passport","","https://horticulturejournal.usamv.ro/pdf/2024/issue_1/Art2.pdf#page=3","https://dachaotzyv.ru/klubnika-alba/","external_published_reader_accounts"
"земляника альфа отзывы","1","1","Умеренная","https://malinaklubnika.ru/sorta/alfa/","otzyvy","cultivar_passport","gardener_reviews","https://jbiochemtech.com/storage/models/article/bMUh1GtjLrbMv0U5GbVt14NkkfQ2frw7KZS6iVW7Iv1VKS7RXJ6GRMwbz9KS/garden-strawberry-varieties-of-the-all-russian-horticultural-institute-for-breeding-agrotechnology.pdf#page=5","",""
"земляника белруби описание сорта фото отзывы садоводов","1","1","Умеренная","https://malinaklubnika.ru/sorta/strawberry-belrubi-skfnc/","seo-reviews","cultivar_passport","photo; gardener_reviews","","",""
"земляника вима ксима описание сорта фото отзывы","1","2","Умеренная","https://malinaklubnika.ru/sorta/strawberry-vima-xima/","seo-reviews","cultivar_passport","photo; gardener_reviews","","",""
"земляника вкуснятина","1","1","Умеренная","https://malinaklubnika.ru/sorta/strawberry-vkusnyatina-amur-trial/","seo-opisanie","cultivar_passport","","","",""
"земляника корона описание","1","1","Умеренная","https://malinaklubnika.ru/sorta/strawberry-korona/","seo-opisanie","cultivar_passport","","https://dachaotzyv.ru/klubnika-korona/","https://dachaotzyv.ru/klubnika-korona/","external_published_reader_accounts"
"земляника крапо описание сорта","1","1","Умеренная","https://malinaklubnika.ru/sorta/strawberry-krapo-generic/","seo-opisanie","cultivar_passport","","","",""
"земляника лималексия описание сорта","1","1","Умеренная","https://malinaklubnika.ru/sorta/strawberry-limalexia/","seo-opisanie","cultivar_passport","","","",""
"земляника лорд описание сорта отзывы","1","1","Умеренная","https://malinaklubnika.ru/sorta/strawberry-lord/","seo-reviews","cultivar_passport","","https://7dach.ru/Tanjeen/klubnichnyy-placdarm-nachalo-s-prodolzheniem-266576.html","https://7dach.ru/Tanjeen/klubnichnyy-placdarm-nachalo-s-prodolzheniem-266576.html; https://dachaotzyv.ru/klubnika-lord/","grower_diary; external_published_reader_accounts"
"земляника лорд описание сорта фото","1","2","Умеренная","https://malinaklubnika.ru/sorta/strawberry-lord/","seo-photo","cultivar_passport","","https://7dach.ru/Tanjeen/klubnichnyy-placdarm-nachalo-s-prodolzheniem-266576.html","https://7dach.ru/Tanjeen/klubnichnyy-placdarm-nachalo-s-prodolzheniem-266576.html; https://dachaotzyv.ru/klubnika-lord/","grower_diary; external_published_reader_accounts"
"земляника садовая азия описание сорта фото отзывы","1","1","Умеренная","https://malinaklubnika.ru/sorta/aziya/","otzyvy","cultivar_passport","","https://horticulturejournal.usamv.ro/pdf/2024/issue_1/Art2.pdf#page=3","https://7dach.ru/Roselin/klubnika-aziya-moi-vpechatleniya-pervyy-opyt-302706.html; https://dachaotzyv.ru/klubnika-aziya/","grower_diary; external_published_reader_accounts"
"земляника садовая елизавета 2 описание сорта","1","1","Умеренная","https://malinaklubnika.ru/sorta/elizaveta-2/","seo-opisanie","cultivar_passport","","https://7dach.ru/gala1753/korolevskaya-yagoda-1886.html","https://7dach.ru/gala1753/korolevskaya-yagoda-1886.html","grower_diary"
"земляника садовая лорд описание сорта","1","1","Умеренная","https://malinaklubnika.ru/sorta/strawberry-lord/","seo-opisanie","cultivar_passport","","https://7dach.ru/Tanjeen/klubnichnyy-placdarm-nachalo-s-prodolzheniem-266576.html","https://7dach.ru/Tanjeen/klubnichnyy-placdarm-nachalo-s-prodolzheniem-266576.html; https://dachaotzyv.ru/klubnika-lord/","grower_diary; external_published_reader_accounts"
"земляника садовая медовая","1","1","Умеренная","https://malinaklubnika.ru/sorta/strawberry-honeoye-cornell/","seo-opisanie","cultivar_passport","","https://dachaotzyv.ru/klubnika-medovaya/","https://dachaotzyv.ru/klubnika-medovaya/","external_published_reader_accounts"
"земляника садовая чамора туруси описание сорта","1","1","Умеренная","https://malinaklubnika.ru/sorta/strawberry-chamora-turusi/","seo-opisanie","cultivar_passport","","https://dachaotzyv.ru/klubnika-chamora-turusi/","https://dachaotzyv.ru/klubnika-chamora-turusi/","external_published_reader_accounts"
"земляника сирия описание","1","1","Умеренная","https://malinaklubnika.ru/sorta/siriya/","seo-opisanie","cultivar_passport","","https://www.meiosis.co.uk/fruit_types/syria/","",""
"земляника сирия описание сорта фото","1","1","Умеренная","https://malinaklubnika.ru/sorta/siriya/","seo-photo","cultivar_passport","","https://www.meiosis.co.uk/fruit_types/syria/","",""
"земляника сорт азия описание","1","2","Умеренная","https://malinaklubnika.ru/sorta/aziya/","seo-opisanie","cultivar_passport","","https://horticulturejournal.usamv.ro/pdf/2024/issue_1/Art2.pdf#page=3","https://7dach.ru/Roselin/klubnika-aziya-moi-vpechatleniya-pervyy-opyt-302706.html; https://dachaotzyv.ru/klubnika-aziya/","grower_diary; external_published_reader_accounts"
"земляника фенелла описание сорта","1","2","Умеренная","https://malinaklubnika.ru/sorta/strawberry-fenella/","seo-opisanie","cultivar_passport","","","",""
"земляника фестивальная описание сорта фото отзывы","1","1","Умеренная","https://malinaklubnika.ru/sorta/festivalnaya/","otzyvy","cultivar_passport","","https://biosel.elpub.ru/jour/article/download/143/139#page=4","https://7dach.ru/panytany/klubnika-festivalnaya-vkus-detstva-133037.html; https://dachaotzyv.ru/klubnika-festivalnaya/","grower_diary; external_published_reader_accounts"
"земляника фестивальная ромашка описание","1","2","Умеренная","https://malinaklubnika.ru/sorta/strawberry-festivalnaya-romashka/","seo-opisanie","cultivar_passport","","","",""
"земляника шарлотта описание сорта","1","1","Умеренная","https://malinaklubnika.ru/sorta/strawberry-charlotte/","seo-opisanie","cultivar_passport","","https://dachaotzyv.ru/klubnika-sharlotta/","https://dachaotzyv.ru/klubnika-sharlotta/","external_published_reader_accounts"
"земляничная малина фото отзывы тибетская","1","1","Умеренная","https://malinaklubnika.ru/zhurnal/tibetskaya-malina-kakoe-rastenie/","section-4","editorial_answer","","","",""
"изобильная малина описание","1","1","Умеренная","https://malinaklubnika.ru/sorta/izobilnaya/","seo-opisanie","cultivar_passport","","https://dachaotzyv.ru/malina-izobilnaya/","https://dachaotzyv.ru/malina-izobilnaya/","external_published_reader_accounts"
"имара малина описание","1","2","Умеренная","https://malinaklubnika.ru/sorta/raspberry-imara/","seo-opisanie","cultivar_passport","","","",""
"кабрилло клубника описание отзывы","1","2","Умеренная","https://malinaklubnika.ru/sorta/cabrillo/","otzyvy","cultivar_passport","","https://pmc.ncbi.nlm.nih.gov/articles/PMC8728004/","https://klubnika24.ru/obsuzhdenie-sorta-klubniki-kabrillo","external_published_reader_accounts"
"как выбрать место для посадки малины на дачном участке","1","1","Умеренная","https://malinaklubnika.ru/zhurnal/posadka-maliny/","section-1","editorial_answer","","","",""
"как вырастить тибетскую малину","1","2","Умеренная","https://malinaklubnika.ru/zhurnal/tibetskaya-malina-kakoe-rastenie/","section-1","editorial_answer","","","",""
"как выращивать малину на даче","1","3","Умеренная","https://malinaklubnika.ru/zhurnal/uhod-za-malinoi-v-techenie-sezona/","section-1","editorial_answer","","","",""
"как и когда сажать малину весной","1","2","Умеренная","https://malinaklubnika.ru/zhurnal/uhod-za-malinoi-vesnoi-posle-zimy/","section-1","editorial_answer","","","",""
"как климат влияет на сроки осенней посадки малины","1","1","Умеренная","https://malinaklubnika.ru/zhurnal/osennyaya-posadka-maliny-sroki-i-podgotovka/","section-1","editorial_answer","","","",""
"как называется клубника без усов","1","1","Умеренная","https://malinaklubnika.ru/zhurnal/klubnika-s-malyim-kolichestvom-usov/","section-1","editorial_answer","","","",""
"как обеззаразить почву перед посадкой клубники в августе в открытый грунт","1","1","Умеренная","https://malinaklubnika.ru/zhurnal/posadka-klubniki/","section-1","editorial_answer","","","",""
"как обработать клубнику нашатырным спиртом весной от вредителей и болезней","1","2","Умеренная","https://malinaklubnika.ru/zhurnal/vrediteli-klubniki-kak-razlichit/","section-4","editorial_answer","","","",""
"как осенью сажать малину","1","1","Умеренная","https://malinaklubnika.ru/zhurnal/osennyaya-posadka-maliny-sroki-i-podgotovka/","section-1","editorial_answer","","","",""
"как пересадить малину летом на новое место","1","1","Умеренная","https://malinaklubnika.ru/zhurnal/peresadka-maliny-na-novoe-mesto/","section-1","editorial_answer","","","",""
"как подготовить грядку для посадки малины","1","2","Умеренная","https://malinaklubnika.ru/zhurnal/posadka-maliny/","section-1","editorial_answer","","","",""
"как подготовить землю для посадки клубники в августе","1","1","Умеренная","https://malinaklubnika.ru/zhurnal/posadka-klubniki/","section-1","editorial_answer","","","",""
"как подготовить место для посадки малины","1","3","Умеренная","https://malinaklubnika.ru/zhurnal/posadka-maliny/","section-1","editorial_answer","","","",""
"как подготовить почву для посадки малины осенью","1","1","Умеренная","https://malinaklubnika.ru/zhurnal/kakuyu-pochvu-vybrat-dlya-maliny/","section-1","editorial_answer","","","",""
"как посадить кусты малины","1","1","Умеренная","https://malinaklubnika.ru/zhurnal/posadka-maliny/","section-1","editorial_answer","","","",""
"как посадить малину и когда","1","1","Умеренная","https://malinaklubnika.ru/zhurnal/posadka-maliny/","section-1","editorial_answer","","","",""
"как посадить малину осенью на даче","1","1","Умеренная","https://malinaklubnika.ru/zhurnal/osennyaya-posadka-maliny-sroki-i-podgotovka/","section-1","editorial_answer","","","",""
"как посадить малину осенью правильно","1","1","Умеренная","https://malinaklubnika.ru/zhurnal/osennyaya-posadka-maliny-sroki-i-podgotovka/","section-1","editorial_answer","","","",""
"как посадить малину правильно весной","1","1","Умеренная","https://malinaklubnika.ru/zhurnal/uhod-za-malinoi-vesnoi-posle-zimy/","section-1","editorial_answer","","","",""
"как посадить малину семенами","1","1","Умеренная","https://malinaklubnika.ru/zhurnal/posadka-maliny/","section-1","editorial_answer","","","",""
"как посадить саженец малины весной в открытый грунт","1","2","Умеренная","https://malinaklubnika.ru/zhurnal/uhod-za-malinoi-vesnoi-posle-zimy/","section-1","editorial_answer","","","",""
"как правильно выбрать время для осенней посадки малины","1","1","Умеренная","https://malinaklubnika.ru/zhurnal/osennyaya-posadka-maliny-sroki-i-podgotovka/","section-1","editorial_answer","","","",""
"как правильно высадить малину","1","1","Умеренная","https://malinaklubnika.ru/zhurnal/posadka-maliny/","section-1","editorial_answer","","","",""
"как правильно пересадить малину осенью на новое место в подмосковье сроки посадки","1","1","Умеренная","https://malinaklubnika.ru/zhurnal/osennyaya-posadka-maliny-sroki-i-podgotovka/","section-1","editorial_answer","","","",""
"как правильно посадить малину на участке весной","1","1","Умеренная","https://malinaklubnika.ru/zhurnal/uhod-za-malinoi-vesnoi-posle-zimy/","section-1","editorial_answer","","","",""
"как правильно посадить ремонтантную малину весной","1","1","Умеренная","https://malinaklubnika.ru/zhurnal/uhod-za-malinoi-vesnoi-posle-zimy/","section-1","editorial_answer","","","",""
"как правильно посадить тибетскую малину","1","1","Умеренная","https://malinaklubnika.ru/zhurnal/tibetskaya-malina-kakoe-rastenie/","section-3","editorial_answer","","","",""
"как правильно сажать кусты малины","1","1","Умеренная","https://malinaklubnika.ru/zhurnal/posadka-maliny/","section-2","editorial_answer","","","",""
"как правильно сажать малину и когда","1","2","Умеренная","https://malinaklubnika.ru/zhurnal/posadka-maliny/","section-1","editorial_answer","","","",""
"как правильно сажать малину осенью в открытый","1","2","Умеренная","https://malinaklubnika.ru/zhurnal/osennyaya-posadka-maliny-sroki-i-podgotovka/","section-1","editorial_answer","","","",""
"как правильно сажать ремонтантную малину весной в открытый грунт","1","1","Умеренная","https://malinaklubnika.ru/zhurnal/uhod-za-malinoi-vesnoi-posle-zimy/","section-1","editorial_answer","","","",""
"как правильно ухаживать за клубникой в августе","1","2","Умеренная","https://malinaklubnika.ru/zhurnal/uhod-za-klubnikoi-v-techenie-sezona/","section-3","editorial_answer","","","",""
"как размножается тибетская малина","1","1","Умеренная","https://malinaklubnika.ru/zhurnal/tibetskaya-malina-kakoe-rastenie/","section-3","editorial_answer","","","",""
"как растет тибетская малина","1","1","Умеренная","https://malinaklubnika.ru/zhurnal/tibetskaya-malina-kakoe-rastenie/","section-1","editorial_answer","","","",""
"как сажать малину из семян","1","1","Умеренная","https://malinaklubnika.ru/zhurnal/kak-vyrastit-malinu-iz-semyan/","section-1","editorial_answer","","","",""
"как сажать малину правильно весной","1","1","Умеренная","https://malinaklubnika.ru/zhurnal/uhod-za-malinoi-vesnoi-posle-zimy/","section-1","editorial_answer","","","",""
"как сажать малину расстояние между кустами","1","1","Умеренная","https://malinaklubnika.ru/zhurnal/rasstoyanie-posadki-maliny-i-pervyi-urozhai/","section-1","editorial_answer","","","",""
"как сажать ремонтантную малину осенью в открытый грунт","1","1","Умеренная","https://malinaklubnika.ru/zhurnal/osennyaya-posadka-maliny-sroki-i-podgotovka/","section-1","editorial_answer","","","",""
"как сажать саженцы малины осенью","1","2","Умеренная","https://malinaklubnika.ru/zhurnal/osennyaya-posadka-maliny-sroki-i-podgotovka/","section-1","editorial_answer","","","",""
"как сажают малину весной","1","1","Умеренная","https://malinaklubnika.ru/zhurnal/uhod-za-malinoi-vesnoi-posle-zimy/","section-1","editorial_answer","","","",""
"как сохранить саженец малины до весны","1","1","Умеренная","https://malinaklubnika.ru/zhurnal/kak-sohranit-sazhency-maliny-do-posadki/","section-2","editorial_answer","","","",""
"как сохранить саженец малины до посадки","1","5","Умеренная","https://malinaklubnika.ru/zhurnal/kak-sohranit-sazhency-maliny-do-posadki/","section-2","editorial_answer","","","",""
"как сохранить саженцы малины до весны","1","1","Умеренная","https://malinaklubnika.ru/zhurnal/kak-sohranit-sazhency-maliny-do-posadki/","section-2","editorial_answer","","","",""
"как сохранить саженцы малины до весны в домашних условиях","1","2","Умеренная","https://malinaklubnika.ru/zhurnal/kak-sohranit-sazhency-maliny-do-posadki/","section-2","editorial_answer","","","",""
"как сохранить саженцы малины до посадки","1","2","Умеренная","https://malinaklubnika.ru/zhurnal/kak-sohranit-sazhency-maliny-do-posadki/","section-2","editorial_answer","","","",""
"как ухаживать за древовидной малиной","1","1","Умеренная","https://malinaklubnika.ru/zhurnal/uhod-za-malinoi-v-techenie-sezona/","section-5","editorial_answer","","","",""
"как ухаживать за малиной гусар","1","1","Умеренная","https://malinaklubnika.ru/sorta/gusar/","seo-opisanie","cultivar_passport","","https://7dach.ru/KatyaK/gusar-krupnaya-sladkaya-malina-moego-sada-228819.html","https://7dach.ru/KatyaK/gusar-krupnaya-sladkaya-malina-moego-sada-228819.html; https://dachaotzyv.ru/malina-gusar/","grower_diary; external_published_reader_accounts"
"как ухаживать за малиной кумберленд","1","1","Умеренная","https://malinaklubnika.ru/sorta/raspberry-cumberland/","seo-opisanie","cultivar_passport","","","",""
"как ухаживать за малиной маравилла","1","1","Умеренная","https://malinaklubnika.ru/sorta/maravilla/","seo-opisanie","cultivar_passport","","https://patents.google.com/patent/USPP14804P2/en","https://dachaotzyv.ru/malina-maravilla/","external_published_reader_accounts"
"как ухаживать за малиной сказка","1","4","Умеренная","https://malinaklubnika.ru/sorta/malina-skazka/","seo-opisanie","cultivar_passport","","https://dachaotzyv.ru/malina-skazka/","https://dachaotzyv.ru/malina-skazka/","external_published_reader_accounts"
"как часто поливать малину после посадки","1","1","Умеренная","https://malinaklubnika.ru/zhurnal/poliv-i-mulcha-maliny/","section-1","editorial_answer","","","",""
"какая земля подходит для малины","1","1","Умеренная","https://malinaklubnika.ru/zhurnal/kakuyu-pochvu-vybrat-dlya-maliny/","section-1","editorial_answer","","","",""
"какая почва нужна для посадки малины","1","1","Умеренная","https://malinaklubnika.ru/zhurnal/kakuyu-pochvu-vybrat-dlya-maliny/","section-1","editorial_answer","","","",""
"какие лучшие сорта клубники","1","2","Умеренная","https://malinaklubnika.ru/zhurnal/kak-vybrat-sort-klubniki/","section-1","editorial_answer","","","",""
"какие удобрения нужны при посадке малины","1","1","Умеренная","https://malinaklubnika.ru/zhurnal/chem-podkormit-malinu-po-fazam/","section-2","editorial_answer","","","",""
"какие удобрения при посадке малины","1","1","Умеренная","https://malinaklubnika.ru/zhurnal/chem-podkormit-malinu-po-fazam/","section-2","editorial_answer","","","",""
"какими болезнями болеет малина","1","1","Умеренная","https://malinaklubnika.ru/zhurnal/bolezni-i-vrediteli-maliny-priznaki/","section-1","editorial_answer","","","",""
"какое расстояние между кустами малины при посадке должно быть","1","1","Умеренная","https://malinaklubnika.ru/zhurnal/rasstoyanie-posadki-maliny-i-pervyi-urozhai/","section-1","editorial_answer","","","",""
"какое расстояние между малиной при посадке","1","1","Умеренная","https://malinaklubnika.ru/zhurnal/rasstoyanie-posadki-maliny-i-pervyi-urozhai/","section-1","editorial_answer","","","",""
"какое расстояние между малиной при посадке должно быть","1","2","Умеренная","https://malinaklubnika.ru/zhurnal/rasstoyanie-posadki-maliny-i-pervyi-urozhai/","section-1","editorial_answer","","","",""
"какое расстояние между рядами малины","1","1","Умеренная","https://malinaklubnika.ru/zhurnal/rasstoyanie-posadki-maliny-i-pervyi-urozhai/","section-1","editorial_answer","","","",""
"какое расстояние между рядами малины должно быть","1","2","Умеренная","https://malinaklubnika.ru/zhurnal/rasstoyanie-posadki-maliny-i-pervyi-urozhai/","section-1","editorial_answer","","","",""
"какое удобрение вносить при посадке малины весной","1","1","Умеренная","https://malinaklubnika.ru/zhurnal/uhod-za-malinoi-vesnoi-posle-zimy/","section-1","editorial_answer","","","",""
"какой должна быть почва для малины","1","1","Умеренная","https://malinaklubnika.ru/zhurnal/kakuyu-pochvu-vybrat-dlya-maliny/","section-1","editorial_answer","","","",""
"какой нужен грунт для малины","1","1","Умеренная","https://malinaklubnika.ru/zhurnal/kakuyu-pochvu-vybrat-dlya-maliny/","section-1","editorial_answer","","","",""
"какой сорт клубники выбрать","1","1","Умеренная","https://malinaklubnika.ru/zhurnal/kak-vybrat-sort-klubniki/","section-1","editorial_answer","","","",""
"какую клубнику лучше сажать в подмосковье","1","1","Умеренная","https://malinaklubnika.ru/sorta/klubnika/regiony/","region-3","regional_admissions_and_trials","","","",""
"какую клубнику посадить в подмосковье","1","2","Умеренная","https://malinaklubnika.ru/zhurnal/posadka-klubniki/","section-1","editorial_answer","","","",""
"канал оренн малина про малину подкормка выращивание противредителей болезни и так далее","1","2","Умеренная","https://malinaklubnika.ru/zhurnal/bolezni-i-vrediteli-maliny-priznaki/","section-1","editorial_answer","","","",""
"кармен клубника описание отзывы","1","1","Умеренная","https://malinaklubnika.ru/sorta/strawberry-carmen-czech/","seo-reviews","cultivar_passport","gardener_reviews","","",""
"клери земляника садовая характеристики отзывы","1","1","Умеренная","https://malinaklubnika.ru/sorta/kleri/","otzyvy","cultivar_passport","","https://commons.wikimedia.org/wiki/File:Clery_Gartenerdbeere.JPG","https://dachaotzyv.ru/klubnika-kleri/","external_published_reader_accounts"
"клери клубника описание и отзывы","1","1","Умеренная","https://malinaklubnika.ru/sorta/kleri/","otzyvy","cultivar_passport","","https://commons.wikimedia.org/wiki/File:Clery_Gartenerdbeere.JPG","https://dachaotzyv.ru/klubnika-kleri/","external_published_reader_accounts"
"клери клубника характеристика","1","1","Умеренная","https://malinaklubnika.ru/sorta/kleri/","seo-opisanie","cultivar_passport","","https://commons.wikimedia.org/wiki/File:Clery_Gartenerdbeere.JPG","https://dachaotzyv.ru/klubnika-kleri/","external_published_reader_accounts"
"клубника альба описание отзывы","1","5","Умеренная","https://malinaklubnika.ru/sorta/alba/","otzyvy","cultivar_passport","","https://horticulturejournal.usamv.ro/pdf/2024/issue_1/Art2.pdf#page=3","https://dachaotzyv.ru/klubnika-alba/","external_published_reader_accounts"
"клубника альба фото и описание","1","1","Умеренная","https://malinaklubnika.ru/sorta/alba/","seo-photo","cultivar_passport","","https://horticulturejournal.usamv.ro/pdf/2024/issue_1/Art2.pdf#page=3","https://dachaotzyv.ru/klubnika-alba/","external_published_reader_accounts"
"клубника альбион описание отзывы","1","2","Умеренная","https://malinaklubnika.ru/sorta/albion/","otzyvy","cultivar_passport","","https://pmc.ncbi.nlm.nih.gov/articles/PMC8909511/#foods-11-00640-f001","https://7dach.ru/Bernata/klubnika-albion-avantyurnaya-ideya-uvenchavshayasya-uspehom-291485.html; https://7dach.ru/xena1505/sadovaya-zemlyanika-vne-sezona-4089.html; https://dachaotzyv.ru/klubnika-albion/","grower_diary; external_published_reader_accounts"
"клубника астара описание","1","1","Умеренная","https://malinaklubnika.ru/zhurnal/nazvaniya-klubniki-elizaveta-aprika-i-oshibki/","section-3","editorial_answer","","","",""
"клубника богота описание","1","1","Умеренная","https://malinaklubnika.ru/sorta/strawberry-bogota/","seo-opisanie","cultivar_passport","","https://dachaotzyv.ru/klubnika-bogota/","https://dachaotzyv.ru/klubnika-bogota/","external_published_reader_accounts"
"клубника боровицкая описание отзывы","1","3","Умеренная","https://malinaklubnika.ru/sorta/borovitskaya/","otzyvy","cultivar_passport","gardener_reviews","","",""
"клубника вима занта описание отзывы","1","1","Умеренная","https://malinaklubnika.ru/sorta/strawberry-vima-zanta/","seo-reviews","cultivar_passport","","https://dachaotzyv.ru/klubnika-vima-zanta/","https://dachaotzyv.ru/klubnika-vima-zanta/","external_published_reader_accounts"
"клубника вкуснятина описание","1","2","Умеренная","https://malinaklubnika.ru/sorta/strawberry-vkusnyatina-amur-trial/","seo-opisanie","cultivar_passport","","","",""
"клубника гигантелла описание отзывы садоводов урожайность","1","1","Умеренная","https://malinaklubnika.ru/sorta/gigantella/","seo-reviews","cultivar_passport","","https://7dach.ru/IgorKS/vkus-radosti---zemlyanika-gigantella-134540.html","https://7dach.ru/IgorKS/vkus-radosti---zemlyanika-gigantella-134540.html; https://dachaotzyv.ru/klubnika-gigantella/","grower_diary; external_published_reader_accounts"
"клубника дахли","1","1","Умеренная","https://malinaklubnika.ru/sorta/strawberry-dahli-flevo/","seo-opisanie","cultivar_passport","","","",""
"клубника дерселект","1","1","Умеренная","https://malinaklubnika.ru/sorta/strawberry-darselect/","seo-opisanie","cultivar_passport","","https://dachaotzyv.ru/klubnika-darselekt/","https://dachaotzyv.ru/klubnika-darselekt/","external_published_reader_accounts"
"клубника для подмосковья лучшие","1","1","Умеренная","https://malinaklubnika.ru/sorta/klubnika/regiony/","region-3","regional_admissions_and_trials","","","",""
"клубника заболела","1","1","Умеренная","https://malinaklubnika.ru/zhurnal/bolezni-klubniki-priznaki-i-proverka/","section-1","editorial_answer","","","",""
"клубника и ее болезни","1","1","Умеренная","https://malinaklubnika.ru/zhurnal/bolezni-klubniki-priznaki-i-proverka/","section-1","editorial_answer","","","",""
"клубника клери описание фото","1","1","Умеренная","https://malinaklubnika.ru/sorta/kleri/","seo-photo","cultivar_passport","","https://commons.wikimedia.org/wiki/File:Clery_Gartenerdbeere.JPG","https://dachaotzyv.ru/klubnika-kleri/","external_published_reader_accounts"
"клубника клери описание фото отзывы","1","1","Умеренная","https://malinaklubnika.ru/sorta/kleri/","otzyvy","cultivar_passport","","https://commons.wikimedia.org/wiki/File:Clery_Gartenerdbeere.JPG","https://dachaotzyv.ru/klubnika-kleri/","external_published_reader_accounts"
"клубника клери фото и описание отзывы","1","1","Умеренная","https://malinaklubnika.ru/sorta/kleri/","otzyvy","cultivar_passport","","https://commons.wikimedia.org/wiki/File:Clery_Gartenerdbeere.JPG","https://dachaotzyv.ru/klubnika-kleri/","external_published_reader_accounts"
"клубника клэри описание","1","2","Умеренная","https://malinaklubnika.ru/sorta/kleri/","seo-opisanie","cultivar_passport","","https://commons.wikimedia.org/wiki/File:Clery_Gartenerdbeere.JPG","https://dachaotzyv.ru/klubnika-kleri/","external_published_reader_accounts"
"клубника кулон фото","1","1","Умеренная","https://malinaklubnika.ru/zhurnal/nazvaniya-klubniki-elizaveta-aprika-i-oshibki/","section-6","editorial_answer","photo","","",""
"клубника купчиха отзывы описание","1","1","Умеренная","https://malinaklubnika.ru/sorta/kupchikha/","seo-reviews","cultivar_passport","","https://7dach.ru/bajenovasveta/zemklunika-kupchiha_2-224899.html","https://7dach.ru/bajenovasveta/zemklunika-kupchiha_2-224899.html; https://dachaotzyv.ru/klubnika-kupchiha/","grower_diary; external_published_reader_accounts"
"клубника ламбада описание отзывы","1","1","Умеренная","https://malinaklubnika.ru/sorta/strawberry-lambada/","seo-reviews","cultivar_passport","gardener_reviews","","",""
"клубника листья в пятнах коричневых что делать","1","1","Умеренная","https://malinaklubnika.ru/zhurnal/bolezni-klubniki-priznaki-i-proverka/","section-2","editorial_answer","","","",""
"клубника магнус отзывы садоводов","1","2","Умеренная","https://malinaklubnika.ru/sorta/magnus/","otzyvy","cultivar_passport","gardener_reviews","","",""
"клубника мадлен описание","1","1","Умеренная","https://malinaklubnika.ru/sorta/strawberry-madlen-skopje-trial/","seo-opisanie","cultivar_passport","","","",""
"клубника мальба описание и отзывы","1","1","Умеренная","https://malinaklubnika.ru/zhurnal/nazvaniya-klubniki-elizaveta-aprika-i-oshibki/","section-4","editorial_answer","gardener_reviews","","",""
"клубника мальвина описание и отзывы","1","1","Умеренная","https://malinaklubnika.ru/sorta/malvina/","otzyvy","cultivar_passport","","https://pmc.ncbi.nlm.nih.gov/articles/PMC11125040/#suppl_1","https://dachaotzyv.ru/klubnika-malvina/","external_published_reader_accounts"
"клубника мальвина описание фото","1","1","Умеренная","https://malinaklubnika.ru/sorta/malvina/","seo-photo","cultivar_passport","","https://pmc.ncbi.nlm.nih.gov/articles/PMC11125040/#suppl_1","https://dachaotzyv.ru/klubnika-malvina/","external_published_reader_accounts"
"клубника мальвина фото и описание","1","1","Умеренная","https://malinaklubnika.ru/sorta/malvina/","seo-photo","cultivar_passport","","https://pmc.ncbi.nlm.nih.gov/articles/PMC11125040/#suppl_1","https://dachaotzyv.ru/klubnika-malvina/","external_published_reader_accounts"
"клубника мармелада фото и описание","1","1","Умеренная","https://malinaklubnika.ru/sorta/strawberry-marmolada/","seo-photo","cultivar_passport","","https://dachaotzyv.ru/klubnika-marmelada/","https://dachaotzyv.ru/klubnika-marmelada/","external_published_reader_accounts"
"клубника машенька описание и отзывы","1","1","Умеренная","https://malinaklubnika.ru/sorta/mashenka/","seo-reviews","cultivar_passport","","https://dachaotzyv.ru/klubnika-mashenka/","https://dachaotzyv.ru/klubnika-mashenka/","external_published_reader_accounts"
"клубника мурана описание","1","1","Умеренная","https://malinaklubnika.ru/sorta/murano/","seo-opisanie","cultivar_passport","","https://commons.wikimedia.org/wiki/File:Fraises_Murano_en_Dordogne.jpg","https://7dach.ru/NatalyaAfonchenko/leto-2024-iyun-314014.html; https://dachaotzyv.ru/klubnika-murano/","grower_diary; external_published_reader_accounts"
"клубника обработка весной от болезней","1","2","Умеренная","https://malinaklubnika.ru/zhurnal/bolezni-klubniki-priznaki-i-proverka/","section-5","editorial_answer","","","",""
"клубника рейтинг лучших сортов для подмосковья","1","2","Умеренная","https://malinaklubnika.ru/sorta/klubnika/regiony/","region-3","regional_admissions_and_trials","","","",""
"клубника сладкий колосс описание","1","1","Умеренная","https://malinaklubnika.ru/sorta/strawberry-sweet-colossus-trade/","seo-opisanie","cultivar_passport","","","",""
"клубника флоранс описание","1","1","Умеренная","https://malinaklubnika.ru/sorta/strawberry-florence/","seo-opisanie","cultivar_passport","","https://7dach.ru/Svet-Kara/ya-klubniku-florens-posadila-vsem-lyubitelyam-klubniki-ugodila-257949.html","https://7dach.ru/Svet-Kara/ya-klubniku-florens-posadila-vsem-lyubitelyam-klubniki-ugodila-257949.html; https://dachaotzyv.ru/klubnika-florens/","grower_diary; external_published_reader_accounts"
"клубники азия описание","1","1","Умеренная","https://malinaklubnika.ru/sorta/aziya/","seo-opisanie","cultivar_passport","","https://horticulturejournal.usamv.ro/pdf/2024/issue_1/Art2.pdf#page=3","https://7dach.ru/Roselin/klubnika-aziya-moi-vpechatleniya-pervyy-opyt-302706.html; https://dachaotzyv.ru/klubnika-aziya/","grower_diary; external_published_reader_accounts"
"клубнику от болезней чем обработать","1","1","Умеренная","https://malinaklubnika.ru/zhurnal/bolezni-klubniki-priznaki-i-proverka/","section-5","editorial_answer","","","",""
"когда высаживать саженцы малины весной","1","1","Умеренная","https://malinaklubnika.ru/zhurnal/uhod-za-malinoi-vesnoi-posle-zimy/","section-1","editorial_answer","","","",""
"когда лучше посадить малину на дачном участке","1","3","Умеренная","https://malinaklubnika.ru/zhurnal/posadka-maliny/","section-1","editorial_answer","","","",""
"когда лучше сажать малину весной","1","2","Умеренная","https://malinaklubnika.ru/zhurnal/uhod-za-malinoi-vesnoi-posle-zimy/","section-1","editorial_answer","","","",""
"когда лучше сажать малину осенью","1","1","Умеренная","https://malinaklubnika.ru/zhurnal/osennyaya-posadka-maliny-sroki-i-podgotovka/","section-1","editorial_answer","","","",""
"когда можно сажать тибетскую малину","1","1","Умеренная","https://malinaklubnika.ru/zhurnal/tibetskaya-malina-kakoe-rastenie/","section-3","editorial_answer","","","",""
"когда начинает плодоносить малина","1","1","Умеренная","https://malinaklubnika.ru/zhurnal/rasstoyanie-posadki-maliny-i-pervyi-urozhai/","section-1","editorial_answer","","","",""
"когда начинает плодоносить малина после посадки","1","1","Умеренная","https://malinaklubnika.ru/zhurnal/rasstoyanie-posadki-maliny-i-pervyi-urozhai/","section-1","editorial_answer","","","",""
"когда начинает плодоносить малина после посадки саженцев","1","1","Умеренная","https://malinaklubnika.ru/zhurnal/rasstoyanie-posadki-maliny-i-pervyi-urozhai/","section-1","editorial_answer","","","",""
"когда нужно сажать малину весной","1","1","Умеренная","https://malinaklubnika.ru/zhurnal/uhod-za-malinoi-vesnoi-posle-zimy/","section-1","editorial_answer","","","",""
"когда обрабатывать клубнику после сбора урожая в июле и чем подкормить клубнику","1","1","Умеренная","https://malinaklubnika.ru/zhurnal/chem-podkormit-klubniku-po-analizu-pochvy/","section-2","editorial_answer","","","",""
"когда опрыскивать малину от вредителей весной","1","1","Умеренная","https://malinaklubnika.ru/zhurnal/bolezni-i-vrediteli-maliny-priznaki/","section-1","editorial_answer","","","",""
"когда опрыскивать малину смородину и крыжовник весной от вредителей и болезней","1","1","Умеренная","https://malinaklubnika.ru/zhurnal/bolezni-i-vrediteli-maliny-priznaki/","section-1","editorial_answer","","","",""
"когда плодоносит малина после посадки","1","1","Умеренная","https://malinaklubnika.ru/zhurnal/rasstoyanie-posadki-maliny-i-pervyi-urozhai/","section-1","editorial_answer","","","",""
"когда посадить малину весной","1","1","Умеренная","https://malinaklubnika.ru/zhurnal/uhod-za-malinoi-vesnoi-posle-zimy/","section-1","editorial_answer","","","",""
"когда садить малину в сибири осенью","1","1","Умеренная","https://malinaklubnika.ru/zhurnal/osennyaya-posadka-maliny-sroki-i-podgotovka/","section-1","editorial_answer","","","",""
"крупная клубника для сибири","1","1","Умеренная","https://malinaklubnika.ru/sorta/klubnika/regiony/","region-10","regional_admissions_and_trials","","","",""
"куда на участке посадить малину","1","1","Умеренная","https://malinaklubnika.ru/zhurnal/posadka-maliny/","section-1","editorial_answer","","","",""
"кумберленд описание сорта фото отзывы","1","1","Умеренная","https://malinaklubnika.ru/sorta/raspberry-cumberland/","seo-reviews","cultivar_passport","photo; gardener_reviews","","",""
"купчиха виктория описание","1","1","Умеренная","https://malinaklubnika.ru/sorta/strawberry-victoria/","seo-opisanie","cultivar_passport","","https://dachaotzyv.ru/klubnika-viktoriya/","https://dachaotzyv.ru/klubnika-viktoriya/","external_published_reader_accounts"
"купчиха виктория описание сорта фото","1","2","Умеренная","https://malinaklubnika.ru/sorta/strawberry-victoria/","seo-photo","cultivar_passport","","https://dachaotzyv.ru/klubnika-viktoriya/","https://dachaotzyv.ru/klubnika-viktoriya/","external_published_reader_accounts"
"купчиха описание сорта","1","1","Умеренная","https://malinaklubnika.ru/sorta/kupchikha/","seo-opisanie","cultivar_passport","","https://7dach.ru/bajenovasveta/zemklunika-kupchiha_2-224899.html","https://7dach.ru/bajenovasveta/zemklunika-kupchiha_2-224899.html; https://dachaotzyv.ru/klubnika-kupchiha/","grower_diary; external_published_reader_accounts"
"кустовая малина посадка и уход в открытом грунте","1","1","Умеренная","https://malinaklubnika.ru/zhurnal/posadka-maliny/","section-1","editorial_answer","","","",""
"кустовой способ посадки малины","1","2","Умеренная","https://malinaklubnika.ru/zhurnal/posadka-maliny/","section-1","editorial_answer","","","",""
"лечение клубники от нематоды","1","3","Умеренная","https://malinaklubnika.ru/zhurnal/zhelteet-krasneet-i-sohnet-klubnika/","section-6","editorial_answer","","","",""
"лист клубники болезни","1","1","Умеренная","https://malinaklubnika.ru/zhurnal/bolezni-klubniki-priznaki-i-proverka/","section-1","editorial_answer","","","",""
"листья малины как обожженные","1","2","Умеренная","https://malinaklubnika.ru/zhurnal/listya-maliny-kak-vyglyadyat/","section-2","editorial_answer","","","",""
"лорд земляника описание","1","1","Умеренная","https://malinaklubnika.ru/sorta/strawberry-lord/","seo-opisanie","cultivar_passport","","https://7dach.ru/Tanjeen/klubnichnyy-placdarm-nachalo-s-prodolzheniem-266576.html","https://7dach.ru/Tanjeen/klubnichnyy-placdarm-nachalo-s-prodolzheniem-266576.html; https://dachaotzyv.ru/klubnika-lord/","grower_diary; external_published_reader_accounts"
"лорд клубника описание и отзывы","1","1","Умеренная","https://malinaklubnika.ru/sorta/strawberry-lord/","seo-reviews","cultivar_passport","","https://7dach.ru/Tanjeen/klubnichnyy-placdarm-nachalo-s-prodolzheniem-266576.html","https://7dach.ru/Tanjeen/klubnichnyy-placdarm-nachalo-s-prodolzheniem-266576.html; https://dachaotzyv.ru/klubnika-lord/","grower_diary; external_published_reader_accounts"
"лунный календарь на апрель 2026 г для посадки малины и смородины","1","1","Умеренная","https://malinaklubnika.ru/zhurnal/posadka-maliny/","section-1","editorial_answer","","","",""
"лунный календарь на май 2026 г для посадки малины и смородины","1","2","Умеренная","https://malinaklubnika.ru/zhurnal/posadka-maliny/","section-1","editorial_answer","","","",""
"лучшая клубника для средней полосы","1","6","Умеренная","https://malinaklubnika.ru/sorta/klubnika/","catalog","catalog_comparison","","","",""
"лучшая малина по отзывам садоводов","1","1","Умеренная","https://malinaklubnika.ru/sorta/malina/","catalog","catalog_comparison","","","",""
"лучшее место для посадки малины","1","2","Умеренная","https://malinaklubnika.ru/zhurnal/posadka-maliny/","section-1","editorial_answer","","","",""
"лучшие неприхотливые сорта клубники","1","1","Умеренная","https://malinaklubnika.ru/zhurnal/kak-vybrat-sort-klubniki/","section-1","editorial_answer","","","",""
"лучшие сорта ремонтантной земляники для подмосковья для открытого грунта","1","2","Умеренная","https://malinaklubnika.ru/sorta/klubnika/regiony/","region-3","regional_admissions_and_trials","","","",""
"максим виктория описание сорта","1","1","Умеренная","https://malinaklubnika.ru/sorta/strawberry-victoria/","seo-opisanie","cultivar_passport","","https://dachaotzyv.ru/klubnika-viktoriya/","https://dachaotzyv.ru/klubnika-viktoriya/","external_published_reader_accounts"
"малина аврора отзывы","1","1","Умеренная","https://malinaklubnika.ru/sorta/raspberry-aurora/","seo-reviews","cultivar_passport","gardener_reviews","","",""
"малина аврора отзывы садоводов","1","1","Умеренная","https://malinaklubnika.ru/sorta/raspberry-aurora/","seo-reviews","cultivar_passport","gardener_reviews","","",""
"малина антарес описание","1","1","Умеренная","https://malinaklubnika.ru/sorta/raspberry-antares/","seo-opisanie","cultivar_passport","","","",""
"малина арбат описание","1","1","Умеренная","https://malinaklubnika.ru/sorta/raspberry-arbat/","seo-opisanie","cultivar_passport","","https://dachaotzyv.ru/malina-arbat/","https://dachaotzyv.ru/malina-arbat/","external_published_reader_accounts"
"малина бирюсинка отзывы","1","2","Умеренная","https://malinaklubnika.ru/sorta/raspberry-biryusinka/","seo-reviews","cultivar_passport","gardener_reviews","","",""
"малина блестящая отзывы","1","2","Умеренная","https://malinaklubnika.ru/sorta/raspberry-brilliantovaya/","seo-reviews","cultivar_passport","gardener_reviews","","",""
"малина богатырь фото","1","1","Умеренная","https://malinaklubnika.ru/sorta/raspberry-bogatyr-trade/","seo-photo","cultivar_passport","photo","","",""
"малина васена видео","1","1","Умеренная","https://malinaklubnika.ru/sorta/raspberry-vasena/","seo-opisanie","cultivar_passport","","","",""
"малина геракл описание отзывы","1","1","Умеренная","https://malinaklubnika.ru/sorta/gerakl/","otzyvy","cultivar_passport","","https://biosel.elpub.ru/jour/article/download/116/115#page=9","https://dachaotzyv.ru/malina-gerakl/","external_published_reader_accounts"
"малина гигант московский описание отзывы","1","2","Умеренная","https://malinaklubnika.ru/sorta/moskovskiy-gigant/","seo-reviews","cultivar_passport","","","https://dachaotzyv.ru/malina-moskovskij-gigant/","external_published_reader_accounts"
"малина гигант рубиновый отзывы","1","3","Умеренная","https://malinaklubnika.ru/sorta/raspberry-gigant-rubinovyi-trade/","seo-reviews","cultivar_passport","gardener_reviews","","",""
"малина гордость россии описание сорта посадка и уход в открытом грунте","1","1","Умеренная","https://malinaklubnika.ru/sorta/gordost-rossii/","seo-care","cultivar_passport","","","https://7dach.ru/Alex_Eskin/podelites-opytom-vyraschivaniya-maliny-gordost-rossii-221162.html","grower_diary"
"малина дабл голд описание сорта фото отзывы","1","5","Умеренная","https://malinaklubnika.ru/sorta/double-gold/","otzyvy","cultivar_passport","photo; gardener_reviews","","",""
"малина дельбар манифик описание сорта фото отзывы садоводов","1","5","Умеренная","https://malinaklubnika.ru/sorta/raspberry-delbar-manifik-trade/","seo-reviews","cultivar_passport","photo; gardener_reviews","","",""
"малина для урала","1","3","Умеренная","https://malinaklubnika.ru/sorta/malina/regiony/","region-9","regional_admissions_and_trials","","","",""
"малина доломия описание сорта фото отзывы","1","10","Умеренная","https://malinaklubnika.ru/sorta/raspberry-dolomia-plus/","seo-reviews","cultivar_passport","photo; gardener_reviews","","",""
"малина дочь геракла отзывы садоводов","1","1","Умеренная","https://malinaklubnika.ru/sorta/raspberry-doch-gerakla-trade/","seo-reviews","cultivar_passport","","https://dachaotzyv.ru/malina-doch-gerakla/","https://dachaotzyv.ru/malina-doch-gerakla/","external_published_reader_accounts"
"малина дочь геракла ремонтантная","1","1","Умеренная","https://malinaklubnika.ru/sorta/raspberry-doch-gerakla-trade/","seo-opisanie","cultivar_passport","","https://dachaotzyv.ru/malina-doch-gerakla/","https://dachaotzyv.ru/malina-doch-gerakla/","external_published_reader_accounts"
"малина жанна орлеанская","1","2","Умеренная","https://malinaklubnika.ru/sorta/raspberry-jeanne-d-orleans/","seo-opisanie","cultivar_passport","","","",""
"малина земляничная тибетская отзывы","1","1","Умеренная","https://malinaklubnika.ru/zhurnal/tibetskaya-malina-kakoe-rastenie/","section-4","editorial_answer","","","",""
"малина и крыжовник совместимость в посадке","1","1","Умеренная","https://malinaklubnika.ru/zhurnal/posadka-maliny/","section-1","editorial_answer","","","",""
"малина и слива совместимость в посадке","1","1","Умеренная","https://malinaklubnika.ru/zhurnal/sosedstvo-maliny-i-slivy/","section-1","editorial_answer","","","",""
"малина и черная смородина совместимость в посадке","1","1","Умеренная","https://malinaklubnika.ru/zhurnal/chernaya-malina-kumberlend-vyrashchivanie-i-obrezka/","section-2","editorial_answer","","","",""
"малина иллюзия описание сорта фото отзывы","1","5","Умеренная","https://malinaklubnika.ru/sorta/raspberry-illyuziya/","seo-reviews","cultivar_passport","photo; gardener_reviews","","",""
"малина как правильно сажать","1","1","Умеренная","https://malinaklubnika.ru/zhurnal/posadka-maliny/","section-2","editorial_answer","","","",""
"малина какая лучше","1","1","Умеренная","https://malinaklubnika.ru/sorta/malina/","catalog","catalog_comparison","","","",""
"малина карамелька описание и посадка и уход","1","1","Умеренная","https://malinaklubnika.ru/sorta/karamelka/","seo-care","cultivar_passport","","https://7dach.ru/user_7878_SveKle/malina-karamelka-kto-vyraschivaet-podelites-vpechatleniyami-296146.html","https://7dach.ru/user_7878_SveKle/malina-karamelka-kto-vyraschivaet-podelites-vpechatleniyami-296146.html; https://dachaotzyv.ru/malina-karamelka/","grower_diary; external_published_reader_accounts"
"малина карамелька описание и посадка и уход в открытом грунте","1","1","Умеренная","https://malinaklubnika.ru/sorta/karamelka/","seo-care","cultivar_passport","","https://7dach.ru/user_7878_SveKle/malina-karamelka-kto-vyraschivaet-podelites-vpechatleniyami-296146.html","https://7dach.ru/user_7878_SveKle/malina-karamelka-kto-vyraschivaet-podelites-vpechatleniyami-296146.html; https://dachaotzyv.ru/malina-karamelka/","grower_diary; external_published_reader_accounts"
"малина кларита описание сорта","1","5","Умеренная","https://malinaklubnika.ru/sorta/raspberry-clarita/","seo-opisanie","cultivar_passport","","","",""
"малина когда начинает плодоносить","1","1","Умеренная","https://malinaklubnika.ru/zhurnal/rasstoyanie-posadki-maliny-i-pervyi-urozhai/","section-2","editorial_answer","","","",""
"малина когда сажать лучше","1","2","Умеренная","https://malinaklubnika.ru/zhurnal/posadka-maliny/","section-3","editorial_answer","","","",""
"малина кумберленд описание отзывы","1","1","Умеренная","https://malinaklubnika.ru/sorta/raspberry-cumberland/","seo-reviews","cultivar_passport","gardener_reviews","","",""
"малина лучшие сорта для сибири","1","6","Умеренная","https://malinaklubnika.ru/sorta/malina/regiony/","region-10","regional_admissions_and_trials","","","",""
"малина маравилла уход","1","3","Умеренная","https://malinaklubnika.ru/sorta/maravilla/","seo-care","cultivar_passport","","https://patents.google.com/patent/USPP14804P2/en","https://dachaotzyv.ru/malina-maravilla/","external_published_reader_accounts"
"малина маросейка отзывы садоводов","1","3","Умеренная","https://malinaklubnika.ru/sorta/maroseyka/","otzyvy","cultivar_passport","","https://ferma.expert/rasteniya/maroseyka/","https://dachaotzyv.ru/malina-marosejka/","external_published_reader_accounts"
"малина муза","1","2","Умеренная","https://malinaklubnika.ru/sorta/raspberry-muza/","seo-opisanie","cultivar_passport","","","",""
"малина мяу мяу описание сорта","1","1","Умеренная","https://malinaklubnika.ru/zhurnal/tibetskaya-malina-kakoe-rastenie/","section-6","editorial_answer","","","",""
"малина мяу мяу описание сорта фото отзывы","1","2","Умеренная","https://malinaklubnika.ru/zhurnal/tibetskaya-malina-kakoe-rastenie/","section-6","editorial_answer","","","",""
"малина на штамбе как вырастить","1","1","Умеренная","https://malinaklubnika.ru/zhurnal/uhod-za-malinoi-v-techenie-sezona/","section-5","editorial_answer","","","",""
"малина на штамбе посадка и уход","1","1","Умеренная","https://malinaklubnika.ru/zhurnal/posadka-maliny/","section-1","editorial_answer","","","",""
"малина на штамбе посадка и уход в открытом грунте","1","1","Умеренная","https://malinaklubnika.ru/zhurnal/posadka-maliny/","section-1","editorial_answer","","","",""
"малина новгородец описание отзывы фото","1","1","Умеренная","https://malinaklubnika.ru/zhurnal/nazvaniya-maliny-chudo-kuzmina-novgorodets/","section-3","editorial_answer","photo; gardener_reviews","","",""
"малина память кузьмина","1","2","Умеренная","https://malinaklubnika.ru/zhurnal/nazvaniya-maliny-chudo-kuzmina-novgorodets/","section-2","editorial_answer","","","",""
"малина патриция уход","1","1","Умеренная","https://malinaklubnika.ru/sorta/patritsiya/","seo-care","cultivar_passport","","https://dachaotzyv.ru/malina-patriciya/","https://dachaotzyv.ru/malina-patriciya/","external_published_reader_accounts"
"малина плодоносит на какой год","1","2","Умеренная","https://malinaklubnika.ru/zhurnal/rasstoyanie-posadki-maliny-i-pervyi-urozhai/","section-2","editorial_answer","","","",""
"малина ползучая фото и описание","1","1","Умеренная","https://malinaklubnika.ru/zhurnal/tibetskaya-malina-kakoe-rastenie/","section-7","editorial_answer","","","",""
"малина полька описание сорта посадка и уход","1","1","Умеренная","https://malinaklubnika.ru/sorta/polka/","seo-care","cultivar_passport","","https://pmc.ncbi.nlm.nih.gov/articles/PMC10673471/#metabolites-13-01124-f001","https://dachaotzyv.ru/malina-polka/","external_published_reader_accounts"
"малина полька уход посадка","1","1","Умеренная","https://malinaklubnika.ru/sorta/polka/","seo-care","cultivar_passport","","https://pmc.ncbi.nlm.nih.gov/articles/PMC10673471/#metabolites-13-01124-f001","https://dachaotzyv.ru/malina-polka/","external_published_reader_accounts"
"малина посадка весной как правильно","1","1","Умеренная","https://malinaklubnika.ru/zhurnal/uhod-za-malinoi-vesnoi-posle-zimy/","section-1","editorial_answer","","","",""
"малина посадка и уход в открытом грунте весной","1","4","Умеренная","https://malinaklubnika.ru/zhurnal/uhod-za-malinoi-vesnoi-posle-zimy/","section-1","editorial_answer","","","",""
"малина посадка осенью в открытый грунт","1","2","Умеренная","https://malinaklubnika.ru/zhurnal/osennyaya-posadka-maliny-sroki-i-podgotovka/","section-1","editorial_answer","","","",""
"малина посадка уход","1","1","Умеренная","https://malinaklubnika.ru/zhurnal/posadka-maliny/","section-1","editorial_answer","","","",""
"малина пшехиба фото и описание","1","1","Умеренная","https://malinaklubnika.ru/sorta/pshehiba/","seo-photo","cultivar_passport","","https://www.brzezna.pl/malina-rubus-idaeus-przehyba/","",""
"малина ремонтантная бабье лето отзывы","1","2","Умеренная","https://malinaklubnika.ru/sorta/raspberry-babye-leto/","seo-reviews","cultivar_passport","","https://dachaotzyv.ru/malina-babe-leto/","https://dachaotzyv.ru/malina-babe-leto/","external_published_reader_accounts"
"малина ремонтантная геракл описание","1","2","Умеренная","https://malinaklubnika.ru/sorta/gerakl/","seo-opisanie","cultivar_passport","","https://biosel.elpub.ru/jour/article/download/116/115#page=9","https://dachaotzyv.ru/malina-gerakl/","external_published_reader_accounts"
"малина ремонтантная для подмосковья","1","2","Умеренная","https://malinaklubnika.ru/zhurnal/sorta-maliny-dlya-podmoskovya-kak-vybrat/","section-1","editorial_answer","","","",""
"малина ремонтантная зюгана описание","1","1","Умеренная","https://malinaklubnika.ru/sorta/raspberry-sugana/","seo-opisanie","cultivar_passport","","https://www.luberaedibles.com/cdn/shop/products/Rubus_Twotimer__Sugana_1_550x550.jpg?v=1675066659","https://dachaotzyv.ru/malina-zyugana/","external_published_reader_accounts"
"малина ремонтантная маравилла описание","1","1","Умеренная","https://malinaklubnika.ru/sorta/maravilla/","seo-opisanie","cultivar_passport","","https://patents.google.com/patent/USPP14804P2/en","https://dachaotzyv.ru/malina-maravilla/","external_published_reader_accounts"
"малина ремонтантная похвалинка отзывы","1","1","Умеренная","https://malinaklubnika.ru/sorta/pohvalinka/","otzyvy","cultivar_passport","gardener_reviews","","",""
"малина садовая посадка и уход 5 золотых правил","1","2","Умеренная","https://malinaklubnika.ru/zhurnal/posadka-maliny/","section-1","editorial_answer","","","",""
"малина саженцы для посадки dostavka-krupnomerov.ru","1","1","Умеренная","https://malinaklubnika.ru/zhurnal/posadka-maliny/","section-1","editorial_answer","","","",""
"малина самородок отзывы","1","1","Умеренная","https://malinaklubnika.ru/sorta/raspberry-samorodok/","seo-reviews","cultivar_passport","gardener_reviews","","",""
"малина самохвал фото и описание","1","1","Умеренная","https://malinaklubnika.ru/sorta/samohval/","seo-photo","cultivar_passport","photo","","",""
"малина сказка описание отзывы","1","1","Умеренная","https://malinaklubnika.ru/sorta/malina-skazka/","seo-reviews","cultivar_passport","","https://dachaotzyv.ru/malina-skazka/","https://dachaotzyv.ru/malina-skazka/","external_published_reader_accounts"
"малина сказка уход и выращивание","1","2","Умеренная","https://malinaklubnika.ru/sorta/malina-skazka/","seo-care","cultivar_passport","","https://dachaotzyv.ru/malina-skazka/","https://dachaotzyv.ru/malina-skazka/","external_published_reader_accounts"
"малина скандинавская","1","2","Умеренная","https://malinaklubnika.ru/zhurnal/tibetskaya-malina-kakoe-rastenie/","section-6","editorial_answer","","","",""
"малина слава","1","1","Умеренная","https://malinaklubnika.ru/sorta/raspberry-slava-rossii-trade/","seo-opisanie","cultivar_passport","","","",""
"малина сорт гусар описание сорта фото отзывы","1","3","Умеренная","https://malinaklubnika.ru/sorta/gusar/","otzyvy","cultivar_passport","","https://7dach.ru/KatyaK/gusar-krupnaya-sladkaya-malina-moego-sada-228819.html","https://7dach.ru/KatyaK/gusar-krupnaya-sladkaya-malina-moego-sada-228819.html; https://dachaotzyv.ru/malina-gusar/","grower_diary; external_published_reader_accounts"
"малина сорт гусар описание фото отзывы посадка и уход","1","2","Умеренная","https://malinaklubnika.ru/sorta/gusar/","otzyvy","cultivar_passport","","https://7dach.ru/KatyaK/gusar-krupnaya-sladkaya-malina-moego-sada-228819.html","https://7dach.ru/KatyaK/gusar-krupnaya-sladkaya-malina-moego-sada-228819.html; https://dachaotzyv.ru/malina-gusar/","grower_diary; external_published_reader_accounts"
"малина сорт сказка описание","1","1","Умеренная","https://malinaklubnika.ru/sorta/malina-skazka/","seo-opisanie","cultivar_passport","","https://dachaotzyv.ru/malina-skazka/","https://dachaotzyv.ru/malina-skazka/","external_published_reader_accounts"
"малина схема посадки","1","1","Умеренная","https://malinaklubnika.ru/zhurnal/posadka-maliny/","section-1","editorial_answer","","","",""
"малина тадмор описание сорта фото отзывы садоводов","1","6","Умеренная","https://malinaklubnika.ru/sorta/raspberry-tadmor/","seo-reviews","cultivar_passport","","https://dachaotzyv.ru/malina-tadmor/","https://dachaotzyv.ru/malina-tadmor/","external_published_reader_accounts"
"малина тибетская розолистная описание и фото","1","1","Умеренная","https://malinaklubnika.ru/zhurnal/tibetskaya-malina-kakoe-rastenie/","section-2","editorial_answer","","","",""
"малина усанка","1","1","Умеренная","https://malinaklubnika.ru/sorta/raspberry-usanka/","seo-opisanie","cultivar_passport","","","",""
"малина устойчивая к болезням и вредителям","1","2","Умеренная","https://malinaklubnika.ru/zhurnal/bolezni-i-vrediteli-maliny-priznaki/","section-1","editorial_answer","","","",""
"малина уход и посадка в бревна","1","1","Умеренная","https://malinaklubnika.ru/zhurnal/posadka-maliny/","section-1","editorial_answer","","","",""
"малина уход посадка","1","1","Умеренная","https://malinaklubnika.ru/zhurnal/posadka-maliny/","section-1","editorial_answer","","","",""
"малина херитейдж описание отзывы","1","2","Умеренная","https://malinaklubnika.ru/sorta/heritage/","otzyvy","cultivar_passport","","https://www.flickr.com/photos/graibeard/3220923545/","https://dachaotzyv.ru/malina-heritejdzh/","external_published_reader_accounts"
"малина штамбовая что","1","1","Умеренная","https://malinaklubnika.ru/zhurnal/uhod-za-malinoi-v-techenie-sezona/","section-5","editorial_answer","","","",""
"малина штамбовая что это значит","1","1","Умеренная","https://malinaklubnika.ru/zhurnal/uhod-za-malinoi-v-techenie-sezona/","section-5","editorial_answer","","","",""
"малиновое дерево богатырь описание сорта фото отзывы особенности выращивания","1","1","Умеренная","https://malinaklubnika.ru/sorta/raspberry-bogatyr-trade/","seo-reviews","cultivar_passport","photo; gardener_reviews","","",""
"малиновое дерево как выглядит фото","1","1","Умеренная","https://malinaklubnika.ru/zhurnal/malinovoe-derevo-tarusa/","section-1","editorial_answer","","","",""
"малиновое дерево как выращивать","1","1","Умеренная","https://malinaklubnika.ru/zhurnal/malinovoe-derevo-tarusa/","section-1","editorial_answer","","","",""
"малиновое дерево сказка описание сорта отзывы","1","1","Умеренная","https://malinaklubnika.ru/sorta/malina-skazka/","seo-reviews","cultivar_passport","","https://dachaotzyv.ru/malina-skazka/","https://dachaotzyv.ru/malina-skazka/","external_published_reader_accounts"
"малиновое дерево сказка описание характеристики","1","1","Умеренная","https://malinaklubnika.ru/sorta/malina-skazka/","seo-opisanie","cultivar_passport","","https://dachaotzyv.ru/malina-skazka/","https://dachaotzyv.ru/malina-skazka/","external_published_reader_accounts"
"малиновое дерево таруса как ухаживать","1","1","Умеренная","https://malinaklubnika.ru/sorta/tarusa/","seo-opisanie","cultivar_passport","","https://7dach.ru/SvetikOdessa/malinovoe-derevo_2-72683.html","https://7dach.ru/SvetikOdessa/malinovoe-derevo_2-72683.html; https://dachaotzyv.ru/malina-tarusa/","grower_diary; external_published_reader_accounts"
"малиновое дерево таруса отзывы садоводов фото и описание","1","1","Умеренная","https://malinaklubnika.ru/sorta/tarusa/","otzyvy","cultivar_passport","","https://7dach.ru/SvetikOdessa/malinovoe-derevo_2-72683.html","https://7dach.ru/SvetikOdessa/malinovoe-derevo_2-72683.html; https://dachaotzyv.ru/malina-tarusa/","grower_diary; external_published_reader_accounts"
"малиновое дерево таруса посадка","1","1","Умеренная","https://malinaklubnika.ru/sorta/tarusa/","seo-care","cultivar_passport","","https://7dach.ru/SvetikOdessa/malinovoe-derevo_2-72683.html","https://7dach.ru/SvetikOdessa/malinovoe-derevo_2-72683.html; https://dachaotzyv.ru/malina-tarusa/","grower_diary; external_published_reader_accounts"
"малиновое дерево терентий отзывы","1","1","Умеренная","https://malinaklubnika.ru/sorta/raspberry-terentiy/","seo-reviews","cultivar_passport","","https://dachaotzyv.ru/malina-terentij/","https://dachaotzyv.ru/malina-terentij/","external_published_reader_accounts"
"малину где сажать лучше на дачном участке","1","4","Умеренная","https://malinaklubnika.ru/zhurnal/posadka-maliny/","section-1","editorial_answer","","","",""
"малину когда сажать осенью","1","2","Умеренная","https://malinaklubnika.ru/zhurnal/osennyaya-posadka-maliny-sroki-i-podgotovka/","section-1","editorial_answer","","","",""
"малину можно сажать осенью","1","1","Умеренная","https://malinaklubnika.ru/zhurnal/osennyaya-posadka-maliny-sroki-i-podgotovka/","section-1","editorial_answer","","","",""
"место для малины на участке как выбрать","1","1","Умеренная","https://malinaklubnika.ru/zhurnal/posadka-maliny/","section-1","editorial_answer","","","",""
"место для посадки малины на дачном участке","1","2","Умеренная","https://malinaklubnika.ru/zhurnal/posadka-maliny/","section-1","editorial_answer","","","",""
"методы борьбы с болезнями малины","1","1","Умеренная","https://malinaklubnika.ru/zhurnal/bolezni-i-vrediteli-maliny-priznaki/","section-5","editorial_answer","","","",""
"микориза при посадки малины","1","1","Умеренная","https://malinaklubnika.ru/zhurnal/posadka-maliny/","section-1","editorial_answer","","","",""
"можно ли весной сажать малину","1","1","Умеренная","https://malinaklubnika.ru/zhurnal/uhod-za-malinoi-vesnoi-posle-zimy/","section-1","editorial_answer","","","",""
"можно ли выращивать малину в теплице","1","2","Умеренная","https://malinaklubnika.ru/zhurnal/klubnika-i-malina-v-teplitse/","section-4","editorial_answer","","","",""
"можно опрыскивать клубнику во время цветения","1","1","Умеренная","https://malinaklubnika.ru/zhurnal/obrabotka-klubniki-i-maliny-po-sezonu/","section-2","editorial_answer","","","",""
"моллинг белла малина","1","1","Умеренная","https://malinaklubnika.ru/sorta/raspberry-malling-bella/","seo-opisanie","cultivar_passport","","","",""
"мурано ремонтантная клубника фото и описание","1","1","Умеренная","https://malinaklubnika.ru/sorta/murano/","seo-photo","cultivar_passport","","https://commons.wikimedia.org/wiki/File:Fraises_Murano_en_Dordogne.jpg","https://7dach.ru/NatalyaAfonchenko/leto-2024-iyun-314014.html; https://dachaotzyv.ru/klubnika-murano/","grower_diary; external_published_reader_accounts"
"на какой год плодоносит малина после посадки","1","1","Умеренная","https://malinaklubnika.ru/zhurnal/rasstoyanie-posadki-maliny-i-pervyi-urozhai/","section-1","editorial_answer","","","",""
"на каком расстоянии высаживают малину","1","1","Умеренная","https://malinaklubnika.ru/zhurnal/rasstoyanie-posadki-maliny-i-pervyi-urozhai/","section-1","editorial_answer","","","",""
"на каком расстоянии друг от друга сажать малину ремонтантную","1","1","Умеренная","https://malinaklubnika.ru/zhurnal/rasstoyanie-posadki-maliny-i-pervyi-urozhai/","section-1","editorial_answer","","","",""
"на каком расстоянии от забора соседей можно сажать малину","1","1","Умеренная","https://malinaklubnika.ru/zhurnal/rasstoyanie-posadki-maliny-i-pervyi-urozhai/","section-1","editorial_answer","","","",""
"на каком расстоянии садится малина","1","1","Умеренная","https://malinaklubnika.ru/zhurnal/rasstoyanie-posadki-maliny-i-pervyi-urozhai/","section-1","editorial_answer","","","",""
"на каком расстоянии сажать саженцы малины друг от друга","1","1","Умеренная","https://malinaklubnika.ru/zhurnal/rasstoyanie-posadki-maliny-i-pervyi-urozhai/","section-1","editorial_answer","","","",""
"на клубнике появились красные пятна","1","1","Умеренная","https://malinaklubnika.ru/zhurnal/bolezni-klubniki-priznaki-i-proverka/","section-2","editorial_answer","","","",""
"на листьях клубники коричневые пятна что это за болезнь","1","3","Умеренная","https://malinaklubnika.ru/zhurnal/bolezni-klubniki-priznaki-i-proverka/","section-2","editorial_answer","","","",""
"на листьях малины черные пятна","1","1","Умеренная","https://malinaklubnika.ru/zhurnal/bolezni-i-vrediteli-maliny-priznaki/","section-2","editorial_answer","","","",""
"на стволах малины коричневые пятна что это за болезнь","1","1","Умеренная","https://malinaklubnika.ru/zhurnal/didimella-maliny-priznaki-i-proverka/","section-2","editorial_answer","","","",""
"на стволе малины коричневые пятна что это","1","2","Умеренная","https://malinaklubnika.ru/zhurnal/didimella-maliny-priznaki-i-proverka/","section-2","editorial_answer","","","",""
"на стеблях малины коричневые пятна что это","1","1","Умеренная","https://malinaklubnika.ru/zhurnal/didimella-maliny-priznaki-i-proverka/","section-2","editorial_answer","","","",""
"надо ли обрезать малину при посадке осенью","1","2","Умеренная","https://malinaklubnika.ru/zhurnal/osennyaya-posadka-maliny-sroki-i-podgotovka/","section-1","editorial_answer","","","",""
"название безусой клубники","1","1","Умеренная","https://malinaklubnika.ru/zhurnal/klubnika-s-malyim-kolichestvom-usov/","section-1","editorial_answer","","","",""
"народные средства для обработки клубники","1","2","Умеренная","https://malinaklubnika.ru/zhurnal/obrabotka-klubniki-i-maliny-po-sezonu/","section-2","editorial_answer","","","",""
"народные средства от вредителей клубники","1","1","Умеренная","https://malinaklubnika.ru/zhurnal/vrediteli-klubniki-kak-razlichit/","section-1","editorial_answer","","","",""
"народные средства от вредителей малины","1","1","Умеренная","https://malinaklubnika.ru/zhurnal/bolezni-i-vrediteli-maliny-priznaki/","section-1","editorial_answer","","","",""
"нашатырь и клубника","1","1","Умеренная","https://malinaklubnika.ru/zhurnal/obrabotka-klubniki-i-maliny-po-sezonu/","section-2","editorial_answer","","","",""
"нужно ли обрезать малину при посадке осенью","1","2","Умеренная","https://malinaklubnika.ru/zhurnal/osennyaya-posadka-maliny-sroki-i-podgotovka/","section-1","editorial_answer","","","",""
"обработать клубнику от долгоносика чем","1","1","Умеренная","https://malinaklubnika.ru/zhurnal/obrabotka-klubniki-i-maliny-po-sezonu/","section-2","editorial_answer","","","",""
"обработать малину осенью от вредителей","1","1","Умеренная","https://malinaklubnika.ru/zhurnal/bolezni-i-vrediteli-maliny-priznaki/","section-5","editorial_answer","","","",""
"обработка виктории весной от долгоносика","1","1","Умеренная","https://malinaklubnika.ru/zhurnal/obrabotka-klubniki-i-maliny-po-sezonu/","section-1","editorial_answer","","","",""
"обработка клубники весной от вредителей и болезней народными средствами","1","1","Умеренная","https://malinaklubnika.ru/zhurnal/vrediteli-klubniki-kak-razlichit/","section-4","editorial_answer","","","",""
"обработка клубники весной от вредителей и болезней чем лучше и когда","1","3","Умеренная","https://malinaklubnika.ru/zhurnal/vrediteli-klubniki-kak-razlichit/","section-4","editorial_answer","","","",""
"обработка клубники от болезней во время цветения","1","1","Умеренная","https://malinaklubnika.ru/zhurnal/bolezni-klubniki-priznaki-i-proverka/","section-5","editorial_answer","","","",""
"обработка клубники от болезней и вредителей народными средствами","1","1","Умеренная","https://malinaklubnika.ru/zhurnal/vrediteli-klubniki-kak-razlichit/","section-4","editorial_answer","","","",""
"обработка клубники от болезней народными средствами","1","1","Умеренная","https://malinaklubnika.ru/zhurnal/bolezni-klubniki-priznaki-i-proverka/","section-5","editorial_answer","","","",""
"обработка клубники от вредителей и болезней осенью","1","2","Умеренная","https://malinaklubnika.ru/zhurnal/vrediteli-klubniki-kak-razlichit/","section-4","editorial_answer","","","",""
"обработка клубники после сбора урожая в августе от вредителей и болезней","1","1","Умеренная","https://malinaklubnika.ru/zhurnal/vrediteli-klubniki-kak-razlichit/","section-4","editorial_answer","","","",""
"обработка малины весной народными средствами","1","3","Умеренная","https://malinaklubnika.ru/zhurnal/uhod-za-malinoi-vesnoi-posle-zimy/","section-1","editorial_answer","","","",""
"обработка малины весной от болезней","1","2","Умеренная","https://malinaklubnika.ru/zhurnal/bolezni-i-vrediteli-maliny-priznaki/","section-5","editorial_answer","","","",""
"обработка малины весной от вредителей","1","3","Умеренная","https://malinaklubnika.ru/zhurnal/bolezni-i-vrediteli-maliny-priznaki/","section-5","editorial_answer","","","",""
"обработка малины до цветения","1","3","Умеренная","https://malinaklubnika.ru/zhurnal/obrabotka-klubniki-i-maliny-po-sezonu/","section-2","editorial_answer","","","",""
"обработка малины осенью от вредителей","1","2","Умеренная","https://malinaklubnika.ru/zhurnal/bolezni-i-vrediteli-maliny-priznaki/","section-5","editorial_answer","","","",""
"обработка малины осенью от вредителей и болезней","1","1","Умеренная","https://malinaklubnika.ru/zhurnal/bolezni-i-vrediteli-maliny-priznaki/","section-5","editorial_answer","","","",""
"обработка малины от болезней и вредителей","1","5","Умеренная","https://malinaklubnika.ru/zhurnal/bolezni-i-vrediteli-maliny-priznaki/","section-5","editorial_answer","","","",""
"обработка малины от болезней осенью","1","1","Умеренная","https://malinaklubnika.ru/zhurnal/bolezni-i-vrediteli-maliny-priznaki/","section-5","editorial_answer","","","",""
"обработка малины от вредителей осенью","1","3","Умеренная","https://malinaklubnika.ru/zhurnal/bolezni-i-vrediteli-maliny-priznaki/","section-5","editorial_answer","","","",""
"обработки клубники весной от болезней и вредителей форум","1","1","Умеренная","https://malinaklubnika.ru/zhurnal/vrediteli-klubniki-kak-razlichit/","section-4","editorial_answer","","","",""
"описание клубники гигантелла","1","1","Умеренная","https://malinaklubnika.ru/sorta/gigantella/","seo-opisanie","cultivar_passport","","https://7dach.ru/IgorKS/vkus-radosti---zemlyanika-gigantella-134540.html","https://7dach.ru/IgorKS/vkus-radosti---zemlyanika-gigantella-134540.html; https://dachaotzyv.ru/klubnika-gigantella/","grower_diary; external_published_reader_accounts"
"описание клубники сенсация","1","2","Умеренная","https://malinaklubnika.ru/sorta/strawberry-sonsation/","seo-opisanie","cultivar_passport","","https://flevoberry.nl/wp-content/uploads/2026/09/Sonsation-duo-2400_1600-1024x683-1.jpg","https://7dach.ru/Tangeya/bez-leta-dachniku-ne-zhit-s-iyunem-nadobno-druzhit-zhdem-rasskazov-ob-iyunskoy-pogode-327809.html?c=3; https://dachaotzyv.ru/klubnika-sensaciya/","grower_diary; external_published_reader_accounts"
"описание клубники черный принц","1","1","Умеренная","https://malinaklubnika.ru/sorta/black-prince-strawberry/","seo-opisanie","cultivar_passport","","https://7dach.ru/28101959NaTa/klubnika-sorta-chernyy-princ-ochen-vkusnaya-yagoda-259932.html","https://7dach.ru/28101959NaTa/klubnika-sorta-chernyy-princ-ochen-vkusnaya-yagoda-259932.html; https://dachaotzyv.ru/klubnika-chernyj-princ/","grower_diary; external_published_reader_accounts"
"описание малины гусар","1","1","Умеренная","https://malinaklubnika.ru/sorta/gusar/","seo-opisanie","cultivar_passport","","https://7dach.ru/KatyaK/gusar-krupnaya-sladkaya-malina-moego-sada-228819.html","https://7dach.ru/KatyaK/gusar-krupnaya-sladkaya-malina-moego-sada-228819.html; https://dachaotzyv.ru/malina-gusar/","grower_diary; external_published_reader_accounts"
"описание малины таруса","1","1","Умеренная","https://malinaklubnika.ru/sorta/tarusa/","seo-opisanie","cultivar_passport","","https://7dach.ru/SvetikOdessa/malinovoe-derevo_2-72683.html","https://7dach.ru/SvetikOdessa/malinovoe-derevo_2-72683.html; https://dachaotzyv.ru/malina-tarusa/","grower_diary; external_published_reader_accounts"
"описание сорта малины аделита","1","5","Умеренная","https://malinaklubnika.ru/sorta/raspberry-adelita/","seo-opisanie","cultivar_passport","","https://patents.google.com/patent/US20120311748P1/en","",""
"опрыскивание малины осенью от вредителей и болезней","1","3","Умеренная","https://malinaklubnika.ru/zhurnal/bolezni-i-vrediteli-maliny-priznaki/","section-1","editorial_answer","","","",""
"осенняя обработка малины от вредителей","1","1","Умеренная","https://malinaklubnika.ru/zhurnal/bolezni-i-vrediteli-maliny-priznaki/","section-5","editorial_answer","","","",""
"отзывы о клубнике черный лебедь","1","1","Умеренная","https://malinaklubnika.ru/sorta/strawberry-black-swan/","seo-reviews","cultivar_passport","gardener_reviews","","",""
"перед посадкой клубники чем обработать землю от вредителей и болезней осенью","1","2","Умеренная","https://malinaklubnika.ru/zhurnal/vrediteli-klubniki-kak-razlichit/","section-4","editorial_answer","","","",""
"пересадка малины весной на новое место в подмосковье сроки посадки","1","1","Умеренная","https://malinaklubnika.ru/zhurnal/peresadka-maliny-na-novoe-mesto/","section-1","editorial_answer","","","",""
"подготовка грядки для посадки малины","1","1","Умеренная","https://malinaklubnika.ru/zhurnal/posadka-maliny/","section-1","editorial_answer","","","",""
"подготовка почвы для посадки малины","1","1","Умеренная","https://malinaklubnika.ru/zhurnal/kakuyu-pochvu-vybrat-dlya-maliny/","section-1","editorial_answer","","","",""
"посадить малину весной","1","2","Умеренная","https://malinaklubnika.ru/zhurnal/uhod-za-malinoi-vesnoi-posle-zimy/","section-1","editorial_answer","","","",""
"посадить малину весной на участке","1","1","Умеренная","https://malinaklubnika.ru/zhurnal/uhod-za-malinoi-vesnoi-posle-zimy/","section-1","editorial_answer","","","",""
"посадить малину осенью пошаговое","1","1","Умеренная","https://malinaklubnika.ru/zhurnal/osennyaya-posadka-maliny-sroki-i-podgotovka/","section-1","editorial_answer","","","",""
"посадка малины в ведро","1","2","Умеренная","https://malinaklubnika.ru/zhurnal/posadka-maliny/","section-1","editorial_answer","","","",""
"посадка малины в июне","1","2","Умеренная","https://malinaklubnika.ru/zhurnal/posadka-maliny/","section-1","editorial_answer","","","",""
"посадка малины весной саженцами","1","1","Умеренная","https://malinaklubnika.ru/zhurnal/uhod-za-malinoi-vesnoi-posle-zimy/","section-1","editorial_answer","","","",""
"посадка малины ежевики осенью в открытый грунт","1","2","Умеренная","https://malinaklubnika.ru/zhurnal/osennyaya-posadka-maliny-sroki-i-podgotovka/","section-1","editorial_answer","","","",""
"посадка малины кустовым способом","1","2","Умеренная","https://malinaklubnika.ru/zhurnal/posadka-maliny/","section-1","editorial_answer","","","",""
"посадка малины на бревнах уложенных в гряду","1","2","Умеренная","https://malinaklubnika.ru/zhurnal/posadka-maliny/","section-1","editorial_answer","","","",""
"посадка малины на дачном участке","1","4","Умеренная","https://malinaklubnika.ru/zhurnal/posadka-maliny/","section-1","editorial_answer","","","",""
"посадка малины на дачном участке в подмосковье","1","6","Умеренная","https://malinaklubnika.ru/zhurnal/posadka-maliny/","section-1","editorial_answer","","","",""
"посадка малины осенью в сибири","1","1","Умеренная","https://malinaklubnika.ru/zhurnal/osennyaya-posadka-maliny-sroki-i-podgotovka/","section-1","editorial_answer","","","",""
"посадка малины осенью как правильно когда сажать в подмосковье в открытый грунт осенью","1","1","Умеренная","https://malinaklubnika.ru/zhurnal/osennyaya-posadka-maliny-sroki-i-podgotovka/","section-1","editorial_answer","","","",""
"посадка малины осенью как правильно когда сажать в сибири в открытый грунт","1","1","Умеренная","https://malinaklubnika.ru/zhurnal/osennyaya-posadka-maliny-sroki-i-podgotovka/","section-1","editorial_answer","","","",""
"посадка малины осенью как правильно когда сажать на урале в открытый грунт","1","1","Умеренная","https://malinaklubnika.ru/zhurnal/osennyaya-posadka-maliny-sroki-i-podgotovka/","section-1","editorial_answer","","","",""
"посадка малины осенью когда и как правильно сажать в открытый грунт под зиму в подмосковье","1","1","Умеренная","https://malinaklubnika.ru/zhurnal/osennyaya-posadka-maliny-sroki-i-podgotovka/","section-1","editorial_answer","","","",""
"посадка малины осенью ремонтантной","1","1","Умеренная","https://malinaklubnika.ru/zhurnal/osennyaya-posadka-maliny-sroki-i-podgotovka/","section-1","editorial_answer","","","",""
"посадка малины по методу соболева","1","2","Умеренная","https://malinaklubnika.ru/zhurnal/obrezka-maliny-po-sobolevu/","section-1","editorial_answer","","","",""
"посадка саженцев малины осенью в открытый грунт","1","1","Умеренная","https://malinaklubnika.ru/zhurnal/osennyaya-posadka-maliny-sroki-i-podgotovka/","section-1","editorial_answer","","","",""
"посадки малины","1","1","Умеренная","https://malinaklubnika.ru/zhurnal/posadka-maliny/","section-1","editorial_answer","","","",""
"посадки малины и винограда в ноябре 2025г","1","2","Умеренная","https://malinaklubnika.ru/zhurnal/osennyaya-posadka-maliny-sroki-i-podgotovka/","section-1","editorial_answer","","","",""
"после обрезки клубники чем обработать от вредителей и болезней и чем подкормить в июле клубнику","1","1","Умеренная","https://malinaklubnika.ru/zhurnal/vrediteli-klubniki-kak-razlichit/","section-4","editorial_answer","","","",""
"после обрезки клубники чем подкормить и чем обработать от вредителей болезней","1","1","Умеренная","https://malinaklubnika.ru/zhurnal/vrediteli-klubniki-kak-razlichit/","section-4","editorial_answer","","","",""
"после обрезки клубники чем подкормить и чем обработать от вредителей и болезней","1","1","Умеренная","https://malinaklubnika.ru/zhurnal/vrediteli-klubniki-kak-razlichit/","section-4","editorial_answer","","","",""
"правила посадки малины весной","1","1","Умеренная","https://malinaklubnika.ru/zhurnal/uhod-za-malinoi-vesnoi-posle-zimy/","section-1","editorial_answer","","","",""
"правила посадки малины на дачном участке","1","3","Умеренная","https://malinaklubnika.ru/zhurnal/posadka-maliny/","section-1","editorial_answer","","","",""
"правильно посадить малину осенью","1","1","Умеренная","https://malinaklubnika.ru/zhurnal/osennyaya-posadka-maliny-sroki-i-podgotovka/","section-1","editorial_answer","","","",""
"правильный уход за клубникой после плодоношения","1","2","Умеренная","https://malinaklubnika.ru/zhurnal/uhod-za-klubnikoi-v-techenie-sezona/","section-2","editorial_answer","","","",""
"препарат от гнили на клубнике","1","2","Умеренная","https://malinaklubnika.ru/zhurnal/bolezni-klubniki-priznaki-i-proverka/","section-1","editorial_answer","","","",""
"препараты для лечения болезней клубники","1","1","Умеренная","https://malinaklubnika.ru/zhurnal/bolezni-klubniki-priznaki-i-proverka/","section-5","editorial_answer","","","",""
"препараты для лечения клубники","1","1","Умеренная","https://malinaklubnika.ru/zhurnal/fitosporin-horus-narodnye-sredstva-i-smesi/","section-1","editorial_answer","","","",""
"при какой температуре сажать малину","1","1","Умеренная","https://malinaklubnika.ru/zhurnal/posadka-sazhentsev-maliny-i-klubniki/","section-1","editorial_answer","","","",""
"при посадке малину надо обрезать а что с ней","1","1","Умеренная","https://malinaklubnika.ru/zhurnal/posadka-maliny/","section-1","editorial_answer","","","",""
"ранняя крупная малина","1","1","Умеренная","https://malinaklubnika.ru/sorta/malina/","razmer","catalog_comparison","","","",""
"расстояние при посадке малины между кустами","1","1","Умеренная","https://malinaklubnika.ru/zhurnal/rasstoyanie-posadki-maliny-i-pervyi-urozhai/","section-1","editorial_answer","","","",""
"расстояние при посадке малины между кустами и рядами","1","1","Умеренная","https://malinaklubnika.ru/zhurnal/rasstoyanie-posadki-maliny-i-pervyi-urozhai/","section-1","editorial_answer","","","",""
"рейтинг клубники для подмосковья","1","2","Умеренная","https://malinaklubnika.ru/sorta/klubnika/regiony/","region-3","regional_admissions_and_trials","","","",""
"рейтинг малины для средней полосы россии","1","2","Умеренная","https://malinaklubnika.ru/sorta/malina/","catalog","catalog_comparison","","","",""
"рейтинг ремонтантной клубники для подмосковья","1","2","Умеренная","https://malinaklubnika.ru/zhurnal/remontantnaya-klubnika/","section-3","editorial_answer","","","",""
"ремонтантная клубника альбион описание и отзывы","1","1","Умеренная","https://malinaklubnika.ru/sorta/albion/","otzyvy","cultivar_passport","","https://pmc.ncbi.nlm.nih.gov/articles/PMC8909511/#foods-11-00640-f001","https://7dach.ru/Bernata/klubnika-albion-avantyurnaya-ideya-uvenchavshayasya-uspehom-291485.html; https://7dach.ru/xena1505/sadovaya-zemlyanika-vne-sezona-4089.html; https://dachaotzyv.ru/klubnika-albion/","grower_diary; external_published_reader_accounts"
"ремонтантная клубника названия","1","1","Умеренная","https://malinaklubnika.ru/zhurnal/remontantnaya-klubnika/","section-3","editorial_answer","","","",""
"ремонтантная малина в сибири","1","3","Умеренная","https://malinaklubnika.ru/sorta/malina/regiony/","region-10","regional_admissions_and_trials","","","",""
"ремонтантная малина для урала","1","2","Умеренная","https://malinaklubnika.ru/sorta/malina/regiony/","region-9","regional_admissions_and_trials","","","",""
"ремонтантная малина карамелька посадка и уход","1","1","Умеренная","https://malinaklubnika.ru/sorta/karamelka/","seo-care","cultivar_passport","","https://7dach.ru/user_7878_SveKle/malina-karamelka-kto-vyraschivaet-podelites-vpechatleniyami-296146.html","https://7dach.ru/user_7878_SveKle/malina-karamelka-kto-vyraschivaet-podelites-vpechatleniyami-296146.html; https://dachaotzyv.ru/malina-karamelka/","grower_diary; external_published_reader_accounts"
"ремонтантная малина маравилла описание","1","1","Умеренная","https://malinaklubnika.ru/sorta/maravilla/","seo-opisanie","cultivar_passport","","https://patents.google.com/patent/USPP14804P2/en","https://dachaotzyv.ru/malina-maravilla/","external_published_reader_accounts"
"с каким шагом сажать малину","1","2","Умеренная","https://malinaklubnika.ru/zhurnal/rasstoyanie-posadki-maliny-i-pervyi-urozhai/","section-1","editorial_answer","","","",""
"с чем рядом посадить крыжовник","1","1","Умеренная","https://malinaklubnika.ru/zhurnal/uhod-za-malinoi-v-techenie-sezona/","section-6","editorial_answer","","","",""
"садовая земляника азия описание сорта","1","1","Умеренная","https://malinaklubnika.ru/sorta/aziya/","seo-opisanie","cultivar_passport","","https://horticulturejournal.usamv.ro/pdf/2024/issue_1/Art2.pdf#page=3","https://7dach.ru/Roselin/klubnika-aziya-moi-vpechatleniya-pervyy-opyt-302706.html; https://dachaotzyv.ru/klubnika-aziya/","grower_diary; external_published_reader_accounts"
"садовая земляника азия описание сорта фото отзывы","1","1","Умеренная","https://malinaklubnika.ru/sorta/aziya/","otzyvy","cultivar_passport","","https://horticulturejournal.usamv.ro/pdf/2024/issue_1/Art2.pdf#page=3","https://7dach.ru/Roselin/klubnika-aziya-moi-vpechatleniya-pervyy-opyt-302706.html; https://dachaotzyv.ru/klubnika-aziya/","grower_diary; external_published_reader_accounts"
"самая лучшая малина для урала","1","2","Умеренная","https://malinaklubnika.ru/sorta/malina/regiony/","region-9","regional_admissions_and_trials","","","",""
"самая ранняя малина","1","2","Умеренная","https://malinaklubnika.ru/sorta/malina/","sroki","catalog_comparison","","","",""
"самая сладкая клубника для подмосковья сорт","1","3","Умеренная","https://malinaklubnika.ru/sorta/klubnika/regiony/","region-3","regional_admissions_and_trials","","","",""
"самая урожайная клубника для подмосковья","1","2","Умеренная","https://malinaklubnika.ru/sorta/klubnika/regiony/","region-3","regional_admissions_and_trials","","","",""
"самая хорошая ремонтантная малина","1","1","Умеренная","https://malinaklubnika.ru/sorta/malina/","tipy","catalog_comparison","","","",""
"самое эффективное средство от болезней клубники","1","1","Умеренная","https://malinaklubnika.ru/zhurnal/bolezni-klubniki-priznaki-i-proverka/","section-1","editorial_answer","","","",""
"самые ранние сорта малины","1","5","Умеренная","https://malinaklubnika.ru/zhurnal/sorta-maliny-dlya-podmoskovya-kak-vybrat/","section-1","editorial_answer","","","",""
"самые устойчивые к болезням сорта клубники","1","1","Умеренная","https://malinaklubnika.ru/zhurnal/bolezni-klubniki-priznaki-i-proverka/","section-1","editorial_answer","","","",""
"самый сладкий сорт клубники для подмосковья","1","2","Умеренная","https://malinaklubnika.ru/zhurnal/kak-vybrat-sort-klubniki/","section-1","editorial_answer","","","",""
"секреты успешной посадки малины в осенний период","1","1","Умеренная","https://malinaklubnika.ru/zhurnal/osennyaya-posadka-maliny-sroki-i-podgotovka/","section-1","editorial_answer","","","",""
"сем обработать клубнику весной","1","1","Умеренная","https://malinaklubnika.ru/zhurnal/uhod-za-klubnikoi-vesnoi-posle-zimy/","section-1","editorial_answer","","","",""
"сенсация клубника описание отзывы","1","2","Умеренная","https://malinaklubnika.ru/sorta/strawberry-sonsation/","seo-reviews","cultivar_passport","","https://flevoberry.nl/wp-content/uploads/2026/09/Sonsation-duo-2400_1600-1024x683-1.jpg","https://7dach.ru/Tangeya/bez-leta-dachniku-ne-zhit-s-iyunem-nadobno-druzhit-zhdem-rasskazov-ob-iyunskoy-pogode-327809.html?c=3; https://dachaotzyv.ru/klubnika-sensaciya/","grower_diary; external_published_reader_accounts"
"скандинавская малина фото и описание","1","1","Умеренная","https://malinaklubnika.ru/zhurnal/tibetskaya-malina-kakoe-rastenie/","section-6","editorial_answer","","","",""
"сладкие сорта малины обычной устойчивые к болезням","1","2","Умеренная","https://malinaklubnika.ru/zhurnal/bolezni-i-vrediteli-maliny-priznaki/","section-1","editorial_answer","","","",""
"совместимость крыжовника с другими деревьями и кустами","1","1","Умеренная","https://malinaklubnika.ru/zhurnal/sovmestimost-kryzhovnika-s-drugimi-rasteniyami/","section-1","editorial_answer","","","",""
"сорт азия отзывы","1","1","Умеренная","https://malinaklubnika.ru/sorta/aziya/","otzyvy","cultivar_passport","","https://horticulturejournal.usamv.ro/pdf/2024/issue_1/Art2.pdf#page=3","https://7dach.ru/Roselin/klubnika-aziya-moi-vpechatleniya-pervyy-opyt-302706.html; https://dachaotzyv.ru/klubnika-aziya/","grower_diary; external_published_reader_accounts"
"сорт малины гордость россии фото и описание","1","3","Умеренная","https://malinaklubnika.ru/sorta/gordost-rossii/","seo-photo","cultivar_passport","photo","","https://7dach.ru/Alex_Eskin/podelites-opytom-vyraschivaniya-maliny-gordost-rossii-221162.html","grower_diary"
"сорт малины карамелька фото и описание сорта отзывы","1","1","Умеренная","https://malinaklubnika.ru/sorta/karamelka/","otzyvy","cultivar_passport","","https://7dach.ru/user_7878_SveKle/malina-karamelka-kto-vyraschivaet-podelites-vpechatleniyami-296146.html","https://7dach.ru/user_7878_SveKle/malina-karamelka-kto-vyraschivaet-podelites-vpechatleniyami-296146.html; https://dachaotzyv.ru/malina-karamelka/","grower_diary; external_published_reader_accounts"
"сорт хорошей клубники","1","1","Умеренная","https://malinaklubnika.ru/sorta/klubnika/","catalog","catalog_comparison","","","",""
"сорта клубники устойчивые к болезням и вредителям","1","4","Умеренная","https://malinaklubnika.ru/zhurnal/bolezni-klubniki-priznaki-i-proverka/","section-1","editorial_answer","","","",""
"сорта крупноплодной малины","1","6","Умеренная","https://malinaklubnika.ru/sorta/malina/","razmer","catalog_comparison","","","",""
"сорта малины устойчивые к болезням","1","1","Умеренная","https://malinaklubnika.ru/zhurnal/bolezni-i-vrediteli-maliny-priznaki/","section-1","editorial_answer","","","",""
"сорта малины устойчивые к болезням и вредителям","1","1","Умеренная","https://malinaklubnika.ru/zhurnal/bolezni-i-vrediteli-maliny-priznaki/","section-1","editorial_answer","","","",""
"способ посадки малины в траншею","1","2","Умеренная","https://malinaklubnika.ru/zhurnal/posadka-maliny/","section-1","editorial_answer","","","",""
"средство от болезней на клубнике","1","1","Умеренная","https://malinaklubnika.ru/zhurnal/bolezni-klubniki-priznaki-i-proverka/","section-1","editorial_answer","","","",""
"сроки посадки ремонтантной малины","1","1","Умеренная","https://malinaklubnika.ru/zhurnal/posadka-maliny/","section-1","editorial_answer","","","",""
"схема посадки малины в открытом грунте расстояние между рядами","1","1","Умеренная","https://malinaklubnika.ru/zhurnal/rasstoyanie-posadki-maliny-i-pervyi-urozhai/","section-1","editorial_answer","","","",""
"схема посадки малины ремонтантной","1","1","Умеренная","https://malinaklubnika.ru/zhurnal/posadka-maliny/","section-1","editorial_answer","","","",""
"схема посадки малины у забора","1","1","Умеренная","https://malinaklubnika.ru/zhurnal/posadka-maliny/","section-1","editorial_answer","","","",""
"тибетская клубника малина фото","1","2","Умеренная","https://malinaklubnika.ru/zhurnal/tibetskaya-malina-kakoe-rastenie/","section-2","editorial_answer","","","",""
"тибетская малина видео","1","1","Умеренная","https://malinaklubnika.ru/zhurnal/tibetskaya-malina-kakoe-rastenie/","section-1","editorial_answer","","","",""
"тибетская малина как ухаживать","1","1","Умеренная","https://malinaklubnika.ru/zhurnal/tibetskaya-malina-kakoe-rastenie/","section-1","editorial_answer","","","",""
"тибетская малина какой вкус","1","1","Умеренная","https://malinaklubnika.ru/zhurnal/tibetskaya-malina-kakoe-rastenie/","section-1","editorial_answer","","","",""
"тибетская малина картинки","1","1","Умеренная","https://malinaklubnika.ru/zhurnal/tibetskaya-malina-kakoe-rastenie/","section-1","editorial_answer","","","",""
"тибетская малина обрезка осенью","1","2","Умеренная","https://malinaklubnika.ru/zhurnal/tibetskaya-malina-kakoe-rastenie/","section-1","editorial_answer","","","",""
"тибетская малина описание выращивание","1","1","Умеренная","https://malinaklubnika.ru/zhurnal/tibetskaya-malina-kakoe-rastenie/","section-3","editorial_answer","","","",""
"тибетская малина описание и отзывы фото кустарника","1","1","Умеренная","https://malinaklubnika.ru/zhurnal/tibetskaya-malina-kakoe-rastenie/","section-4","editorial_answer","","","",""
"тибетская малина описание сорта","1","2","Умеренная","https://malinaklubnika.ru/zhurnal/tibetskaya-malina-kakoe-rastenie/","section-2","editorial_answer","","","",""
"тибетская малина описание фото","1","2","Умеренная","https://malinaklubnika.ru/zhurnal/tibetskaya-malina-kakoe-rastenie/","section-2","editorial_answer","","","",""
"тибетская малина фото описание","1","1","Умеренная","https://malinaklubnika.ru/zhurnal/tibetskaya-malina-kakoe-rastenie/","section-2","editorial_answer","","","",""
"траншея под малину","1","1","Умеренная","https://malinaklubnika.ru/zhurnal/kakuyu-pochvu-vybrat-dlya-maliny/","section-2","editorial_answer","","","",""
"удобрение для малины осенью при посадке","1","1","Умеренная","https://malinaklubnika.ru/zhurnal/osennyaya-posadka-maliny-sroki-i-podgotovka/","section-1","editorial_answer","","","",""
"удобрение при посадке малины осенью","1","2","Умеренная","https://malinaklubnika.ru/zhurnal/osennyaya-posadka-maliny-sroki-i-podgotovka/","section-1","editorial_answer","","","",""
"удобрения для малины при посадке","1","1","Умеренная","https://malinaklubnika.ru/zhurnal/posadka-maliny/","section-1","editorial_answer","","","",""
"удобрения при посадке малины","1","2","Умеренная","https://malinaklubnika.ru/zhurnal/chem-podkormit-malinu-po-fazam/","section-2","editorial_answer","","","",""
"удобрения при посадке малины осенью","1","1","Умеренная","https://malinaklubnika.ru/zhurnal/osennyaya-posadka-maliny-sroki-i-podgotovka/","section-1","editorial_answer","","","",""
"устойчивость различных сортов малины к распространенным болезням","1","1","Умеренная","https://malinaklubnika.ru/zhurnal/bolezni-i-vrediteli-maliny-priznaki/","section-1","editorial_answer","","","",""
"утолщение на малине что за болезнь","1","4","Умеренная","https://malinaklubnika.ru/zhurnal/bolezni-i-vrediteli-maliny-priznaki/","section-1","editorial_answer","","","",""
"уход за малиной в саду","1","2","Умеренная","https://malinaklubnika.ru/zhurnal/uhod-za-malinoi-v-techenie-sezona/","section-1","editorial_answer","","","",""
"ученый агроном гуляева нелли какие общие болезни у чеснока и клубники","1","1","Умеренная","https://malinaklubnika.ru/zhurnal/bolezni-klubniki-priznaki-i-proverka/","section-1","editorial_answer","","","",""
"фестивальная клубника описание и отзывы","1","2","Умеренная","https://malinaklubnika.ru/sorta/festivalnaya/","otzyvy","cultivar_passport","","https://biosel.elpub.ru/jour/article/download/143/139#page=4","https://7dach.ru/panytany/klubnika-festivalnaya-vkus-detstva-133037.html; https://dachaotzyv.ru/klubnika-festivalnaya/","grower_diary; external_published_reader_accounts"
"фестивальная клубника описание отзывы","1","2","Умеренная","https://malinaklubnika.ru/sorta/festivalnaya/","otzyvy","cultivar_passport","","https://biosel.elpub.ru/jour/article/download/143/139#page=4","https://7dach.ru/panytany/klubnika-festivalnaya-vkus-detstva-133037.html; https://dachaotzyv.ru/klubnika-festivalnaya/","grower_diary; external_published_reader_accounts"
"фото болезней малины","1","2","Умеренная","https://malinaklubnika.ru/zhurnal/bolezni-i-vrediteli-maliny-priznaki/","section-1","editorial_answer","","","",""
"фото болезни малины","1","1","Умеренная","https://malinaklubnika.ru/zhurnal/bolezni-i-vrediteli-maliny-priznaki/","section-1","editorial_answer","","","",""
"фунгицид от болезней клубники","1","1","Умеренная","https://malinaklubnika.ru/zhurnal/bolezni-klubniki-priznaki-i-proverka/","section-1","editorial_answer","","","",""
"фунгициды для клубники после сбора урожая","1","1","Умеренная","https://malinaklubnika.ru/zhurnal/klubnika-posle-sbora-urozhaya-obnovlenie-gryadki/","section-1","editorial_answer","","","",""
"характеристика клубники чамора туруси","1","1","Умеренная","https://malinaklubnika.ru/sorta/strawberry-chamora-turusi/","seo-opisanie","cultivar_passport","","https://dachaotzyv.ru/klubnika-chamora-turusi/","https://dachaotzyv.ru/klubnika-chamora-turusi/","external_published_reader_accounts"
"характеристики малины карамелька","1","2","Умеренная","https://malinaklubnika.ru/sorta/karamelka/","seo-opisanie","cultivar_passport","","https://7dach.ru/user_7878_SveKle/malina-karamelka-kto-vyraschivaet-podelites-vpechatleniyami-296146.html","https://7dach.ru/user_7878_SveKle/malina-karamelka-kto-vyraschivaet-podelites-vpechatleniyami-296146.html; https://dachaotzyv.ru/malina-karamelka/","grower_diary; external_published_reader_accounts"
"хоней клубника описание и фото","1","1","Умеренная","https://malinaklubnika.ru/sorta/honey/","seo-photo","cultivar_passport","","https://commons.wikimedia.org/wiki/File:Fragaria_ananassa_Honeoye_2023-05-31_6638.jpg","https://dachaotzyv.ru/klubnika-honej/","external_published_reader_accounts"
"хороший сорт клубники выбрать для посадки","1","3","Умеренная","https://malinaklubnika.ru/zhurnal/posadka-klubniki/","section-1","editorial_answer","","","",""
"чем весной обработать малину от болезней и вредителей до распускания почек","1","2","Умеренная","https://malinaklubnika.ru/zhurnal/bolezni-i-vrediteli-maliny-priznaki/","section-5","editorial_answer","","","",""
"чем и когда обрабатывать малину","1","2","Умеренная","https://malinaklubnika.ru/zhurnal/obrabotka-klubniki-i-maliny-po-sezonu/","section-1","editorial_answer","","","",""
"чем можно обработать малину весной","1","1","Умеренная","https://malinaklubnika.ru/zhurnal/uhod-za-malinoi-vesnoi-posle-zimy/","section-1","editorial_answer","","","",""
"чем можно опрыскивать клубнику во время цветения","1","1","Умеренная","https://malinaklubnika.ru/zhurnal/obrabotka-klubniki-i-maliny-po-sezonu/","section-2","editorial_answer","","","",""
"чем обрабатывать малину ранней весной","1","1","Умеренная","https://malinaklubnika.ru/zhurnal/uhod-za-malinoi-vesnoi-posle-zimy/","section-1","editorial_answer","","","",""
"чем обрабатывать малину ранней весной от вредителей и болезней","1","1","Умеренная","https://malinaklubnika.ru/zhurnal/bolezni-i-vrediteli-maliny-priznaki/","section-1","editorial_answer","","","",""
"чем обрабатывают кустарники ранней весной","1","1","Умеренная","https://malinaklubnika.ru/zhurnal/obrabotka-klubniki-i-maliny-po-sezonu/","section-1","editorial_answer","","","",""
"чем обрабатывают малину","1","1","Умеренная","https://malinaklubnika.ru/zhurnal/obrabotka-klubniki-i-maliny-po-sezonu/","section-5","editorial_answer","","","",""
"чем обрабатывают малину весной","1","1","Умеренная","https://malinaklubnika.ru/zhurnal/uhod-za-malinoi-vesnoi-posle-zimy/","section-1","editorial_answer","","","",""
"чем обработать весной малину от вредителей","1","1","Умеренная","https://malinaklubnika.ru/zhurnal/bolezni-i-vrediteli-maliny-priznaki/","section-5","editorial_answer","","","",""
"чем обработать викторию от болезней","1","2","Умеренная","https://malinaklubnika.ru/zhurnal/obrabotka-klubniki-i-maliny-po-sezonu/","section-5","editorial_answer","","","",""
"чем обработать грядку перед посадкой клубники от вредителей и болезней перед посадкой","1","1","Умеренная","https://malinaklubnika.ru/zhurnal/vrediteli-klubniki-kak-razlichit/","section-4","editorial_answer","","","",""
"чем обработать землю перед посадкой клубники осенью от вредителей и болезней","1","1","Умеренная","https://malinaklubnika.ru/zhurnal/vrediteli-klubniki-kak-razlichit/","section-4","editorial_answer","","","",""
"чем обработать клубнику в июле от вредителей и болезней после сбора урожая","1","1","Умеренная","https://malinaklubnika.ru/zhurnal/vrediteli-klubniki-kak-razlichit/","section-4","editorial_answer","","","",""
"чем обработать клубнику в конце августа","1","1","Умеренная","https://malinaklubnika.ru/zhurnal/obrabotka-klubniki-i-maliny-po-sezonu/","section-2","editorial_answer","","","",""
"чем обработать клубнику весной от болезней и вредителей в мае во время цветения","1","2","Умеренная","https://malinaklubnika.ru/zhurnal/vrediteli-klubniki-kak-razlichit/","section-4","editorial_answer","","","",""
"чем обработать клубнику весной от болезней и вредителей во время цветения","1","2","Умеренная","https://malinaklubnika.ru/zhurnal/vrediteli-klubniki-kak-razlichit/","section-4","editorial_answer","","","",""
"чем обработать клубнику весной форум","1","1","Умеренная","https://malinaklubnika.ru/zhurnal/uhod-za-klubnikoi-vesnoi-posle-zimy/","section-1","editorial_answer","","","",""
"чем обработать клубнику во время плодоношения от болезней","1","2","Умеренная","https://malinaklubnika.ru/zhurnal/bolezni-klubniki-priznaki-i-proverka/","section-5","editorial_answer","","","",""
"чем обработать клубнику во время цветения от долгоносика и других вредителей и болезней","1","1","Умеренная","https://malinaklubnika.ru/zhurnal/vrediteli-klubniki-kak-razlichit/","section-4","editorial_answer","","","",""
"чем обработать клубнику народными средствами","1","1","Умеренная","https://malinaklubnika.ru/zhurnal/obrabotka-klubniki-i-maliny-po-sezonu/","section-2","editorial_answer","","","",""
"чем обработать клубнику осенью после обрезки листьев от вредителей и болезней","1","1","Умеренная","https://malinaklubnika.ru/zhurnal/vrediteli-klubniki-kak-razlichit/","section-4","editorial_answer","","","",""
"чем обработать клубнику от болезней во время плодоношения","1","4","Умеренная","https://malinaklubnika.ru/zhurnal/bolezni-klubniki-priznaki-i-proverka/","section-5","editorial_answer","","","",""
"чем обработать клубнику от болезни","1","2","Умеренная","https://malinaklubnika.ru/zhurnal/bolezni-klubniki-priznaki-i-proverka/","section-5","editorial_answer","","","",""
"чем обработать клубнику от вредителей и болезней после сбора урожая и обрезки листьев в августе","1","1","Умеренная","https://malinaklubnika.ru/zhurnal/vrediteli-klubniki-kak-razlichit/","section-4","editorial_answer","","","",""
"чем обработать клубнику после обрезки в августе от болезней и вредителей народными средствами","1","1","Умеренная","https://malinaklubnika.ru/zhurnal/vrediteli-klubniki-kak-razlichit/","section-4","editorial_answer","","","",""
"чем обработать клубнику после обрезки осенью от вредителей и болезней осенью","1","1","Умеренная","https://malinaklubnika.ru/zhurnal/vrediteli-klubniki-kak-razlichit/","section-4","editorial_answer","","","",""
"чем обработать клубнику после обрезки от вредителей и болезней в августе","1","1","Умеренная","https://malinaklubnika.ru/zhurnal/vrediteli-klubniki-kak-razlichit/","section-4","editorial_answer","","","",""
"чем обработать клубнику после сбора урожая и обрезки листьев от вредителей и болезней в августе","1","1","Умеренная","https://malinaklubnika.ru/zhurnal/vrediteli-klubniki-kak-razlichit/","section-4","editorial_answer","","","",""
"чем обработать клубнику после сбора урожая от болезней и вредителей в июле после обрезки листьев","1","1","Умеренная","https://malinaklubnika.ru/zhurnal/vrediteli-klubniki-kak-razlichit/","section-4","editorial_answer","","","",""
"чем обработать клубнику после сбора урожая от болезней и вредителей после обрезки листьев","1","1","Умеренная","https://malinaklubnika.ru/zhurnal/vrediteli-klubniki-kak-razlichit/","section-4","editorial_answer","","","",""
"чем обработать клубнику после сбора урожая от болезней и вредителей после обрезки листьев в июне","1","2","Умеренная","https://malinaklubnika.ru/zhurnal/vrediteli-klubniki-kak-razlichit/","section-4","editorial_answer","","","",""
"чем обработать клубнику после срезки листьев от вредителей и болезней в июле","1","2","Умеренная","https://malinaklubnika.ru/zhurnal/vrediteli-klubniki-kak-razlichit/","section-4","editorial_answer","","","",""
"чем обработать клубнику при цветении от вредителей","1","1","Умеренная","https://malinaklubnika.ru/zhurnal/vrediteli-klubniki-kak-razlichit/","section-4","editorial_answer","","","",""
"чем обработать малину весной до распускания почек","1","2","Умеренная","https://malinaklubnika.ru/zhurnal/uhod-za-malinoi-vesnoi-posle-zimy/","section-1","editorial_answer","","","",""
"чем обработать малину весной до распускания почек от вредителей и болезней ранней","1","1","Умеренная","https://malinaklubnika.ru/zhurnal/bolezni-i-vrediteli-maliny-priznaki/","section-5","editorial_answer","","","",""
"чем обработать малину весной народными средствами","1","1","Умеренная","https://malinaklubnika.ru/zhurnal/uhod-za-malinoi-vesnoi-posle-zimy/","section-1","editorial_answer","","","",""
"чем обработать малину весной от болезней и вредителей в мае перед цветением","1","1","Умеренная","https://malinaklubnika.ru/zhurnal/bolezni-i-vrediteli-maliny-priznaki/","section-5","editorial_answer","","","",""
"чем обработать малину от болезней и вредителей","1","3","Умеренная","https://malinaklubnika.ru/zhurnal/bolezni-i-vrediteli-maliny-priznaki/","section-5","editorial_answer","","","",""
"чем обработать малину от вредителей во время плодоношения летом от вредителей и болезней","1","1","Умеренная","https://malinaklubnika.ru/zhurnal/bolezni-i-vrediteli-maliny-priznaki/","section-5","editorial_answer","","","",""
"чем обработать малину от вредителей во время цветения и плодоношения народными средствами","1","1","Умеренная","https://malinaklubnika.ru/zhurnal/bolezni-i-vrediteli-maliny-priznaki/","section-5","editorial_answer","","","",""
"чем обработать малину от вредителей и болезней в июне","1","3","Умеренная","https://malinaklubnika.ru/zhurnal/bolezni-i-vrediteli-maliny-priznaki/","section-5","editorial_answer","","","",""
"чем обработать малину от вредителей и болезней весной в мае","1","1","Умеренная","https://malinaklubnika.ru/zhurnal/bolezni-i-vrediteli-maliny-priznaki/","section-5","editorial_answer","","","",""
"чем обработать малину от вредителей и болезней во время цветения и плодоношения","1","1","Умеренная","https://malinaklubnika.ru/zhurnal/bolezni-i-vrediteli-maliny-priznaki/","section-5","editorial_answer","","","",""
"чем обработать малину от вредителей и болезней осенью после обрезки","1","2","Умеренная","https://malinaklubnika.ru/zhurnal/bolezni-i-vrediteli-maliny-priznaki/","section-5","editorial_answer","","","",""
"чем обработать малину от вредителей и болезней после плодоношения осенью","1","1","Умеренная","https://malinaklubnika.ru/zhurnal/bolezni-i-vrediteli-maliny-priznaki/","section-5","editorial_answer","","","",""
"чем обработать малину после сбора урожая от болезней","1","1","Умеренная","https://malinaklubnika.ru/zhurnal/bolezni-i-vrediteli-maliny-priznaki/","section-5","editorial_answer","","","",""
"чем обработать малину после сбора урожая от болезней и вредителей в сентябре","1","1","Умеренная","https://malinaklubnika.ru/zhurnal/bolezni-i-vrediteli-maliny-priznaki/","section-5","editorial_answer","","","",""
"чем обработать малину ранней весной от болезней и вредителей","1","2","Умеренная","https://malinaklubnika.ru/zhurnal/bolezni-i-vrediteli-maliny-priznaki/","section-5","editorial_answer","","","",""
"чем обработать рассаду клубники перед посадкой от болезней","1","2","Умеренная","https://malinaklubnika.ru/zhurnal/bolezni-klubniki-priznaki-i-proverka/","section-5","editorial_answer","","","",""
"чем обработать ремонтантную малину осенью после обрезки от вредителей и болезней","1","1","Умеренная","https://malinaklubnika.ru/zhurnal/bolezni-i-vrediteli-maliny-priznaki/","section-5","editorial_answer","","","",""
"чем обработать смородину и малину осенью от вредителей и болезней","1","1","Умеренная","https://malinaklubnika.ru/zhurnal/bolezni-i-vrediteli-maliny-priznaki/","section-5","editorial_answer","","","",""
"чем опрыскать клубнику в октябре","1","2","Умеренная","https://malinaklubnika.ru/zhurnal/obrabotka-klubniki-i-maliny-po-sezonu/","section-2","editorial_answer","","","",""
"чем опрыскать малину в сентябре","1","2","Умеренная","https://malinaklubnika.ru/zhurnal/obrabotka-klubniki-i-maliny-po-sezonu/","section-2","editorial_answer","","","",""
"чем опрыскать малину от болезней","1","1","Умеренная","https://malinaklubnika.ru/zhurnal/bolezni-i-vrediteli-maliny-priznaki/","section-1","editorial_answer","","","",""
"чем опрыскать малину от вредителей в июне","1","1","Умеренная","https://malinaklubnika.ru/zhurnal/bolezni-i-vrediteli-maliny-priznaki/","section-1","editorial_answer","","","",""
"чем опрыскать малину после плодоношения","1","1","Умеренная","https://malinaklubnika.ru/zhurnal/obrabotka-klubniki-i-maliny-po-sezonu/","section-2","editorial_answer","","","",""
"чем опрыскать малину после сбора урожая","1","1","Умеренная","https://malinaklubnika.ru/zhurnal/obrabotka-klubniki-i-maliny-po-sezonu/","section-2","editorial_answer","","","",""
"чем опрыскать малину ранней весной","1","4","Умеренная","https://malinaklubnika.ru/zhurnal/uhod-za-malinoi-vesnoi-posle-zimy/","section-1","editorial_answer","","","",""
"чем опрыскать цветущую клубнику","1","1","Умеренная","https://malinaklubnika.ru/zhurnal/obrabotka-klubniki-i-maliny-po-sezonu/","section-2","editorial_answer","","","",""
"чем опрыскивать клубнику после обрезки листьев в июле от вредителей и болезней","1","1","Умеренная","https://malinaklubnika.ru/zhurnal/vrediteli-klubniki-kak-razlichit/","section-1","editorial_answer","","","",""
"чем опрыскивать малину ранней весной","1","5","Умеренная","https://malinaklubnika.ru/zhurnal/uhod-za-malinoi-vesnoi-posle-zimy/","section-1","editorial_answer","","","",""
"чем подкармливать ранней весной ремонтантные сорта клубники и чем обработать от болезней и вредителей","1","1","Умеренная","https://malinaklubnika.ru/zhurnal/bolezni-klubniki-priznaki-i-proverka/","section-5","editorial_answer","","","",""
"чем подкормить малину после посадки","1","2","Умеренная","https://malinaklubnika.ru/zhurnal/chem-podkormit-malinu-po-fazam/","section-2","editorial_answer","","","",""
"чем подкормить малину при посадке весной","1","2","Умеренная","https://malinaklubnika.ru/zhurnal/uhod-za-malinoi-vesnoi-posle-zimy/","section-1","editorial_answer","","","",""
"чем подкормить малину при посадке осенью","1","1","Умеренная","https://malinaklubnika.ru/zhurnal/osennyaya-posadka-maliny-sroki-i-podgotovka/","section-1","editorial_answer","","","",""
"чем подкормить ремонтантную малину после первого урожая","1","2","Умеренная","https://malinaklubnika.ru/zhurnal/chem-podkormit-malinu-po-fazam/","section-2","editorial_answer","","","",""
"чем подкормить тибетскую малину","1","2","Умеренная","https://malinaklubnika.ru/zhurnal/tibetskaya-malina-kakoe-rastenie/","section-1","editorial_answer","","","",""
"чем подкормить тибетскую малину весной","1","1","Умеренная","https://malinaklubnika.ru/zhurnal/tibetskaya-malina-kakoe-rastenie/","section-1","editorial_answer","","","",""
"чем подкормить ягоды во время плодоношения","1","1","Умеренная","https://malinaklubnika.ru/zhurnal/chem-podkormit-klubniku-vo-vremya-plodonosheniya/","section-2","editorial_answer","","","",""
"чем поливать клубнику от долгоносика","1","1","Умеренная","https://malinaklubnika.ru/zhurnal/poliv-i-mulcha-klubniki/","section-1","editorial_answer","","","",""
"чем пролить малину весной","1","2","Умеренная","https://malinaklubnika.ru/zhurnal/uhod-za-malinoi-vesnoi-posle-zimy/","section-1","editorial_answer","","","",""
"через какое расстояние садить малину","1","1","Умеренная","https://malinaklubnika.ru/zhurnal/rasstoyanie-posadki-maliny-i-pervyi-urozhai/","section-1","editorial_answer","","","",""
"черный принц клубника описание отзывы","1","2","Умеренная","https://malinaklubnika.ru/sorta/black-prince-strawberry/","seo-reviews","cultivar_passport","","https://7dach.ru/28101959NaTa/klubnika-sorta-chernyy-princ-ochen-vkusnaya-yagoda-259932.html","https://7dach.ru/28101959NaTa/klubnika-sorta-chernyy-princ-ochen-vkusnaya-yagoda-259932.html; https://dachaotzyv.ru/klubnika-chernyj-princ/","grower_diary; external_published_reader_accounts"
"что внести в лунку при посадке малины","1","1","Умеренная","https://malinaklubnika.ru/zhurnal/posadka-maliny/","section-1","editorial_answer","","","",""
"что за болезнь у малины и как с этим","1","1","Умеренная","https://malinaklubnika.ru/zhurnal/bolezni-i-vrediteli-maliny-priznaki/","section-1","editorial_answer","","","",""
"что кладут в лунку при посадке малины","1","1","Умеренная","https://malinaklubnika.ru/zhurnal/posadka-maliny/","section-1","editorial_answer","","","",""
"что положить в лунку при пересадке малины","1","1","Умеренная","https://malinaklubnika.ru/zhurnal/peresadka-maliny-na-novoe-mesto/","section-1","editorial_answer","","","",""
"что положить в ямку при посадке малины","1","1","Умеренная","https://malinaklubnika.ru/zhurnal/posadka-maliny/","section-1","editorial_answer","","","",""
"что положить в яму при посадке малины весной","1","1","Умеренная","https://malinaklubnika.ru/zhurnal/uhod-za-malinoi-vesnoi-posle-zimy/","section-1","editorial_answer","","","",""
"что такое дерево малина","1","2","Умеренная","https://malinaklubnika.ru/zhurnal/uhod-za-malinoi-v-techenie-sezona/","section-5","editorial_answer","","","",""
"что такое дидимелла на малине и как с этим бороться","1","1","Умеренная","https://malinaklubnika.ru/zhurnal/didimella-maliny-priznaki-i-proverka/","section-1","editorial_answer","","","",""
"что такое клери","1","1","Умеренная","https://malinaklubnika.ru/sorta/kleri/","seo-opisanie","cultivar_passport","","https://commons.wikimedia.org/wiki/File:Clery_Gartenerdbeere.JPG","https://dachaotzyv.ru/klubnika-kleri/","external_published_reader_accounts"
"что такое малиновое дерево таруса","1","1","Умеренная","https://malinaklubnika.ru/sorta/tarusa/","seo-opisanie","cultivar_passport","","https://7dach.ru/SvetikOdessa/malinovoe-derevo_2-72683.html","https://7dach.ru/SvetikOdessa/malinovoe-derevo_2-72683.html; https://dachaotzyv.ru/malina-tarusa/","grower_diary; external_published_reader_accounts"
"что такое штамбовый сорт малины","1","1","Умеренная","https://malinaklubnika.ru/zhurnal/malinovoe-derevo-tarusa/","section-1","editorial_answer","","","",""
"шаг посадки малины","1","1","Умеренная","https://malinaklubnika.ru/zhurnal/posadka-maliny/","section-1","editorial_answer","","","",""
"штамбовая малина таруса описание сорта","1","2","Умеренная","https://malinaklubnika.ru/sorta/tarusa/","seo-opisanie","cultivar_passport","","https://7dach.ru/SvetikOdessa/malinovoe-derevo_2-72683.html","https://7dach.ru/SvetikOdessa/malinovoe-derevo_2-72683.html; https://dachaotzyv.ru/malina-tarusa/","grower_diary; external_published_reader_accounts"
"энросадира малина описание отзывы","1","1","Умеренная","https://malinaklubnika.ru/sorta/raspberry-enrosadira/","seo-reviews","cultivar_passport","gardener_reviews","https://patentimages.storage.googleapis.com/24/cb/3a/c3d2d1cc563536/US20140317798P1.pdf#page=2","",""
"ягода мурано","1","1","Умеренная","https://malinaklubnika.ru/sorta/murano/","seo-opisanie","cultivar_passport","","https://commons.wikimedia.org/wiki/File:Fraises_Murano_en_Dordogne.jpg","https://7dach.ru/NatalyaAfonchenko/leto-2024-iyun-314014.html; https://dachaotzyv.ru/klubnika-murano/","grower_diary; external_published_reader_accounts"
