"query","monthly_users_exact_form","competition","reason"
"клубника казино","170175","LOW","Исходная проверка интента: off_topic_gambling."
"казино клубника","98368","LOW","Исходная проверка интента: off_topic_gambling."
"clubnika casino","94086","LOW","Исходная проверка интента: off_topic_gambling."
"casino clubnika","67147","LOW","Исходная проверка интента: off_topic_gambling."
"clubnika казино","49853","LOW","Исходная проверка интента: off_topic_gambling."
"клубника в шоколаде","46404","AVERAGE","Запрос о приготовлении, хранении или покупке еды/десерта, а не о выращивании ягодной культуры."
"казино clubnika","40021","LOW","Исходная проверка интента: off_topic_gambling."
"клубника казино официальный сайт","22243","LOW","Исходная проверка интента: off_topic_gambling."
"казино клубника онлайн","18507","LOW","Исходная проверка интента: off_topic_gambling."
"букет из клубники в шоколаде","16775","AVERAGE","Запрос о приготовлении, хранении или покупке еды/десерта, а не о выращивании ягодной культуры."
"казино клубника зеркало","15945","LOW","Исходная проверка интента: off_topic_gambling."
"клубника казино зеркало","13206","LOW","Исходная проверка интента: off_topic_gambling."
"клубника казино бонус","11097","LOW","Исходная проверка интента: off_topic_gambling."
"клубника казино регистрация","9328","LOW","Исходная проверка интента: off_topic_gambling."
"казино клубника бездепозитный бонус","8672","LOW","Исходная проверка интента: off_topic_gambling."
"clubnika casino официальный сайт","7932","LOW","Исходная проверка интента: off_topic_gambling."
"clubnika casino зеркало","7429","LOW","Исходная проверка интента: off_topic_gambling."
"клубника казино официальный","7340","LOW","Исходная проверка интента: off_topic_gambling."
"клубника казино вход","6886","LOW","Исходная проверка интента: off_topic_gambling."
"malina casino","6831","AVERAGE","Исходная проверка интента: off_topic_gambling."
"клубника в шоколаде москва с доставкой","6508","AVERAGE","Запрос о приготовлении, хранении или покупке еды/десерта, а не о выращивании ягодной культуры."
"букет из клубники","6465","AVERAGE","Запрос о приготовлении, хранении или покупке еды/десерта, а не о выращивании ягодной культуры."
"клубника в шоколаде москва","6393","AVERAGE","Запрос о приготовлении, хранении или покупке еды/десерта, а не о выращивании ягодной культуры."
"букет из клубники в шоколаде chocoroom62","6315","AVERAGE","Запрос о приготовлении, хранении или покупке еды/десерта, а не о выращивании ягодной культуры."
"клубника в шоколаде купить","5942","AVERAGE","Запрос о приготовлении, хранении или покупке еды/десерта, а не о выращивании ягодной культуры."
"clubnika casino регистрация","5658","LOW","Исходная проверка интента: off_topic_gambling."
"казино клубника официальный сайт","5640","LOW","Исходная проверка интента: off_topic_gambling."
"казино малина","5638","AVERAGE","Исходная проверка интента: off_topic_gambling."
"klubnika casino","5507","LOW","Исходная проверка интента: off_topic_gambling."
"малина казино","5428","AVERAGE","Исходная проверка интента: off_topic_gambling."
"букеты из клубники","5296","AVERAGE","Покупка десерта/букета или коммерческая доставка еды, не садовый интент."
"малин акерман","5165","AVERAGE","Исходная проверка интента: off_topic_or_malformed."
"казино клубничка","4796","AVERAGE","Исходная проверка интента: off_topic_gambling."
"регистрация клубника казино","4762","LOW","Исходная проверка интента: off_topic_gambling."
"казино клубника официальный","4479","LOW","Исходная проверка интента: off_topic_gambling."
"clubnika","4329","AVERAGE","Исходная проверка интента: off_topic_gambling."
"ягодка малинка","4321","AVERAGE","Запрос о приготовлении/хранении еды или развлекательном контенте, не выращивании."
"клубника казино играть","4314","AVERAGE","Исходная проверка интента: off_topic_gambling."
"песня ягода малинка","4250","AVERAGE","Исходная проверка интента: off_topic_or_malformed."
"казино клубника вход","4218","LOW","Исходная проверка интента: off_topic_gambling."
"клубника казино сайт","4213","LOW","Исходная проверка интента: off_topic_gambling."
"клубника в шоколаде спб","4153","AVERAGE","Запрос о приготовлении, хранении или покупке еды/десерта, а не о выращивании ягодной культуры."
"клубничка казино","4088","AVERAGE","Исходная проверка интента: off_topic_gambling."
"казино клубника регистрация","3948","LOW","Исходная проверка интента: off_topic_gambling."
"клубника казино бонусы","3829","LOW","Исходная проверка интента: off_topic_gambling."
"клубника казино онлайн","3643","LOW","Исходная проверка интента: off_topic_gambling."
"зеркало клубника казино","3620","LOW","Исходная проверка интента: off_topic_gambling."
"казино клубника играть","3511","AVERAGE","Исходная проверка интента: off_topic_gambling."
"запах клубники турецкий сериал на русском языке смотреть бесплатно","3467","AVERAGE","Запрос о приготовлении/хранении еды или развлекательном контенте, не выращивании."
"клубника казино официальный сайт зеркало","3426","LOW","Исходная проверка интента: off_topic_gambling."
"клубника казино бездепозитный бонус","3270","LOW","Исходная проверка интента: off_topic_gambling."
"клубника казино игровые автоматы","3252","AVERAGE","Исходная проверка интента: off_topic_gambling."
"клубника казино скачать","3113","LOW","Исходная проверка интента: off_topic_gambling."
"клубника казино промокод","3104","LOW","Исходная проверка интента: off_topic_gambling."
"clubnika casino бонус","3081","LOW","Исходная проверка интента: off_topic_gambling."
"клубники в шоколаде","3038","AVERAGE","Запрос о приготовлении, хранении или покупке еды/десерта, а не о выращивании ягодной культуры."
"зеркало казино клубника","2741","LOW","Исходная проверка интента: off_topic_gambling."
"играть клубника казино","2679","AVERAGE","Исходная проверка интента: off_topic_gambling."
"онлайн казино клубника","2673","LOW","Исходная проверка интента: off_topic_gambling."
"вход клубника казино","2671","LOW","Исходная проверка интента: off_topic_gambling."
"клубника казино демо","2640","AVERAGE","Исходная проверка интента: off_topic_gambling."
"clubnika casino промокод","2603","LOW","Исходная проверка интента: off_topic_gambling."
"букет из клубники chocoroom62","2603","AVERAGE","Запрос о приготовлении, хранении или покупке еды/десерта, а не о выращивании ягодной культуры."
"клубника казино войти","2588","LOW","Исходная проверка интента: off_topic_gambling."
"ягода малина","2582","AVERAGE","Запрос о приготовлении/хранении еды или развлекательном контенте, не выращивании."
"clubnika casino официальный","2528","LOW","Исходная проверка интента: off_topic_gambling."
"клубника в шоколаде доставка","2515","AVERAGE","Запрос о приготовлении, хранении или покупке еды/десерта, а не о выращивании ягодной культуры."
"клубника казино отзывы","2419","LOW","Исходная проверка интента: off_topic_gambling."
"букеты из клубники chocoroom62","2407","AVERAGE","Покупка десерта/букета или коммерческая доставка еды, не садовый интент."
"промокод клубника казино","2376","LOW","Исходная проверка интента: off_topic_gambling."
"клубника casino","2362","LOW","Исходная проверка интента: off_topic_gambling."
"чем полезна клубника","2354","AVERAGE","Исходная проверка интента: adjacent_health."
"марат клубника","2322","AVERAGE","Имя/бренд/развлекательный или сторонний культурный запрос, не малина или клубника как садовая культура."
"клубника в шоколаде msk.berrypresent.ru","2256","AVERAGE","Запрос о приготовлении, хранении или покупке еды/десерта, а не о выращивании ягодной культуры."
"спб клубника в шоколаде","2231","AVERAGE","Запрос о приготовлении, хранении или покупке еды/десерта, а не о выращивании ягодной культуры."
"игровые автоматы клубника","2153","AVERAGE","Исходная проверка интента: off_topic_gambling."
"вход казино клубника","2149","LOW","Исходная проверка интента: off_topic_gambling."
"клубника в шоколаде купить в москве","2146","AVERAGE","Запрос о приготовлении, хранении или покупке еды/десерта, а не о выращивании ягодной культуры."
"клубника казино t_me_klybnika_casinoofficial","2122","LOW","Исходная проверка интента: off_topic_gambling."
"клубника в шоколаде заказать","2113","AVERAGE","Запрос о приготовлении, хранении или покупке еды/десерта, а не о выращивании ягодной культуры."
"клубника казино слоты","2081","AVERAGE","Исходная проверка интента: off_topic_gambling."
"официальный клубника казино","2072","LOW","Исходная проверка интента: off_topic_gambling."
"казино клубника сайт","2039","LOW","Исходная проверка интента: off_topic_gambling."
"скачать клубника казино","2024","LOW","Исходная проверка интента: off_topic_gambling."
"регистрация казино клубника","2021","AVERAGE","Исходная проверка интента: off_topic_gambling."
"игровые автоматы клубника казино","2008","AVERAGE","Исходная проверка интента: off_topic_gambling."
"букет из клубники в шоколаде купить","2005","AVERAGE","Запрос о приготовлении, хранении или покупке еды/десерта, а не о выращивании ягодной культуры."
"демо клубника казино","2000","AVERAGE","Исходная проверка интента: off_topic_gambling."
"клубника казино фриспины","2000","AVERAGE","Исходная проверка интента: off_topic_gambling."
"клубника казино личный кабинет","1990","LOW","Исходная проверка интента: off_topic_gambling."
"казино клубника скачать","1970","LOW","Исходная проверка интента: off_topic_gambling."
"казино клубника бонус","1961","LOW","Исходная проверка интента: off_topic_gambling."
"сайт клубника казино","1961","LOW","Исходная проверка интента: off_topic_gambling."
"клубника польза","1954","AVERAGE","Исходная проверка интента: adjacent_health."
"бесплатно клубника казино","1950","AVERAGE","Исходная проверка интента: off_topic_gambling."
"заказать клубнику в шоколаде","1945","AVERAGE","Запрос о приготовлении, хранении или покупке еды/десерта, а не о выращивании ягодной культуры."
"фриспины клубника казино","1903","AVERAGE","Исходная проверка интента: off_topic_gambling."
"клубника официальный сайт","1899","LOW","Исходная проверка интента: off_topic_gambling."
"официальный сайт клубника казино","1879","LOW","Исходная проверка интента: off_topic_gambling."
"сайт казино клубника","1871","LOW","Исходная проверка интента: off_topic_gambling."
"клубника в шоколаде букет","1868","AVERAGE","Запрос о приготовлении, хранении или покупке еды/десерта, а не о выращивании ягодной культуры."
"слоты клубника казино","1853","AVERAGE","Исходная проверка интента: off_topic_gambling."
"бонус клубника казино","1826","LOW","Исходная проверка интента: off_topic_gambling."
"играть казино клубника","1825","AVERAGE","Исходная проверка интента: off_topic_gambling."
"игровые автоматы клубника на деньги","1814","AVERAGE","Исходная проверка интента: off_topic_gambling."
"казино клубника промокод","1800","LOW","Исходная проверка интента: off_topic_gambling."
"клубника казино мобильная версия","1799","LOW","Исходная проверка интента: off_topic_gambling."
"купить клубника в шоколаде","1794","AVERAGE","Запрос о приготовлении, хранении или покупке еды/десерта, а не о выращивании ягодной культуры."
"clubnika казино зеркало","1762","LOW","Исходная проверка интента: off_topic_gambling."
"сколько калорий в клубнике","1758","AVERAGE","Исходная проверка интента: adjacent_health."
"бонус казино клубника","1737","LOW","Исходная проверка интента: off_topic_gambling."
"войти клубника казино","1720","AVERAGE","Исходная проверка интента: off_topic_gambling."
"клубника в шоколаде мэджик","1679","AVERAGE","Запрос о приготовлении, хранении или покупке еды/десерта, а не о выращивании ягодной культуры."
"купить клубнику в шоколаде в москве","1660","AVERAGE","Запрос о приготовлении, хранении или покупке еды/десерта, а не о выращивании ягодной культуры."
"клубника казино зарегистрироваться","1659","AVERAGE","Исходная проверка интента: off_topic_gambling."
"вывод клубника казино","1640","LOW","Исходная проверка интента: off_topic_gambling."
"зарегистрироваться клубника казино","1585","LOW","Исходная проверка интента: off_topic_gambling."
"букеты из клубники в шоколаде москва","1582","AVERAGE","Запрос о приготовлении, хранении или покупке еды/десерта, а не о выращивании ягодной культуры."
"клубника польза и вред для здоровья","1560","AVERAGE","Исходная проверка интента: adjacent_health."
"clubnika casino бездепозитный бонус","1559","LOW","Исходная проверка интента: off_topic_gambling."
"официальный сайт казино клубника","1541","LOW","Исходная проверка интента: off_topic_gambling."
"клубника казино бесплатно","1539","AVERAGE","Исходная проверка интента: off_topic_gambling."
"букет клубника в шоколаде","1528","AVERAGE","Запрос о приготовлении, хранении или покупке еды/десерта, а не о выращивании ягодной культуры."
"клубника казино vip","1528","LOW","Исходная проверка интента: off_topic_gambling."
"на деньги клубника казино","1522","LOW","Исходная проверка интента: off_topic_gambling."
"клубника казино вывод","1514","AVERAGE","Исходная проверка интента: off_topic_gambling."
"casino клубника","1503","AVERAGE","Исходная проверка интента: off_topic_gambling."
"клубника казино акции","1499","LOW","Исходная проверка интента: off_topic_gambling."
"официальный казино клубника","1493","LOW","Исходная проверка интента: off_topic_gambling."
"онлайн казино clubnika","1491","LOW","Исходная проверка интента: off_topic_gambling."
"клубнику в шоколаде купить","1460","AVERAGE","Запрос о приготовлении, хранении или покупке еды/десерта, а не о выращивании ягодной культуры."
"компот из клубники на зиму на 3 литра","1456","AVERAGE","Исходная проверка интента: adjacent_food."
"vip клубника казино","1453","LOW","Исходная проверка интента: off_topic_gambling."
"личный кабинет клубника казино","1450","AVERAGE","Исходная проверка интента: off_topic_gambling."
"клубника казино live","1447","LOW","Исходная проверка интента: off_topic_gambling."
"клубника в шоколаде в спб","1445","AVERAGE","Запрос о приготовлении, хранении или покупке еды/десерта, а не о выращивании ягодной культуры."
"клубника казино на деньги","1438","LOW","Исходная проверка интента: off_topic_gambling."
"бонусы клубника казино","1424","LOW","Исходная проверка интента: off_topic_gambling."
"casino clubnika официальный","1419","LOW","Исходная проверка интента: off_topic_gambling."
"вход в казино клубника","1416","LOW","Исходная проверка интента: off_topic_gambling."
"клубника онлайн казино","1413","LOW","Исходная проверка интента: off_topic_gambling."
"галина малина","1412","AVERAGE","Имя/бренд/развлекательный или сторонний культурный запрос, не малина или клубника как садовая культура."
"отзывы клубника казино","1401","LOW","Исходная проверка интента: off_topic_gambling."
"рабочее зеркало клубника казино","1400","AVERAGE","Исходная проверка интента: off_topic_gambling."
"live клубника казино","1391","LOW","Исходная проверка интента: off_topic_gambling."
"польза клубники","1387","AVERAGE","Исходная проверка интента: adjacent_health."
"турниры клубника казино","1384","LOW","Исходная проверка интента: off_topic_gambling."
"мобильная версия клубника казино","1381","AVERAGE","Исходная проверка интента: off_topic_gambling."
"клубника казино рабочее зеркало","1375","LOW","Исходная проверка интента: off_topic_gambling."
"желе из малины","1372","AVERAGE","Исходная проверка интента: adjacent_food."
"акции клубника казино","1354","LOW","Исходная проверка интента: off_topic_gambling."
"малина польза","1350","LOW","Исходная проверка интента: adjacent_health."
"набор клубника в шоколаде","1347","AVERAGE","Запрос о приготовлении, хранении или покупке еды/десерта, а не о выращивании ягодной культуры."
"казино клубника официальный сайт зеркало","1329","LOW","Исходная проверка интента: off_topic_gambling."
"клубника казино кэшбэк","1328","LOW","Исходная проверка интента: off_topic_gambling."
"казино клубника официальный сайт зеркало рабочее на сегодня","1318","LOW","Исходная проверка интента: off_topic_gambling."
"клубника казино зеркало на сегодня","1317","LOW","Исходная проверка интента: off_topic_gambling."
"казино с бесплатными вращениями","1315","LOW","Исходная проверка интента: off_topic_gambling."
"клубника казино бездепозитный бонус за регистрацию","1306","LOW","Исходная проверка интента: off_topic_gambling."
"без депозита клубника казино","1305","LOW","Исходная проверка интента: off_topic_gambling."
"клубника игровые автоматы","1298","AVERAGE","Исходная проверка интента: off_topic_gambling."
"клубника казино турниры","1289","LOW","Исходная проверка интента: off_topic_gambling."
"clubnika вход","1285","LOW","Исходная проверка интента: off_topic_gambling."
"ягода малина песня","1281","AVERAGE","Исходная проверка интента: off_topic_or_malformed."
"кэшбэк клубника казино","1250","LOW","Исходная проверка интента: off_topic_gambling."
"клубника казино приложение","1240","LOW","Исходная проверка интента: off_topic_gambling."
"к чему снится клубника","1234","AVERAGE","Исходная проверка интента: off_topic_or_malformed."
"klubnika казино","1223","LOW","Исходная проверка интента: off_topic_gambling."
"клубника казино промокод бездепозитный бонус","1211","LOW","Исходная проверка интента: off_topic_gambling."
"клубника в шоколаде калининград","1174","AVERAGE","Запрос о приготовлении, хранении или покупке еды/десерта, а не о выращивании ягодной культуры."
"какие витамины в клубнике","1169","AVERAGE","Исходная проверка интента: adjacent_health."
"игровой клуб клубника","1166","LOW","Исходная проверка интента: off_topic_gambling."
"малина казино регистрация","1163","AVERAGE","Исходная проверка интента: off_topic_gambling."
"москва клубника в шоколаде с доставкой","1155","AVERAGE","Запрос о приготовлении, хранении или покупке еды/десерта, а не о выращивании ягодной культуры."
"клубника калорийность","1148","AVERAGE","Исходная проверка интента: adjacent_health."
"клубника зеркало","1133","LOW","Исходная проверка интента: off_topic_gambling."
"клубника казино на реальные деньги","1129","LOW","Исходная проверка интента: off_topic_gambling."
"малина вайсман","1124","AVERAGE","Имя/бренд/развлекательный или сторонний культурный запрос, не малина или клубника как садовая культура."
"малина казино зеркало","1108","AVERAGE","Исходная проверка интента: off_topic_gambling."
"казино клубника klubnika casino","1102","LOW","Исходная проверка интента: off_topic_gambling."
"желе из малины на зиму простой рецепт","1100","AVERAGE","Исходная проверка интента: adjacent_food."
"скачать казино клубника","1100","LOW","Исходная проверка интента: off_topic_gambling."
"клубника вход","1092","LOW","Исходная проверка интента: off_topic_gambling."
"доставка клубники в шоколаде","1076","AVERAGE","Запрос о приготовлении, хранении или покупке еды/десерта, а не о выращивании ягодной культуры."
"казино клубника казино","1068","LOW","Исходная проверка интента: off_topic_gambling."
"игровые автоматы казино клубника","1056","AVERAGE","Исходная проверка интента: off_topic_gambling."
"клубника играть","1030","AVERAGE","Запрос о казино, слотах или игре, а не о выращивании растения."
"чем полезна малина","1008","AVERAGE","Исходная проверка интента: adjacent_health."
"малина казино вход","991","AVERAGE","Исходная проверка интента: off_topic_gambling."
"klubnika casino официальный сайт","979","LOW","Исходная проверка интента: off_topic_gambling."
"клубника в шоколаде цена","960","AVERAGE","Запрос о приготовлении, хранении или покупке еды/десерта, а не о выращивании ягодной культуры."
"клубника казино 9847","960","AVERAGE","Исходная проверка интента: off_topic_gambling."
"букет клубники","956","AVERAGE","Покупка десерта/букета или коммерческая доставка еды, не садовый интент."
"casino клубника вход","946","LOW","Исходная проверка интента: off_topic_gambling."
"игровые автоматы клубника играть на деньги","915","AVERAGE","Исходная проверка интента: off_topic_gambling."
"клубника слот","915","AVERAGE","Запрос о казино, слотах или игре, а не о выращивании растения."
"промокод клубника без депозита","913","LOW","Исходная проверка интента: off_topic_gambling."
"купить клубнику в шоколаде","912","AVERAGE","Запрос о приготовлении, хранении или покупке еды/десерта, а не о выращивании ягодной культуры."
"компот из клубники на зиму на 3 литра рецепт","902","AVERAGE","Исходная проверка интента: adjacent_food."
"галина малина на рутубе","897","AVERAGE","Имя/бренд/развлекательный или сторонний культурный запрос, не малина или клубника как садовая культура."
"москва клубника в шоколаде","896","AVERAGE","Запрос о приготовлении, хранении или покупке еды/десерта, а не о выращивании ягодной культуры."
"клубника в шоколаде тюмень","893","AVERAGE","Запрос о приготовлении, хранении или покупке еды/десерта, а не о выращивании ягодной культуры."
"клубника в шоколаде купить букет","889","AVERAGE","Запрос о приготовлении, хранении или покупке еды/десерта, а не о выращивании ягодной культуры."
"клубника казино личный","889","LOW","Исходная проверка интента: off_topic_gambling."
"игровые автоматы клубника онлайн зеркало","872","AVERAGE","Исходная проверка интента: off_topic_gambling."
"клубника в шоколаде омск","871","AVERAGE","Запрос о приготовлении, хранении или покупке еды/десерта, а не о выращивании ягодной культуры."
"скачать слот клубничка","861","LOW","Исходная проверка интента: off_topic_or_malformed."
"онлайн клубника казино","846","LOW","Исходная проверка интента: off_topic_gambling."
"клубника казино 87r","835","AVERAGE","Исходная проверка интента: off_topic_gambling."
"слоты клубника","811","AVERAGE","Запрос о казино, слотах или игре, а не о выращивании растения."
"букет из клубники и цветов","799","AVERAGE","Запрос о приготовлении, хранении или покупке еды/десерта, а не о выращивании ягодной культуры."
"клубника в шоколаде екатеринбург","792","AVERAGE","Запрос о приготовлении, хранении или покупке еды/десерта, а не о выращивании ягодной культуры."
"клубника онлайн","792","AVERAGE","Исходная проверка интента: ambiguous_brand."
"клубника слоты","781","AVERAGE","Запрос о казино, слотах или игре, а не о выращивании растения."
"скачать песню ягода малинка","779","LOW","Исходная проверка интента: off_topic_or_malformed."
"казино клубника бонусы","778","LOW","Исходная проверка интента: off_topic_gambling."
"игровые автоматы на деньги с выводом клубничка","777","AVERAGE","Исходная проверка интента: off_topic_gambling."
"клубника казино vfh","777","AVERAGE","Исходная проверка интента: off_topic_gambling."
"казино клубника рабочее зеркало","775","AVERAGE","Исходная проверка интента: off_topic_gambling."
"клубника казино clubnikacasino-kw top","775","LOW","Исходная проверка интента: off_topic_gambling."
"клубника в шоколаде москва с доставкой недорого","773","AVERAGE","Запрос о приготовлении, хранении или покупке еды/десерта, а не о выращивании ягодной культуры."
"клубника в шоколаде великий новгород","771","AVERAGE","Запрос о приготовлении, хранении или покупке еды/десерта, а не о выращивании ягодной культуры."
"клубника казино h355","768","AVERAGE","Исходная проверка интента: off_topic_gambling."
"букет из клубники в шоколаде цена","762","AVERAGE","Запрос о приготовлении, хранении или покупке еды/десерта, а не о выращивании ягодной культуры."
"клубника казино i65","759","AVERAGE","Исходная проверка интента: off_topic_gambling."
"клубника в шоколаде доставка москва","748","AVERAGE","Запрос о приготовлении, хранении или покупке еды/десерта, а не о выращивании ягодной культуры."
"клубника с пополнением через телефон","747","LOW","Исходная проверка интента: off_topic_gambling."
"клубника казино 45f","745","AVERAGE","Исходная проверка интента: off_topic_gambling."
"klubnichka casino","731","LOW","Исходная проверка интента: off_topic_gambling."
"клубничный букет","729","AVERAGE","Покупка десерта/букета или коммерческая доставка еды, не садовый интент."
"казино клубника официальный сайт вход","727","LOW","Исходная проверка интента: off_topic_gambling."
"казино клубника t_me_klybnika_casinoofficial","722","LOW","Исходная проверка интента: off_topic_gambling."
"букет из клубники москва","721","AVERAGE","Запрос о приготовлении, хранении или покупке еды/десерта, а не о выращивании ягодной культуры."
"как заморозить клубнику","721","AVERAGE","Запрос о приготовлении, хранении или покупке еды/десерта, а не о выращивании ягодной культуры."
"игровой автомат клубника","720","AVERAGE","Исходная проверка интента: off_topic_gambling."
"польза малины","717","LOW","Исходная проверка интента: adjacent_health."
"casino online клубника","709","LOW","Исходная проверка интента: off_topic_gambling."
"купить букет из клубники в шоколаде","707","AVERAGE","Запрос о приготовлении, хранении или покупке еды/десерта, а не о выращивании ягодной культуры."
"клубника в шоколаде купить с доставкой","703","AVERAGE","Запрос о приготовлении, хранении или покупке еды/десерта, а не о выращивании ягодной культуры."
"клубника казино clubnika-casino-kfb top","695","LOW","Исходная проверка интента: off_topic_gambling."
"klubnika casino зеркало","690","LOW","Исходная проверка интента: off_topic_gambling."
"клубника в шоколаде купить в москве с доставкой","684","AVERAGE","Запрос о приготовлении, хранении или покупке еды/десерта, а не о выращивании ягодной культуры."
"клубника с сахаром на зиму без варки","683","AVERAGE","Запрос о приготовлении, хранении или покупке еды/десерта, а не о выращивании ягодной культуры."
"клубника рабочее зеркало","679","AVERAGE","Исходная проверка интента: ambiguous_brand."
"малина польза и вред для здоровья","679","AVERAGE","Исходная проверка интента: adjacent_health."
"клубника клуб автоматы","676","LOW","Исходная проверка интента: off_topic_gambling."
"клубника в шоколаде москва купить","675","AVERAGE","Запрос о приготовлении, хранении или покупке еды/десерта, а не о выращивании ягодной культуры."
"клубника игровой клуб","672","LOW","Исходная проверка интента: off_topic_gambling."
"игра клубнички","670","AVERAGE","Запрос о казино, слотах или игре, а не о выращивании растения."
"бесплатная игра клубника","661","AVERAGE","Запрос о казино, слотах или игре, а не о выращивании растения."
"клубника официальный","656","AVERAGE","Исходная проверка интента: ambiguous_brand."
"букет из клубники в шоколаде купить chocoroom62","653","AVERAGE","Запрос о приготовлении, хранении или покупке еды/десерта, а не о выращивании ягодной культуры."
"желе из малины на зиму","651","AVERAGE","Исходная проверка интента: adjacent_food."
"клубника в шоколаде в москве","651","AVERAGE","Запрос о приготовлении, хранении или покупке еды/десерта, а не о выращивании ягодной культуры."
"clubnika казино на деньги","648","LOW","Исходная проверка интента: off_topic_gambling."
"игра клубника","645","AVERAGE","Запрос о казино, слотах или игре, а не о выращивании растения."
"как заморозить клубнику на зиму","644","AVERAGE","Запрос о приготовлении, хранении или покупке еды/десерта, а не о выращивании ягодной культуры."
"букет из клубники в шоколаде с доставкой","640","AVERAGE","Запрос о приготовлении, хранении или покупке еды/десерта, а не о выращивании ягодной культуры."
"казино клубника играть онлайн","638","AVERAGE","Исходная проверка интента: off_topic_gambling."
"клубника казино официальный сайт clubnikalove4 ru","634","LOW","Исходная проверка интента: off_topic_gambling."
"казино клубника онлайн clubnikalove4 ru","633","LOW","Исходная проверка интента: off_topic_gambling."
"казино клубника clubnikalove4 ru","630","LOW","Исходная проверка интента: off_topic_gambling."
"купить клубника в шоколаде msk.berrypresent.ru","629","AVERAGE","Запрос о приготовлении, хранении или покупке еды/десерта, а не о выращивании ягодной культуры."
"клубника казино официальный сайт вход","625","LOW","Исходная проверка интента: off_topic_gambling."
"клубника в шоколаде купить спб с доставкой","619","AVERAGE","Запрос о приготовлении, хранении или покупке еды/десерта, а не о выращивании ягодной культуры."
"клубника казино clubnikalove4 ru","616","LOW","Исходная проверка интента: off_topic_gambling."
"игровые автоматы клубника бесплатно без регистрации","615","AVERAGE","Исходная проверка интента: off_topic_gambling."
"ягода малинка слушать","614","AVERAGE","Исходная проверка интента: off_topic_or_malformed."
"казино клубника фриспины","612","LOW","Исходная проверка интента: off_topic_gambling."
"букеты клубника в шоколаде","611","AVERAGE","Запрос о приготовлении, хранении или покупке еды/десерта, а не о выращивании ягодной культуры."
"букеты из клубники в шоколаде","609","AVERAGE","Запрос о приготовлении, хранении или покупке еды/десерта, а не о выращивании ягодной культуры."
"ягодка малинка песня","608","AVERAGE","Исходная проверка интента: off_topic_or_malformed."
"букет клубники в шоколаде","606","AVERAGE","Запрос о приготовлении, хранении или покупке еды/десерта, а не о выращивании ягодной культуры."
"вулкан клубника казино","591","AVERAGE","Исходная проверка интента: off_topic_gambling."
"клубника казино автоматы","591","AVERAGE","Исходная проверка интента: off_topic_gambling."
"играть в клубника","586","AVERAGE","Запрос о казино, слотах или игре, а не о выращивании растения."
"приложение клубника","585","AVERAGE","Имя/бренд/развлекательный или сторонний культурный запрос, не малина или клубника как садовая культура."
"клубнички игровые автоматы","582","AVERAGE","Исходная проверка интента: off_topic_gambling."
"к чему снится малина","580","AVERAGE","Исходная проверка интента: off_topic_or_malformed."
"клубника бонусы","580","LOW","Исходная проверка интента: off_topic_gambling."
"песня ягода малина","580","AVERAGE","Исходная проверка интента: off_topic_or_malformed."
"casino клубника играть","579","AVERAGE","Исходная проверка интента: off_topic_gambling."
"клубника в шоколаде москва купить в магазине","577","AVERAGE","Запрос о приготовлении, хранении или покупке еды/десерта, а не о выращивании ягодной культуры."
"clubnika casino скачать","576","LOW","Исходная проверка интента: off_topic_gambling."
"зарегистрироваться в игровых автоматах клубника","574","AVERAGE","Исходная проверка интента: off_topic_gambling."
"малина польза и вред для здоровья человека","568","AVERAGE","Исходная проверка интента: adjacent_health."
"клубника регистрация","567","LOW","Исходная проверка интента: off_topic_gambling."
"клубника казино зеркало рабочее на сегодня","566","LOW","Исходная проверка интента: off_topic_gambling."
"клубника в шоколаде в букете","565","AVERAGE","Запрос о приготовлении, хранении или покупке еды/десерта, а не о выращивании ягодной культуры."
"зеркало клубника казино официальный сайт","564","LOW","Исходная проверка интента: off_topic_gambling."
"клубника казино 7x7x","557","AVERAGE","Исходная проверка интента: off_topic_gambling."
"как украсить торт клубникой","550","AVERAGE","Исходная проверка интента: adjacent_food."
"клубника в шоколаде москва самовывоз","547","AVERAGE","Запрос о приготовлении, хранении или покупке еды/десерта, а не о выращивании ягодной культуры."
"клубника в шоколаде красноярск","546","AVERAGE","Запрос о приготовлении, хранении или покупке еды/десерта, а не о выращивании ягодной культуры."
"клубника игра","541","AVERAGE","Запрос о казино, слотах или игре, а не о выращивании растения."
"клубничка игра","535","AVERAGE","Запрос о казино, слотах или игре, а не о выращивании растения."
"сколько стоит клубника в шоколаде","535","AVERAGE","Запрос о приготовлении, хранении или покупке еды/десерта, а не о выращивании ягодной культуры."
"клубника казино 2ud","528","AVERAGE","Исходная проверка интента: off_topic_gambling."
"kazino klubnika","527","LOW","Исходная проверка интента: off_topic_gambling."
"настойка из малины","527","LOW","Исходная проверка интента: adjacent_food."
"клубника в шоколаде купить москва","522","AVERAGE","Запрос о приготовлении, хранении или покупке еды/десерта, а не о выращивании ягодной культуры."
"клубника в шоколаде купить в москве самовывоз","521","AVERAGE","Запрос о приготовлении, хранении или покупке еды/десерта, а не о выращивании ягодной культуры."
"компот из малины на зиму на 3 литровую","521","AVERAGE","Исходная проверка интента: adjacent_food."
"заказать букет из клубники в шоколаде","518","AVERAGE","Запрос о приготовлении, хранении или покупке еды/десерта, а не о выращивании ягодной культуры."
"как хранить клубнику в шоколаде","518","AVERAGE","Запрос о приготовлении, хранении или покупке еды/десерта, а не о выращивании ягодной культуры."
"клубника казино 99i","515","LOW","Исходная проверка интента: off_topic_gambling."
"заказать букет клубника в шоколаде","514","AVERAGE","Запрос о приготовлении, хранении или покупке еды/десерта, а не о выращивании ягодной культуры."
"клубника казино рабочее","514","LOW","Исходная проверка интента: off_topic_gambling."
"клубники играть бесплатно без регистрации игровые","507","AVERAGE","Исходная проверка интента: off_topic_gambling."
"доставка клубника в шоколаде","498","AVERAGE","Запрос о приготовлении, хранении или покупке еды/десерта, а не о выращивании ягодной культуры."
"клубника в шоколаде пермь","497","AVERAGE","Запрос о приготовлении, хранении или покупке еды/десерта, а не о выращивании ягодной культуры."
"клубника с сахаром на зиму без варки в морозилке","496","AVERAGE","Запрос о приготовлении, хранении или покупке еды/десерта, а не о выращивании ягодной культуры."
"приложение казино клубника","486","LOW","Исходная проверка интента: off_topic_gambling."
"шарм ночных кабаков малины жиганской","486","AVERAGE","Исходная проверка интента: off_topic_or_malformed."
"казино клубника clubnika-casino-kfb top","485","LOW","Исходная проверка интента: off_topic_gambling."
"клубника казино официальное зеркало","484","LOW","Исходная проверка интента: off_topic_gambling."
"как варить варенье из малины","483","AVERAGE","Исходная проверка интента: adjacent_food."
"обзор казино клубника","481","LOW","Исходная проверка интента: off_topic_gambling."
"казино клубника clubnikalove5","477","LOW","Исходная проверка интента: off_topic_gambling."
"совхоз имени ленина сбор клубники 2026","477","AVERAGE","Запрос о сборе ягод/работе у стороннего хозяйства, а не об уходе за садовой культурой."
"клубника в шоколаде купить спб","475","AVERAGE","Запрос о приготовлении, хранении или покупке еды/десерта, а не о выращивании ягодной культуры."
"клубника в шоколаде самара","475","AVERAGE","Запрос о приготовлении, хранении или покупке еды/десерта, а не о выращивании ягодной культуры."
"казино клубника онлайн clubnikalove5","474","LOW","Исходная проверка интента: off_topic_gambling."
"клубника казино без депозита","474","LOW","Исходная проверка интента: off_topic_gambling."
"свежая клубника в шоколаде","473","AVERAGE","Запрос о приготовлении, хранении или покупке еды/десерта, а не о выращивании ягодной культуры."
"польза клубники для организма","471","AVERAGE","Исходная проверка интента: adjacent_health."
"клубника в шоколаде подарок","469","AVERAGE","Запрос о приготовлении, хранении или покупке еды/десерта, а не о выращивании ягодной культуры."
"казино демо с бананами вишней клубникой","468","AVERAGE","Исходная проверка интента: off_topic_gambling."
"клубника казино clubnikalove5","468","LOW","Исходная проверка интента: off_topic_gambling."
"клубника казино официальный сайт clubnikalove5","466","LOW","Исходная проверка интента: off_topic_gambling."
"клубника казино бонус clubnikalove5","459","LOW","Исходная проверка интента: off_topic_gambling."
"игровой клуб клубничка","458","AVERAGE","Исходная проверка интента: off_topic_gambling."
"мобильная версия казино клубника","457","LOW","Исходная проверка интента: off_topic_gambling."
"клубника игровые","454","AVERAGE","Исходная проверка интента: off_topic_gambling."
"клубника в шоколаде спб заказать с доставкой","452","AVERAGE","Запрос о приготовлении, хранении или покупке еды/десерта, а не о выращивании ягодной культуры."
"casino clubnika официальный сайт","451","AVERAGE","Исходная проверка интента: off_topic_gambling."
"букет из клубники в шоколаде msk.berrypresent.ru","449","AVERAGE","Запрос о приготовлении, хранении или покупке еды/десерта, а не о выращивании ягодной культуры."
"клубника казино t_me_onlinecas_klybnika","446","LOW","Исходная проверка интента: off_topic_gambling."
"клубника личный кабинет","445","LOW","Исходная проверка интента: off_topic_gambling."
"вино из клубники в домашних условиях простой рецепт","442","AVERAGE","Исходная проверка интента: adjacent_food."
"клубника официальное зеркало","441","LOW","Исходная проверка интента: off_topic_gambling."
"клубника казино 75y","440","LOW","Исходная проверка интента: off_topic_gambling."
"клубничка казино официальный сайт","437","LOW","Исходная проверка интента: off_topic_gambling."
"есть ли официальный сайт игры без обмана игровые автоматы клубника и другие сайты","436","AVERAGE","Исходная проверка интента: off_topic_gambling."
"клубника казино сайтов онлайн казино","436","LOW","Исходная проверка интента: off_topic_gambling."
"малины жиганской песня","436","AVERAGE","Исходная проверка интента: off_topic_or_malformed."
"казино клубника отзывы","426","LOW","Исходная проверка интента: off_topic_gambling."
"клубника казино 77h","425","AVERAGE","Исходная проверка интента: off_topic_gambling."
"клубника в темном шоколаде купить","423","AVERAGE","Покупка десерта/букета или коммерческая доставка еды, не садовый интент."
"люблю клубнику какой падеж","423","LOW","Имя/бренд/развлекательный или сторонний культурный запрос, не малина или клубника как садовая культура."
"большой букет из клубники в шоколаде","422","AVERAGE","Запрос о приготовлении, хранении или покупке еды/десерта, а не о выращивании ягодной культуры."
"клубника в шоколаде купить в москве магазин chocoroom62","422","AVERAGE","Запрос о приготовлении, хранении или покупке еды/десерта, а не о выращивании ягодной культуры."
"букет из клубники в шоколаде купить в спб","421","AVERAGE","Запрос о приготовлении, хранении или покупке еды/десерта, а не о выращивании ягодной культуры."
"казино клубника мобильная версия","421","LOW","Исходная проверка интента: off_topic_gambling."
"клубника казино зеркало рабочее официальный","421","LOW","Исходная проверка интента: off_topic_gambling."
"казино клубника зеркало на сегодня","420","LOW","Исходная проверка интента: off_topic_gambling."
"клубника в шоколаде тюмень купить с доставкой","419","AVERAGE","Запрос о приготовлении, хранении или покупке еды/десерта, а не о выращивании ягодной культуры."
"козино клубника","418","LOW","Исходная проверка интента: off_topic_gambling."
"ой калина ой малина текст","417","LOW","Исходная проверка интента: off_topic_or_malformed."
"клубника казино klubnika kazino","416","LOW","Исходная проверка интента: off_topic_gambling."
"klubnichka casino зеркало рабочее","415","LOW","Исходная проверка интента: off_topic_gambling."
"заказать клубнику в шоколаде в москве","415","AVERAGE","Запрос о приготовлении, хранении или покупке еды/десерта, а не о выращивании ягодной культуры."
"автоматы клубника играть бесплатно и без регистрации демо игровые","414","AVERAGE","Исходная проверка интента: off_topic_gambling."
"казино клубника слоты","414","AVERAGE","Исходная проверка интента: off_topic_gambling."
"клубника в шоколаде спб доставка","414","AVERAGE","Запрос о приготовлении, хранении или покупке еды/десерта, а не о выращивании ягодной культуры."
"букет из клубники в шоколаде купить в москве","413","AVERAGE","Запрос о приготовлении, хранении или покупке еды/десерта, а не о выращивании ягодной культуры."
"клубника в шоколаде букеты","412","AVERAGE","Запрос о приготовлении, хранении или покупке еды/десерта, а не о выращивании ягодной культуры."
"клубника в шоколаде заказать букет","412","AVERAGE","Запрос о приготовлении, хранении или покупке еды/десерта, а не о выращивании ягодной культуры."
"клубника казино oxygen","412","LOW","Исходная проверка интента: off_topic_gambling."
"малина в шоколаде рецепт","412","AVERAGE","Исходная проверка интента: adjacent_food."
"казино клубника зеркало clubnikalove5","408","LOW","Исходная проверка интента: off_topic_gambling."
"запах клубники смотреть","404","AVERAGE","Запрос о приготовлении/хранении еды или развлекательном контенте, не выращивании."
"клубника казино 1904","402","AVERAGE","Исходная проверка интента: off_topic_gambling."
"казино клубника clubnika72","401","LOW","Исходная проверка интента: off_topic_gambling."
"настойка на малине","400","LOW","Исходная проверка интента: adjacent_food."
"букет клубника в шоколаде купить в москве с доставкой","399","AVERAGE","Запрос о приготовлении, хранении или покупке еды/десерта, а не о выращивании ягодной культуры."
"зеркало клубника","397","LOW","Исходная проверка интента: off_topic_gambling."
"клубника казино clubnika72","395","LOW","Исходная проверка интента: off_topic_gambling."
"клубника в шоколаде подарочный набор chocoroom62","393","AVERAGE","Запрос о приготовлении, хранении или покупке еды/десерта, а не о выращивании ягодной культуры."
"к чему снится клубника женщине","392","LOW","Исходная проверка интента: off_topic_or_malformed."
"клубника казино clubnika72.buzz","391","LOW","Исходная проверка интента: off_topic_gambling."
"запах клубники турецкий сериал на русском языке","389","AVERAGE","Имя/бренд/развлекательный или сторонний культурный запрос, не малина или клубника как садовая культура."
"казино клубника clubnika72.buzz","389","LOW","Исходная проверка интента: off_topic_gambling."
"корзина с клубникой в шоколаде","389","AVERAGE","Запрос о приготовлении, хранении или покупке еды/десерта, а не о выращивании ягодной культуры."
"купить клубнику в шоколаде москва","387","AVERAGE","Запрос о приготовлении, хранении или покупке еды/десерта, а не о выращивании ягодной культуры."
"клубника в шоколаде в коробке","386","AVERAGE","Запрос о приготовлении, хранении или покупке еды/десерта, а не о выращивании ягодной культуры."
"если в огурцы добавить сахар то получится клубника","385","AVERAGE","Запрос о приготовлении, хранении или покупке еды/десерта, а не о выращивании ягодной культуры."
"игровой слот клубнички","385","AVERAGE","Игровой автомат Fruit Cocktail, известный как «Клубнички»; запрос об азартной игре, не о садовой культуре."
"клубника в шоколаде купить недорого","385","AVERAGE","Запрос о приготовлении, хранении или покупке еды/десерта, а не о выращивании ягодной культуры."
"казино клубника бездепозитный бонус clubnikalove5","382","LOW","Исходная проверка интента: off_topic_gambling."
"букет из клубники москва chocoroom62","381","AVERAGE","Запрос о приготовлении, хранении или покупке еды/десерта, а не о выращивании ягодной культуры."
"магазин клубника в шоколаде москва","381","AVERAGE","Запрос о приготовлении, хранении или покупке еды/десерта, а не о выращивании ягодной культуры."
"казино клубника на деньги","380","LOW","Исходная проверка интента: off_topic_gambling."
"букет из клубники в шоколаде с цветами","377","AVERAGE","Запрос о приготовлении, хранении или покупке еды/десерта, а не о выращивании ягодной культуры."
"пятиминутка из клубники","377","AVERAGE","Исходная проверка интента: adjacent_food."
"клубника в шоколаде на 8 марта","376","AVERAGE","Запрос о приготовлении, хранении или покупке еды/десерта, а не о выращивании ягодной культуры."
"клубника казино призы и бонусы","376","LOW","Исходная проверка интента: off_topic_gambling."
"заказать букет клубника в шоколаде москва","374","AVERAGE","Запрос о приготовлении, хранении или покупке еды/десерта, а не о выращивании ягодной культуры."
"запах клубники турецкий сериал на русском","374","AVERAGE","Имя/бренд/развлекательный или сторонний культурный запрос, не малина или клубника как садовая культура."
"как заморозить малину","374","AVERAGE","Запрос о приготовлении, хранении или покупке еды/десерта, а не о выращивании ягодной культуры."
"бабочки маджонг играть бесплатно во весь экран бесплатно","372","AVERAGE","Исходная проверка интента: ambiguous_brand."
"клубника в шоколаде доставка в москве","371","AVERAGE","Запрос о приготовлении, хранении или покупке еды/десерта, а не о выращивании ягодной культуры."
"пастила из клубники","371","AVERAGE","Запрос о приготовлении/хранении еды или развлекательном контенте, не выращивании."
"казино клубника приложение","370","LOW","Исходная проверка интента: off_topic_gambling."
"клубника официальный сайт казино зеркало","370","LOW","Исходная проверка интента: off_topic_gambling."
"ягода малина нас к себе манила","370","AVERAGE","Запрос о приготовлении/хранении еды или развлекательном контенте, не выращивании."
"клубника в шоколаде в москве с доставкой","369","AVERAGE","Запрос о приготовлении, хранении или покупке еды/десерта, а не о выращивании ягодной культуры."
"казино клубника clubnikacasino-kw top","368","LOW","Исходная проверка интента: off_topic_gambling."
"клубника в шоколаде букет доставка","367","AVERAGE","Запрос о приготовлении, хранении или покупке еды/десерта, а не о выращивании ягодной культуры."
"клубника в шоколаде в коробке с цветами","366","AVERAGE","Запрос о приготовлении, хранении или покупке еды/десерта, а не о выращивании ягодной культуры."
"букет из клубники в шоколаде тюмень","364","AVERAGE","Запрос о приготовлении, хранении или покупке еды/десерта, а не о выращивании ягодной культуры."
"корзина с клубникой","364","AVERAGE","Запрос о приготовлении/хранении еды или развлекательном контенте, не выращивании."
"клубника со сгущенкой на зиму заморозить рецепты","363","AVERAGE","Исходная проверка интента: adjacent_food."
"купить клубнику в шоколаде в москве недорого с доставкой на дом","363","AVERAGE","Запрос о приготовлении, хранении или покупке еды/десерта, а не о выращивании ягодной культуры."
"магазин клубники в шоколаде","363","AVERAGE","Запрос о приготовлении, хранении или покупке еды/десерта, а не о выращивании ягодной культуры."
"клубника в шоколаде тюмень доставка","362","AVERAGE","Запрос о приготовлении, хранении или покупке еды/десерта, а не о выращивании ягодной культуры."
"клубника казино бонус на первый депозит","362","LOW","Исходная проверка интента: off_topic_gambling."
"цветет малина за окном и тянется ко мне","362","AVERAGE","Запрос о приготовлении/хранении еды или развлекательном контенте, не выращивании."
"где продается клубника в шоколаде в москве","361","AVERAGE","Запрос о приготовлении, хранении или покупке еды/десерта, а не о выращивании ягодной культуры."
"клубника казино 73i","361","AVERAGE","Исходная проверка интента: off_topic_gambling."
"букет из клубники купить","359","AVERAGE","Запрос о приготовлении, хранении или покупке еды/десерта, а не о выращивании ягодной культуры."
"клубника бонус","359","AVERAGE","Исходная проверка интента: off_topic_gambling."
"клубника в шоколаде набор в коробке","359","AVERAGE","Запрос о приготовлении, хранении или покупке еды/десерта, а не о выращивании ягодной культуры."
"подарочная клубника в шоколаде","359","AVERAGE","Запрос о приготовлении, хранении или покупке еды/десерта, а не о выращивании ягодной культуры."
"клубника в шоколаде для мужчины","358","AVERAGE","Запрос о приготовлении, хранении или покупке еды/десерта, а не о выращивании ягодной культуры."
"клубника в шоколадке заказать","358","AVERAGE","Покупка десерта/букета или коммерческая доставка еды, не садовый интент."
"клубничные букеты","358","AVERAGE","Покупка десерта/букета или коммерческая доставка еды, не садовый интент."
"желе из малины на зиму простой","357","LOW","Исходная проверка интента: adjacent_food."
"из 21 кг свежей малины получается 3 кг сухой сколько взяли свежей малины если получили 5 кг сухой","357","LOW","Исходная проверка интента: off_topic_or_malformed."
"клубника в шоколаде купить дешево","357","AVERAGE","Запрос о приготовлении, хранении или покупке еды/десерта, а не о выращивании ягодной культуры."
"клубника казино казино","355","LOW","Исходная проверка интента: off_topic_gambling."
"клубника казино официальный сайт зеркало рабочее на сегодня","355","LOW","Исходная проверка интента: off_topic_gambling."
"казино klubnika","354","LOW","Исходная проверка интента: off_topic_gambling."
"клубника в шоколаде flowwow","354","AVERAGE","Запрос о приготовлении, хранении или покупке еды/десерта, а не о выращивании ягодной культуры."
"запах клубники турецкий сериал на русском языке смотреть бесплатно все серии в хорошем качестве","352","AVERAGE","Запрос о приготовлении/хранении еды или развлекательном контенте, не выращивании."
"купить клубнику в шоколаде букет","352","AVERAGE","Запрос о приготовлении, хранении или покупке еды/десерта, а не о выращивании ягодной культуры."
"заказать букет из клубники в шоколаде в москве","351","AVERAGE","Запрос о приготовлении, хранении или покупке еды/десерта, а не о выращивании ягодной культуры."
"букеты с клубникой в шоколаде и цветами","350","AVERAGE","Запрос о приготовлении, хранении или покупке еды/десерта, а не о выращивании ягодной культуры."
"маша может собрать клубнику за 6 часов а миша за 7 часов какую часть клубники","350","LOW","Запрос о приготовлении/хранении еды или развлекательном контенте, не выращивании."
"вино из клубники","349","AVERAGE","Исходная проверка интента: adjacent_food."
"клубника casino онлайн","349","LOW","Исходная проверка интента: off_topic_gambling."
"игровые официальные автоматы клубника","347","AVERAGE","Исходная проверка интента: off_topic_gambling."
"клубника в шоколаде доставка спб","347","AVERAGE","Запрос о приготовлении, хранении или покупке еды/десерта, а не о выращивании ягодной культуры."
"где можно купить клубнику в шоколаде","346","AVERAGE","Запрос о приготовлении, хранении или покупке еды/десерта, а не о выращивании ягодной культуры."
"бери букет москва клубника в шоколаде","345","AVERAGE","Запрос о приготовлении, хранении или покупке еды/десерта, а не о выращивании ягодной культуры."
"клубника казино gu0","345","LOW","Исходная проверка интента: off_topic_gambling."
"букет с клубникой и цветами москва","344","AVERAGE","Покупка десерта/букета или коммерческая доставка еды, не садовый интент."
"клубника в шоколаде nebo.msk","344","AVERAGE","Запрос о приготовлении, хранении или покупке еды/десерта, а не о выращивании ягодной культуры."
"купить букет клубники с цветами","344","AVERAGE","Покупка десерта/букета или коммерческая доставка еды, не садовый интент."
"малина польза и вред","344","AVERAGE","Исходная проверка интента: adjacent_health."
"упаковка букета из клубники в шоколаде","344","AVERAGE","Запрос о приготовлении, хранении или покупке еды/десерта, а не о выращивании ягодной культуры."
"клубника в шоколаде с днем рождения","343","AVERAGE","Запрос о приготовлении, хранении или покупке еды/десерта, а не о выращивании ягодной культуры."
"сбор клубники в совхозе имени ленина 2026","342","AVERAGE","Запрос о датах, условиях участия и билетах на коммерческий сбор/экскурсию в конкретном хозяйстве, а не об инструкции по выращиванию; официальный сайт хозяйства описывает продажу ягод, экскурсии и сбор посетителями: https://sovhozlenina.ru/"
"клубника в шоколаде букет с цветами","341","AVERAGE","Запрос о приготовлении, хранении или покупке еды/десерта, а не о выращивании ягодной культуры."
"клубника в шоколаде маме на день рождения","341","AVERAGE","Запрос о приготовлении, хранении или покупке еды/десерта, а не о выращивании ягодной культуры."
"клубника в шоколаде вднх","340","AVERAGE","Запрос о приготовлении, хранении или покупке еды/десерта, а не о выращивании ягодной культуры."
"клубника казино бонусы klubnika-promokod online","340","LOW","Исходная проверка интента: off_topic_gambling."
"клубника польза и вред","340","AVERAGE","Исходная проверка интента: adjacent_health."
"клубника в шоколаде купить в москве магазин самовывоз","338","AVERAGE","Запрос о приготовлении, хранении или покупке еды/десерта, а не о выращивании ягодной культуры."
"казино клубника бездепозитный бонус t_me_klybnika_casinoofficial","337","LOW","Исходная проверка интента: off_topic_gambling."
"букеты с клубникой и цветами купить в москве","335","AVERAGE","Покупка десерта/букета или коммерческая доставка еды, не садовый интент."
"любовь смерть и клубника читать","335","AVERAGE","Запрос о приготовлении/хранении еды или развлекательном контенте, не выращивании."
"букеты из клубники в шоколаде спб","333","AVERAGE","Запрос о приготовлении, хранении или покупке еды/десерта, а не о выращивании ягодной культуры."
"цветаевский пирог с малиной","333","AVERAGE","Исходная проверка интента: adjacent_food."
"скачать приложение клубника","329","LOW","Исходная проверка интента: off_topic_or_malformed."
"листья малины купить","327","AVERAGE","Коммерческий запрос на покупку листового сырья, не на выращивание ягодной культуры."
"клубника игорный клуб","323","LOW","Исходная проверка интента: off_topic_gambling."
"клубника казино официальный сайт зеркало рабочее","323","LOW","Исходная проверка интента: off_topic_gambling."
"клубника казино промокод clubnikacasino276","322","AVERAGE","Исходная проверка интента: off_topic_gambling."
"клубника в шоколаде спб купить","320","AVERAGE","Запрос о приготовлении, хранении или покупке еды/десерта, а не о выращивании ягодной культуры."
"играть клубника","317","AVERAGE","Запрос о казино, слотах или игре, а не о выращивании растения."
"варенье из клубники с целыми ягодами 5 минутка","315","AVERAGE","Исходная проверка интента: adjacent_food."
"казино клубника россия","314","LOW","Исходная проверка интента: off_topic_gambling."
"клубника кузнецкий сквад","314","AVERAGE","Имя/бренд/развлекательный или сторонний культурный запрос, не малина или клубника как садовая культура."
"настойка из малины на водке","313","LOW","Исходная проверка интента: adjacent_food."
"цветет малина за окном","313","AVERAGE","Запрос о приготовлении/хранении еды или развлекательном контенте, не выращивании."
"малина сублимированная купить оптом","312","AVERAGE","Запрос о приготовлении/хранении еды или развлекательном контенте, не выращивании."
"пополнить счет в клубника казино","311","LOW","Исходная проверка интента: off_topic_gambling."
"клубника казино зеркало рабочее","306","AVERAGE","Исходная проверка интента: off_topic_gambling."
"клубника в шоколаде berrypresent@gmail.com","305","AVERAGE","Запрос о приготовлении, хранении или покупке еды/десерта, а не о выращивании ягодной культуры."
"клубника в шоколаде купить в спб","305","AVERAGE","Запрос о приготовлении, хранении или покупке еды/десерта, а не о выращивании ягодной культуры."
"по малину в сад пойдем","303","AVERAGE","Исходная проверка интента: off_topic_or_malformed."
"купить букет из клубники в шоколаде в спб","301","AVERAGE","Запрос о приготовлении, хранении или покупке еды/десерта, а не о выращивании ягодной культуры."
"шарлотка с малиной","301","AVERAGE","Запрос о приготовлении/хранении еды или развлекательном контенте, не выращивании."
"ягода малина кропоткин","301","AVERAGE","Запрос о приготовлении/хранении еды или развлекательном контенте, не выращивании."
"конфитюр из малины","300","AVERAGE","Запрос о приготовлении/хранении еды или развлекательном контенте, не выращивании."
"сонник клубника","300","LOW","Исходная проверка интента: off_topic_or_malformed."
"рецепт корпусных десертов малина","299","AVERAGE","Исходная проверка интента: adjacent_food."
"ягода малина текст","299","LOW","Исходная проверка интента: off_topic_or_malformed."
"малина казино скачать","298","AVERAGE","Исходная проверка интента: off_topic_gambling."
"в клубнике содержится в среднем 6 процентов сахара сколько килограммов сахара в 12.5 кг клубники","297","LOW","Запрос о приготовлении/хранении еды или развлекательном контенте, не выращивании."
"клубника казино clubnika73","295","LOW","Исходная проверка интента: off_topic_gambling."
"клубника казино casino-klubnika-mz top","293","LOW","Исходная проверка интента: off_topic_gambling."
"азино клубника","292","LOW","Исходная проверка интента: off_topic_gambling."
"наливка из малины","291","AVERAGE","Запрос о приготовлении/хранении еды или развлекательном контенте, не выращивании."
"по малину в сад пойдем песня","291","AVERAGE","Исходная проверка интента: off_topic_or_malformed."
"клубника слот clubnika.4502.casino","289","LOW","Исходная проверка интента: off_topic_gambling."
"играть в клубника clubnika.4502.casino","288","AVERAGE","Исходная проверка интента: off_topic_gambling."
"клубника играть clubnika.4502.casino","288","AVERAGE","Исходная проверка интента: off_topic_gambling."
"клубника слоты clubnika.4502.casino","287","AVERAGE","Исходная проверка интента: off_topic_gambling."
"набор клубника в шоколаде chocoroom62","287","AVERAGE","Запрос о приготовлении, хранении или покупке еды/десерта, а не о выращивании ягодной культуры."
"слоты клубника clubnika.4502.casino","287","AVERAGE","Исходная проверка интента: off_topic_gambling."
"казино клубника clubnika73.buzz","286","LOW","Исходная проверка интента: off_topic_gambling."
"клубника казино clubnika73.buzz","286","LOW","Исходная проверка интента: off_topic_gambling."
"клубника казино бонус klubnika-promokod online","286","LOW","Исходная проверка интента: off_topic_gambling."
"клубника казино работающее зеркало","286","LOW","Исходная проверка интента: off_topic_gambling."
"клубника казино zerkalo","285","LOW","Исходная проверка интента: off_topic_gambling."
"клубника clubnika.casino15reg.buzz","284","AVERAGE","Исходная проверка интента: off_topic_gambling."
"настойка из клубники","284","AVERAGE","Исходная проверка интента: adjacent_food."
"казино клубника casino-klubnika-mz top","282","LOW","Исходная проверка интента: off_topic_gambling."
"настойка на клубнике","281","AVERAGE","Исходная проверка интента: adjacent_food."
"порно клубника","280","LOW","Исходная проверка интента: off_topic_or_malformed."
"как заморозить малину на зиму","279","AVERAGE","Запрос о приготовлении, хранении или покупке еды/десерта, а не о выращивании ягодной культуры."
"букет клубники chocoroom62","278","AVERAGE","Покупка десерта/букета или коммерческая доставка еды, не садовый интент."
"клубника казино lox","276","LOW","Исходная проверка интента: off_topic_gambling."
"казино клубника clubnika73","275","LOW","Исходная проверка интента: off_topic_gambling."
"казино клубника zerkalo","274","LOW","Исходная проверка интента: off_topic_gambling."
"мукбанг галина малина","274","AVERAGE","Имя/бренд/развлекательный или сторонний культурный запрос, не малина или клубника как садовая культура."
"казино клубника зеркало рабочее","272","LOW","Исходная проверка интента: off_topic_gambling."
"клубника казино зеркало casinooff","272","LOW","Исходная проверка интента: off_topic_gambling."
"не нужна мне малина не страшна мне ангина","272","AVERAGE","Запрос о приготовлении/хранении еды или развлекательном контенте, не выращивании."
"клубника casino зеркало","270","LOW","Исходная проверка интента: off_topic_gambling."
"доставка клубники в шоколаде москва","268","AVERAGE","Запрос о приготовлении, хранении или покупке еды/десерта, а не о выращивании ягодной культуры."
"малина иванушки international","266","AVERAGE","Запрос о приготовлении/хранении еды или развлекательном контенте, не выращивании."
"чай из листьев малины","266","AVERAGE","Запрос о приготовлении, хранении или покупке еды/десерта, а не о выращивании ягодной культуры."
"букет клубника в шоколаде msk.berrypresent.ru","264","AVERAGE","Запрос о приготовлении, хранении или покупке еды/десерта, а не о выращивании ягодной культуры."
"казино клубника играть на деньги","264","LOW","Исходная проверка интента: off_topic_gambling."
"варенье из лесной клубники","262","AVERAGE","Исходная проверка интента: adjacent_food."
"казино клубника поддержка","260","LOW","Исходная проверка интента: off_topic_gambling."
"украсить торт клубникой","260","AVERAGE","Исходная проверка интента: adjacent_food."
"ягодка малинка слушать","260","AVERAGE","Запрос о приготовлении/хранении еды или развлекательном контенте, не выращивании."
"иванушки малина","259","AVERAGE","Запрос о приготовлении/хранении еды или развлекательном контенте, не выращивании."
"клубника казино бонус регистрация","258","LOW","Исходная проверка интента: off_topic_gambling."
"купить букет из клубники в шоколаде msk.berrypresent.ru","258","AVERAGE","Запрос о приготовлении, хранении или покупке еды/десерта, а не о выращивании ягодной культуры."
"клубника в шоколаде букет msk.berrypresent.ru","255","AVERAGE","Запрос о приготовлении, хранении или покупке еды/десерта, а не о выращивании ягодной культуры."
"ты любишь земляничку а я люблю клубнику","255","AVERAGE","Запрос о приготовлении/хранении еды или развлекательном контенте, не выращивании."
"бонусы казино клубника","253","LOW","Исходная проверка интента: off_topic_gambling."
"меренговый рулет с клубникой","251","LOW","Запрос о приготовлении/хранении еды или развлекательном контенте, не выращивании."
"казино клубника рабочее зеркало на сегодня","250","LOW","Исходная проверка интента: off_topic_gambling."
"клубника в шоколаде с доставкой","250","AVERAGE","Запрос о приготовлении, хранении или покупке еды/десерта, а не о выращивании ягодной культуры."
"клубника казино clubnika1569.buzz","250","LOW","Исходная проверка интента: off_topic_gambling."
"клубнички играть","250","AVERAGE","Запрос о казино, слотах или игре, а не о выращивании растения."
"казино клубника официальный сайт зеркало рабочее","249","LOW","Исходная проверка интента: off_topic_gambling."
"клубника казино clubnika1569","247","LOW","Исходная проверка интента: off_topic_gambling."
"галина малина дзен","246","AVERAGE","Имя/бренд/развлекательный или сторонний культурный запрос, не малина или клубника как садовая культура."
"желе из клубники на зиму простой рецепт","246","AVERAGE","Исходная проверка интента: adjacent_food."
"клубника зеркало clubnika.4502.casino","243","LOW","Исходная проверка интента: off_topic_gambling."
"клубника онлайн clubnika.4502.casino","242","AVERAGE","Исходная проверка интента: off_topic_gambling."
"как играть в клубнику","241","AVERAGE","Запрос о казино, слотах или игре, а не о выращивании растения."
"клубника казино автоматы на деньги","240","LOW","Исходная проверка интента: off_topic_gambling."
"скачать песню ягодка малинка","239","LOW","Исходная проверка интента: off_topic_or_malformed."
"шарм ночных кабаков малины жиганской песня","239","AVERAGE","Исходная проверка интента: off_topic_or_malformed."
"казино клубника войти","237","AVERAGE","Исходная проверка интента: off_topic_gambling."
"клубника 7к играть","237","LOW","Исходная проверка интента: off_topic_gambling."
"клубника казино clubnika-casino-vnq top","236","LOW","Исходная проверка интента: off_topic_gambling."
"вино из клубники в домашних условиях","234","AVERAGE","Исходная проверка интента: adjacent_food."
"желе из малины на зиму без косточек","234","AVERAGE","Исходная проверка интента: adjacent_food."
"листья малины чем полезны","234","AVERAGE","Исходная проверка интента: adjacent_health."
"малина клуб вк","234","AVERAGE","Имя/бренд/развлекательный или сторонний культурный запрос, не малина или клубника как садовая культура."
"татьяна малина ромашина 66 лет москва","234","LOW","Исходная проверка интента: off_topic_or_malformed."
"клубника casino вход","233","LOW","Исходная проверка интента: off_topic_gambling."
"клубника казино clubnika","233","AVERAGE","Исходная проверка интента: off_topic_gambling."
"клубника казино регистрация на андроид","232","LOW","Исходная проверка интента: off_topic_gambling."
"малин эдуард бутурлино окиго","232","LOW","Исходная проверка интента: off_topic_or_malformed."
"казино клубника зеркало сегодня","231","LOW","Исходная проверка интента: off_topic_gambling."
"казино клубника промокод айгеймингру","228","LOW","Исходная проверка интента: off_topic_gambling."
"компот из малины на зиму на 3 литровую банку","228","AVERAGE","Исходная проверка интента: adjacent_food."
"малиновый конфитюр для торта","228","AVERAGE","Исходная проверка интента: adjacent_food."
"клубника в корзинке","227","AVERAGE","Поиск готового подарка/десерта «клубника в шоколаде в корзинке», а не садовой культуры; выдача содержит товарные страницы таких наборов, например https://citrus-buket22.ru/magazin/product/korzinka-3037-korzinka-s-klubnikoj-v-molochnom-shokolade"
"купить набор клубники в шоколаде","225","AVERAGE","Запрос о приготовлении, хранении или покупке еды/десерта, а не о выращивании ягодной культуры."
"малина казино приложение","225","AVERAGE","Исходная проверка интента: off_topic_gambling."
"желе из клубники на зиму","223","AVERAGE","Исходная проверка интента: adjacent_food."
"клубника казино h86","223","AVERAGE","Исходная проверка интента: off_topic_gambling."
"малина повышает или понижает давление","223","LOW","Исходная проверка интента: adjacent_health."
"запах клубники турецкий сериал на русском языке смотреть бесплатно онлайн в хорошем качестве","222","AVERAGE","Исходная проверка интента: ambiguous_brand."
"клубника казино официальном сайте играть","222","LOW","Исходная проверка интента: off_topic_gambling."
"малина жиганская","222","AVERAGE","Исходная проверка интента: off_topic_or_malformed."
"клубника казино clubnika-casino-tht top","219","LOW","Исходная проверка интента: off_topic_gambling."
"﻿малина казино","217","LOW","Исходная проверка интента: off_topic_gambling."
"клубника казино klubnika-spins","216","LOW","Исходная проверка интента: off_topic_gambling."
"клубника официальный сайт clubnika.4502.casino","216","LOW","Исходная проверка интента: off_topic_gambling."
"ягодка малинка скачать","216","LOW","Исходная проверка интента: off_topic_or_malformed."
"казино клубника бездепозитный бонус clubnikalove casino","214","LOW","Исходная проверка интента: off_topic_gambling."
"как сделать малину в шоколаде","212","AVERAGE","Исходная проверка интента: adjacent_food."
"клубника казино axi","212","LOW","Исходная проверка интента: off_topic_gambling."
"клубника казино clubnika.online-best.buzz","212","AVERAGE","Исходная проверка интента: off_topic_gambling."
"корзина с клубникой в подарок","212","AVERAGE","Запрос о приготовлении/хранении еды или развлекательном контенте, не выращивании."
"кузнецкий сквад клубника","212","AVERAGE","Название музыкального трека «Клубника» исполнителя Кузнецкий Сквад, Prombl и Fedorer, а не запрос о садовой ягоде: https://yandex.kz/video/preview/10871560270810472263"
"малина клуб в вк","212","AVERAGE","Имя/бренд/развлекательный или сторонний культурный запрос, не малина или клубника как садовая культура."
"шарлотка с клубникой рецепт в духовке","212","AVERAGE","Исходная проверка интента: adjacent_food."
"малина клаб","211","AVERAGE","Запрос о торговом заведении/бренде «Малина Клаб», не о выращивании ягод; выдача показывает магазин одежды «Малина клаб»: https://donetsk1.jsprav.ru/magazinyi-odezhdyi-i-obuvi/malina-klab/"
"набор клубника в шоколаде и цветы","211","AVERAGE","Запрос о приготовлении, хранении или покупке еды/десерта, а не о выращивании ягодной культуры."
"варенье из клубники с целыми ягодами 5 минутка классический рецепт","209","AVERAGE","Исходная проверка интента: adjacent_food."
"малина асмр слив","209","LOW","Исходная проверка интента: off_topic_or_malformed."
"клубника casino играть","208","AVERAGE","Исходная проверка интента: off_topic_gambling."
"корзина с клубникой в шоколаде и цветами","208","AVERAGE","Запрос о приготовлении, хранении или покупке еды/десерта, а не о выращивании ягодной культуры."
"клубника клуб автоматы без верификации","207","LOW","Исходная проверка интента: off_topic_gambling."
"корзина с клубникой и цветами","207","AVERAGE","Запрос о приготовлении/хранении еды или развлекательном контенте, не выращивании."
"клубника казино govnovozka","206","AVERAGE","Исходная проверка интента: off_topic_gambling."
"корзина из клубники в шоколаде","206","AVERAGE","Запрос о приготовлении, хранении или покупке еды/десерта, а не о выращивании ягодной культуры."
"сонник малина","206","AVERAGE","Исходная проверка интента: off_topic_or_malformed."
"корзина с клубникой в шоколаде купить","205","AVERAGE","Запрос о приготовлении, хранении или покупке еды/десерта, а не о выращивании ягодной культуры."
"казино клубника промокод klubnika-promokod online","204","LOW","Исходная проверка интента: off_topic_gambling."
"клубника в шоколаде в корзинке","204","AVERAGE","Запрос о приготовлении, хранении или покупке еды/десерта, а не о выращивании ягодной культуры."
"клубника со сгущенкой на зиму","204","AVERAGE","Исходная проверка интента: adjacent_food."
"малина лилия кенты","203","AVERAGE","Поиск по точной фразе не обнаруживает сорт или агротехнический вопрос; выдача ведёт к музыкальным/развлекательным совпадениям слов «Лилия» и «кенты» (например, текст трека MAYOT «Лилия»: https://alllyr.ru/lyrics/singer/151500-mayot/). Не включаем как запрос о малине без подтверждения садового значения."
"казино клубника clubnika-casino-vnq top","202","LOW","Исходная проверка интента: off_topic_gambling."
"малин эдуард бутурлино","202","LOW","Исходная проверка интента: off_topic_or_malformed."
"клубника со сгущенкой на зиму рецепт","201","AVERAGE","Исходная проверка интента: adjacent_food."
"малина кондитерская самара","201","AVERAGE","Запрос о приготовлении/хранении еды или развлекательном контенте, не выращивании."
"заморозка клубники на зиму","199","AVERAGE","Запрос о приготовлении, хранении или покупке еды/десерта, а не о выращивании ягодной культуры."
"казино клубника игровые автоматы","199","AVERAGE","Исходная проверка интента: off_topic_gambling."
"аппараты клубнички","194","AVERAGE","Название игрового слота Fruit Cocktail/Igrosoft («Клубнички»), подтверждается выдачей по игровому автомату: https://neonsloty.com/igry/avtomaty/fruit-cocktail-igrosoft. Это запрос об азартной игре, не выращивании клубники."
"клубника казино лицензия","194","LOW","Исходная проверка интента: off_topic_gambling."
"слойки с клубникой из слоеного теста","194","AVERAGE","Запрос о приготовлении/хранении еды или развлекательном контенте, не выращивании."
"войти казино клубника","192","AVERAGE","Исходная проверка интента: off_topic_gambling."
"казино клубника t_me_onlinecas_klybnika","191","LOW","Исходная проверка интента: off_topic_gambling."
"клубника казино 0473","191","LOW","Исходная проверка интента: off_topic_gambling."
"клубника казино зеркало сегодня","191","AVERAGE","Исходная проверка интента: off_topic_gambling."
"настойка из малины на водке в домашних условиях","191","LOW","Исходная проверка интента: adjacent_food."
"букет из клубники в шоколаде monitta.ru","190","AVERAGE","Запрос о приготовлении, хранении или покупке еды/десерта, а не о выращивании ягодной культуры."
"к чему снится клубника женщине большая красная","186","LOW","Исходная проверка интента: off_topic_or_malformed."
"клубники играть бесплатно без регистрации игровые автоматы","186","AVERAGE","Исходная проверка интента: off_topic_gambling."
"малина казино слоты","186","AVERAGE","Исходная проверка интента: off_topic_gambling."
"бабочки маджонг играть бесплатно онлайн во весь экран вянет клубника","185","AVERAGE","Исходная проверка интента: ambiguous_brand."
"малина румс екатеринбург","184","AVERAGE","Запрос о заведении Malina Rooms в Екатеринбурге (караоке/антикафе), не о выращивании ягод: https://yandex.com/maps/org/malina/21212571140/"
"клубника казино обзор","183","LOW","Исходная проверка интента: off_topic_gambling."
"запах клубники турецкий сериал на русском языке смотреть бесплатно все серии в хорошем качестве турк","181","AVERAGE","Запрос о приготовлении/хранении еды или развлекательном контенте, не выращивании."
"малин акерман голая","180","LOW","Исходная проверка интента: off_topic_or_malformed."
"вулкан клубника зеркало","179","LOW","Исходная проверка интента: off_topic_gambling."
"сергей лазарев вкус малины","179","AVERAGE","Запрос о песне/музыкальном исполнителе «Вкус малины», а не о выращивании ягодной культуры."
"клубника казино официальный сайт t_me_klybnika_casinoofficial","178","LOW","Исходная проверка интента: off_topic_gambling."
"польза малины для организма человека","178","LOW","Исходная проверка интента: adjacent_health."
"клубника казино бонус за регистрацию","177","LOW","Исходная проверка интента: off_topic_gambling."
"пятиминутка из клубники с целыми ягодами","177","AVERAGE","Исходная проверка интента: adjacent_food."
"листья малины где можно купить","175","AVERAGE","Коммерческий запрос на покупку листового сырья, не на выращивание ягодной культуры."
"листья малины чем полезны для организма человека","175","LOW","Исходная проверка интента: adjacent_health."
"отзывы казино","173","LOW","Исходная проверка интента: off_topic_gambling."
"варенье из клубники с агар-агаром рецепт","172","AVERAGE","Исходная проверка интента: adjacent_food."
"казино клубника отзывы игроков","172","LOW","Исходная проверка интента: off_topic_gambling."
"казино клубника бонус за регистрацию","171","AVERAGE","Исходная проверка интента: off_topic_gambling."
"как сделать малину в шоколаде в домашних условиях","171","AVERAGE","Исходная проверка интента: adjacent_food."
"клубника clubnika.play322-casino.click","171","AVERAGE","Исходная проверка интента: off_topic_gambling."
"казино клубника vip","170","LOW","Исходная проверка интента: off_topic_gambling."
"клубника казино fruit cocktail slot","170","AVERAGE","Исходная проверка интента: off_topic_gambling."
"желе из малины на зиму простой рецепт пятиминутка густое","168","LOW","Исходная проверка интента: adjacent_food."
"казино клубника играть бесплатно","168","AVERAGE","Исходная проверка интента: off_topic_gambling."
"молочная девочка с малиной","168","AVERAGE","Запрос о приготовлении, хранении или покупке еды/десерта, а не о выращивании ягодной культуры."
"химчистка дивана малина","168","AVERAGE","Поиск услуги химчистки дивана; «Малина» встречается как название клининговой компании, запрос не относится к выращиванию: https://himchistkamebeli.ru/himchistka-divana-ot-zapaha-mochi.html"
"казино клубника актуальная ссылка","167","LOW","Исходная проверка интента: off_topic_gambling."
"казино клубника официальный сайт играть","167","LOW","Исходная проверка интента: off_topic_gambling."
"ой, калина, ой малина золотое кольцо текст","167","LOW","Исходная проверка интента: off_topic_or_malformed."
"корпусные десерты рецепт малина","166","AVERAGE","Исходная проверка интента: adjacent_food."
"малиновая настойка на водке","166","LOW","Исходная проверка интента: adjacent_food."
"полина малина","166","AVERAGE","Навигационный запрос о садовом авторе/канале «Полина Малина», а не вопрос о выращивании культуры: описание канала говорит о саде и огороде (https://listmax.ru/channels/detail/poli_na_malinaaa)."
"клубника казино игры","165","AVERAGE","Исходная проверка интента: off_topic_gambling."
"сладкий вкус малины на твоих губах","164","AVERAGE","Запрос о приготовлении/хранении еды или развлекательном контенте, не выращивании."
"к чему снится малина женщине","163","LOW","Исходная проверка интента: off_topic_or_malformed."
"полезна ли клубника","163","AVERAGE","Исходная проверка интента: adjacent_health."
"clubnika промокод","162","LOW","Исходная проверка интента: off_topic_gambling."
"вареники с малиной","161","AVERAGE","Запрос о приготовлении, хранении или покупке еды/десерта, а не о выращивании ягодной культуры."
"малина жиганская песня","161","AVERAGE","Исходная проверка интента: off_topic_or_malformed."
"лазарев вкус малины","158","AVERAGE","Запрос о песне/музыкальном исполнителе «Вкус малины», а не о выращивании ягодной культуры."
"клубника казино клуб","157","AVERAGE","Исходная проверка интента: off_topic_gambling."
"как сварить варенье из малины на зиму","155","AVERAGE","Исходная проверка интента: adjacent_food."
"клубника казино clubnika.casino-privet11.buzz","154","AVERAGE","Исходная проверка интента: off_topic_gambling."
"личный кабинет клубника казино t_me_klybnika_casinoofficial","153","LOW","Исходная проверка интента: off_topic_gambling."
"приложение клубника казино","153","LOW","Исходная проверка интента: off_topic_gambling."
"клубника казино личный кабинет t_me_klybnika_casinoofficial","152","LOW","Исходная проверка интента: off_topic_gambling."
"коубника в шоколаде","152","AVERAGE","Запрос о приготовлении, хранении или покупке еды/десерта, а не о выращивании ягодной культуры."
"наливка из клубники","152","AVERAGE","Запрос о приготовлении/хранении еды или развлекательном контенте, не выращивании."
"скачать песню ягода малина","152","LOW","Исходная проверка интента: off_topic_or_malformed."
"клубника казино t_me_klubnika_playrus","151","LOW","Исходная проверка интента: off_topic_gambling."
"листья малины для чего заваривают","151","LOW","Исходная проверка интента: adjacent_health."
"листья малины польза","150","LOW","Исходная проверка интента: adjacent_health."
"тибетская малина польза","150","LOW","Исходная проверка интента: adjacent_health."
"клубника казино топ","147","LOW","Исходная проверка интента: off_topic_gambling."
"настойка на малине с водкой","146","LOW","Исходная проверка интента: adjacent_food."
"pm casino clubnika","145","LOW","Исходная проверка интента: off_topic_gambling."
"малина вк","145","AVERAGE","Имя/бренд/развлекательный или сторонний культурный запрос, не малина или клубника как садовая культура."
"сладкий вкус малины","145","AVERAGE","Запрос о приготовлении/хранении еды или развлекательном контенте, не выращивании."
"как заморозить малину на зиму в морозильной камере свежую","144","AVERAGE","Запрос о приготовлении, хранении или покупке еды/десерта, а не о выращивании ягодной культуры."
"малина спа пермь","144","AVERAGE","Имя/бренд/развлекательный или сторонний культурный запрос, не малина или клубника как садовая культура."
"ягода малина слушать","142","AVERAGE","Запрос о приготовлении/хранении еды или развлекательном контенте, не выращивании."
"clubnika casino промокод бездепозитный","141","LOW","Исходная проверка интента: off_topic_gambling."
"игровые автоматы клубника казино t_me_klybnika_casinoofficial","141","LOW","Исходная проверка интента: off_topic_gambling."
"малина в шоколаде рецепт в домашних условиях","140","AVERAGE","Исходная проверка интента: adjacent_food."
"сухие листья малины купить","140","LOW","Коммерческий запрос на покупку листового сырья, не на выращивание ягодной культуры."
"казино клубника 300 рублей за регистрацию без депозита","139","LOW","Исходная проверка интента: off_topic_gambling."
"клубника казино игровые автоматы t_me_klybnika_casinoofficial","139","LOW","Исходная проверка интента: off_topic_gambling."
"не нужна мне малина","139","AVERAGE","Запрос о приготовлении/хранении еды или развлекательном контенте, не выращивании."
"малина иванушки","138","AVERAGE","Запрос о приготовлении/хранении еды или развлекательном контенте, не выращивании."
"промокод казино клубника","138","LOW","Исходная проверка интента: off_topic_gambling."
"klybnika casino","137","LOW","Исходная проверка интента: off_topic_gambling."
"алексей малин саратов","137","AVERAGE","Имя/бренд/развлекательный или сторонний культурный запрос, не малина или клубника как садовая культура."
"польза и вред свежей малины","137","AVERAGE","Исходная проверка интента: adjacent_health."
"вино из малины в домашних условиях простой рецепт пошаговый в 3л банку","135","AVERAGE","Исходная проверка интента: adjacent_food."
"клубника казино актуальное зеркало","135","LOW","Исходная проверка интента: off_topic_gambling."
"малина клаб вк","135","LOW","Исходная проверка интента: off_topic_or_malformed."
"азартные игры клубника с бонусом","134","AVERAGE","Исходная проверка интента: off_topic_gambling."
"малина картинка","134","AVERAGE","Запрос на изображение, рисунок или учебный материал, не на выращивание растения."
"кондитерская малина самара","133","AVERAGE","Запрос о приготовлении/хранении еды или развлекательном контенте, не выращивании."
"малина львів","133","LOW","Исходная проверка интента: off_topic_or_malformed."
"казино малина malina 15l casino","132","AVERAGE","Исходная проверка интента: off_topic_gambling."
"малина с сахаром на зиму в морозилке","131","AVERAGE","Запрос о приготовлении, хранении или покупке еды/десерта, а не о выращивании ягодной культуры."
"наливка из малины в домашних условиях простой рецепт","131","AVERAGE","Исходная проверка интента: adjacent_food."
"малиновое вино рецепт приготовления в домашних условиях из свежей малины","130","AVERAGE","Исходная проверка интента: adjacent_food."
"малины жиганской","130","AVERAGE","Исходная проверка интента: off_topic_or_malformed."
"порно малина","130","LOW","Исходная проверка интента: off_topic_or_malformed."
"казино клубника kazino otziv","127","LOW","Исходная проверка интента: off_topic_gambling."
"малина спа челябинск","127","AVERAGE","Имя/бренд/развлекательный или сторонний культурный запрос, не малина или клубника как садовая культура."
"мобильная версия клубника казино t_me_klybnika_casinoofficial","127","LOW","Исходная проверка интента: off_topic_gambling."
"играть в клубнику бесплатно","125","AVERAGE","Запрос о казино, слотах или игре, а не о выращивании растения."
"казино клубника официальный сайт регистрация бонус","125","AVERAGE","Исходная проверка интента: off_topic_gambling."
"малина польза для организма","125","LOW","Исходная проверка интента: adjacent_health."
"полина малина ленивый садовод","125","AVERAGE","Навигационный запрос о канале садового автора «Полина Малина / Ленивый садовод», не самостоятельный вопрос по агротехнике (описание канала: https://listmax.ru/channels/detail/poli_na_malinaaa)."
"торт молочная девочка с малиной","125","AVERAGE","Исходная проверка интента: adjacent_food."
"бабушка с малиной","124","LOW","Точное словосочетание — название рассказа Виктора Астафьева; выдача содержит текст произведения и аудиозаписи: https://azbyka.ru/fiction/babushka-s-malinoj/. Это литературная навигация, не садоводство."
"клубника казино мобильная версия t_me_klybnika_casinoofficial","124","LOW","Исходная проверка интента: off_topic_gambling."
"малина казино malina 15l casino","124","AVERAGE","Исходная проверка интента: off_topic_gambling."
"казино клубника t_me_klubnika_playrus","123","LOW","Исходная проверка интента: off_topic_gambling."
"листья малины показания к применению","122","LOW","Исходная проверка интента: adjacent_health."
"цветаевский пирог с малиной в сметанной заливке","121","AVERAGE","Исходная проверка интента: adjacent_food."
"клубника casino бездепозитный бонус","120","LOW","Исходная проверка интента: off_topic_gambling."
"клубника казино clubnika.reg-casino11.click","120","AVERAGE","Исходная проверка интента: off_topic_gambling."
"настойка из малины на водке в домашних","120","LOW","Исходная проверка интента: adjacent_food."
"шарлотка с малиной рецепт в духовке","119","AVERAGE","Исходная проверка интента: adjacent_food."
"ягода малинка текст","119","AVERAGE","Исходная проверка интента: off_topic_or_malformed."
"казино клубника официальный сайт скачать","118","AVERAGE","Исходная проверка интента: off_topic_gambling."
"клубника казино бонус t_me_klybnika_casinoofficial","118","LOW","Исходная проверка интента: off_topic_gambling."
"медовик с малиной","118","AVERAGE","Запрос о приготовлении/хранении еды или развлекательном контенте, не выращивании."
"шарм ночных кабаков малины жиганской песня скачать","118","LOW","Исходная проверка интента: off_topic_or_malformed."
"галина малина рутуб","117","AVERAGE","Имя/бренд/развлекательный или сторонний культурный запрос, не малина или клубника как садовая культура."
"клубника казино бездепозитный бонус t_me_klybnika_casinoofficial","117","LOW","Исходная проверка интента: off_topic_gambling."
"клубника казино телеграм","117","LOW","Исходная проверка интента: off_topic_gambling."
"чем полезна малина для организма человека","117","LOW","Исходная проверка интента: adjacent_health."
"казино клубника регистрация бонус","116","AVERAGE","Исходная проверка интента: off_topic_gambling."
"casino клубника зеркало","114","LOW","Исходная проверка интента: off_topic_gambling."
"казино клубника акции","114","AVERAGE","Исходная проверка интента: off_topic_gambling."
"конфи из малины","114","AVERAGE","Запрос о приготовлении/хранении еды или развлекательном контенте, не выращивании."
"ягода малина нас к себе манила песня","113","AVERAGE","Исходная проверка интента: off_topic_or_malformed."
"слойки с малиной из слоеного теста","112","AVERAGE","Запрос о приготовлении/хранении еды или развлекательном контенте, не выращивании."
"клубничный букет купить в москве","111","AVERAGE","Покупка десерта/букета или коммерческая доставка еды, не садовый интент."
"корпусная малина рецепт","110","AVERAGE","Исходная проверка интента: adjacent_food."
"начинка из замороженной малины для слоек","110","AVERAGE","Исходная проверка интента: adjacent_food."
"зеркало клубника klubnika casino","109","LOW","Исходная проверка интента: off_topic_gambling."
"варенье из малины и черной смородины","108","AVERAGE","Исходная проверка интента: adjacent_food."
"картинка ягоды малины на прозрачном фоне","108","AVERAGE","Имя/бренд/развлекательный или сторонний культурный запрос, не малина или клубника как садовая культура."
"вкус малины","106","AVERAGE","Поисковая выдача и официальный аудиорелиз Сергея Лазарева показывают, что это название песни 2023 года, а не вопрос о вкусе ягоды."
"как ферментировать листья малины","106","LOW","Исходная проверка интента: adjacent_food."
"малина со сгущенкой на зиму","106","AVERAGE","Запрос о приготовлении/хранении еды или развлекательном контенте, не выращивании."
"гудзон малина","105","AVERAGE","Исходная проверка интента: off_topic_or_malformed."
"текст песни ягода малина","105","LOW","Исходная проверка интента: off_topic_or_malformed."
"клубника казино аккаунт","104","LOW","Исходная проверка интента: off_topic_gambling."
"листья малины польза и вред здоровью человека","104","AVERAGE","Исходная проверка интента: adjacent_health."
"ягода малинка ооо","104","AVERAGE","Запрос об организации ООО «Ягода Малинка», а не выращивании ягод; карточка компании указывает розничную торговлю пищевыми продуктами: https://spark-interfax.ru/moskva-preobrazhenskoe/ooo-yagoda-malinka-inn-9718176670-ogrn-1217700348205-c877a688874b42a5e053219aa8c0e2d5."
"запахом сладким малины жиганской","103","AVERAGE","Исходная проверка интента: off_topic_or_malformed."
"малина казино онлайн","103","LOW","Исходная проверка интента: off_topic_gambling."
"вареники с малиной рецепт","102","AVERAGE","Исходная проверка интента: adjacent_food."
"как заморозить малину с сахаром на зиму","102","AVERAGE","Запрос о приготовлении, хранении или покупке еды/десерта, а не о выращивании ягодной культуры."
"ваня собрал 8 стаканов малины а его сестра в 2 раза меньше","101","LOW","Исходная проверка интента: off_topic_or_malformed."
"казино клубника турнир","101","LOW","Исходная проверка интента: off_topic_gambling."
"clubnika casino бездепозитный","100","LOW","Исходная проверка интента: off_topic_gambling."
"автоматы клубничка","100","AVERAGE","Игровой автомат Fruit Cocktail, известный как «Клубнички»; запрос об азартной игре, не о садовой культуре."
"малина фм слушать","100","AVERAGE","Навигационный запрос о музыкальной радиостанции «Малина FM»; https://radiopotok.com/malina-fm описывает станцию и онлайн-прослушивание."
"клубника казино t_me_klybnika_casino official","99","LOW","Исходная проверка интента: off_topic_gambling."
"малина гудзон","99","AVERAGE","Исходная проверка интента: off_topic_or_malformed."
"галина малина мукбанг","98","AVERAGE","Имя/бренд/развлекательный или сторонний культурный запрос, не малина или клубника как садовая культура."
"наливка из малины в домашних условиях","98","AVERAGE","Запрос о приготовлении/хранении еды или развлекательном контенте, не выращивании."
"ягода малина минус","96","AVERAGE","Запрос о приготовлении/хранении еды или развлекательном контенте, не выращивании."
"играть в клубнику","95","AVERAGE","Запрос о казино, слотах или игре, а не о выращивании растения."
"листья малины польза заварить какая польза и вред для здоровья человека","95","AVERAGE","Исходная проверка интента: adjacent_health."
"ягода малина скачать","95","LOW","Исходная проверка интента: off_topic_or_malformed."
"желе из малины рецепт","94","AVERAGE","Исходная проверка интента: adjacent_food."
"кому нельзя есть малину","94","LOW","Исходная проверка интента: adjacent_health."
"малина сублимированная купить оптом kemaclub.ru","94","AVERAGE","Запрос о приготовлении/хранении еды или развлекательном контенте, не выращивании."
"песня шарм ночных кабаков малины жиганской","94","AVERAGE","Исходная проверка интента: off_topic_or_malformed."
"чем пахнет центр галактики ромом и малиной","94","AVERAGE","Вопрос о химическом составе облака Стрелец B2 и популярном астрономическом факте, не о садовой малине; пример объяснения: https://www.rbc.ua/rus/entertainment/paleniy-steyk-tuhli-ytsya-ta-malina-astronavti-1765901148.html."
"малина спа","93","AVERAGE","Имя/бренд/развлекательный или сторонний культурный запрос, не малина или клубника как садовая культура."
"как пахнет центр галактики","92","AVERAGE","Астрономический/научно-популярный вопрос о газовом облаке у центра Млечного Пути, не агротехнический запрос; источник: https://www.rbc.ua/rus/entertainment/paleniy-steyk-tuhli-ytsya-ta-malina-astronavti-1765901148.html."
"малина во сне","92","AVERAGE","Исходная проверка интента: off_topic_or_malformed."
"химчистка диванов малина","92","AVERAGE","Поиск услуги химчистки мебели/бренда клининга, не выращивания ягод: https://himchistkamebeli.ru/himchistka-divana-ot-zapaha-mochi.html"
"варенье из замороженной малины","91","AVERAGE","Исходная проверка интента: adjacent_food."
"клубника играть в казино бесплатно","91","AVERAGE","Исходная проверка интента: off_topic_gambling."
"к чему снится малина женщине крупная спелая","89","LOW","Исходная проверка интента: off_topic_or_malformed."
"пастила из малины в дегидраторе рецепты","89","AVERAGE","Исходная проверка интента: adjacent_food."
"ферментация листьев малины","89","LOW","Исходная проверка интента: adjacent_food."
"малина фм","88","AVERAGE","Навигационный запрос о радиостанции «Малина FM», не об агротехнике; источник с описанием станции и эфиром: https://radiopotok.com/malina-fm."
"слоеное тесто с малиной рецепт в духовке","88","AVERAGE","Исходная проверка интента: adjacent_food."
"casino клубника t_me_klybnika_casinoofficial","87","LOW","Исходная проверка интента: off_topic_gambling."
"бабочки маджонг играть бесплатно на яндексе","87","AVERAGE","Исходная проверка интента: ambiguous_brand."
"настойка на малине на самогоне","87","LOW","Исходная проверка интента: adjacent_food."
"тибетская малина польза и вред ягод","87","LOW","Исходная проверка интента: adjacent_health."
"малина казино сайт","86","LOW","Исходная проверка интента: off_topic_gambling."
"варенье из желтой малины","85","AVERAGE","Исходная проверка интента: adjacent_food."
"как приготовить варенье из малины","85","AVERAGE","Исходная проверка интента: adjacent_food."
"малина казино игровые автоматы","85","LOW","Исходная проверка интента: off_topic_gambling."
"пирог с малиной и сметанной заливкой","85","AVERAGE","Исходная проверка интента: adjacent_food."
"рецепт желе из малины для торта","85","AVERAGE","Исходная проверка интента: adjacent_food."
"сок из малины на зиму рецепт","85","AVERAGE","Исходная проверка интента: adjacent_food."
"ты будто сон ты как малина во саду","85","AVERAGE","Поэтическая/песенная формулировка («ты будто сон…») не задаёт вопрос о растении или агротехнике; релевантных садовых результатов по точной фразе не обнаружено."
"зайчик любовь смерть и клубника читать","83","AVERAGE","Запрос о приготовлении/хранении еды или развлекательном контенте, не выращивании."
"заморозка малины на зиму","83","AVERAGE","Запрос о приготовлении, хранении или покупке еды/десерта, а не о выращивании ягодной культуры."
"клубника автомат","83","AVERAGE","«Клубнички» — распространённое название игрового автомата Fruit Cocktail; выдача по точной формулировке ведёт к карточкам слота, например https://slot-avtomat.com.ua/fruit-cocktail. Это азартная игра, не выращивание клубники."
"лист малины польза","83","LOW","Исходная проверка интента: adjacent_health."
"клубника играть бесплатно без регистрации","82","AVERAGE","Исходная проверка интента: ambiguous_brand."
"желе из малины на зиму простой рецепт без косточек в домашних условиях","81","AVERAGE","Исходная проверка интента: adjacent_food."
"желе из малины с желатином","81","LOW","Исходная проверка интента: adjacent_food."
"казино малина malina xt6 casino","81","AVERAGE","Исходная проверка интента: off_topic_gambling."
"clubnica casino","80","LOW","Исходная проверка интента: off_topic_gambling."
"без депозита клубника казино t_me_klybnika_casinoofficial","80","LOW","Исходная проверка интента: off_topic_gambling."
"малина польза и вред для здоровья женщинам после 60","80","LOW","Исходная проверка интента: adjacent_health."
"рецепт из малины на зиму с желатином","78","AVERAGE","Исходная проверка интента: adjacent_food."
"сублимированная малина клубника kemaclub.ru","78","AVERAGE","Запрос о приготовлении/хранении еды или развлекательном контенте, не выращивании."
"""клубника мальвина описание сорта фото отзывы"" относится к категории ""одежда","77","LOW","Исходная проверка интента: off_topic_or_malformed."
"чем пахнет центр вселенной","77","AVERAGE","Формулировка спрашивает об астрономическом объекте; в выдаче речь о молекулярном облаке Sagittarius B2 и этилформиате, а не о выращивании малины."
"лист малины полезные свойства и противопоказания","76","LOW","Исходная проверка интента: adjacent_health."
"лист малины полезные свойства","75","AVERAGE","Исходная проверка интента: adjacent_health."
"наливка из малины в домашних условиях с водкой","75","AVERAGE","Исходная проверка интента: adjacent_food."
"пастила из малины в дегидраторе","75","AVERAGE","Исходная проверка интента: adjacent_food."
"по малину в сад пойдем текст","75","AVERAGE","Исходная проверка интента: off_topic_or_malformed."
"радио малина","75","AVERAGE","Запрос о приготовлении/хранении еды или развлекательном контенте, не выращивании."
"головна малин медиа","74","LOW","Исходная проверка интента: off_topic_or_malformed."
"слив малина асмр","74","LOW","Исходная проверка интента: off_topic_or_malformed."
"малиновое конфи для торта из замороженной малины","73","AVERAGE","Исходная проверка интента: adjacent_food."
"настойка из малины на самогоне","73","LOW","Исходная проверка интента: adjacent_food."
"играть в игровые автоматы клубнички","72","AVERAGE","Исходная проверка интента: off_topic_gambling."
"как приготовить желе из малины","72","AVERAGE","Исходная проверка интента: adjacent_food."
"лист малины польза и вред для организма","72","LOW","Исходная проверка интента: adjacent_health."
"как сделать схему к слову малина","71","LOW","Исходная проверка интента: off_topic_or_malformed."
"конфитюр из малины на зиму простой рецепт","71","AVERAGE","Исходная проверка интента: adjacent_food."
"желе из малины на зиму без косточек как приготовить в домашних условиях","70","AVERAGE","Исходная проверка интента: adjacent_food."
"казино клубника бонусы t_me_onlinecas_klybnika","70","LOW","Исходная проверка интента: off_topic_gambling."
"листья малины при беременности","70","LOW","Исходная проверка интента: adjacent_health."
"пирог с малиной в духовке простой рецепт на кефире","70","AVERAGE","Исходная проверка интента: adjacent_food."
"варенье из черной малины","69","AVERAGE","Исходная проверка интента: adjacent_food."
"клубника casino t_me_onlinecas_klybnika","69","LOW","Исходная проверка интента: off_topic_gambling."
"клубнички казино","69","AVERAGE","Исходная проверка интента: off_topic_gambling."
"почему нельзя малину при температуре","69","LOW","Исходная проверка интента: adjacent_health."
"malina rooms","68","AVERAGE","Запрос о гостиничных номерах под названием Malina, не о выращивании растений."
"клубника играть бесплатно без регистрации онлайн","68","AVERAGE","Исходная проверка интента: ambiguous_brand."
"настойка из малины на водке в домашних условиях простой рецепт","67","LOW","Исходная проверка интента: adjacent_food."
"чем полезна черная малина","67","AVERAGE","Исходная проверка интента: adjacent_health."
"ягодка малинка песня слушать","67","AVERAGE","Исходная проверка интента: off_topic_or_malformed."
"casino клубника t_me_onlinecas_klybnika","65","LOW","Исходная проверка интента: off_topic_gambling."
"как быстро разморозить малину","65","AVERAGE","Запрос о размораживании пищевого продукта и способе его приготовления/хранения, не об агротехнике."
"clubnika казино отзывы","64","AVERAGE","Исходная проверка интента: off_topic_gambling."
"элла малина порно","64","LOW","Исходная проверка интента: off_topic_or_malformed."
"варенье из тибетской малины","63","LOW","Исходная проверка интента: adjacent_food."
"клубника казино официальный t_me_klybnika_casinoofficial","63","LOW","Исходная проверка интента: off_topic_gambling."
"клубничное вино в домашних условиях","63","AVERAGE","Исходная проверка интента: adjacent_food."
"малина казино играть","62","LOW","Исходная проверка интента: off_topic_gambling."
"пастила из малины в домашних условиях в сушилке","62","AVERAGE","Исходная проверка интента: adjacent_food."
"рецепт желе из малины","62","AVERAGE","Исходная проверка интента: adjacent_food."
"как повлияет золотая малина на повседневную жизнь","59","AVERAGE","Формулировка относится к «Золотой малине» как киноантипремии/культурному выражению, а не к выращиванию золотистоплодной малины; результаты поиска по точной фразе не показывают агрономического намерения."
"ликер из малины в домашних условиях на водке","59","AVERAGE","Исходная проверка интента: adjacent_food."
"томат знаменитая клубника миссис шлаубах характеристика и описание сорта фото отзывы урожайность","59","AVERAGE","Формулировка о сорте томата Mrs. Schlaubaugh’s Famous Strawberry, а не о землянике/клубнике; подтверждение идентичности сорта томата: https://tomatland.ru/catalog/3178. Этот сайт охватывает малину и клубнику."
"игра клубника бесплатно играть без регистрации автоматы игровые бесплатно","58","AVERAGE","Исходная проверка интента: ambiguous_brand."
"корпусное пирожное малина рецепт","57","AVERAGE","Исходная проверка интента: adjacent_food."
"игровые автоматы малина","56","LOW","Исходная проверка интента: off_topic_gambling."
"казино клубничка официальный сайт","56","LOW","Исходная проверка интента: off_topic_gambling."
"клубничное варенье 5 минутка","56","AVERAGE","Исходная проверка интента: adjacent_food."
"малина асмр порно","56","LOW","Исходная проверка интента: off_topic_or_malformed."
"fruit cocktail бесплатно","55","LOW","Навигационный/игровой запрос о бесплатной демоверсии слота Fruit Cocktail (Igrosoft), а не о фруктовом коктейле или выращивании клубники; описание игрового слота: https://igrosoft.ru/upload/iblock/365/FruitCocktail%281%29.pdf."
"играть в клубнику бесплатно и без регистрации игровые автоматы онлайн","55","AVERAGE","Исходная проверка интента: off_topic_gambling."
"варенье из черной смородины и малины","54","AVERAGE","Исходная проверка интента: adjacent_food."
"желе из малины на зиму простой рецепт пятиминутка густое без желатина","54","LOW","Исходная проверка интента: adjacent_food."
"как приготовить малиновое варенье на зиму","54","AVERAGE","Исходная проверка интента: adjacent_food."
"кому нельзя малину","54","LOW","Исходная проверка интента: adjacent_health."
"песня ягода малинка хабиб","54","AVERAGE","Исходная проверка интента: off_topic_or_malformed."
"регистрация казино клубничка","53","LOW","Исходная проверка интента: off_topic_gambling."
"клубничные букеты тюмень","52","AVERAGE","Покупка десерта/букета или коммерческая доставка еды, не садовый интент."
"franui или frambini","50","AVERAGE","Сравнение коммерческих десертов из замороженной малины в шоколаде; официальный каталог FRANUI описывает готовый кондитерский продукт, а не сорта/саженцы."
"играть в игровые автоматы клубничка","50","AVERAGE","Исходная проверка интента: off_topic_gambling."
"желе из малины на зиму простой рецепт пятиминутка","48","LOW","Исходная проверка интента: adjacent_food."
"casino clubnika промокод","47","AVERAGE","Исходная проверка интента: off_topic_gambling."
"как быстро разморозить ягоды с морозилки","47","AVERAGE","Кулинарный вопрос о размораживании ягод, без садового интента."
"казино фрибеты","46","LOW","Исходная проверка интента: off_topic_gambling."
"малина при простуде","44","AVERAGE","Запрос о применении ягоды при заболевании человека, то есть о здоровье, а не о выращивании культуры."
"алина малина порно","43","LOW","Исходная проверка интента: off_topic_or_malformed."
"казино клубничка онлайн","43","AVERAGE","Исходная проверка интента: off_topic_gambling."
"klubnika casino казино","42","LOW","Исходная проверка интента: off_topic_gambling."
"рецепт песочного печенья с джемом линцское с малиной пошагово фото","42","AVERAGE","Исходная проверка интента: adjacent_food."
"кетон малины что это","41","AVERAGE","Запрос о химическом ароматическом соединении raspberry ketone и его использовании в продуктах/косметике; это не агротехнический вопрос."
"malina casino официальный сайт","40","LOW","Исходная проверка интента: off_topic_gambling."
"порно eroticlab","40","LOW","Исходная проверка интента: off_topic_or_malformed."
"играть в клубнику бесплатно и без регистрации в хорошем качестве","39","AVERAGE","Исходная проверка интента: off_topic_gambling."
"ягодка малинка текст","39","AVERAGE","Исходная проверка интента: off_topic_or_malformed."
"malina asmr 18+","38","LOW","Исходная проверка интента: off_topic_or_malformed."
"лучшие казино с бесплатным бонусом","38","LOW","Исходная проверка интента: off_topic_gambling."
"сорт малины 5 букв","38","LOW","Исходная проверка интента: off_topic_or_malformed."
"клубничка игровой клуб","33","AVERAGE","Исходная проверка интента: off_topic_gambling."
"малиновая настойка на водке в домашних","33","LOW","Исходная проверка интента: adjacent_food."
"клубничка казино бесплатно","32","AVERAGE","Исходная проверка интента: off_topic_gambling."
"малина при простуде помогает","32","AVERAGE","Исходная проверка интента: adjacent_food."
"клубничка казино онлайн","30","AVERAGE","Исходная проверка интента: off_topic_gambling."
"как заварить малину чтобы вызвать роды","28","LOW","Исходная проверка интента: adjacent_health."
"тибетская малина польза и вред","28","LOW","Исходная проверка интента: adjacent_health."
"варенье из тибетской малины рецепт","27","LOW","Исходная проверка интента: adjacent_food."
"ой калина текст","27","LOW","Исходная проверка интента: off_topic_or_malformed."
"клубнички игровой автомат","26","AVERAGE","Исходная проверка интента: off_topic_gambling."
"малиновый сок на зиму","26","AVERAGE","Запрос о приготовлении и консервировании напитка из собранной ягоды."
"можно ли малиновое варенье при температуре","26","AVERAGE","Исходная проверка интента: adjacent_health."
"польза тибетской малины","26","LOW","Исходная проверка интента: adjacent_health."
"в одном из выделенных ниже слов допущена грамматическая ошибка. исправьте ошибку и запишите слово правильно. в двухтысячном году езжай осторожно разные сорта малины ранних сумерек после заморозков","23","LOW","Запрос о приготовлении, хранении или покупке еды/десерта, а не о выращивании ягодной культуры."
"клубничка casino","23","AVERAGE","Исходная проверка интента: off_topic_gambling."
"ягоды в шоколаде москва","22","AVERAGE","Запрос о приготовлении, хранении или покупке еды/десерта, а не о выращивании ягодной культуры."
"настойка малиновая на водке","21","LOW","Исходная проверка интента: adjacent_food."
"онлайн казино клубничка","21","AVERAGE","Исходная проверка интента: off_topic_gambling."
"как приготовить малиновый джем в домашних условиях","20","AVERAGE","Запрос о рецепте пищевого продукта, а не о выращивании растения."
"что можно приготовить из тибетской малины","20","LOW","Исходная проверка интента: adjacent_food."
"желе из виктории на зиму","19","AVERAGE","Исходная проверка интента: adjacent_food."
"настойка малиновая на водке в домашних условиях рецепты","19","LOW","Исходная проверка интента: adjacent_food."
"букет из гипсофилы с клубникой сорта земляника мелкий калибр в шоколаде sweet berry радуга","18","AVERAGE","Запрос о приготовлении, хранении или покупке еды/десерта, а не о выращивании ягодной культуры."
"тибетская малина полезные свойства","18","LOW","Исходная проверка интента: adjacent_health."
"казино clubnika промокод","17","AVERAGE","Исходная проверка интента: off_topic_gambling."
"малиновый тарт из песочного теста","17","AVERAGE","Запрос о выпечке/рецепте десерта."
"скачать казино клубничка","17","LOW","Исходная проверка интента: off_topic_gambling."
"чем полезна тибетская малина","17","LOW","Исходная проверка интента: adjacent_health."
"клубничка казино промокод","16","LOW","Исходная проверка интента: off_topic_gambling."
"клубничка онлайн казино","16","AVERAGE","Исходная проверка интента: off_topic_gambling."
"слоты fruit cocktail","16","AVERAGE","Прямо указан слот Fruit Cocktail; официальная игровая документация Igrosoft описывает видеослот, а не садовую культуру: https://igrosoft.ru/upload/iblock/365/FruitCocktail%281%29.pdf."
"желе малиновое рецепт","15","AVERAGE","Исходная проверка интента: adjacent_food."
"тибетская малина чем полезна","15","LOW","Исходная проверка интента: adjacent_health."
"в двухтысячном году езжай осторожно разные сорта малины ранних сумерек после заморозков","14","LOW","Запрос о приготовлении, хранении или покупке еды/десерта, а не о выращивании ягодной культуры."
"клубничка игровые аппараты","14","AVERAGE","Запрос относится к названию азартного видеослота/игрового автомата «Клубнички», подтверждается результатами по игре Fruit Cocktail."
"galina malina","13","AVERAGE","Исходная проверка интента: off_topic_or_malformed."
"автоматы игровые клубничка","13","AVERAGE","Исходная проверка интента: off_topic_gambling."
"игра ягодки бесплатно и без регистрации в хорошем качестве","13","AVERAGE","Исходная проверка интента: ambiguous_brand."
"клубничка автоматы игровые","13","AVERAGE","Исходная проверка интента: off_topic_gambling."
"тибетская малина рецепты","13","AVERAGE","Исходная проверка интента: adjacent_food."
"цветы заказать с доставкой екатеринбург недорого","13","AVERAGE","Коммерческий запрос на заказ букета/доставку цветов в Екатеринбурге."
"играть в игровые автоматы бесплатно клубнички","12","AVERAGE","Исходная проверка интента: off_topic_gambling."
"как сварить клубничное варенье пятиминутку","12","AVERAGE","Исходная проверка интента: adjacent_food."
"порно алина новое","12","LOW","Исходная проверка интента: off_topic_or_malformed."
"хабиб ягодка малинка скачать бесплатно","12","LOW","Исходная проверка интента: off_topic_or_malformed."
"чем полезна тибетская малина для организма человека","12","LOW","Исходная проверка интента: adjacent_health."
"klubnika casino промокод","11","AVERAGE","Исходная проверка интента: off_topic_gambling."
"казино клубничка отзывы","11","LOW","Исходная проверка интента: off_topic_gambling."
"казино клубнички","11","LOW","Исходная проверка интента: off_topic_gambling."
"что приготовить из тибетской малины","11","LOW","Исходная проверка интента: adjacent_food."
"галинамалина","10","AVERAGE","Поиск имени/бренда «Галина Малина» (в выдаче — шеф-повар, автор/персона и торговая марка); нет признаков запроса о выращивании растения."
"игровые автоматы клубничка играть бесплатно","10","AVERAGE","Исходная проверка интента: off_topic_gambling."
"клубничка игра онлайн","10","AVERAGE","Исходная проверка интента: ambiguous_brand."
"порносайт клубничка","10","LOW","Исходная проверка интента: off_topic_or_malformed."
"casino malina зеркало","9","LOW","Исходная проверка интента: off_topic_gambling."
"malin akerman","9","AVERAGE","Исходная проверка интента: off_topic_or_malformed."
"игра клубничка онлайн","9","AVERAGE","Исходная проверка интента: ambiguous_brand."
"клубничное варенье пятиминутка рецепт на зиму","9","AVERAGE","Исходная проверка интента: adjacent_food."
"малиновые листья в чай в чем польза","9","AVERAGE","Исходная проверка интента: adjacent_health."
"автоматы игровые клубнички","8","AVERAGE","Исходная проверка интента: off_topic_gambling."
"игровые автоматы клубничка отзывы","8","LOW","Исходная проверка интента: off_topic_gambling."
"как быстро разморозить замороженные ягоды","8","AVERAGE","Исходная проверка интента: adjacent_food."
"клубника при камнях в желчном пузыре можно ли есть","8","LOW","Исходная проверка интента: adjacent_food."
"клубничные букеты пермь","8","AVERAGE","Покупка десерта/букета или коммерческая доставка еды, не садовый интент."
"промокод casino clubnika","8","LOW","Исходная проверка интента: off_topic_gambling."
"ягода малинка хабиба слушать","8","AVERAGE","Исходная проверка интента: off_topic_or_malformed."
"ягоды в шоколаде спб","8","AVERAGE","Запрос о приготовлении, хранении или покупке еды/десерта, а не о выращивании ягодной культуры."
"газсмородина ру вход","7","AVERAGE","Исходная проверка интента: ambiguous_brand."
"играть игровые автоматы клубничка","7","AVERAGE","Исходная проверка интента: off_topic_gambling."
"из чего делают малиновый ароматизатор","7","AVERAGE","Запрос о приготовлении/хранении еды или развлекательном контенте, не выращивании."
"как приготовить клубничный конфитюр","7","AVERAGE","Запрос о приготовлении/хранении еды или развлекательном контенте, не выращивании."
"китайская малина польза","7","LOW","Исходная проверка интента: adjacent_health."
"клубничный букет москва","7","AVERAGE","Покупка десерта/букета или коммерческая доставка еды, не садовый интент."
"маджонг ба","7","AVERAGE","Исходная проверка интента: ambiguous_brand."
"малина тибетская польза","7","LOW","Исходная проверка интента: adjacent_health."
"песня по малинку в сад пойдем","7","AVERAGE","Исходная проверка интента: off_topic_or_malformed."
"промокод клубничка казино","7","LOW","Исходная проверка интента: off_topic_gambling."
"тандырная нижний тагил доставка","7","AVERAGE","Запрос о кафе «Тандырная» в Нижнем Тагиле и доставке еды; каталоги заведений описывают кафе, меню и блюда, а не выращивание малины."
"тибетская малина варенье","7","LOW","Исходная проверка интента: adjacent_food."
"что можно сделать из тибетской малины","7","LOW","Исходная проверка интента: adjacent_food."
"ягода малинка слова","7","AVERAGE","Исходная проверка интента: off_topic_or_malformed."
"ягоды в шоколаде купить москва с доставкой","7","AVERAGE","Запрос о приготовлении, хранении или покупке еды/десерта, а не о выращивании ягодной культуры."
"игра клубничка казино","6","AVERAGE","Исходная проверка интента: off_topic_gambling."
"играть в клубничку бесплатно","6","AVERAGE","Запрос о казино, слотах или игре, а не о выращивании растения."
"игровые автоматы клубнички бесплатно","6","AVERAGE","Исходная проверка интента: off_topic_gambling."
"клубника при болезнях печени","6","AVERAGE","Медицинский вопрос об употреблении ягод; не садоводческий интент."
"клубники игры","6","AVERAGE","Запрос о казино, слотах или игре, а не о выращивании растения."
"малина от простуды","6","AVERAGE","Запрос о применении ягоды при заболевании человека, то есть о здоровье, а не о выращивании культуры."
"малина при болезнях печени","6","LOW","Медицинский вопрос об употреблении ягод; не садоводческий интент."
"малина сорта и технология возделывания (методические рекомендации) [цифровая книга]","6","AVERAGE","Это точное название отдельной цифровой книги Н. И. Богомоловой, изданной ФГБНУ ВНИИСПК; запрос просит найти конкретное издание/формат, а не ответ по агротехнике в статье. Библиографическая карточка проверена у продавца электронных книг: https://litres.com/book/n-i-bogomolova/malina-sorta-i-tehnologiya-vozdelyivaniya-metodicheskie-reko-68944992/."
"малиновое варенье сварить","6","AVERAGE","Исходная проверка интента: adjacent_food."
"малиновое вино рецепт приготовления в домашних условиях из свежей","6","AVERAGE","Исходная проверка интента: adjacent_food."
"настойка малиновая на водке в домашних условиях","6","LOW","Исходная проверка интента: adjacent_food."
"песенка по малинку в сад пойдем","6","AVERAGE","Исходная проверка интента: off_topic_or_malformed."
"при болезни печени можно есть клубнику","6","AVERAGE","Медицинский вопрос об употреблении ягод; не садоводческий интент."
"промокод clubnika casino","6","LOW","Исходная проверка интента: off_topic_gambling."
"malina asmr голая","5","LOW","Исходная проверка интента: off_topic_or_malformed."
"болезни печени клубника","5","LOW","Медицинский вопрос об употреблении ягод; не садоводческий интент."
"игра казино клубничка","5","AVERAGE","Исходная проверка интента: off_topic_gambling."
"казино вулкан клубничка","5","LOW","Исходная проверка интента: off_topic_gambling."
"клубника и болезни печени","5","LOW","Медицинский вопрос об употреблении ягод; не садоводческий интент."
"клубника при болезнь печени","5","LOW","Медицинский вопрос об употреблении ягод; не садоводческий интент."
"клубничка казино промокоды","5","LOW","Исходная проверка интента: off_topic_gambling."
"компот из тибетской малины на зиму","5","LOW","Исходная проверка интента: adjacent_food."
"малиновое желе с желатином","5","LOW","Исходная проверка интента: adjacent_food."
"можно есть клубнику при болезни печени","5","LOW","Медицинский вопрос об употреблении ягод; не садоводческий интент."
"пожалуйста посоветуйте сорта малины вишни сливы живу в екатеринбурге","5","AVERAGE","Исходная проверка интента: off_topic_or_malformed."
"промокоды казино клубничка","5","LOW","Исходная проверка интента: off_topic_gambling."
"рецепт варенья из тибетской малины","5","LOW","Исходная проверка интента: adjacent_food."
"рецепт малиновой настойки на водке","5","AVERAGE","Исходная проверка интента: adjacent_food."
"слот казино клубничка","5","AVERAGE","Исходная проверка интента: off_topic_gambling."
"сұлтан лагучев горький вкус слушать","5","AVERAGE","Запрос о приготовлении/хранении еды или развлекательном контенте, не выращивании."
"malina room","4","AVERAGE","Название гостиницы/апартаментов Malina Residence и запрос о размещении, не о ягодной культуре."
"букет ягодный с шоколадом","4","AVERAGE","Покупка десерта/букета или коммерческая доставка еды, не садовый интент."
"варенье клубничное 5 минутка","4","AVERAGE","Исходная проверка интента: adjacent_food."
"виктория в собственном соку","4","AVERAGE","Исходная проверка интента: adjacent_food."
"железный купорос для клубники","4","AVERAGE","Исходная проверка интента: adjacent_food."
"заготовки из тибетской малины","4","LOW","Исходная проверка интента: adjacent_food."
"играть в клубничку бесплатно без регистрации","4","AVERAGE","Исходная проверка интента: off_topic_gambling."
"играть в ягодки","4","AVERAGE","Исходная проверка интента: off_topic_gambling."
"игровой автомат клубнички играть бесплатно","4","AVERAGE","Исходная проверка интента: off_topic_gambling."
"игры бесплатно клубничка","4","AVERAGE","Запрос о казино, слотах или игре, а не о выращивании растения."
"клубника болезнь печени","4","LOW","Медицинский вопрос об употреблении ягод; не садоводческий интент."
"клубничный букет уфа","4","AVERAGE","Покупка десерта/букета или коммерческая доставка еды, не садовый интент."
"малиновый лист польза","4","LOW","Исходная проверка интента: adjacent_health."
"почему болит голова от малины","4","AVERAGE","Вопрос о причине головной боли после употребления пищи относится к здоровью человека, а не к выращиванию малины."
"рецепт малинового желе с желатином","4","AVERAGE","Исходная проверка интента: adjacent_food."
"тандырная нижний тагил меню","4","AVERAGE","Запрос о меню кафе «Тандырная» в Нижнем Тагиле; это ресторанная навигация."
"тибетская малина польза ягод","4","LOW","Исходная проверка интента: adjacent_health."
"ты любишь земляничку а я люблю","4","AVERAGE","Запрос о приготовлении/хранении еды или развлекательном контенте, не выращивании."
"чем пахнет центр галактики","4","AVERAGE","Астрономический вопрос о запахе/составе газового облака у центра Млечного Пути, а не о выращивании малины; https://www.rbc.ua/rus/entertainment/paleniy-steyk-tuhli-ytsya-ta-malina-astronavti-1765901148.html."
"что делать с сублимированными ягодами","4","AVERAGE","Запрос о приготовлении/хранении еды или развлекательном контенте, не выращивании."
"ягодка малинка хабиба слушать","4","AVERAGE","Исходная проверка интента: off_topic_or_malformed."
"ягоды в шоколаде купить екатеринбург","4","AVERAGE","Запрос о приготовлении, хранении или покупке еды/десерта, а не о выращивании ягодной культуры."
"ягоды в шоколаде купить спб","4","AVERAGE","Запрос о приготовлении, хранении или покупке еды/десерта, а не о выращивании ягодной культуры."
"malina porn","3","LOW","Исходная проверка интента: off_topic_or_malformed."
"автомат клубнички играть","3","AVERAGE","Игровой автомат Fruit Cocktail, известный как «Клубнички»; запрос об азартной игре, не о садовой культуре."
"букет из ягод и шоколада","3","AVERAGE","Покупка десерта/букета или коммерческая доставка еды, не садовый интент."
"заказать клубничный букет в москве","3","AVERAGE","Покупка десерта/букета или коммерческая доставка еды, не садовый интент."
"заказать ягодный букет в москве","3","AVERAGE","Запрос о приготовлении/хранении еды или развлекательном контенте, не выращивании."
"игровой автомат клубничка играть","3","AVERAGE","Исходная проверка интента: off_topic_gambling."
"игровые автоматы в рязани","3","AVERAGE","Исходная проверка интента: off_topic_gambling."
"как приготовить малиновое желе на зиму","3","AVERAGE","Исходная проверка интента: adjacent_food."
"как сварить варенье из тибетской малины","3","LOW","Исходная проверка интента: adjacent_food."
"клубника при болезни печени","3","AVERAGE","Медицинский вопрос об употреблении ягод; не садоводческий интент."
"клубничка игровой автомат бесплатно","3","AVERAGE","Исходная проверка интента: off_topic_gambling."
"клубничка игровые автоматы онлайн","3","AVERAGE","Исходная проверка интента: off_topic_gambling."
"клубничка слоты бесплатно","3","AVERAGE","Игровой автомат Fruit Cocktail, известный как «Клубнички»; запрос об азартной игре, не о садовой культуре."
"клубничное варенье рецепт с целыми ягодами 5 минутка","3","LOW","Исходная проверка интента: adjacent_food."
"клубничные букеты москва доставка","3","AVERAGE","Покупка десерта/букета или коммерческая доставка еды, не садовый интент."
"малина при болезни печени","3","LOW","Медицинский вопрос об употреблении ягод; не садоводческий интент."
"малинка балаково доставка","3","AVERAGE","В выдаче это доставка подарочного десерта «малина в шоколаде» в Балаково; покупка готовой еды, не выращивание."
"малиновое желе рецепт с желатином десерт","3","AVERAGE","Исходная проверка интента: adjacent_food."
"малиновые листья польза и вред для организма человека","3","AVERAGE","Исходная проверка интента: adjacent_health."
"можно ли клубнику при гастрите желудка","3","LOW","Медицинский вопрос об употреблении ягод; не садоводческий интент."
"не страшна мне ангина лишь бы только мальвина слушать","3","AVERAGE","Исходная проверка интента: off_topic_or_malformed."
"полезные свойства тибетской малины","3","LOW","Исходная проверка интента: adjacent_health."
"полезные ягоды для печени","3","AVERAGE","Исходная проверка интента: adjacent_health."
"рецепты из виктории","3","AVERAGE","Исходная проверка интента: adjacent_food."
"совхоз имени ленина земляника","3","AVERAGE","Запрос о конкретном агропредприятии и его ягодной продукции/сборе; официальная страница Совхоза им. Ленина описывает продажу земляники и фирменную продукцию, но это не инструкция по выращиванию."
"тибетская малина на зиму","3","AVERAGE","Исходная проверка интента: adjacent_food."
"тибетская малина что приготовить","3","AVERAGE","Исходная проверка интента: adjacent_food."
"что дает малина","3","AVERAGE","Исходная проверка интента: adjacent_health."
"ягоды в шоколаде букет москва","3","AVERAGE","Запрос о приготовлении, хранении или покупке еды/десерта, а не о выращивании ягодной культуры."
"klubnika casino отзывы","2","LOW","Исходная проверка интента: off_topic_gambling."
"klubnika kazino","2","LOW","Исходная проверка интента: off_topic_gambling."
"vrotik porno","2","LOW","Имя/бренд/развлекательный или сторонний культурный запрос, не малина или клубника как садовая культура."
"букет из ягод с цветами","2","AVERAGE","Запрос о приготовлении/хранении еды или развлекательном контенте, не выращивании."
"варенье из китайской малины","2","LOW","Исходная проверка интента: adjacent_food."
"доставка цветов и ягод москва","2","AVERAGE","Коммерческий запрос на доставку цветов/подарочных композиций, а не на саженцы или выращивание."
"желе малиновое с желатином","2","AVERAGE","Исходная проверка интента: adjacent_food."
"заказать клубничный букет москва","2","AVERAGE","Покупка десерта/букета или коммерческая доставка еды, не садовый интент."
"игра в автоматы клубничка","2","AVERAGE","Игровой автомат Fruit Cocktail, известный как «Клубнички»; запрос об азартной игре, не о садовой культуре."
"казино демо клубничка","2","AVERAGE","Исходная проверка интента: off_topic_gambling."
"как есть сублимированные ягоды","2","AVERAGE","Исходная проверка интента: adjacent_health."
"как разморозить ягоды быстро","2","AVERAGE","Кулинарный вопрос о размораживании ягод, без садового интента."
"клубника полезна для печени","2","AVERAGE","Исходная проверка интента: adjacent_health."
"клубничка игра бесплатная","2","AVERAGE","Запрос о казино, слотах или игре, а не о выращивании растения."
"клубничка играть онлайн","2","AVERAGE","Исходная проверка интента: ambiguous_brand."
"клубнички автоматы","2","AVERAGE","Игровой автомат Fruit Cocktail, известный как «Клубнички»; запрос об азартной игре, не о садовой культуре."
"клубнички игровые автоматы играть бесплатно","2","AVERAGE","Исходная проверка интента: off_topic_gambling."
"клубнички слот играть","2","AVERAGE","Игровой автомат Fruit Cocktail, известный как «Клубнички»; запрос об азартной игре, не о садовой культуре."
"клубничный букет москва доставка","2","AVERAGE","Покупка десерта/букета или коммерческая доставка еды, не садовый интент."
"лист малины для чего применяется","2","LOW","Исходная проверка интента: adjacent_health."
"листья малины для чего применяются","2","LOW","Исходная проверка интента: adjacent_health."
"малина витамины и микроэлементы какие содержит","2","AVERAGE","Исходная проверка интента: adjacent_health."
"малинка спа","2","AVERAGE","Точный кластер запроса указывает на спа-/массажный салон «Малинка» в Саратове по адресу Большая Казачья, 79/85; это местная услуга, не садовый запрос."
"малиновка настойка рецепт","2","AVERAGE","Исходная проверка интента: adjacent_food."
"малиновое желе на зиму без косточек как приготовить","2","AVERAGE","Исходная проверка интента: adjacent_food."
"малиновое конфи для торта с крахмалом","2","LOW","Исходная проверка интента: adjacent_food."
"пастила клубничная рецепт","2","AVERAGE","Исходная проверка интента: adjacent_food."
"правила игры в клубничку","2","AVERAGE","Запрос о казино, слотах или игре, а не о выращивании растения."
"промокод бездеп казино","2","LOW","Исходная проверка интента: off_topic_gambling."
"промокод казино клубничка","2","LOW","Исходная проверка интента: off_topic_gambling."
"промокоды на казино клубничка","2","LOW","Исходная проверка интента: off_topic_gambling."
"рецепт малиновой наливки на водке","2","AVERAGE","Исходная проверка интента: adjacent_food."
"тибетская малина варенье рецепт","2","AVERAGE","Исходная проверка интента: adjacent_food."
"тирамису рецепт клубничный в домашних","2","AVERAGE","Исходная проверка интента: adjacent_food."
"томат клубника шлаубах характеристика и описание","2","AVERAGE","Запрос о томате сорта Mrs. Schlaubaugh’s Famous Strawberry, а не о ягодной культуре; идентичность подтверждена каталогом томатов: https://tomatland.ru/catalog/3178."
"торт молочная девочка рецепт с ягодами","2","AVERAGE","Исходная проверка интента: adjacent_food."
"фисташково малиновый торт рецепт с фото пошагово","2","AVERAGE","Исходная проверка интента: adjacent_food."
"чем малина полезна при простуде","2","AVERAGE","Исходная проверка интента: adjacent_health."
"чем полезен чай из малиновых листьев","2","AVERAGE","Исходная проверка интента: adjacent_health."
"чем полезна малина при болезни","2","AVERAGE","Исходная проверка интента: adjacent_health."
"чем полезна тибетская малина для организма","2","LOW","Исходная проверка интента: adjacent_health."
"чем помогает малина при простуде","2","AVERAGE","Исходная проверка интента: adjacent_food."
"ella malina видео","1","AVERAGE","Имя/бренд/развлекательный или сторонний культурный запрос, не малина или клубника как садовая культура."
"klubnika казино промокод","1","LOW","Исходная проверка интента: off_topic_gambling."
"malina seks","1","LOW","Исходная проверка интента: off_topic_or_malformed."
"алкофан малиновое вино","1","AVERAGE","Исходная проверка интента: adjacent_food."
"бабочки маджонг во весь экран играть","1","AVERAGE","Исходная проверка интента: ambiguous_brand."
"в чем польза тибетской малины","1","LOW","Исходная проверка интента: adjacent_health."
"игра клубничка онлайн бесплатно","1","AVERAGE","Исходная проверка интента: ambiguous_brand."
"игра клубнички играть бесплатно","1","AVERAGE","Запрос о казино, слотах или игре, а не о выращивании растения."
"играть автомат ягодка","1","AVERAGE","Запрос о казино, слотах или игре, а не о выращивании растения."
"игровой автомат клубничка играть бесплатно","1","LOW","Исходная проверка интента: off_topic_gambling."
"игровой автомат клубнички играть бесплатно без регистрации","1","AVERAGE","Исходная проверка интента: off_topic_gambling."
"игровые автоматы ягодка играть бесплатно без регистрации","1","AVERAGE","Исходная проверка интента: off_topic_gambling."
"казино с бездепозитным бонусом 300","1","LOW","Исходная проверка интента: off_topic_gambling."
"как клубника влияет на почки","1","AVERAGE","Медицинский или косметический интент, не агротехника."
"как сварить клубничное варенье с агар агаром","1","AVERAGE","Исходная проверка интента: adjacent_food."
"как сделать малиновую настойку на водке в домашних","1","LOW","Исходная проверка интента: adjacent_food."
"какая ягода полезна для печени","1","AVERAGE","Исходная проверка интента: adjacent_health."
"какие продукты противопоказаны при жкб","1","AVERAGE","Запрос просит медицинские рекомендации о рационе при желчнокаменной болезни; это не садоводческая тема и не материал об агротехнике ягод."
"какие продукты снижают воспаление печени","1","AVERAGE","Исходная проверка интента: adjacent_health."
"клубинка казино","1","LOW","Исходная проверка интента: off_topic_gambling."
"клубника при жкт","1","AVERAGE","Медицинский или косметический интент, не агротехника."
"клубника при холецистите","1","AVERAGE","Медицинский или косметический интент, не агротехника."
"клубничка игры","1","AVERAGE","Запрос о казино, слотах или игре, а не о выращивании растения."
"клубничка козино","1","LOW","Исходная проверка интента: off_topic_gambling."
"клубничное варенье с агаром рецепт","1","AVERAGE","Исходная проверка интента: adjacent_food."
"клубничный букет красноярск","1","AVERAGE","Покупка десерта/букета или коммерческая доставка еды, не садовый интент."
"кому нельзя есть малину при каких заболеваниях","1","LOW","Исходная проверка интента: adjacent_health."
"лечебные свойства малины и противопоказания","1","AVERAGE","Исходная проверка интента: adjacent_health."
"малина как лекарственное средство","1","AVERAGE","Медицинский или косметический интент, не агротехника."
"малина полезное","1","LOW","Исходная проверка интента: adjacent_health."
"малина при болезни","1","AVERAGE","Исходная проверка интента: adjacent_food."
"малина розолистная польза","1","LOW","Исходная проверка интента: adjacent_health."
"малина тибетская польза и вред","1","LOW","Исходная проверка интента: adjacent_health."
"малинки спа","1","AVERAGE","Имя/бренд/развлекательный или сторонний культурный запрос, не малина или клубника как садовая культура."
"малиновая настойка на самогоне рецепт","1","AVERAGE","Исходная проверка интента: adjacent_food."
"малиновая начинка для медовика","1","LOW","Запрос о приготовлении/хранении еды или развлекательном контенте, не выращивании."
"малиновая пастила в дегидраторе","1","AVERAGE","Исходная проверка интента: adjacent_food."
"малиновая шарлотка рецепт","1","AVERAGE","Исходная проверка интента: adjacent_food."
"малиновое вино своими руками","1","AVERAGE","Запрос о приготовлении/хранении еды или развлекательном контенте, не выращивании."
"малиновое желе без косточек","1","AVERAGE","Исходная проверка интента: adjacent_food."
"малиновое желе для торта с желатином","1","AVERAGE","Исходная проверка интента: adjacent_food."
"малиновое радио","1","LOW","Запрос о приготовлении/хранении еды или развлекательном контенте, не выращивании."
"малиновые листья чем полезны","1","AVERAGE","Исходная проверка интента: adjacent_health."
"малиновый пирог в сметанной заливке","1","AVERAGE","Исходная проверка интента: adjacent_food."
"малиновый чизкейк рецепт с выпечкой","1","AVERAGE","Исходная проверка интента: adjacent_food."
"можно ли есть клубнику при болезни почек","1","AVERAGE","Медицинский вопрос об употреблении ягод; не садоводческий интент."
"можно ли есть клубнику при желчекаменной болезни","1","AVERAGE","Медицинский вопрос об употреблении ягод; не садоводческий интент."
"можно ли клубнику при желчекаменной болезни","1","AVERAGE","Медицинский вопрос об употреблении ягод; не садоводческий интент."
"молочная девочка с малиновой прослойкой","1","AVERAGE","Запрос о приготовлении/хранении еды или развлекательном контенте, не выращивании."
"наливка малиновая на водке рецепт","1","AVERAGE","Исходная проверка интента: adjacent_food."
"песня на телефон горький вкус","1","LOW","Исходная проверка интента: off_topic_or_malformed."
"полезна ли тибетская малина","1","LOW","Исходная проверка интента: adjacent_health."
"польза малинового листа","1","AVERAGE","Исходная проверка интента: adjacent_health."
"польза малиновых листьев","1","AVERAGE","Исходная проверка интента: adjacent_health."
"помогает ли малина при простуде","1","AVERAGE","Исходная проверка интента: adjacent_food."
"порно на клубничке","1","LOW","Исходная проверка интента: off_topic_or_malformed."
"при гастрите можно клубнику","1","LOW","Медицинский или косметический интент, не агротехника."
"при каких болезнях нельзя малину","1","AVERAGE","Исходная проверка интента: adjacent_health."
"рецепт малиновки в домашних условиях","1","AVERAGE","Исходная проверка интента: adjacent_food."
"рецепт малинового желе для торта","1","AVERAGE","Исходная проверка интента: adjacent_food."
"рецепты из тибетской малины","1","AVERAGE","Исходная проверка интента: adjacent_food."
"самые полезные ягоды для печени","1","AVERAGE","Исходная проверка интента: adjacent_health."
"солнышко на дворе а в саду тропинка сладкая ты моя ягодка малинка","1","AVERAGE","Исходная проверка интента: off_topic_or_malformed."
"солнышко на дворе а в саду тропинка сладкая ты моя ягодка малинка текст","1","AVERAGE","Исходная проверка интента: off_topic_or_malformed."
"тайская малина польза","1","LOW","Исходная проверка интента: adjacent_health."
"тибетская малина описание польза","1","LOW","Исходная проверка интента: adjacent_health."
"тибетская малина что приготовить из нее","1","LOW","Исходная проверка интента: adjacent_food."
"трава малины","1","AVERAGE","Запрос относится к сбору/использованию листьев малины как травяного сырья или чая, а не к агротехнике; вопросы употребления относятся к пищевому/оздоровительному контексту."
"фисташковый торт рецепт энди шеф","1","AVERAGE","Исходная проверка интента: adjacent_food."
"что готовят из тибетской малины","1","LOW","Исходная проверка интента: adjacent_food."
"что делают из тибетской малины","1","LOW","Исходная проверка интента: adjacent_health."
"что за игра клубничка взрослая","1","AVERAGE","Запрос о казино, слотах или игре, а не о выращивании растения."
