query,cluster,demand,clicks,competition_code,competition,scope,target_path,action,editorial_note,seed_sources,table_sources,observations,metric_conflict
тибетская малина,тибетская малина,6022,3858,AVERAGE,Умеренная,garden,,new_botanical_article,"Сначала установить вид и источники; объяснить отличие от обычной малины, добавить проверяемые фото.",малина | сорта малины | тибетская малина,malina.xlsx:Queries | sorta-maliny.xlsx:AdditionalQueries | tibetskaya-malina.xlsx:Queries,3,False
клубника азия описание сорта,клубника азия,2241,1864,AVERAGE,Умеренная,garden,/sorta/aziya/,improve_cultivar,"Проверить полноту описания, фото и сравнения; отзывы и урожайность добавлять только по фактическим источникам.",клубника | сорта клубники,klubnika.xlsx:Queries | sorta-klubniki.xlsx:Queries,2,False
сорта клубники,сорта клубники,1555,1487,AVERAGE,Умеренная,garden,/sorta/,improve_catalog,"Уточнить путь к каталогу клубники, фильтрам и сравнению.",клубника | сорта клубники,klubnika.xlsx:Queries | sorta-klubniki.xlsx:Queries,2,False
клубника азия описание сорта фото отзывы,клубника азия описание сорта фото отзывы,1473,1628,AVERAGE,Умеренная,garden,/sorta/aziya/,improve_cultivar,"Проверить полноту описания, фото и сравнения; отзывы и урожайность добавлять только по фактическим источникам.",клубника | сорта клубники,klubnika.xlsx:Queries | sorta-klubniki.xlsx:Queries,2,False
тибетская малина фото,тибетская малина,1458,1307,AVERAGE,Умеренная,garden,,new_botanical_article,"Сначала установить вид и источники; объяснить отличие от обычной малины, добавить проверяемые фото.",малина | тибетская малина,malina.xlsx:Queries | tibetskaya-malina.xlsx:Queries,2,False
чем подкормить клубнику во время плодоношения,чем подкормить клубнику во время плодоношения,1413,1299,AVERAGE,Умеренная,garden,/zhurnal/chem-podkormit-klubniku-po-analizu-pochvy/,improve_existing,Проверить ответ для указанной фазы роста; сохранять выбор питания по данным анализа.,клубника,klubnika.xlsx:Queries,1,False
как посадить клубнику,как сажать клубнику,1385,1070,AVERAGE,Умеренная,garden,/zhurnal/posadka-klubniki/,improve_existing,"Дополнить существующий материал ответами по срокам и условиям, связать с инструментом срока посадки.",клубника,klubnika.xlsx:Queries,1,False
когда обрезать малину,когда обрезать малину,1184,811,AVERAGE,Умеренная,garden,/instrumenty/obrezka-maliny/,improve_existing,Вести к инструменту выбора схемы и руководству по типу плодоношения.,малина,malina.xlsx:Queries,1,False
клубника мурано описание сорта,клубника мурано,1132,800,AVERAGE,Умеренная,garden,/sorta/murano/,improve_cultivar,"Проверить полноту описания, фото и сравнения; отзывы и урожайность добавлять только по фактическим источникам.",клубника | сорта клубники,klubnika.xlsx:Queries | sorta-klubniki.xlsx:Queries,2,False
посадка клубники,как сажать клубнику,1120,972,AVERAGE,Умеренная,garden,/zhurnal/posadka-klubniki/,improve_existing,"Дополнить существующий материал ответами по срокам и условиям, связать с инструментом срока посадки.",клубника,klubnika.xlsx:Queries,1,False
ремонтантная клубника что это значит,ремонтантная клубника,1054,328,AVERAGE,Умеренная,garden,/zhurnal/remontantnaya-klubnika/,improve_existing,"Проверить, ясно ли объяснено повторное плодоношение и условия ухода.",клубника,klubnika.xlsx:Queries,1,False
мурано клубника описание,клубника мурано,1011,621,AVERAGE,Умеренная,garden,/sorta/murano/,improve_cultivar,"Проверить полноту описания, фото и сравнения; отзывы и урожайность добавлять только по фактическим источникам.",клубника,klubnika.xlsx:Queries,1,False
клубника альба описание сорта,клубника альба,997,774,AVERAGE,Умеренная,garden,/sorta/alba/,improve_cultivar,"Проверить полноту описания, фото и сравнения; отзывы и урожайность добавлять только по фактическим источникам.",клубника | сорта клубники,klubnika.xlsx:Queries | sorta-klubniki.xlsx:Queries,2,False
клубника клери описание сорта,клубника клери,919,819,AVERAGE,Умеренная,garden,/sorta/kleri/,improve_cultivar,"Проверить полноту описания, фото и сравнения; отзывы и урожайность добавлять только по фактическим источникам.",клубника | сорта клубники,klubnika.xlsx:Queries | sorta-klubniki.xlsx:Queries,2,False
как правильно обрезать малину,когда обрезать малину,916,941,AVERAGE,Умеренная,garden,/instrumenty/obrezka-maliny/,improve_existing,Вести к инструменту выбора схемы и руководству по типу плодоношения.,малина,malina.xlsx:Queries,1,False
малиновое дерево фото,малиновое дерево,896,904,AVERAGE,Умеренная,garden,/zhurnal/malinovoe-derevo-tarusa/,improve_existing,Проверить ответ о штамбовой форме и уходе; не превращать торговое название в ботанический вид.,малина,malina.xlsx:AdditionalQueries,1,False
как правильно посадить малину,как правильно посадить малину,891,848,AVERAGE,Умеренная,garden,/zhurnal/posadka-maliny/,improve_existing,Обновить ответы внутри существующего материала и связать с расчётом посадки.,малина,malina.xlsx:Queries,1,False
болезни малины,болезни малины,890,1099,AVERAGE,Умеренная,garden,/instrumenty/proverka-rasteniya/,diagnostic_backlog,Связать симптомы с проверкой растения; отдельный материал только после проверки источников.,болезни малины | малина,bolezni-maliny.xlsx:Queries | malina.xlsx:Queries,2,False
как сажать малину,как правильно посадить малину,851,542,AVERAGE,Умеренная,garden,/zhurnal/posadka-maliny/,improve_existing,Обновить ответы внутри существующего материала и связать с расчётом посадки.,малина,malina.xlsx:Queries,1,False
посадка малины,как правильно посадить малину,828,702,AVERAGE,Умеренная,garden,/zhurnal/posadka-maliny/,improve_existing,Обновить ответы внутри существующего материала и связать с расчётом посадки.,малина | посадка малины,malina.xlsx:Queries | posadka-maliny.xlsx:Queries,2,False
посадка клубники осенью в открытый грунт,как сажать клубнику,814,812,AVERAGE,Умеренная,garden,/zhurnal/posadka-klubniki/,improve_existing,"Дополнить существующий материал ответами по срокам и условиям, связать с инструментом срока посадки.",клубника,klubnika.xlsx:Queries,1,False
как правильно посадить клубнику,как сажать клубнику,804,680,AVERAGE,Умеренная,garden,/zhurnal/posadka-klubniki/,improve_existing,"Дополнить существующий материал ответами по срокам и условиям, связать с инструментом срока посадки.",клубника,klubnika.xlsx:Queries,1,False
посадка малины осенью когда и как посадить,посадка малины осенью когда и как посадить,801,897,AVERAGE,Умеренная,garden,/zhurnal/posadka-maliny/,improve_existing,Обновить ответы внутри существующего материала и связать с расчётом посадки.,малина | посадка малины,malina.xlsx:Queries | posadka-maliny.xlsx:Queries,2,False
посадка клубники в августе,посадка клубники в августе,798,658,AVERAGE,Умеренная,garden,/zhurnal/posadka-klubniki/,improve_existing,"Дополнить существующий материал ответами по срокам и условиям, связать с инструментом срока посадки.",клубника,klubnika.xlsx:Queries,1,False
клубника мальвина описание сорта,клубника мальвина,796,713,AVERAGE,Умеренная,garden,/sorta/malvina/,improve_cultivar,"Проверить полноту описания, фото и сравнения; отзывы и урожайность добавлять только по фактическим источникам.",клубника | сорта клубники,klubnika.xlsx:Queries | sorta-klubniki.xlsx:Queries,2,False
клубника мурано описание,клубника мурано,767,532,AVERAGE,Умеренная,garden,/sorta/murano/,improve_cultivar,"Проверить полноту описания, фото и сравнения; отзывы и урожайность добавлять только по фактическим источникам.",клубника | сорта клубники,klubnika.xlsx:Queries | sorta-klubniki.xlsx:AdditionalQueries,2,False
какую почву любит малина,какую почву любит малина,751,687,AVERAGE,Умеренная,garden,/zhurnal/posadka-maliny/,improve_existing,Обновить ответы внутри существующего материала и связать с расчётом посадки.,малина,malina.xlsx:Queries,1,False
как обрезать малину,когда обрезать малину,750,508,AVERAGE,Умеренная,garden,/instrumenty/obrezka-maliny/,improve_existing,Вести к инструменту выбора схемы и руководству по типу плодоношения.,малина,malina.xlsx:Queries,1,False
обрезка малины,когда обрезать малину,725,602,AVERAGE,Умеренная,garden,/instrumenty/obrezka-maliny/,improve_existing,Вести к инструменту выбора схемы и руководству по типу плодоношения.,малина,malina.xlsx:Queries,1,False
как обрезать малину весной,когда обрезать малину,723,689,AVERAGE,Умеренная,garden,/instrumenty/obrezka-maliny/,improve_existing,Вести к инструменту выбора схемы и руководству по типу плодоношения.,малина,malina.xlsx:Queries,1,False
клубника черный принц описание сорта,клубника черный принц,684,562,AVERAGE,Умеренная,garden,,verify_cultivar,Сорта ещё нет в каталоге: сначала установить идентичность и собрать первоисточники; не создавать карточку из поисковой фразы.,клубника | сорта клубники,klubnika.xlsx:Queries | sorta-klubniki.xlsx:Queries,2,False
клубника с сахаром на зиму без варки,клубника с сахаром на зиму без варки,683,561,AVERAGE,Умеренная,garden,,manual_mapping,Нужна редакционная проверка намерения.,клубника,klubnika.xlsx:Queries,1,False
болезни малины описание с фотографиями,болезни малины,676,969,AVERAGE,Умеренная,garden,/instrumenty/proverka-rasteniya/,diagnostic_backlog,Связать симптомы с проверкой растения; отдельный материал только после проверки источников.,болезни малины | малина,bolezni-maliny.xlsx:Queries | malina.xlsx:Queries,2,False
клубника купчиха описание сорта,клубника купчиха,671,615,AVERAGE,Умеренная,garden,,verify_cultivar,Сорта ещё нет в каталоге: сначала установить идентичность и собрать первоисточники; не создавать карточку из поисковой фразы.,клубника | сорта клубники,klubnika.xlsx:Queries | sorta-klubniki.xlsx:Queries,2,False
малина гусар описание сорта,малина гусар,659,619,AVERAGE,Умеренная,garden,/sorta/gusar/,improve_cultivar,"Проверить полноту описания, фото и сравнения; отзывы и урожайность добавлять только по фактическим источникам.",малина | посадка малины | сорта малины,malina.xlsx:Queries | posadka-maliny.xlsx:AdditionalQueries | sorta-maliny.xlsx:Queries,3,False
клери клубника описание,клубника клери,649,471,AVERAGE,Умеренная,garden,/sorta/kleri/,improve_cultivar,"Проверить полноту описания, фото и сравнения; отзывы и урожайность добавлять только по фактическим источникам.",клубника,klubnika.xlsx:Queries,1,False
как заморозить клубнику на зиму,как заморозить клубнику,644,510,AVERAGE,Умеренная,garden,,manual_mapping,Нужна редакционная проверка намерения.,клубника,klubnika.xlsx:Queries,1,False
подкормка малины весной,чем подкормить малину весной,640,620,AVERAGE,Умеренная,garden,,new_article,Подготовить единый материал о питании малины по фазе и анализу почвы; месяцы учесть внутри него.,малина,malina.xlsx:Queries,1,False
чем подкормить малину в июне,чем подкормить малину в июне,633,609,AVERAGE,Умеренная,garden,,new_article,Подготовить единый материал о питании малины по фазе и анализу почвы; месяцы учесть внутри него.,малина,malina.xlsx:Queries,1,False
когда сажать малину,как правильно посадить малину,612,276,AVERAGE,Умеренная,garden,/zhurnal/posadka-maliny/,improve_existing,Обновить ответы внутри существующего материала и связать с расчётом посадки.,малина,malina.xlsx:Queries,1,False
тибетская малина фото и описание кустарника плоды,тибетская малина,605,516,AVERAGE,Умеренная,garden,,new_botanical_article,"Сначала установить вид и источники; объяснить отличие от обычной малины, добавить проверяемые фото.",малина | тибетская малина,malina.xlsx:Queries | tibetskaya-malina.xlsx:Queries,2,False
клубника фестивальная описание сорта,клубника фестивальная,587,479,AVERAGE,Умеренная,garden,/sorta/festivalnaya/,improve_cultivar,"Проверить полноту описания, фото и сравнения; отзывы и урожайность добавлять только по фактическим источникам.",клубника | сорта клубники,klubnika.xlsx:Queries | sorta-klubniki.xlsx:Queries,2,False
сорта малины,сорта малины,574,540,AVERAGE,Умеренная,garden,,manual_mapping,Нужна редакционная проверка намерения.,малина | сорта малины,malina.xlsx:Queries | sorta-maliny.xlsx:Queries,2,False
клубника альбион описание сорта,клубника альбион,569,466,AVERAGE,Умеренная,garden,/sorta/albion/,improve_cultivar,"Проверить полноту описания, фото и сравнения; отзывы и урожайность добавлять только по фактическим источникам.",клубника | сорта клубники,klubnika.xlsx:Queries | sorta-klubniki.xlsx:Queries,2,False
посадка клубники весной в открытый грунт,как сажать клубнику,562,575,AVERAGE,Умеренная,garden,/zhurnal/posadka-klubniki/,improve_existing,"Дополнить существующий материал ответами по срокам и условиям, связать с инструментом срока посадки.",клубника,klubnika.xlsx:Queries,1,False
уход за клубникой весной после зимы для начинающих,обработка клубники весной,560,599,AVERAGE,Умеренная,garden,,manual_mapping,Нужна редакционная проверка намерения.,клубника,klubnika.xlsx:Queries,1,False
болезни малины описание с фотографиями и способы лечения и профилактики,болезни малины,559,906,AVERAGE,Умеренная,garden,/instrumenty/proverka-rasteniya/,diagnostic_backlog,Связать симптомы с проверкой растения; отдельный материал только после проверки источников.,болезни малины | малина,bolezni-maliny.xlsx:Queries | malina.xlsx:Queries,2,False
как посадить малину,как правильно посадить малину,556,366,AVERAGE,Умеренная,garden,/zhurnal/posadka-maliny/,improve_existing,Обновить ответы внутри существующего материала и связать с расчётом посадки.,малина,malina.xlsx:Queries,1,False
лучшие сорта клубники,сорта клубники,556,713,AVERAGE,Умеренная,garden,/sorta/,improve_catalog,"Уточнить путь к каталогу клубники, фильтрам и сравнению.",клубника | сорта клубники,klubnika.xlsx:Queries | sorta-klubniki.xlsx:Queries,2,False
как ухаживать за клубникой,уход за клубникой весной,553,383,AVERAGE,Умеренная,garden,,manual_mapping,Нужна редакционная проверка намерения.,клубника,klubnika.xlsx:Queries,1,False
априка клубника описание,клубника априка,552,379,AVERAGE,Умеренная,garden,/sorta/aprika/,improve_cultivar,"Проверить полноту описания, фото и сравнения; отзывы и урожайность добавлять только по фактическим источникам.",клубника,klubnika.xlsx:Queries,1,False
посадка малины осенью,посадка малины осенью когда и как посадить,520,520,AVERAGE,Умеренная,garden,/zhurnal/posadka-maliny/,improve_existing,Обновить ответы внутри существующего материала и связать с расчётом посадки.,малина | посадка малины,malina.xlsx:Queries | posadka-maliny.xlsx:Queries,2,False
чем подкормить малину,чем подкормить малину весной,520,337,AVERAGE,Умеренная,garden,,new_article,Подготовить единый материал о питании малины по фазе и анализу почвы; месяцы учесть внутри него.,малина,malina.xlsx:Queries,1,False
клубника азия описание,клубника азия,519,393,AVERAGE,Умеренная,garden,/sorta/aziya/,improve_cultivar,"Проверить полноту описания, фото и сравнения; отзывы и урожайность добавлять только по фактическим источникам.",клубника | сорта клубники,klubnika.xlsx:Queries | sorta-klubniki.xlsx:AdditionalQueries,2,False
чем подкормить малину в мае,чем подкормить малину весной,502,420,AVERAGE,Умеренная,garden,,new_article,Подготовить единый материал о питании малины по фазе и анализу почвы; месяцы учесть внутри него.,малина,malina.xlsx:Queries,1,False
как сажать малину весной,как правильно посадить малину,500,531,AVERAGE,Умеренная,garden,/zhurnal/posadka-maliny/,improve_existing,Обновить ответы внутри существующего материала и связать с расчётом посадки.,малина,malina.xlsx:Queries,1,False
клубника с сахаром на зиму без варки в морозилке,клубника с сахаром на зиму без варки в морозилке,496,408,AVERAGE,Умеренная,garden,,manual_mapping,Нужна редакционная проверка намерения.,клубника,klubnika.xlsx:Queries,1,False
как обрезать ремонтантную малину весной,когда обрезать малину,491,567,AVERAGE,Умеренная,garden,/instrumenty/obrezka-maliny/,improve_existing,Вести к инструменту выбора схемы и руководству по типу плодоношения.,малина,malina.xlsx:Queries,1,False
малина тибетская,тибетская малина,488,341,AVERAGE,Умеренная,garden,,new_botanical_article,"Сначала установить вид и источники; объяснить отличие от обычной малины, добавить проверяемые фото.",малина | тибетская малина,malina.xlsx:Queries | tibetskaya-malina.xlsx:Queries,2,False
как правильно посадить клубнику весной в открытый грунт,как сажать клубнику,486,548,AVERAGE,Умеренная,garden,/zhurnal/posadka-klubniki/,improve_existing,"Дополнить существующий материал ответами по срокам и условиям, связать с инструментом срока посадки.",клубника,klubnika.xlsx:Queries,1,False
чем подкормить малину весной после зимы,чем подкормить малину весной,483,379,AVERAGE,Умеренная,garden,,new_article,Подготовить единый материал о питании малины по фазе и анализу почвы; месяцы учесть внутри него.,малина,malina.xlsx:Queries,1,False
уход за клубникой,как ухаживать за клубникой,474,439,AVERAGE,Умеренная,garden,,manual_mapping,Нужна редакционная проверка намерения.,клубника,klubnika.xlsx:Queries,1,False
малина фото,сорта малины,469,302,AVERAGE,Умеренная,garden,,manual_mapping,Нужна редакционная проверка намерения.,малина,malina.xlsx:Queries,1,False
малина атлант,малина атлант,466,358,AVERAGE,Умеренная,garden,/sorta/atlant/,improve_cultivar,"Проверить полноту описания, фото и сравнения; отзывы и урожайность добавлять только по фактическим источникам.",малина,malina.xlsx:Queries,1,False
что положить в лунку при посадке клубники,что положить в лунку при посадке клубники,455,420,AVERAGE,Умеренная,garden,/zhurnal/posadka-klubniki/,improve_existing,"Дополнить существующий материал ответами по срокам и условиям, связать с инструментом срока посадки.",клубника,klubnika.xlsx:Queries,1,False
альба клубника описание,клубника альба,454,286,AVERAGE,Умеренная,garden,/sorta/alba/,improve_cultivar,"Проверить полноту описания, фото и сравнения; отзывы и урожайность добавлять только по фактическим источникам.",клубника | сорта клубники,klubnika.xlsx:Queries | sorta-klubniki.xlsx:AdditionalQueries,2,False
клубника априка описание сорта,клубника априка,454,376,AVERAGE,Умеренная,garden,/sorta/aprika/,improve_cultivar,"Проверить полноту описания, фото и сравнения; отзывы и урожайность добавлять только по фактическим источникам.",клубника | сорта клубники,klubnika.xlsx:Queries | sorta-klubniki.xlsx:Queries,2,False
обрезка малины весной,когда обрезать малину,426,354,AVERAGE,Умеренная,garden,/instrumenty/obrezka-maliny/,improve_existing,Вести к инструменту выбора схемы и руководству по типу плодоношения.,малина,malina.xlsx:Queries,1,False
клубника лорд описание сорта,клубника лорд,422,331,AVERAGE,Умеренная,garden,,verify_cultivar,Сорта ещё нет в каталоге: сначала установить идентичность и собрать первоисточники; не создавать карточку из поисковой фразы.,клубника | сорта клубники,klubnika.xlsx:Queries | sorta-klubniki.xlsx:Queries,2,False
посадка малины весной в открытый грунт саженцами,как правильно посадить малину,417,413,AVERAGE,Умеренная,garden,/zhurnal/posadka-maliny/,improve_existing,Обновить ответы внутри существующего материала и связать с расчётом посадки.,малина | посадка малины,malina.xlsx:Queries | posadka-maliny.xlsx:Queries,2,False
схема посадки клубники,посадка клубники,408,367,AVERAGE,Умеренная,garden,/zhurnal/posadka-klubniki/,improve_existing,"Дополнить существующий материал ответами по срокам и условиям, связать с инструментом срока посадки.",клубника,klubnika.xlsx:Queries,1,False
чем подкормить клубнику ранней весной,чем подкормить клубнику весной,408,346,AVERAGE,Умеренная,garden,/zhurnal/chem-podkormit-klubniku-po-analizu-pochvy/,improve_existing,Проверить ответ для указанной фазы роста; сохранять выбор питания по данным анализа.,клубника,klubnika.xlsx:Queries,1,False
мальвина клубника описание,клубника мальвина,406,311,AVERAGE,Умеренная,garden,/sorta/malvina/,improve_cultivar,"Проверить полноту описания, фото и сравнения; отзывы и урожайность добавлять только по фактическим источникам.",клубника,klubnika.xlsx:Queries,1,False
посадка клубники осенью,как сажать клубнику,402,378,AVERAGE,Умеренная,garden,/zhurnal/posadka-klubniki/,improve_existing,"Дополнить существующий материал ответами по срокам и условиям, связать с инструментом срока посадки.",клубника,klubnika.xlsx:Queries,1,False
чем подкормить малину в июне для хорошего урожая,чем подкормить малину в июне,397,428,AVERAGE,Умеренная,garden,,new_article,Подготовить единый материал о питании малины по фазе и анализу почвы; месяцы учесть внутри него.,малина,malina.xlsx:Queries,1,False
альбион клубника описание,клубника альбион,396,287,AVERAGE,Умеренная,garden,/sorta/albion/,improve_cultivar,"Проверить полноту описания, фото и сравнения; отзывы и урожайность добавлять только по фактическим источникам.",клубника | сорта клубники,klubnika.xlsx:Queries | sorta-klubniki.xlsx:AdditionalQueries,2,False
малина пингвин,малина пингвин,395,294,AVERAGE,Умеренная,garden,/sorta/pingvin/,improve_cultivar,"Проверить полноту описания, фото и сравнения; отзывы и урожайность добавлять только по фактическим источникам.",малина,malina.xlsx:Queries,1,False
как размножить малину,как размножить малину,391,311,AVERAGE,Умеренная,garden,,manual_mapping,Нужна редакционная проверка намерения.,малина,malina.xlsx:Queries,1,False
купчиха клубника описание сорта,клубника купчиха,384,283,AVERAGE,Умеренная,garden,,verify_cultivar,Сорта ещё нет в каталоге: сначала установить идентичность и собрать первоисточники; не создавать карточку из поисковой фразы.,клубника | сорта клубники,klubnika.xlsx:Queries | sorta-klubniki.xlsx:Queries,2,False
клубника купчиха описание сорта фото отзывы садоводов урожайность,клубника купчиха,379,422,AVERAGE,Умеренная,garden,,verify_cultivar,Сорта ещё нет в каталоге: сначала установить идентичность и собрать первоисточники; не создавать карточку из поисковой фразы.,клубника | сорта клубники,klubnika.xlsx:Queries | sorta-klubniki.xlsx:Queries,2,False
болезни малины описание с фотографиями и способы лечения,болезни малины,375,574,AVERAGE,Умеренная,garden,/instrumenty/proverka-rasteniya/,diagnostic_backlog,Связать симптомы с проверкой растения; отдельный материал только после проверки источников.,болезни малины | малина,bolezni-maliny.xlsx:Queries | malina.xlsx:Queries,2,False
чем подкормить клубнику во время плодоношения для хорошего урожая,чем подкормить клубнику во время плодоношения,371,396,AVERAGE,Умеренная,garden,/zhurnal/chem-podkormit-klubniku-po-analizu-pochvy/,improve_existing,Проверить ответ для указанной фазы роста; сохранять выбор питания по данным анализа.,клубника,klubnika.xlsx:Queries,1,False
клубника черный принц описание сорта отзывы,клубника чёрный принц описание сорта,367,419,AVERAGE,Умеренная,garden,,verify_cultivar,Сорта ещё нет в каталоге: сначала установить идентичность и собрать первоисточники; не создавать карточку из поисковой фразы.,клубника | сорта клубники,klubnika.xlsx:Queries | sorta-klubniki.xlsx:Queries,2,False
малина гордость россии описание сорта,малина гордость россии,366,354,AVERAGE,Умеренная,garden,,verify_cultivar,Сорта ещё нет в каталоге: сначала установить идентичность и собрать первоисточники; не создавать карточку из поисковой фразы.,малина | сорта малины,malina.xlsx:Queries | sorta-maliny.xlsx:Queries,2,False
клубника елизавета 2 описание сорта,клубника елизавета 2,364,338,AVERAGE,Умеренная,garden,,verify_cultivar,Сорта ещё нет в каталоге: сначала установить идентичность и собрать первоисточники; не создавать карточку из поисковой фразы.,клубника | сорта клубники,klubnika.xlsx:Queries | sorta-klubniki.xlsx:Queries,2,False
малина желтый гигант,малина желтый гигант,360,236,AVERAGE,Умеренная,garden,/sorta/zheltyy-gigant/,improve_cultivar,"Проверить полноту описания, фото и сравнения; отзывы и урожайность добавлять только по фактическим источникам.",малина,malina.xlsx:Queries,1,False
подкормка клубники во время плодоношения,чем подкормить клубнику во время плодоношения,355,398,AVERAGE,Умеренная,garden,/zhurnal/chem-podkormit-klubniku-po-analizu-pochvy/,improve_existing,Проверить ответ для указанной фазы роста; сохранять выбор питания по данным анализа.,клубника,klubnika.xlsx:Queries,1,False
клубника азия описание сорта фото отзывы садоводов урожайность,клубника азия описание сорта фото отзывы,353,424,AVERAGE,Умеренная,garden,/sorta/aziya/,improve_cultivar,"Проверить полноту описания, фото и сравнения; отзывы и урожайность добавлять только по фактическим источникам.",клубника | сорта клубники,klubnika.xlsx:Queries | sorta-klubniki.xlsx:Queries,2,False
малина карамелька описание сорта,малина карамелька,352,319,AVERAGE,Умеренная,garden,/sorta/karamelka/,improve_cultivar,"Проверить полноту описания, фото и сравнения; отзывы и урожайность добавлять только по фактическим источникам.",малина | сорта малины,malina.xlsx:Queries | sorta-maliny.xlsx:Queries,2,False
клубника фестивальная описание,клубника фестивальная,338,255,AVERAGE,Умеренная,garden,/sorta/festivalnaya/,improve_cultivar,"Проверить полноту описания, фото и сравнения; отзывы и урожайность добавлять только по фактическим источникам.",клубника | сорта клубники,klubnika.xlsx:Queries | sorta-klubniki.xlsx:AdditionalQueries,2,False
посадка клубники весной,как сажать клубнику,338,283,AVERAGE,Умеренная,garden,/zhurnal/posadka-klubniki/,improve_existing,"Дополнить существующий материал ответами по срокам и условиям, связать с инструментом срока посадки.",клубника,klubnika.xlsx:Queries,1,False
китайская малина,тибетская малина,334,183,AVERAGE,Умеренная,garden,,manual_mapping,Нужна редакционная проверка намерения.,малина | тибетская малина,malina.xlsx:Queries | tibetskaya-malina.xlsx:AdditionalQueries,2,False
серая гниль на клубнике чем обрабатывать,серая гниль на клубнике чем обрабатывать,332,364,AVERAGE,Умеренная,garden,,manual_mapping,Нужна редакционная проверка намерения.,клубника,klubnika.xlsx:Queries,1,False
клубника сорта,сорта клубники,330,334,AVERAGE,Умеренная,garden,/sorta/,improve_catalog,"Уточнить путь к каталогу клубники, фильтрам и сравнению.",клубника | сорта клубники,klubnika.xlsx:Queries | sorta-klubniki.xlsx:Queries,2,False
рассада клубники купить,купить саженцы клубники,330,282,AVERAGE,Умеренная,garden,,manual_mapping,Нужна редакционная проверка намерения.,клубника,klubnika.xlsx:Queries,1,False
чем подкормить малину весной для хорошего урожая,чем подкормить малину весной,322,257,AVERAGE,Умеренная,garden,,new_article,Подготовить единый материал о питании малины по фазе и анализу почвы; месяцы учесть внутри него.,малина,malina.xlsx:Queries,1,False
посадка клубники расстояние между кустами и рядами,посадка клубники,321,310,AVERAGE,Умеренная,garden,/zhurnal/posadka-klubniki/,improve_existing,"Дополнить существующий материал ответами по срокам и условиям, связать с инструментом срока посадки.",клубника,klubnika.xlsx:Queries,1,False
малина таруса описание,малиновое дерево таруса,312,285,AVERAGE,Умеренная,garden,/sorta/tarusa/,improve_cultivar,"Проверить полноту описания, фото и сравнения; отзывы и урожайность добавлять только по фактическим источникам.",малина,malina.xlsx:Queries,1,False
клубника сирия описание сорта,клубника сирия,310,291,AVERAGE,Умеренная,garden,/sorta/siriya/,improve_cultivar,"Проверить полноту описания, фото и сравнения; отзывы и урожайность добавлять только по фактическим источникам.",клубника | сорта клубники,klubnika.xlsx:Queries | sorta-klubniki.xlsx:Queries,2,False
купить саженцы клубники в москве,купить саженцы клубники,309,300,AVERAGE,Умеренная,garden,,manual_mapping,Нужна редакционная проверка намерения.,клубника,klubnika.xlsx:Queries,1,False
что положить в лунку при посадке клубники в августе,что положить в лунку при посадке клубники в августе,308,290,AVERAGE,Умеренная,garden,/zhurnal/posadka-klubniki/,improve_existing,"Дополнить существующий материал ответами по срокам и условиям, связать с инструментом срока посадки.",клубника,klubnika.xlsx:Queries,1,False
что посадить после клубники,что посадить после клубники,306,214,AVERAGE,Умеренная,garden,/zhurnal/posadka-klubniki/,improve_existing,"Дополнить существующий материал ответами по срокам и условиям, связать с инструментом срока посадки.",клубника,klubnika.xlsx:Queries,1,False
чем подкормить малину во время цветения,чем подкормить малину во время цветения,298,297,AVERAGE,Умеренная,garden,,new_article,Подготовить единый материал о питании малины по фазе и анализу почвы; месяцы учесть внутри него.,малина,malina.xlsx:Queries,1,False
чем подкормить клубнику в апреле,чем подкормить клубнику весной,297,250,AVERAGE,Умеренная,garden,/zhurnal/chem-podkormit-klubniku-po-analizu-pochvy/,improve_existing,Проверить ответ для указанной фазы роста; сохранять выбор питания по данным анализа.,клубника,klubnika.xlsx:Queries,1,False
малина пшехиба описание сорта,малина пшехиба,296,285,AVERAGE,Умеренная,garden,/sorta/pshehiba/,improve_cultivar,"Проверить полноту описания, фото и сравнения; отзывы и урожайность добавлять только по фактическим источникам.",малина | сорта малины,malina.xlsx:Queries | sorta-maliny.xlsx:Queries,2,False
клубника джоли описание сорта,клубника джоли,294,254,AVERAGE,Умеренная,garden,/sorta/dzholi/,improve_cultivar,"Проверить полноту описания, фото и сравнения; отзывы и урожайность добавлять только по фактическим источникам.",клубника | сорта клубники,klubnika.xlsx:Queries | sorta-klubniki.xlsx:Queries,2,False
хоней клубника,клубника хоней,285,238,AVERAGE,Умеренная,garden,/sorta/honey/,improve_cultivar,"Проверить полноту описания, фото и сравнения; отзывы и урожайность добавлять только по фактическим источникам.",клубника,klubnika.xlsx:Queries,1,False
как подготовить клубнику к зиме,как подготовить клубнику к зиме,284,206,AVERAGE,Умеренная,garden,,manual_mapping,Нужна редакционная проверка намерения.,клубника,klubnika.xlsx:Queries,1,False
тибетская малина фото и описание кустарника,тибетская малина,282,240,AVERAGE,Умеренная,garden,,new_botanical_article,"Сначала установить вид и источники; объяснить отличие от обычной малины, добавить проверяемые фото.",малина | тибетская малина,malina.xlsx:Queries | tibetskaya-malina.xlsx:Queries,2,False
как правильно сажать малину,как правильно посадить малину,281,201,AVERAGE,Умеренная,garden,/zhurnal/posadka-maliny/,improve_existing,Обновить ответы внутри существующего материала и связать с расчётом посадки.,малина | посадка малины,malina.xlsx:Queries | posadka-maliny.xlsx:AdditionalQueries,2,False
как заморозить малину на зиму,как заморозить малину,279,178,AVERAGE,Умеренная,garden,,manual_mapping,Нужна редакционная проверка намерения.,малина,malina.xlsx:Queries,1,False
купчиха клубника описание сорта фото отзывы садоводов,клубника купчиха,278,267,AVERAGE,Умеренная,garden,,verify_cultivar,Сорта ещё нет в каталоге: сначала установить идентичность и собрать первоисточники; не создавать карточку из поисковой фразы.,клубника | сорта клубники,klubnika.xlsx:Queries | sorta-klubniki.xlsx:Queries,2,False
когда лучше сажать малину,как правильно посадить малину,276,177,AVERAGE,Умеренная,garden,/zhurnal/posadka-maliny/,improve_existing,Обновить ответы внутри существующего материала и связать с расчётом посадки.,малина,malina.xlsx:Queries,1,False
подкормка малины весной для большого урожая,чем подкормить малину весной,265,288,AVERAGE,Умеренная,garden,,new_article,Подготовить единый материал о питании малины по фазе и анализу почвы; месяцы учесть внутри него.,малина,malina.xlsx:Queries,1,False
обработка клубники осенью,как подготовить клубнику к зиме,264,282,AVERAGE,Умеренная,garden,,manual_mapping,Нужна редакционная проверка намерения.,болезни клубники | клубника,bolezni-klubniki.xlsx:AdditionalQueries | klubnika.xlsx:Queries,2,False
как посадить клубнику под черный укрывной материал,как посадить клубнику под черный укрывной материал,263,214,AVERAGE,Умеренная,garden,/zhurnal/posadka-klubniki/,improve_existing,"Дополнить существующий материал ответами по срокам и условиям, связать с инструментом срока посадки.",клубника,klubnika.xlsx:Queries,1,False
клубника хоней описание сорта,клубника хоней,262,203,AVERAGE,Умеренная,garden,/sorta/honey/,improve_cultivar,"Проверить полноту описания, фото и сравнения; отзывы и урожайность добавлять только по фактическим источникам.",клубника | сорта клубники,klubnika.xlsx:Queries | sorta-klubniki.xlsx:Queries,2,False
дидимелла на малине,дидимелла на малине как бороться,260,181,AVERAGE,Умеренная,garden,,new_article,"Дидимелла: проверить диагностику по первоисточникам, затем подготовить материал; схемы препаратов требуют актуальной проверки.",малина,malina.xlsx:Queries,1,False
подкормка малины,чем подкормить малину весной,260,246,AVERAGE,Умеренная,garden,,new_article,Подготовить единый материал о питании малины по фазе и анализу почвы; месяцы учесть внутри него.,малина,malina.xlsx:Queries,1,False
азия клубника описание сорта,клубника азия,258,194,AVERAGE,Умеренная,garden,/sorta/aziya/,improve_cultivar,"Проверить полноту описания, фото и сравнения; отзывы и урожайность добавлять только по фактическим источникам.",клубника | сорта клубники,klubnika.xlsx:Queries | sorta-klubniki.xlsx:Queries,2,False
малина маравилла купить саженцы с доставкой,малина маравилла купить саженцы с доставкой,257,237,AVERAGE,Умеренная,garden,,manual_mapping,Нужна редакционная проверка намерения.,малина,malina.xlsx:Queries,1,False
когда обрезают малину,когда обрезать малину,256,150,AVERAGE,Умеренная,garden,/instrumenty/obrezka-maliny/,improve_existing,Вести к инструменту выбора схемы и руководству по типу плодоношения.,малина,malina.xlsx:Queries,1,False
чем подкормить малину во время плодоношения,чем подкормить малину,255,193,AVERAGE,Умеренная,garden,,new_article,Подготовить единый материал о питании малины по фазе и анализу почвы; месяцы учесть внутри него.,малина,malina.xlsx:Queries,1,False
клубника сенсация описание сорта,клубника сенсация,254,234,AVERAGE,Умеренная,garden,,verify_cultivar,Сорта ещё нет в каталоге: сначала установить идентичность и собрать первоисточники; не создавать карточку из поисковой фразы.,клубника | сорта клубники,klubnika.xlsx:Queries | sorta-klubniki.xlsx:Queries,2,False
лучшие сорта малины,сорта малины,253,354,AVERAGE,Умеренная,garden,,manual_mapping,Нужна редакционная проверка намерения.,малина | сорта малины,malina.xlsx:Queries | sorta-maliny.xlsx:Queries,2,False
сорта клубники с фотографиями,сорта клубники,253,293,AVERAGE,Умеренная,garden,/sorta/,improve_catalog,"Уточнить путь к каталогу клубники, фильтрам и сравнению.",клубника | сорта клубники,klubnika.xlsx:Queries | sorta-klubniki.xlsx:Queries,2,False
чем обработать малину весной от болезней и вредителей,как ухаживать за малиной весной,252,291,AVERAGE,Умеренная,garden,/instrumenty/proverka-rasteniya/,diagnostic_backlog,Связать симптомы с проверкой растения; отдельный материал только после проверки источников.,болезни малины | малина,bolezni-maliny.xlsx:Queries | malina.xlsx:Queries,2,False
мурано клубника описание сорта,клубника мурано,251,203,AVERAGE,Умеренная,garden,/sorta/murano/,improve_cultivar,"Проверить полноту описания, фото и сравнения; отзывы и урожайность добавлять только по фактическим источникам.",клубника | сорта клубники,klubnika.xlsx:Queries | sorta-klubniki.xlsx:Queries,2,False
клубника азия отзывы,клубника азия описание сорта фото отзывы,250,275,AVERAGE,Умеренная,garden,/sorta/aziya/,improve_cultivar,"Проверить полноту описания, фото и сравнения; отзывы и урожайность добавлять только по фактическим источникам.",клубника,klubnika.xlsx:Queries,1,False
клубника гигантелла описание сорта,клубника гигантелла,247,210,AVERAGE,Умеренная,garden,,verify_cultivar,Сорта ещё нет в каталоге: сначала установить идентичность и собрать первоисточники; не создавать карточку из поисковой фразы.,клубника | сорта клубники,klubnika.xlsx:Queries | sorta-klubniki.xlsx:Queries,2,False
малина таруса описание сорта,малиновое дерево таруса,246,226,AVERAGE,Умеренная,garden,/sorta/tarusa/,improve_cultivar,"Проверить полноту описания, фото и сравнения; отзывы и урожайность добавлять только по фактическим источникам.",малина | сорта малины,malina.xlsx:Queries | sorta-maliny.xlsx:Queries,2,False
как посадить малину осенью саженцами правильно,посадка малины осенью когда и как посадить,245,243,AVERAGE,Умеренная,garden,/zhurnal/posadka-maliny/,improve_existing,Обновить ответы внутри существующего материала и связать с расчётом посадки.,малина | посадка малины,malina.xlsx:Queries | posadka-maliny.xlsx:AdditionalQueries,2,False
клубника альба описание сорта фото отзывы,клубника альба,244,260,AVERAGE,Умеренная,garden,/sorta/alba/,improve_cultivar,"Проверить полноту описания, фото и сравнения; отзывы и урожайность добавлять только по фактическим источникам.",клубника | сорта клубники,klubnika.xlsx:Queries | sorta-klubniki.xlsx:Queries,2,False
выращивание клубники,как сажать клубнику,243,187,AVERAGE,Умеренная,garden,,manual_mapping,Нужна редакционная проверка намерения.,клубника,klubnika.xlsx:Queries,1,False
малина полька описание сорта,малина полька,243,209,AVERAGE,Умеренная,garden,/sorta/polka/,improve_cultivar,"Проверить полноту описания, фото и сравнения; отзывы и урожайность добавлять только по фактическим источникам.",малина | посадка малины | сорта малины,malina.xlsx:Queries | posadka-maliny.xlsx:AdditionalQueries | sorta-maliny.xlsx:Queries,3,False
малина пшехиба описание,малина пшехиба,241,205,AVERAGE,Умеренная,garden,/sorta/pshehiba/,improve_cultivar,"Проверить полноту описания, фото и сравнения; отзывы и урожайность добавлять только по фактическим источникам.",малина,malina.xlsx:Queries,1,False
подкормка малины в июне,чем подкормить малину в июне,241,303,AVERAGE,Умеренная,garden,,new_article,Подготовить единый материал о питании малины по фазе и анализу почвы; месяцы учесть внутри него.,малина,malina.xlsx:Queries,1,False
вредители клубники фото и описание и борьба с ними,вредители клубники фото и описание и борьба с ними,240,390,AVERAGE,Умеренная,garden,,manual_mapping,Нужна редакционная проверка намерения.,клубника,klubnika.xlsx:Queries,1,False
клубника максим описание сорта,клубника максим,238,250,AVERAGE,Умеренная,garden,,verify_cultivar,Сорта ещё нет в каталоге: сначала установить идентичность и собрать первоисточники; не создавать карточку из поисковой фразы.,клубника | сорта клубники,klubnika.xlsx:Queries | sorta-klubniki.xlsx:Queries,2,False
малина геракл описание сорта,малина геракл,238,183,AVERAGE,Умеренная,garden,/sorta/gerakl/,improve_cultivar,"Проверить полноту описания, фото и сравнения; отзывы и урожайность добавлять только по фактическим источникам.",малина | сорта малины,malina.xlsx:Queries | sorta-maliny.xlsx:Queries,2,False
малина карамелька описание,малина карамелька,238,204,AVERAGE,Умеренная,garden,/sorta/karamelka/,improve_cultivar,"Проверить полноту описания, фото и сравнения; отзывы и урожайность добавлять только по фактическим источникам.",малина,malina.xlsx:Queries,1,False
клубника клери описание,клубника клери,237,194,AVERAGE,Умеренная,garden,/sorta/kleri/,improve_cultivar,"Проверить полноту описания, фото и сравнения; отзывы и урожайность добавлять только по фактическим источникам.",клубника,klubnika.xlsx:Queries,1,False
альба клубника описание сорта,клубника альба,233,203,AVERAGE,Умеренная,garden,/sorta/alba/,improve_cultivar,"Проверить полноту описания, фото и сравнения; отзывы и урожайность добавлять только по фактическим источникам.",клубника | сорта клубники,klubnika.xlsx:Queries | sorta-klubniki.xlsx:Queries,2,False
чем удобрить малину весной,чем подкормить малину весной,231,163,AVERAGE,Умеренная,garden,,manual_mapping,Нужна редакционная проверка намерения.,малина,malina.xlsx:Queries,1,False
малина карамелька описание сорта фото отзывы,малина карамелька,229,245,AVERAGE,Умеренная,garden,/sorta/karamelka/,improve_cultivar,"Проверить полноту описания, фото и сравнения; отзывы и урожайность добавлять только по фактическим источникам.",малина | сорта малины,malina.xlsx:Queries | sorta-maliny.xlsx:Queries,2,False
малина маравилла описание сорта,малина маравилла,229,181,AVERAGE,Умеренная,garden,,verify_cultivar,Сорта ещё нет в каталоге: сначала установить идентичность и собрать первоисточники; не создавать карточку из поисковой фразы.,малина | сорта малины,malina.xlsx:Queries | sorta-maliny.xlsx:Queries,2,False
тибетская малина описание,тибетская малина,228,164,AVERAGE,Умеренная,garden,,new_botanical_article,"Сначала установить вид и источники; объяснить отличие от обычной малины, добавить проверяемые фото.",малина | посадка малины | тибетская малина,malina.xlsx:Queries | posadka-maliny.xlsx:AdditionalQueries | tibetskaya-malina.xlsx:Queries,3,False
вредители клубники,вредители клубники фото и описание и борьба с ними,221,247,AVERAGE,Умеренная,garden,,manual_mapping,Нужна редакционная проверка намерения.,клубника,klubnika.xlsx:Queries,1,False
клубника мурано описание сорта фото отзывы,клубника мурано,219,232,AVERAGE,Умеренная,garden,/sorta/murano/,improve_cultivar,"Проверить полноту описания, фото и сравнения; отзывы и урожайность добавлять только по фактическим источникам.",клубника | сорта клубники,klubnika.xlsx:Queries | sorta-klubniki.xlsx:Queries,2,False
как сажать малину осенью,посадка малины осенью когда и как посадить,218,191,AVERAGE,Умеренная,garden,/zhurnal/posadka-maliny/,improve_existing,Обновить ответы внутри существующего материала и связать с расчётом посадки.,малина | посадка малины,malina.xlsx:Queries | posadka-maliny.xlsx:AdditionalQueries,2,False
малина самохвал,малина самохвал,215,157,AVERAGE,Умеренная,garden,/sorta/samohval/,improve_cultivar,"Проверить полноту описания, фото и сравнения; отзывы и урожайность добавлять только по фактическим источникам.",малина,malina.xlsx:Queries,1,False
малина гусар описание сорта фото отзывы,малина гусар,214,250,AVERAGE,Умеренная,garden,/sorta/gusar/,improve_cultivar,"Проверить полноту описания, фото и сравнения; отзывы и урожайность добавлять только по фактическим источникам.",малина | сорта малины,malina.xlsx:Queries | sorta-maliny.xlsx:Queries,2,False
клубника мальвина описание сорта фото отзывы садоводов урожайность,клубника мальвина,208,254,AVERAGE,Умеренная,garden,/sorta/malvina/,improve_cultivar,"Проверить полноту описания, фото и сравнения; отзывы и урожайность добавлять только по фактическим источникам.",клубника | сорта клубники,klubnika.xlsx:Queries | sorta-klubniki.xlsx:Queries,2,False
клубника купчиха описание сорта фото отзывы,клубника купчиха,206,210,AVERAGE,Умеренная,garden,,verify_cultivar,Сорта ещё нет в каталоге: сначала установить идентичность и собрать первоисточники; не создавать карточку из поисковой фразы.,клубника | сорта клубники,klubnika.xlsx:Queries | sorta-klubniki.xlsx:Queries,2,False
малина гусар описание,малина гусар,206,178,AVERAGE,Умеренная,garden,/sorta/gusar/,improve_cultivar,"Проверить полноту описания, фото и сравнения; отзывы и урожайность добавлять только по фактическим источникам.",малина | сорта малины,malina.xlsx:Queries | sorta-maliny.xlsx:AdditionalQueries,2,False
лучшие сорта клубники для подмосковья,лучшие сорта клубники для подмосковья,205,358,AVERAGE,Умеренная,garden,/sorta/,improve_catalog,"Уточнить путь к каталогу клубники, фильтрам и сравнению.",клубника | сорта клубники,klubnika.xlsx:Queries | sorta-klubniki.xlsx:Queries,2,False
малина краса россии описание сорта,малина краса россии,205,206,AVERAGE,Умеренная,garden,/sorta/krasa-rossii/,improve_cultivar,"Проверить полноту описания, фото и сравнения; отзывы и урожайность добавлять только по фактическим источникам.",малина | сорта малины,malina.xlsx:Queries | sorta-maliny.xlsx:Queries,2,False
клубника клери описание сорта фото отзывы,клубника клери,204,229,AVERAGE,Умеренная,garden,/sorta/kleri/,improve_cultivar,"Проверить полноту описания, фото и сравнения; отзывы и урожайность добавлять только по фактическим источникам.",клубника | сорта клубники,klubnika.xlsx:Queries | sorta-klubniki.xlsx:Queries,2,False
пшехиба малина описание,малина пшехиба,204,168,AVERAGE,Умеренная,garden,/sorta/pshehiba/,improve_cultivar,"Проверить полноту описания, фото и сравнения; отзывы и урожайность добавлять только по фактическим источникам.",малина | сорта малины,malina.xlsx:Queries | sorta-maliny.xlsx:AdditionalQueries,2,False
серая гниль на клубнике чем обрабатывать во время плодоношения,серая гниль на клубнике чем обрабатывать,204,278,AVERAGE,Умеренная,garden,,manual_mapping,Нужна редакционная проверка намерения.,клубника,klubnika.xlsx:Queries,1,False
гигантелла клубника описание сорта,клубника гигантелла,203,200,AVERAGE,Умеренная,garden,,verify_cultivar,Сорта ещё нет в каталоге: сначала установить идентичность и собрать первоисточники; не создавать карточку из поисковой фразы.,клубника | сорта клубники,klubnika.xlsx:Queries | sorta-klubniki.xlsx:Queries,2,False
клубника цунаки описание сорта,клубника цунаки,203,201,AVERAGE,Умеренная,garden,,verify_cultivar,Сорта ещё нет в каталоге: сначала установить идентичность и собрать первоисточники; не создавать карточку из поисковой фразы.,клубника | сорта клубники,klubnika.xlsx:Queries | sorta-klubniki.xlsx:Queries,2,False
как правильно посадить малину осенью,посадка малины осенью когда и как посадить,202,197,AVERAGE,Умеренная,garden,/zhurnal/posadka-maliny/,improve_existing,Обновить ответы внутри существующего материала и связать с расчётом посадки.,малина | посадка малины,malina.xlsx:Queries | posadka-maliny.xlsx:AdditionalQueries,2,False
посадка малины весной,как правильно посадить малину,202,193,AVERAGE,Умеренная,garden,/zhurnal/posadka-maliny/,improve_existing,Обновить ответы внутри существующего материала и связать с расчётом посадки.,малина | посадка малины,malina.xlsx:Queries | posadka-maliny.xlsx:Queries,2,False
клубника царица описание сорта,клубника царица,201,192,AVERAGE,Умеренная,garden,/sorta/tsaritsa/,improve_cultivar,"Проверить полноту описания, фото и сравнения; отзывы и урожайность добавлять только по фактическим источникам.",клубника | сорта клубники,klubnika.xlsx:Queries | sorta-klubniki.xlsx:Queries,2,False
заморозка клубники на зиму,как заморозить клубнику,199,222,AVERAGE,Умеренная,garden,,manual_mapping,Нужна редакционная проверка намерения.,клубника,klubnika.xlsx:Queries,1,False
чем подкормить малину осенью после обрезки,чем подкормить малину осенью,198,178,AVERAGE,Умеренная,garden,,new_article,Подготовить единый материал о питании малины по фазе и анализу почвы; месяцы учесть внутри него.,малина,malina.xlsx:Queries,1,False
атлант малина,малина атлант,196,168,AVERAGE,Умеренная,garden,/sorta/atlant/,improve_cultivar,"Проверить полноту описания, фото и сравнения; отзывы и урожайность добавлять только по фактическим источникам.",малина | сорта малины,malina.xlsx:Queries | sorta-maliny.xlsx:AdditionalQueries,2,False
клубника мальвина описание сорта фото отзывы,клубника мальвина,196,215,AVERAGE,Умеренная,garden,/sorta/malvina/,improve_cultivar,"Проверить полноту описания, фото и сравнения; отзывы и урожайность добавлять только по фактическим источникам.",клубника | сорта клубники,klubnika.xlsx:Queries | sorta-klubniki.xlsx:Queries,2,False
обработка малины весной от болезней и вредителей,как ухаживать за малиной весной,196,257,AVERAGE,Умеренная,garden,/instrumenty/proverka-rasteniya/,diagnostic_backlog,Связать симптомы с проверкой растения; отдельный материал только после проверки источников.,болезни малины | малина,bolezni-maliny.xlsx:Queries | malina.xlsx:Queries,2,False
клубника машенька описание сорта,клубника машенька,194,192,AVERAGE,Умеренная,garden,,verify_cultivar,Сорта ещё нет в каталоге: сначала установить идентичность и собрать первоисточники; не создавать карточку из поисковой фразы.,клубника | сорта клубники,klubnika.xlsx:Queries | sorta-klubniki.xlsx:Queries,2,False
клубника фестивальная описание сорта фото отзывы садоводов урожайность,клубника фестивальная описание сорта,194,215,AVERAGE,Умеренная,garden,/sorta/festivalnaya/,improve_cultivar,"Проверить полноту описания, фото и сравнения; отзывы и урожайность добавлять только по фактическим источникам.",клубника | сорта клубники,klubnika.xlsx:Queries | sorta-klubniki.xlsx:Queries,2,False
уход за малиной после сбора урожая,чем подкормить малину в августе,194,196,AVERAGE,Умеренная,garden,,manual_mapping,Нужна редакционная проверка намерения.,малина,malina.xlsx:Queries,1,False
клубника альба описание,клубника альба,192,133,AVERAGE,Умеренная,garden,/sorta/alba/,improve_cultivar,"Проверить полноту описания, фото и сравнения; отзывы и урожайность добавлять только по фактическим источникам.",сорта клубники,sorta-klubniki.xlsx:AdditionalQueries,1,False
клубника бычье сердце описание сорта,клубника бычье сердце,192,162,AVERAGE,Умеренная,garden,,verify_cultivar,Сорта ещё нет в каталоге: сначала установить идентичность и собрать первоисточники; не создавать карточку из поисковой фразы.,сорта клубники,sorta-klubniki.xlsx:Queries,1,False
малина желтый гигант описание сорта,малина желтый гигант,192,188,AVERAGE,Умеренная,garden,/sorta/zheltyy-gigant/,improve_cultivar,"Проверить полноту описания, фото и сравнения; отзывы и урожайность добавлять только по фактическим источникам.",малина | сорта малины,malina.xlsx:Queries | sorta-maliny.xlsx:Queries,2,False
лучшие сорта клубники для подмосковья для открытого грунта,лучшие сорта клубники для подмосковья,191,338,AVERAGE,Умеренная,garden,/sorta/,improve_catalog,"Уточнить путь к каталогу клубники, фильтрам и сравнению.",клубника | сорта клубники,klubnika.xlsx:Queries | sorta-klubniki.xlsx:Queries,2,False
сорт клубники азия фото и описание,клубника азия,191,179,AVERAGE,Умеренная,garden,/sorta/aziya/,improve_cultivar,"Проверить полноту описания, фото и сравнения; отзывы и урожайность добавлять только по фактическим источникам.",сорта клубники,sorta-klubniki.xlsx:Queries,1,False
мурано клубника описание сорта фото отзывы садоводов урожайность,клубника мурано,190,183,AVERAGE,Умеренная,garden,/sorta/murano/,improve_cultivar,"Проверить полноту описания, фото и сравнения; отзывы и урожайность добавлять только по фактическим источникам.",сорта клубники,sorta-klubniki.xlsx:Queries,1,False
сорт клубники,сорта клубники,187,117,AVERAGE,Умеренная,garden,/sorta/,improve_catalog,"Уточнить путь к каталогу клубники, фильтрам и сравнению.",сорта клубники,sorta-klubniki.xlsx:Queries,1,False
малина сказка описание сорта,малина сказка,186,205,AVERAGE,Умеренная,garden,,verify_cultivar,Сорта ещё нет в каталоге: сначала установить идентичность и собрать первоисточники; не создавать карточку из поисковой фразы.,малина | сорта малины,malina.xlsx:Queries | sorta-maliny.xlsx:Queries,2,False
как обрезать малину весной после зимы правильно,когда обрезать малину,185,136,AVERAGE,Умеренная,garden,/instrumenty/obrezka-maliny/,improve_existing,Вести к инструменту выбора схемы и руководству по типу плодоношения.,малина,malina.xlsx:Queries,1,False
как подготовить грядку под клубнику для посадки осенью,посадка клубники осенью в открытый грунт,184,195,AVERAGE,Умеренная,garden,/zhurnal/posadka-klubniki/,improve_existing,"Дополнить существующий материал ответами по срокам и условиям, связать с инструментом срока посадки.",клубника,klubnika.xlsx:Queries,1,False
чем подкормить клубнику во время плодоношения для хорошего урожая и сладости,чем подкормить клубнику во время плодоношения,184,216,AVERAGE,Умеренная,garden,/zhurnal/chem-podkormit-klubniku-po-analizu-pochvy/,improve_existing,Проверить ответ для указанной фазы роста; сохранять выбор питания по данным анализа.,клубника,klubnika.xlsx:Queries,1,False
альбион клубника описание сорта,клубника альбион,183,157,AVERAGE,Умеренная,garden,/sorta/albion/,improve_cultivar,"Проверить полноту описания, фото и сравнения; отзывы и урожайность добавлять только по фактическим источникам.",сорта клубники,sorta-klubniki.xlsx:Queries,1,False
уход за клубникой осенью подготовка к зиме,как подготовить клубнику к зиме,183,227,AVERAGE,Умеренная,garden,,manual_mapping,Нужна редакционная проверка намерения.,клубника,klubnika.xlsx:Queries,1,False
фестивальная клубника описание,клубника фестивальная,183,119,AVERAGE,Умеренная,garden,/sorta/festivalnaya/,improve_cultivar,"Проверить полноту описания, фото и сравнения; отзывы и урожайность добавлять только по фактическим источникам.",сорта клубники,sorta-klubniki.xlsx:AdditionalQueries,1,False
кабрилло клубника описание,клубника кабрилло,182,126,AVERAGE,Умеренная,garden,/sorta/cabrillo/,improve_cultivar,"Проверить полноту описания, фото и сравнения; отзывы и урожайность добавлять только по фактическим источникам.",сорта клубники,sorta-klubniki.xlsx:AdditionalQueries,1,False
малина патриция описание сорта,малина патриция,182,161,AVERAGE,Умеренная,garden,/sorta/patritsiya/,improve_cultivar,"Проверить полноту описания, фото и сравнения; отзывы и урожайность добавлять только по фактическим источникам.",малина | сорта малины,malina.xlsx:Queries | sorta-maliny.xlsx:Queries,2,False
клубника мармелада описание сорта,клубника мармелада,181,146,AVERAGE,Умеренная,garden,,verify_cultivar,Сорта ещё нет в каталоге: сначала установить идентичность и собрать первоисточники; не создавать карточку из поисковой фразы.,сорта клубники,sorta-klubniki.xlsx:Queries,1,False
черный принц клубника описание сорта,клубника черный принц,181,136,AVERAGE,Умеренная,garden,,verify_cultivar,Сорта ещё нет в каталоге: сначала установить идентичность и собрать первоисточники; не создавать карточку из поисковой фразы.,сорта клубники,sorta-klubniki.xlsx:Queries,1,False
клубника азия описание сорта фото,клубника азия,180,180,AVERAGE,Умеренная,garden,/sorta/aziya/,improve_cultivar,"Проверить полноту описания, фото и сравнения; отзывы и урожайность добавлять только по фактическим источникам.",сорта клубники,sorta-klubniki.xlsx:Queries,1,False
лучшие сорта ремонтантной клубники,ремонтантные сорта клубники,180,271,AVERAGE,Умеренная,garden,/sorta/,improve_catalog,"Уточнить путь к каталогу клубники, фильтрам и сравнению.",клубника | сорта клубники,klubnika.xlsx:Queries | sorta-klubniki.xlsx:Queries,2,False
чамора туруси клубника описание сорта,клубника чамора туруси,176,136,AVERAGE,Умеренная,garden,,verify_cultivar,Сорта ещё нет в каталоге: сначала установить идентичность и собрать первоисточники; не создавать карточку из поисковой фразы.,сорта клубники,sorta-klubniki.xlsx:Queries,1,False
кимберли клубника описание,клубника кимберли,174,124,AVERAGE,Умеренная,garden,/sorta/kimberli/,improve_cultivar,"Проверить полноту описания, фото и сравнения; отзывы и урожайность добавлять только по фактическим источникам.",сорта клубники,sorta-klubniki.xlsx:AdditionalQueries,1,False
клери клубника описание сорта,клубника клери,174,144,AVERAGE,Умеренная,garden,/sorta/kleri/,improve_cultivar,"Проверить полноту описания, фото и сравнения; отзывы и урожайность добавлять только по фактическим источникам.",сорта клубники,sorta-klubniki.xlsx:Queries,1,False
клубника лорд описание сорта фото отзывы,клубника лорд описание сорта фото отзывы,174,210,AVERAGE,Умеренная,garden,,verify_cultivar,Сорта ещё нет в каталоге: сначала установить идентичность и собрать первоисточники; не создавать карточку из поисковой фразы.,клубника | сорта клубники,klubnika.xlsx:Queries | sorta-klubniki.xlsx:Queries,2,False
сорта клубники с фотографиями и описанием,сорта клубники,173,257,AVERAGE,Умеренная,garden,/sorta/,improve_catalog,"Уточнить путь к каталогу клубники, фильтрам и сравнению.",клубника | сорта клубники,klubnika.xlsx:Queries | sorta-klubniki.xlsx:Queries,2,False
клубника кабрилло описание сорта,клубника кабрилло,171,138,AVERAGE,Умеренная,garden,/sorta/cabrillo/,improve_cultivar,"Проверить полноту описания, фото и сравнения; отзывы и урожайность добавлять только по фактическим источникам.",сорта клубники,sorta-klubniki.xlsx:Queries,1,False
малина лячка,малина лячка,170,119,AVERAGE,Умеренная,garden,/sorta/lyachka/,improve_cultivar,"Проверить полноту описания, фото и сравнения; отзывы и урожайность добавлять только по фактическим источникам.",малина,malina.xlsx:Queries,1,False
саженцы малины купить в москве в питомнике,саженцы малины,168,200,AVERAGE,Умеренная,garden,,manual_mapping,Нужна редакционная проверка намерения.,малина,malina.xlsx:Queries,1,False
азия клубника описание сорта фото отзывы,клубника азия описание сорта фото отзывы,167,174,AVERAGE,Умеренная,garden,/sorta/aziya/,improve_cultivar,"Проверить полноту описания, фото и сравнения; отзывы и урожайность добавлять только по фактическим источникам.",сорта клубники,sorta-klubniki.xlsx:Queries,1,False
как сажать малину весной в открытый грунт правильно,как правильно посадить малину,166,127,AVERAGE,Умеренная,garden,/zhurnal/posadka-maliny/,improve_existing,Обновить ответы внутри существующего материала и связать с расчётом посадки.,малина | посадка малины,malina.xlsx:Queries | posadka-maliny.xlsx:AdditionalQueries,2,False
вредители малины,вредители малины,165,193,AVERAGE,Умеренная,garden,,manual_mapping,Нужна редакционная проверка намерения.,малина,malina.xlsx:Queries,1,False
клубника зефир описание сорта,клубника зефир,165,152,AVERAGE,Умеренная,garden,,verify_cultivar,Сорта ещё нет в каталоге: сначала установить идентичность и собрать первоисточники; не создавать карточку из поисковой фразы.,сорта клубники,sorta-klubniki.xlsx:Queries,1,False
малина пшехиба описание сорта фото отзывы садоводов урожайность характеристика,малина пшехиба,164,200,AVERAGE,Умеренная,garden,/sorta/pshehiba/,improve_cultivar,"Проверить полноту описания, фото и сравнения; отзывы и урожайность добавлять только по фактическим источникам.",малина | сорта малины,malina.xlsx:Queries | sorta-maliny.xlsx:Queries,2,False
шпалера для малины своими руками чертежи и фото,шпалера для малины,164,229,AVERAGE,Умеренная,garden,,manual_mapping,Нужна редакционная проверка намерения.,малина,malina.xlsx:Queries,1,False
как садить малину,как правильно посадить малину,163,103,AVERAGE,Умеренная,garden,,manual_mapping,Нужна редакционная проверка намерения.,малина,malina.xlsx:Queries,1,False
уход за малиной после плодоношения,чем подкормить малину в августе,162,173,AVERAGE,Умеренная,garden,,manual_mapping,Нужна редакционная проверка намерения.,малина,malina.xlsx:Queries,1,False
клери клубника описание сорта фото отзывы садоводов,клубника клери описание сорта,161,174,AVERAGE,Умеренная,garden,/sorta/kleri/,improve_cultivar,"Проверить полноту описания, фото и сравнения; отзывы и урожайность добавлять только по фактическим источникам.",сорта клубники,sorta-klubniki.xlsx:Queries,1,False
посадка малины осенью в открытый грунт саженцами,как правильно посадить малину,161,182,AVERAGE,Умеренная,garden,/zhurnal/posadka-maliny/,improve_existing,Обновить ответы внутри существующего материала и связать с расчётом посадки.,малина | посадка малины,malina.xlsx:Queries | posadka-maliny.xlsx:Queries,2,False
обрезка малины летом в июле на какую высоту,обрезка малины летом в июле на какую высоту,159,178,AVERAGE,Умеренная,garden,/instrumenty/obrezka-maliny/,improve_existing,Вести к инструменту выбора схемы и руководству по типу плодоношения.,малина,malina.xlsx:Queries,1,False
клубника мурано описание сорта фото,клубника мурано,158,158,AVERAGE,Умеренная,garden,/sorta/murano/,improve_cultivar,"Проверить полноту описания, фото и сравнения; отзывы и урожайность добавлять только по фактическим источникам.",сорта клубники,sorta-klubniki.xlsx:Queries,1,False
малина оранжевое чудо описание сорта,малина оранжевое чудо,158,123,AVERAGE,Умеренная,garden,/sorta/oranzhevoe-chudo/,improve_cultivar,"Проверить полноту описания, фото и сравнения; отзывы и урожайность добавлять только по фактическим источникам.",малина | сорта малины,malina.xlsx:Queries | sorta-maliny.xlsx:Queries,2,False
клубника мурано описание сорта фото отзывы садоводов урожайность характеристика и описание,клубника мурано,157,199,AVERAGE,Умеренная,garden,/sorta/murano/,improve_cultivar,"Проверить полноту описания, фото и сравнения; отзывы и урожайность добавлять только по фактическим источникам.",клубника | сорта клубники,klubnika.xlsx:Queries | sorta-klubniki.xlsx:Queries,2,False
сорта клубники для сибири,сорта клубники для сибири,157,181,AVERAGE,Умеренная,garden,/podbor/,improve_selector,Использовать место и подтверждённый допуск; местную урожайность не выводить из допуска.,сорта клубники,sorta-klubniki.xlsx:Queries,1,False
тибетская малина фото и описание,тибетская малина,157,150,AVERAGE,Умеренная,garden,,new_botanical_article,"Сначала установить вид и источники; объяснить отличие от обычной малины, добавить проверяемые фото.",малина | тибетская малина,malina.xlsx:Queries | tibetskaya-malina.xlsx:Queries,2,False
клубника купчиха описание сорта фото,клубника купчиха,156,154,AVERAGE,Умеренная,garden,,verify_cultivar,Сорта ещё нет в каталоге: сначала установить идентичность и собрать первоисточники; не создавать карточку из поисковой фразы.,сорта клубники,sorta-klubniki.xlsx:Queries,1,False
малина сорта,сорта малины,156,156,AVERAGE,Умеренная,garden,,manual_mapping,Нужна редакционная проверка намерения.,малина | сорта малины,malina.xlsx:Queries | sorta-maliny.xlsx:Queries,2,False
клубника мурано описание сорта фото отзывы садоводов урожайность,клубника мурано,155,179,AVERAGE,Умеренная,garden,/sorta/murano/,improve_cultivar,"Проверить полноту описания, фото и сравнения; отзывы и урожайность добавлять только по фактическим источникам.",сорта клубники,sorta-klubniki.xlsx:Queries,1,False
малина атлант описание сорта,малина атлант,154,142,AVERAGE,Умеренная,garden,/sorta/atlant/,improve_cultivar,"Проверить полноту описания, фото и сравнения; отзывы и урожайность добавлять только по фактическим источникам.",малина | сорта малины,malina.xlsx:Queries | sorta-maliny.xlsx:Queries,2,False
малина посадка и уход в открытом грунте,как правильно посадить малину,154,156,AVERAGE,Умеренная,garden,/zhurnal/posadka-maliny/,improve_existing,Обновить ответы внутри существующего материала и связать с расчётом посадки.,малина | посадка малины,malina.xlsx:Queries | posadka-maliny.xlsx:Queries,2,False
клубника фестивальная описание сорта фото отзывы,клубника фестивальная описание сорта,152,159,AVERAGE,Умеренная,garden,/sorta/festivalnaya/,improve_cultivar,"Проверить полноту описания, фото и сравнения; отзывы и урожайность добавлять только по фактическим источникам.",сорта клубники,sorta-klubniki.xlsx:Queries,1,False
клубника черный лебедь описание сорта,клубника черный лебедь,152,131,AVERAGE,Умеренная,garden,,verify_cultivar,Сорта ещё нет в каталоге: сначала установить идентичность и собрать первоисточники; не создавать карточку из поисковой фразы.,сорта клубники,sorta-klubniki.xlsx:Queries,1,False
клубника сан андреас описание сорта,клубника сан андреас,150,127,AVERAGE,Умеренная,garden,,verify_cultivar,Сорта ещё нет в каталоге: сначала установить идентичность и собрать первоисточники; не создавать карточку из поисковой фразы.,сорта клубники,sorta-klubniki.xlsx:Queries,1,False
клубника черный принц описание сорта фото отзывы садоводов урожайность,клубника черный принц,149,172,AVERAGE,Умеренная,garden,,verify_cultivar,Сорта ещё нет в каталоге: сначала установить идентичность и собрать первоисточники; не создавать карточку из поисковой фразы.,сорта клубники,sorta-klubniki.xlsx:Queries,1,False
малина лячка описание сорта,малина лячка,149,148,AVERAGE,Умеренная,garden,/sorta/lyachka/,improve_cultivar,"Проверить полноту описания, фото и сравнения; отзывы и урожайность добавлять только по фактическим источникам.",малина | сорта малины,malina.xlsx:Queries | sorta-maliny.xlsx:Queries,2,False
самые сладкие сорта клубники,самые сладкие сорта клубники,149,219,AVERAGE,Умеренная,garden,/sorta/,improve_catalog,"Уточнить путь к каталогу клубники, фильтрам и сравнению.",клубника | сорта клубники,klubnika.xlsx:Queries | sorta-klubniki.xlsx:Queries,2,False
саженцы малины купить элитсад рф,саженцы малины купить элитсад рф,148,152,AVERAGE,Умеренная,garden,,manual_mapping,Нужна редакционная проверка намерения.,малина,malina.xlsx:Queries,1,False
саженцы малины элитсад рф,саженцы малины элитсад рф,148,155,AVERAGE,Умеренная,garden,,manual_mapping,Нужна редакционная проверка намерения.,малина,malina.xlsx:Queries,1,False
как сажать малину осенью пошаговая инструкция,посадка малины осенью когда и как посадить,147,132,AVERAGE,Умеренная,garden,/zhurnal/posadka-maliny/,improve_existing,Обновить ответы внутри существующего материала и связать с расчётом посадки.,малина,malina.xlsx:Queries,1,False
клубника полка описание сорта,клубника полка,147,139,AVERAGE,Умеренная,garden,,verify_cultivar,Сорта ещё нет в каталоге: сначала установить идентичность и собрать первоисточники; не создавать карточку из поисковой фразы.,сорта клубники,sorta-klubniki.xlsx:Queries,1,False
малина гусар описание сорта фото отзывы сроки созревания,малина гусар,147,200,AVERAGE,Умеренная,garden,/sorta/gusar/,improve_cultivar,"Проверить полноту описания, фото и сравнения; отзывы и урожайность добавлять только по фактическим источникам.",малина | сорта малины,malina.xlsx:Queries | sorta-maliny.xlsx:Queries,2,False
чем подкормить малину весной после зимы для хорошего урожая,чем подкормить малину весной,146,131,AVERAGE,Умеренная,garden,,new_article,Подготовить единый материал о питании малины по фазе и анализу почвы; месяцы учесть внутри него.,малина,malina.xlsx:Queries,1,False
когда и как обрезать малину,когда обрезать малину,145,121,AVERAGE,Умеренная,garden,/instrumenty/obrezka-maliny/,improve_existing,Вести к инструменту выбора схемы и руководству по типу плодоношения.,малина,malina.xlsx:Queries,1,False
как заморозить малину на зиму в морозильной камере свежую,как заморозить малину,144,99,AVERAGE,Умеренная,garden,,manual_mapping,Нужна редакционная проверка намерения.,малина,malina.xlsx:Queries,1,False
лучшие сорта клубники для средней полосы для открытого грунта,лучшие сорта клубники для средней полосы для открытого грунта,144,251,AVERAGE,Умеренная,garden,/sorta/,improve_catalog,"Уточнить путь к каталогу клубники, фильтрам и сравнению.",клубника | сорта клубники,klubnika.xlsx:Queries | sorta-klubniki.xlsx:Queries,2,False
подкормка малины в мае,чем подкормить малину весной,144,140,AVERAGE,Умеренная,garden,,new_article,Подготовить единый материал о питании малины по фазе и анализу почвы; месяцы учесть внутри него.,малина,malina.xlsx:Queries,1,False
купить саженцы малины элитсад рф,саженцы малины элитсад рф,143,149,AVERAGE,Умеренная,garden,,manual_mapping,Нужна редакционная проверка намерения.,малина,malina.xlsx:Queries,1,False
пингвин малина,малина пингвин,142,122,AVERAGE,Умеренная,garden,/sorta/pingvin/,improve_cultivar,"Проверить полноту описания, фото и сравнения; отзывы и урожайность добавлять только по фактическим источникам.",малина,malina.xlsx:Queries,1,False
вредители клубники фото и описание,вредители клубники фото и описание и борьба с ними,141,219,AVERAGE,Умеренная,garden,,manual_mapping,Нужна редакционная проверка намерения.,клубника,klubnika.xlsx:Queries,1,False
чем удобрить малину весной в апреле-мае,чем подкормить малину весной,141,99,AVERAGE,Умеренная,garden,,manual_mapping,Нужна редакционная проверка намерения.,малина,malina.xlsx:Queries,1,False
фриго клубника отзывы описание сорта фото,фриго клубника что это,140,155,AVERAGE,Умеренная,garden,,verify_cultivar,Сорта ещё нет в каталоге: сначала установить идентичность и собрать первоисточники; не создавать карточку из поисковой фразы.,сорта клубники,sorta-klubniki.xlsx:Queries,1,False
шпалеры для малины своими руками,шпалера для малины своими руками,139,168,AVERAGE,Умеренная,garden,,manual_mapping,Нужна редакционная проверка намерения.,малина,malina.xlsx:Queries,1,False
чем подкормить малину после плодоношения,уход за малиной после сбора урожая,138,116,AVERAGE,Умеренная,garden,,new_article,Подготовить единый материал о питании малины по фазе и анализу почвы; месяцы учесть внутри него.,малина,malina.xlsx:Queries,1,False
малина краса россии описание,малина краса россии,137,123,AVERAGE,Умеренная,garden,/sorta/krasa-rossii/,improve_cultivar,"Проверить полноту описания, фото и сравнения; отзывы и урожайность добавлять только по фактическим источникам.",малина | сорта малины,malina.xlsx:Queries | sorta-maliny.xlsx:AdditionalQueries,2,False
чем подкормить малину ранней весной,чем подкормить малину весной,137,116,AVERAGE,Умеренная,garden,,new_article,Подготовить единый материал о питании малины по фазе и анализу почвы; месяцы учесть внутри него.,малина,malina.xlsx:Queries,1,False
черный принц клубника описание сорта фото отзывы,клубника черный принц,137,130,AVERAGE,Умеренная,garden,,verify_cultivar,Сорта ещё нет в каталоге: сначала установить идентичность и собрать первоисточники; не создавать карточку из поисковой фразы.,сорта клубники,sorta-klubniki.xlsx:Queries,1,False
клубника кимберли описание сорта,клубника кимберли,136,113,AVERAGE,Умеренная,garden,/sorta/kimberli/,improve_cultivar,"Проверить полноту описания, фото и сравнения; отзывы и урожайность добавлять только по фактическим источникам.",сорта клубники,sorta-klubniki.xlsx:Queries,1,False
когда обрезать малину летом,когда обрезать малину,136,104,AVERAGE,Умеренная,garden,/instrumenty/obrezka-maliny/,improve_existing,Вести к инструменту выбора схемы и руководству по типу плодоношения.,малина,malina.xlsx:Queries,1,False
когда сажать малину осенью,посадка малины осенью когда и как посадить,136,85,AVERAGE,Умеренная,garden,/zhurnal/posadka-maliny/,improve_existing,Обновить ответы внутри существующего материала и связать с расчётом посадки.,малина | посадка малины,malina.xlsx:Queries | posadka-maliny.xlsx:AdditionalQueries,2,False
размножение малины,как размножить малину,135,125,AVERAGE,Умеренная,garden,,manual_mapping,Нужна редакционная проверка намерения.,малина,malina.xlsx:Queries,1,False
как правильно посадить малину весной в открытый грунт саженцами,как правильно посадить малину,133,136,AVERAGE,Умеренная,garden,/zhurnal/posadka-maliny/,improve_existing,Обновить ответы внутри существующего материала и связать с расчётом посадки.,малина | посадка малины,malina.xlsx:Queries | posadka-maliny.xlsx:AdditionalQueries,2,False
малина с сахаром на зиму в морозилке,как заморозить малину,131,85,AVERAGE,Умеренная,garden,,manual_mapping,Нужна редакционная проверка намерения.,малина,malina.xlsx:Queries,1,False
клубника сорта фото,сорта клубники,130,73,AVERAGE,Умеренная,garden,/sorta/,improve_catalog,"Уточнить путь к каталогу клубники, фильтрам и сравнению.",сорта клубники,sorta-klubniki.xlsx:Queries,1,False
дерево малины фото и уход за ними,малиновое дерево,129,137,AVERAGE,Умеренная,garden,,manual_mapping,Нужна редакционная проверка намерения.,малина,malina.xlsx:Queries,1,False
клубника флер описание сорта,клубника флер,129,105,AVERAGE,Умеренная,garden,,verify_cultivar,Сорта ещё нет в каталоге: сначала установить идентичность и собрать первоисточники; не создавать карточку из поисковой фразы.,сорта клубники,sorta-klubniki.xlsx:Queries,1,False
обрезка малины летом,когда обрезать малину,127,126,AVERAGE,Умеренная,garden,/instrumenty/obrezka-maliny/,improve_existing,Вести к инструменту выбора схемы и руководству по типу плодоношения.,малина,malina.xlsx:Queries,1,False
болезни малины фото и описание чем лечить,болезни малины,126,210,AVERAGE,Умеренная,garden,/instrumenty/proverka-rasteniya/,diagnostic_backlog,Связать симптомы с проверкой растения; отдельный материал только после проверки источников.,болезни малины | малина,bolezni-maliny.xlsx:Queries | malina.xlsx:Queries,2,False
клубника альбион описание сорта фото отзывы садоводов урожайность,клубника альбион описание сорта,126,147,AVERAGE,Умеренная,garden,/sorta/albion/,improve_cultivar,"Проверить полноту описания, фото и сравнения; отзывы и урожайность добавлять только по фактическим источникам.",сорта клубники,sorta-klubniki.xlsx:Queries,1,False
клубника брилла описание сорта,клубника брилла,125,106,AVERAGE,Умеренная,garden,/sorta/brilla/,improve_cultivar,"Проверить полноту описания, фото и сравнения; отзывы и урожайность добавлять только по фактическим источникам.",сорта клубники,sorta-klubniki.xlsx:Queries,1,False
пересадка малины осенью,посадка малины осенью когда и как посадить,125,110,AVERAGE,Умеренная,garden,,manual_mapping,Нужна редакционная проверка намерения.,малина,malina.xlsx:Queries,1,False
полина малина ленивый садовод,полина малина,125,147,AVERAGE,Умеренная,garden,,manual_mapping,Нужна редакционная проверка намерения.,малина,malina.xlsx:Queries,1,False
как правильно обрезать малину весной,когда обрезать малину,124,102,AVERAGE,Умеренная,garden,/instrumenty/obrezka-maliny/,improve_existing,Вести к инструменту выбора схемы и руководству по типу плодоношения.,малина,malina.xlsx:Queries,1,False
чем подкормить малину в мае для хорошего урожая,чем подкормить малину весной,124,133,AVERAGE,Умеренная,garden,,new_article,Подготовить единый материал о питании малины по фазе и анализу почвы; месяцы учесть внутри него.,малина,malina.xlsx:Queries,1,False
малина самохвал описание сорта,малина самохвал,123,119,AVERAGE,Умеренная,garden,/sorta/samohval/,improve_cultivar,"Проверить полноту описания, фото и сравнения; отзывы и урожайность добавлять только по фактическим источникам.",малина | сорта малины,malina.xlsx:Queries | sorta-maliny.xlsx:Queries,2,False
клубника ремонтантная лучшие сорта,ремонтантные сорта клубники,122,152,AVERAGE,Умеренная,garden,/sorta/,improve_catalog,"Уточнить путь к каталогу клубники, фильтрам и сравнению.",сорта клубники,sorta-klubniki.xlsx:Queries,1,False
клубника кабрилло описание,клубника кабрилло,121,100,AVERAGE,Умеренная,garden,/sorta/cabrillo/,improve_cultivar,"Проверить полноту описания, фото и сравнения; отзывы и урожайность добавлять только по фактическим источникам.",сорта клубники,sorta-klubniki.xlsx:AdditionalQueries,1,False
как посадить малину осенью,посадка малины осенью когда и как посадить,120,114,AVERAGE,Умеренная,garden,/zhurnal/posadka-maliny/,improve_existing,Обновить ответы внутри существующего материала и связать с расчётом посадки.,малина | посадка малины,malina.xlsx:Queries | posadka-maliny.xlsx:AdditionalQueries,2,False
клубника флоренс описание сорта,клубника флоренс,120,88,AVERAGE,Умеренная,garden,,verify_cultivar,Сорта ещё нет в каталоге: сначала установить идентичность и собрать первоисточники; не создавать карточку из поисковой фразы.,сорта клубники,sorta-klubniki.xlsx:Queries,1,False
чем подкормить малину перед цветением,чем подкормить малину весной,120,119,AVERAGE,Умеренная,garden,,new_article,Подготовить единый материал о питании малины по фазе и анализу почвы; месяцы учесть внутри него.,малина,malina.xlsx:Queries,1,False
малина краса россии описание сорта фото отзывы,малина краса россии описание сорта,119,138,AVERAGE,Умеренная,garden,/sorta/krasa-rossii/,improve_cultivar,"Проверить полноту описания, фото и сравнения; отзывы и урожайность добавлять только по фактическим источникам.",малина | сорта малины,malina.xlsx:Queries | sorta-maliny.xlsx:Queries,2,False
сладкие сорта клубники,сорта клубники,117,141,AVERAGE,Умеренная,garden,/sorta/,improve_catalog,"Уточнить путь к каталогу клубники, фильтрам и сравнению.",сорта клубники,sorta-klubniki.xlsx:Queries,1,False
фестивальная клубника описание сорта,клубника фестивальная,117,87,AVERAGE,Умеренная,garden,/sorta/festivalnaya/,improve_cultivar,"Проверить полноту описания, фото и сравнения; отзывы и урожайность добавлять только по фактическим источникам.",сорта клубники,sorta-klubniki.xlsx:Queries,1,False
малина желтый гигант купить саженцы,купить малину желтый гигант,116,106,AVERAGE,Умеренная,garden,/sorta/zheltyy-gigant/,improve_cultivar,"Проверить полноту описания, фото и сравнения; отзывы и урожайность добавлять только по фактическим источникам.",малина,malina.xlsx:Queries,1,False
таруса малина описание сорта фото отзывы,малиновое дерево таруса,116,106,AVERAGE,Умеренная,garden,/sorta/tarusa/,improve_cultivar,"Проверить полноту описания, фото и сравнения; отзывы и урожайность добавлять только по фактическим источникам.",малина | сорта малины,malina.xlsx:Queries | sorta-maliny.xlsx:Queries,2,False
клубника лючия описание сорта,клубника лючия,115,95,AVERAGE,Умеренная,garden,,verify_cultivar,Сорта ещё нет в каталоге: сначала установить идентичность и собрать первоисточники; не создавать карточку из поисковой фразы.,сорта клубники,sorta-klubniki.xlsx:Queries,1,False
купить саженцы малины liubimyi-sad.ru,саженцы малины,115,116,AVERAGE,Умеренная,garden,,manual_mapping,Нужна редакционная проверка намерения.,малина,malina.xlsx:Queries,1,False
сорта клубники с фотографиями и названиями и описанием,сорта клубники,115,168,AVERAGE,Умеренная,garden,/sorta/,improve_catalog,"Уточнить путь к каталогу клубники, фильтрам и сравнению.",сорта клубники,sorta-klubniki.xlsx:Queries,1,False
хоней клубника описание,клубника хоней,115,100,AVERAGE,Умеренная,garden,/sorta/honey/,improve_cultivar,"Проверить полноту описания, фото и сравнения; отзывы и урожайность добавлять только по фактическим источникам.",сорта клубники,sorta-klubniki.xlsx:AdditionalQueries,1,False
малина карамелька описание сорта фото отзывы садоводов урожайность характеристика,малина карамелька,114,139,AVERAGE,Умеренная,garden,/sorta/karamelka/,improve_cultivar,"Проверить полноту описания, фото и сравнения; отзывы и урожайность добавлять только по фактическим источникам.",малина | сорта малины,malina.xlsx:Queries | sorta-maliny.xlsx:Queries,2,False
малина полана описание сорта,малина полана,114,101,AVERAGE,Умеренная,garden,/sorta/polana/,improve_cultivar,"Проверить полноту описания, фото и сравнения; отзывы и урожайность добавлять только по фактическим источникам.",малина | сорта малины,malina.xlsx:Queries | sorta-maliny.xlsx:Queries,2,False
малина пингвин описание сорта,малина пингвин,113,98,AVERAGE,Умеренная,garden,/sorta/pingvin/,improve_cultivar,"Проверить полноту описания, фото и сравнения; отзывы и урожайность добавлять только по фактическим источникам.",малина | сорта малины,malina.xlsx:Queries | sorta-maliny.xlsx:Queries,2,False
опора для малины своими руками,шпалера для малины своими руками,113,125,AVERAGE,Умеренная,garden,,manual_mapping,Нужна редакционная проверка намерения.,малина,malina.xlsx:Queries,1,False
клубника сирия описание сорта фото отзывы,клубника сирия,112,139,AVERAGE,Умеренная,garden,/sorta/siriya/,improve_cultivar,"Проверить полноту описания, фото и сравнения; отзывы и урожайность добавлять только по фактическим источникам.",сорта клубники,sorta-klubniki.xlsx:Queries,1,False
малина оранжевое чудо описание сорта фото отзывы,малина оранжевое чудо,112,119,AVERAGE,Умеренная,garden,/sorta/oranzhevoe-chudo/,improve_cultivar,"Проверить полноту описания, фото и сравнения; отзывы и урожайность добавлять только по фактическим источникам.",малина | сорта малины,malina.xlsx:Queries | sorta-maliny.xlsx:Queries,2,False
малина пшехиба описание сорта фото отзывы,малина пшехиба,112,114,AVERAGE,Умеренная,garden,/sorta/pshehiba/,improve_cultivar,"Проверить полноту описания, фото и сравнения; отзывы и урожайность добавлять только по фактическим источникам.",малина | сорта малины,malina.xlsx:Queries | sorta-maliny.xlsx:Queries,2,False
саженцы малины с доставкой,саженцы малины,111,97,AVERAGE,Умеренная,garden,,manual_mapping,Нужна редакционная проверка намерения.,малина,malina.xlsx:Queries,1,False
лучшие сорта клубники для средней полосы,лучшие сорта клубники для средней полосы для открытого грунта,110,177,AVERAGE,Умеренная,garden,/sorta/,improve_catalog,"Уточнить путь к каталогу клубники, фильтрам и сравнению.",сорта клубники,sorta-klubniki.xlsx:Queries,1,False
малина глен ампл описание сорта,малина глен ампл,110,118,AVERAGE,Умеренная,garden,,verify_cultivar,Сорта ещё нет в каталоге: сначала установить идентичность и собрать первоисточники; не создавать карточку из поисковой фразы.,малина | сорта малины,malina.xlsx:Queries | sorta-maliny.xlsx:Queries,2,False
клубника черный лебедь описание сорта и отзывы,,109,152,AVERAGE,Умеренная,garden,,verify_cultivar,Сорта ещё нет в каталоге: сначала установить идентичность и собрать первоисточники; не создавать карточку из поисковой фразы.,сорта клубники,sorta-klubniki.xlsx:Queries,1,False
клубника крапо 10 описание сорта,клубника крапо 10,108,94,AVERAGE,Умеренная,garden,,verify_cultivar,Сорта ещё нет в каталоге: сначала установить идентичность и собрать первоисточники; не создавать карточку из поисковой фразы.,сорта клубники,sorta-klubniki.xlsx:Queries,1,False
азия клубника описание сорта фото,клубника азия,107,103,AVERAGE,Умеренная,garden,/sorta/aziya/,improve_cultivar,"Проверить полноту описания, фото и сравнения; отзывы и урожайность добавлять только по фактическим источникам.",сорта клубники,sorta-klubniki.xlsx:Queries,1,False
клубника альбион описание сорта фото отзывы,клубника альбион описание сорта,107,119,AVERAGE,Умеренная,garden,/sorta/albion/,improve_cultivar,"Проверить полноту описания, фото и сравнения; отзывы и урожайность добавлять только по фактическим источникам.",сорта клубники,sorta-klubniki.xlsx:Queries,1,False
купить саженцы малины в питомнике,саженцы малины,107,129,AVERAGE,Умеренная,garden,,manual_mapping,Нужна редакционная проверка намерения.,малина,malina.xlsx:Queries,1,False
клубника александра описание сорта,клубника александра,106,82,AVERAGE,Умеренная,garden,,verify_cultivar,Сорта ещё нет в каталоге: сначала установить идентичность и собрать первоисточники; не создавать карточку из поисковой фразы.,сорта клубники,sorta-klubniki.xlsx:Queries,1,False
малина желтый гигант описание,малина желтый гигант,106,99,AVERAGE,Умеренная,garden,/sorta/zheltyy-gigant/,improve_cultivar,"Проверить полноту описания, фото и сравнения; отзывы и урожайность добавлять только по фактическим источникам.",малина,malina.xlsx:Queries,1,False
малина со сгущенкой на зиму,малина со сгущенкой на зиму,106,115,AVERAGE,Умеренная,garden,,manual_mapping,Нужна редакционная проверка намерения.,малина,malina.xlsx:Queries,1,False
клубника сандра описание сорта,клубника сандра,105,88,AVERAGE,Умеренная,garden,,verify_cultivar,Сорта ещё нет в каталоге: сначала установить идентичность и собрать первоисточники; не создавать карточку из поисковой фразы.,сорта клубники,sorta-klubniki.xlsx:Queries,1,False
купчиха улучшенная клубника описание сорта фото отзывы,клубника купчиха,105,116,AVERAGE,Умеренная,garden,,verify_cultivar,Сорта ещё нет в каталоге: сначала установить идентичность и собрать первоисточники; не создавать карточку из поисковой фразы.,сорта клубники,sorta-klubniki.xlsx:Queries,1,False
тибетская малина фото и описание кустарника плоды отзывы садоводов,тибетская малина,105,119,AVERAGE,Умеренная,garden,,new_botanical_article,"Сначала установить вид и источники; объяснить отличие от обычной малины, добавить проверяемые фото.",малина | тибетская малина,malina.xlsx:Queries | tibetskaya-malina.xlsx:Queries,2,False
лучшие сорта клубника описание сорта фото,сорта клубники,104,117,AVERAGE,Умеренная,garden,,verify_cultivar,Сорта ещё нет в каталоге: сначала установить идентичность и собрать первоисточники; не создавать карточку из поисковой фразы.,сорта клубники,sorta-klubniki.xlsx:Queries,1,False
малина метеор описание сорта,малина метеор,104,105,AVERAGE,Умеренная,garden,/sorta/meteor/,improve_cultivar,"Проверить полноту описания, фото и сравнения; отзывы и урожайность добавлять только по фактическим источникам.",малина | сорта малины,malina.xlsx:Queries | sorta-maliny.xlsx:Queries,2,False
малина маросейка описание сорта,малина маросейка,103,104,AVERAGE,Умеренная,garden,/sorta/maroseyka/,improve_cultivar,"Проверить полноту описания, фото и сравнения; отзывы и урожайность добавлять только по фактическим источникам.",малина | сорта малины,malina.xlsx:Queries | sorta-maliny.xlsx:Queries,2,False
самый сладкий сорт клубники,самые сладкие сорта клубники,103,102,AVERAGE,Умеренная,garden,/sorta/,improve_catalog,"Уточнить путь к каталогу клубники, фильтрам и сравнению.",сорта клубники,sorta-klubniki.xlsx:Queries,1,False
сорта клубники для подмосковья,лучшие сорта клубники для подмосковья,103,154,AVERAGE,Умеренная,garden,/sorta/,improve_catalog,"Уточнить путь к каталогу клубники, фильтрам и сравнению.",сорта клубники,sorta-klubniki.xlsx:Queries,1,False
чем подкормить малину весной для хорошего урожая до цветения в апреле,чем подкормить малину весной,103,109,AVERAGE,Умеренная,garden,,new_article,Подготовить единый материал о питании малины по фазе и анализу почвы; месяцы учесть внутри него.,малина,malina.xlsx:Queries,1,False
как заморозить малину с сахаром на зиму,как заморозить малину,102,78,AVERAGE,Умеренная,garden,,manual_mapping,Нужна редакционная проверка намерения.,малина,malina.xlsx:Queries,1,False
самый крупный сорт клубники какой,самый крупный сорт клубники какой,102,45,AVERAGE,Умеренная,garden,/sorta/,improve_catalog,"Уточнить путь к каталогу клубники, фильтрам и сравнению.",сорта клубники,sorta-klubniki.xlsx:Queries,1,False
сорт клубники купчиха фото и описание,клубника купчиха,102,99,AVERAGE,Умеренная,garden,/sorta/,improve_catalog,"Уточнить путь к каталогу клубники, фильтрам и сравнению.",сорта клубники,sorta-klubniki.xlsx:Queries,1,False
чем обработать малину от вредителей,чем обработать малину весной от болезней и вредителей,102,95,AVERAGE,Умеренная,garden,,manual_mapping,Нужна редакционная проверка намерения.,малина,malina.xlsx:Queries,1,False
как размножить малину черенками,как размножить малину,101,88,AVERAGE,Умеренная,garden,,manual_mapping,Нужна редакционная проверка намерения.,малина,malina.xlsx:Queries,1,False
крапо 10 клубника описание сорта,клубника крапо 10,101,81,AVERAGE,Умеренная,garden,,verify_cultivar,Сорта ещё нет в каталоге: сначала установить идентичность и собрать первоисточники; не создавать карточку из поисковой фразы.,сорта клубники,sorta-klubniki.xlsx:Queries,1,False
весенняя подкормка малины,чем подкормить малину весной,99,96,AVERAGE,Умеренная,garden,,new_article,Подготовить единый материал о питании малины по фазе и анализу почвы; месяцы учесть внутри него.,малина,malina.xlsx:Queries,1,False
лучшие сорта клубники для ленинградской области,лучшие сорта клубники для ленинградской области,99,165,AVERAGE,Умеренная,garden,/sorta/,improve_catalog,"Уточнить путь к каталогу клубники, фильтрам и сравнению.",сорта клубники,sorta-klubniki.xlsx:Queries,1,False
клубника виктория описание сорта,клубника виктория,98,91,AVERAGE,Умеренная,garden,,verify_cultivar,Сорта ещё нет в каталоге: сначала установить идентичность и собрать первоисточники; не создавать карточку из поисковой фразы.,сорта клубники,sorta-klubniki.xlsx:Queries,1,False
малина бальзам,малина бальзам,98,75,AVERAGE,Умеренная,garden,/sorta/balzam/,improve_cultivar,"Проверить полноту описания, фото и сравнения; отзывы и урожайность добавлять только по фактическим источникам.",малина,malina.xlsx:Queries,1,False
клубника цунаки описание сорта фото отзывы садоводов урожайность,клубника цунаки,97,126,AVERAGE,Умеренная,garden,,verify_cultivar,Сорта ещё нет в каталоге: сначала установить идентичность и собрать первоисточники; не создавать карточку из поисковой фразы.,сорта клубники,sorta-klubniki.xlsx:Queries,1,False
посадка малины осенью в открытый грунт,посадка малины осенью когда и как посадить,97,98,AVERAGE,Умеренная,garden,/zhurnal/posadka-maliny/,improve_existing,Обновить ответы внутри существующего материала и связать с расчётом посадки.,малина | посадка малины,malina.xlsx:Queries | posadka-maliny.xlsx:Queries,2,False
как сажать малину осенью саженцами в открытый грунт,посадка малины осенью когда и как посадить,95,92,AVERAGE,Умеренная,garden,/zhurnal/posadka-maliny/,improve_existing,Обновить ответы внутри существующего материала и связать с расчётом посадки.,малина,malina.xlsx:Queries,1,False
малина новость кузьмина описание сорта,малина новость кузьмина,95,88,AVERAGE,Умеренная,garden,,verify_cultivar,Сорта ещё нет в каталоге: сначала установить идентичность и собрать первоисточники; не создавать карточку из поисковой фразы.,малина | сорта малины,malina.xlsx:Queries | sorta-maliny.xlsx:Queries,2,False
саженцы малины liubimyi-sad.ru,саженцы малины,95,96,AVERAGE,Умеренная,garden,,manual_mapping,Нужна редакционная проверка намерения.,малина,malina.xlsx:Queries,1,False
посадка малины весной в открытый грунт,как правильно посадить малину,94,97,AVERAGE,Умеренная,garden,/zhurnal/posadka-maliny/,improve_existing,Обновить ответы внутри существующего материала и связать с расчётом посадки.,малина | посадка малины,malina.xlsx:Queries | posadka-maliny.xlsx:Queries,2,False
чем обработать малину весной от болезней и вредителей ранней весной,как ухаживать за малиной весной,94,131,AVERAGE,Умеренная,garden,/instrumenty/proverka-rasteniya/,diagnostic_backlog,Связать симптомы с проверкой растения; отдельный материал только после проверки источников.,болезни малины | малина,bolezni-maliny.xlsx:Queries | malina.xlsx:Queries,2,False
клубника мальга описание сорта,клубника мальга,93,77,AVERAGE,Умеренная,garden,/sorta/malga/,improve_cultivar,"Проверить полноту описания, фото и сравнения; отзывы и урожайность добавлять только по фактическим источникам.",сорта клубники,sorta-klubniki.xlsx:Queries,1,False
обработка малины после сбора урожая,уход за малиной после сбора урожая,93,87,AVERAGE,Умеренная,garden,,manual_mapping,Нужна редакционная проверка намерения.,малина,malina.xlsx:Queries,1,False
обрезка малины по соболеву,обрезка малины по соболеву,93,82,AVERAGE,Умеренная,garden,/instrumenty/obrezka-maliny/,improve_existing,Вести к инструменту выбора схемы и руководству по типу плодоношения.,малина,malina.xlsx:Queries,1,False
сорта ремонтантной малины,сорта ремонтантной малины,93,142,AVERAGE,Умеренная,garden,,manual_mapping,Нужна редакционная проверка намерения.,малина | сорта малины,malina.xlsx:Queries | sorta-maliny.xlsx:Queries,2,False
как вырастить малину,как правильно посадить малину,92,96,AVERAGE,Умеренная,garden,,manual_mapping,Нужна редакционная проверка намерения.,малина,malina.xlsx:Queries,1,False
как посадить малину весной,как правильно посадить малину,92,83,AVERAGE,Умеренная,garden,/zhurnal/posadka-maliny/,improve_existing,Обновить ответы внутри существующего материала и связать с расчётом посадки.,малина | посадка малины,malina.xlsx:Queries | posadka-maliny.xlsx:AdditionalQueries,2,False
малина саженцы из питомника,саженцы малины,92,93,AVERAGE,Умеренная,garden,,manual_mapping,Нужна редакционная проверка намерения.,малина,malina.xlsx:Queries,1,False
тибетская малина как сажать и ухаживать,тибетская малина,92,73,AVERAGE,Умеренная,garden,,new_botanical_article,"Сначала установить вид и источники; объяснить отличие от обычной малины, добавить проверяемые фото.",тибетская малина,tibetskaya-malina.xlsx:Queries,1,False
чем обработать клубнику от болезней,обработка клубники весной,92,80,AVERAGE,Умеренная,garden,/instrumenty/proverka-rasteniya/,new_diagnostic_hub,Подготовить руководство по болезням клубники с проверяемыми фото и различиями симптомов; связать с материалом о серой гнили.,болезни клубники,bolezni-klubniki.xlsx:Queries,1,False
клубника румба описание сорта,клубника румба,91,92,AVERAGE,Умеренная,garden,/sorta/rumba/,improve_cultivar,"Проверить полноту описания, фото и сравнения; отзывы и урожайность добавлять только по фактическим источникам.",сорта клубники,sorta-klubniki.xlsx:Queries,1,False
клубника черный лебедь описание сорта фото отзывы садоводов,клубника черный лебедь,91,119,AVERAGE,Умеренная,garden,,verify_cultivar,Сорта ещё нет в каталоге: сначала установить идентичность и собрать первоисточники; не создавать карточку из поисковой фразы.,сорта клубники,sorta-klubniki.xlsx:Queries,1,False
малина тибетская описание сорта фото отзывы садоводов,тибетская малина,91,107,AVERAGE,Умеренная,garden,,new_botanical_article,"Сначала установить вид и источники; объяснить отличие от обычной малины, добавить проверяемые фото.",малина | сорта малины | тибетская малина,malina.xlsx:Queries | sorta-maliny.xlsx:Queries | tibetskaya-malina.xlsx:Queries,3,False
питомник малины,саженцы малины,91,116,AVERAGE,Умеренная,garden,,manual_mapping,Нужна редакционная проверка намерения.,малина,malina.xlsx:Queries,1,False
выращивание малины,как правильно посадить малину,90,84,AVERAGE,Умеренная,garden,,manual_mapping,Нужна редакционная проверка намерения.,малина,malina.xlsx:Queries,1,False
размножение малины черенками,как размножить малину,90,99,AVERAGE,Умеренная,garden,,manual_mapping,Нужна редакционная проверка намерения.,малина,malina.xlsx:Queries,1,False
клубника корона описание сорта,клубника корона,89,89,AVERAGE,Умеренная,garden,,verify_cultivar,Сорта ещё нет в каталоге: сначала установить идентичность и собрать первоисточники; не создавать карточку из поисковой фразы.,сорта клубники,sorta-klubniki.xlsx:Queries,1,False
сорта клубники для средней полосы открытого грунта,сорта клубники с фотографиями и описанием,89,140,AVERAGE,Умеренная,garden,/sorta/,improve_catalog,"Уточнить путь к каталогу клубники, фильтрам и сравнению.",сорта клубники,sorta-klubniki.xlsx:Queries,1,False
как размножить ремонтантную малину,как размножить ремонтантную малину,88,101,AVERAGE,Умеренная,garden,,manual_mapping,Нужна редакционная проверка намерения.,малина,malina.xlsx:Queries,1,False
лучшие сорта ремонтантной малины,сорта ремонтантной малины,88,157,AVERAGE,Умеренная,garden,,manual_mapping,Нужна редакционная проверка намерения.,малина | сорта малины,malina.xlsx:Queries | sorta-maliny.xlsx:Queries,2,False
клубника фестивальная описание сорта фото,клубника фестивальная,87,83,AVERAGE,Умеренная,garden,/sorta/festivalnaya/,improve_cultivar,"Проверить полноту описания, фото и сравнения; отзывы и урожайность добавлять только по фактическим источникам.",сорта клубники,sorta-klubniki.xlsx:Queries,1,False
малина крепыш описание сорта,малиновое дерево крепыш,87,86,AVERAGE,Умеренная,garden,,verify_cultivar,Сорта ещё нет в каталоге: сначала установить идентичность и собрать первоисточники; не создавать карточку из поисковой фразы.,малина | сорта малины,malina.xlsx:Queries | sorta-maliny.xlsx:Queries,2,False
мице шиндлер клубника описание сорта,мице шиндлер клубника,87,68,AVERAGE,Умеренная,garden,,verify_cultivar,Сорта ещё нет в каталоге: сначала установить идентичность и собрать первоисточники; не создавать карточку из поисковой фразы.,сорта клубники,sorta-klubniki.xlsx:Queries,1,False
подкормка малины весной после зимы,чем подкормить малину весной,87,92,AVERAGE,Умеренная,garden,,new_article,Подготовить единый материал о питании малины по фазе и анализу почвы; месяцы учесть внутри него.,малина,malina.xlsx:Queries,1,False
чем подкормить малину в апреле,чем подкормить малину весной,87,78,AVERAGE,Умеренная,garden,,new_article,Подготовить единый материал о питании малины по фазе и анализу почвы; месяцы учесть внутри него.,малина,malina.xlsx:Queries,1,False
клубника машенька описание сорта фото отзывы садоводов урожайность,клубника машенька,86,117,AVERAGE,Умеренная,garden,,verify_cultivar,Сорта ещё нет в каталоге: сначала установить идентичность и собрать первоисточники; не создавать карточку из поисковой фразы.,сорта клубники,sorta-klubniki.xlsx:Queries,1,False
мурано клубника описание сорта фото,клубника мурано,86,86,AVERAGE,Умеренная,garden,/sorta/murano/,improve_cultivar,"Проверить полноту описания, фото и сравнения; отзывы и урожайность добавлять только по фактическим источникам.",сорта клубники,sorta-klubniki.xlsx:Queries,1,False
малина таруса описание сорта фото,малиновое дерево таруса,85,91,AVERAGE,Умеренная,garden,/sorta/tarusa/,improve_cultivar,"Проверить полноту описания, фото и сравнения; отзывы и урожайность добавлять только по фактическим источникам.",малина | сорта малины,malina.xlsx:Queries | sorta-maliny.xlsx:Queries,2,False
как посадить малину весной в открытый грунт саженцами правильно,как правильно посадить малину,84,76,AVERAGE,Умеренная,garden,/zhurnal/posadka-maliny/,improve_existing,Обновить ответы внутри существующего материала и связать с расчётом посадки.,малина | посадка малины,malina.xlsx:Queries | posadka-maliny.xlsx:AdditionalQueries,2,False
малина шапка мономаха описание сорта,малина шапка мономаха,84,79,AVERAGE,Умеренная,garden,,verify_cultivar,Сорта ещё нет в каталоге: сначала установить идентичность и собрать первоисточники; не создавать карточку из поисковой фразы.,малина | сорта малины,malina.xlsx:Queries | sorta-maliny.xlsx:Queries,2,False
обработка малины весной от болезней и вредителей ранней весной и подкормка,как ухаживать за малиной весной,84,124,AVERAGE,Умеренная,garden,,new_article,Подготовить единый материал о питании малины по фазе и анализу почвы; месяцы учесть внутри него.,болезни малины | малина,bolezni-maliny.xlsx:Queries | malina.xlsx:Queries,2,False
подкормка малины после плодоношения,уход за малиной после сбора урожая,84,75,AVERAGE,Умеренная,garden,,new_article,Подготовить единый материал о питании малины по фазе и анализу почвы; месяцы учесть внутри него.,малина,malina.xlsx:Queries,1,False
саженцы малины питомник rastenika,саженцы малины rastenika,84,78,AVERAGE,Умеренная,garden,,manual_mapping,Нужна редакционная проверка намерения.,малина,malina.xlsx:Queries,1,False
вредители малины описание с фотографиями и способы борьбы,вредители малины,83,151,AVERAGE,Умеренная,garden,,manual_mapping,Нужна редакционная проверка намерения.,малина,malina.xlsx:Queries,1,False
заморозка малины на зиму,как заморозить малину,83,86,AVERAGE,Умеренная,garden,,manual_mapping,Нужна редакционная проверка намерения.,малина,malina.xlsx:Queries,1,False
зенга зенгана клубника описание сорта фото отзывы садоводов,клубника зенга-зенгана описание,83,73,AVERAGE,Умеренная,garden,/sorta/zenga-zengana/,improve_cultivar,"Проверить полноту описания, фото и сравнения; отзывы и урожайность добавлять только по фактическим источникам.",сорта клубники,sorta-klubniki.xlsx:Queries,1,False
клубника магнус описание сорта,клубника магнус,83,75,AVERAGE,Умеренная,garden,/sorta/magnus/,improve_cultivar,"Проверить полноту описания, фото и сравнения; отзывы и урожайность добавлять только по фактическим источникам.",сорта клубники,sorta-klubniki.xlsx:Queries,1,False
клубника царица описание сорта фото отзывы,клубника царица,83,105,AVERAGE,Умеренная,garden,/sorta/tsaritsa/,improve_cultivar,"Проверить полноту описания, фото и сравнения; отзывы и урожайность добавлять только по фактическим источникам.",сорта клубники,sorta-klubniki.xlsx:Queries,1,False
малина вайолет описание сорта,малина вайолет,83,89,AVERAGE,Умеренная,garden,,verify_cultivar,Сорта ещё нет в каталоге: сначала установить идентичность и собрать первоисточники; не создавать карточку из поисковой фразы.,малина | сорта малины,malina.xlsx:Queries | sorta-maliny.xlsx:Queries,2,False
малина феномен описание сорта,малина феномен,83,83,AVERAGE,Умеренная,garden,,verify_cultivar,Сорта ещё нет в каталоге: сначала установить идентичность и собрать первоисточники; не создавать карточку из поисковой фразы.,малина | сорта малины,malina.xlsx:Queries | sorta-maliny.xlsx:Queries,2,False
сорт клубники азия фото и описание отзывы садоводов,клубника азия описание сорта фото отзывы,83,97,AVERAGE,Умеренная,garden,/sorta/aziya/,improve_cultivar,"Проверить полноту описания, фото и сравнения; отзывы и урожайность добавлять только по фактическим источникам.",сорта клубники,sorta-klubniki.xlsx:Queries,1,False
малина таганка описание сорта,малина таганка,82,72,AVERAGE,Умеренная,garden,,verify_cultivar,Сорта ещё нет в каталоге: сначала установить идентичность и собрать первоисточники; не создавать карточку из поисковой фразы.,сорта малины,sorta-maliny.xlsx:Queries,1,False
обрезка малины весной как правильно ее делать по высоте и когда обрезать,когда обрезать малину,82,106,AVERAGE,Умеренная,garden,/instrumenty/obrezka-maliny/,improve_existing,Вести к инструменту выбора схемы и руководству по типу плодоношения.,малина,malina.xlsx:Queries,1,False
фестивальная клубника описание сорта фото отзывы садоводов,клубника фестивальная описание сорта,82,78,AVERAGE,Умеренная,garden,/sorta/festivalnaya/,improve_cultivar,"Проверить полноту описания, фото и сравнения; отзывы и урожайность добавлять только по фактическим источникам.",сорта клубники,sorta-klubniki.xlsx:Queries,1,False
вредители малины описание с фотографиями,вредители малины,81,142,AVERAGE,Умеренная,garden,,manual_mapping,Нужна редакционная проверка намерения.,малина,malina.xlsx:Queries,1,False
малина тибетская описание,тибетская малина,81,63,AVERAGE,Умеренная,garden,,new_botanical_article,"Сначала установить вид и источники; объяснить отличие от обычной малины, добавить проверяемые фото.",посадка малины | сорта малины | тибетская малина,posadka-maliny.xlsx:AdditionalQueries | sorta-maliny.xlsx:AdditionalQueries | tibetskaya-malina.xlsx:Queries,3,False
саженцы малины купить liubimyi-sad.ru,саженцы малины,81,82,AVERAGE,Умеренная,garden,,manual_mapping,Нужна редакционная проверка намерения.,малина,malina.xlsx:Queries,1,False
схема посадки малины,как правильно посадить малину,81,68,AVERAGE,Умеренная,garden,/zhurnal/posadka-maliny/,improve_existing,Обновить ответы внутри существующего материала и связать с расчётом посадки.,посадка малины,posadka-maliny.xlsx:Queries,1,False
малина брянское диво описание сорта,малина брянское диво,80,70,AVERAGE,Умеренная,garden,/sorta/bryanskoe-divo/,improve_cultivar,"Проверить полноту описания, фото и сравнения; отзывы и урожайность добавлять только по фактическим источникам.",сорта малины,sorta-maliny.xlsx:Queries,1,False
малина соколица описание сорта,малина соколица,80,74,AVERAGE,Умеренная,garden,,verify_cultivar,Сорта ещё нет в каталоге: сначала установить идентичность и собрать первоисточники; не создавать карточку из поисковой фразы.,малина | сорта малины,malina.xlsx:Queries | sorta-maliny.xlsx:Queries,2,False
мальвина клубника описание сорта,клубника мальвина,80,72,AVERAGE,Умеренная,garden,/sorta/malvina/,improve_cultivar,"Проверить полноту описания, фото и сравнения; отзывы и урожайность добавлять только по фактическим источникам.",сорта клубники,sorta-klubniki.xlsx:Queries,1,False
чем подкормить малину в июле для хорошего урожая,чем подкормить малину в июле,80,80,AVERAGE,Умеренная,garden,,new_article,Подготовить единый материал о питании малины по фазе и анализу почвы; месяцы учесть внутри него.,малина,malina.xlsx:Queries,1,False
малина геракл описание,малина геракл,79,67,AVERAGE,Умеренная,garden,/sorta/gerakl/,improve_cultivar,"Проверить полноту описания, фото и сравнения; отзывы и урожайность добавлять только по фактическим источникам.",сорта малины,sorta-maliny.xlsx:AdditionalQueries,1,False
клубника максим описание сорта фото отзывы,клубника максим описание сорта,78,102,AVERAGE,Умеренная,garden,,verify_cultivar,Сорта ещё нет в каталоге: сначала установить идентичность и собрать первоисточники; не создавать карточку из поисковой фразы.,сорта клубники,sorta-klubniki.xlsx:Queries,1,False
клубника эльсанта описание сорта,клубника эльсанта,78,74,AVERAGE,Умеренная,garden,/sorta/elsanta/,improve_cultivar,"Проверить полноту описания, фото и сравнения; отзывы и урожайность добавлять только по фактическим источникам.",сорта клубники,sorta-klubniki.xlsx:Queries,1,False
малина гигант московский описание сорта,малина московский гигант,78,78,AVERAGE,Умеренная,garden,,verify_cultivar,Сорта ещё нет в каталоге: сначала установить идентичность и собрать первоисточники; не создавать карточку из поисковой фразы.,малина | сорта малины,malina.xlsx:Queries | sorta-maliny.xlsx:Queries,2,False
малина красная королева описание сорта,малина красная королева,78,70,AVERAGE,Умеренная,garden,,verify_cultivar,Сорта ещё нет в каталоге: сначала установить идентичность и собрать первоисточники; не создавать карточку из поисковой фразы.,сорта малины,sorta-maliny.xlsx:Queries,1,False
клубника гигантелла описание сорта фото,клубника гигантелла,77,75,AVERAGE,Умеренная,garden,,verify_cultivar,Сорта ещё нет в каталоге: сначала установить идентичность и собрать первоисточники; не создавать карточку из поисковой фразы.,сорта клубники,sorta-klubniki.xlsx:Queries,1,False
клубника елизавета 2 описание сорта фото отзывы садоводов урожайность характеристика и описание,клубника елизавета 2,77,94,AVERAGE,Умеренная,garden,,verify_cultivar,Сорта ещё нет в каталоге: сначала установить идентичность и собрать первоисточники; не создавать карточку из поисковой фразы.,сорта клубники,sorta-klubniki.xlsx:Queries,1,False
клубника зенга-зенгана описание сорта фото отзывы садоводов,клубника зенга-зенгана описание,77,84,AVERAGE,Умеренная,garden,,verify_cultivar,Сорта ещё нет в каталоге: сначала установить идентичность и собрать первоисточники; не создавать карточку из поисковой фразы.,сорта клубники,sorta-klubniki.xlsx:Queries,1,False
клубника чамора туруси описание сорта,клубника чамора туруси,77,67,AVERAGE,Умеренная,garden,,verify_cultivar,Сорта ещё нет в каталоге: сначала установить идентичность и собрать первоисточники; не создавать карточку из поисковой фразы.,сорта клубники,sorta-klubniki.xlsx:Queries,1,False
клубника черный принц описание сорта отзывы садоводов,клубника чёрный принц описание сорта,77,91,AVERAGE,Умеренная,garden,,verify_cultivar,Сорта ещё нет в каталоге: сначала установить идентичность и собрать первоисточники; не создавать карточку из поисковой фразы.,сорта клубники,sorta-klubniki.xlsx:Queries,1,False
"""клубника азия описание сорта""","""клубника азия описание сорта""",76,78,AVERAGE,Умеренная,garden,/sorta/aziya/,improve_cultivar,"Проверить полноту описания, фото и сравнения; отзывы и урожайность добавлять только по фактическим источникам.",сорта клубники,sorta-klubniki.xlsx:Queries,1,False
клубника клери описание сорта фото,клубника клери,76,80,AVERAGE,Умеренная,garden,/sorta/kleri/,improve_cultivar,"Проверить полноту описания, фото и сравнения; отзывы и урожайность добавлять только по фактическим источникам.",сорта клубники,sorta-klubniki.xlsx:Queries,1,False
малина полька описание сорта фото отзывы особенности выращивания,малина полька,76,88,AVERAGE,Умеренная,garden,/sorta/polka/,improve_cultivar,"Проверить полноту описания, фото и сравнения; отзывы и урожайность добавлять только по фактическим источникам.",малина | сорта малины,malina.xlsx:Queries | sorta-maliny.xlsx:Queries,2,False
малина таруса купить,малиновое дерево таруса,76,90,AVERAGE,Умеренная,garden,/sorta/tarusa/,improve_cultivar,"Проверить полноту описания, фото и сравнения; отзывы и урожайность добавлять только по фактическим источникам.",малина,malina.xlsx:Queries,1,False
фламинго клубника описание сорта фото отзывы,фламинго клубника описание сорта фото отзывы,75,88,AVERAGE,Умеренная,garden,,verify_cultivar,Сорта ещё нет в каталоге: сначала установить идентичность и собрать первоисточники; не создавать карточку из поисковой фразы.,сорта клубники,sorta-klubniki.xlsx:Queries,1,False
клубника альба описание сорта фото отзывы садоводов урожайность характеристика и описание,клубника альба,74,94,AVERAGE,Умеренная,garden,/sorta/alba/,improve_cultivar,"Проверить полноту описания, фото и сравнения; отзывы и урожайность добавлять только по фактическим источникам.",сорта клубники,sorta-klubniki.xlsx:Queries,1,False
посадка малины осенью как правильно,посадка малины осенью когда и как посадить,74,81,AVERAGE,Умеренная,garden,/zhurnal/posadka-maliny/,improve_existing,Обновить ответы внутри существующего материала и связать с расчётом посадки.,малина | посадка малины,malina.xlsx:Queries | posadka-maliny.xlsx:Queries,2,False
"""клубника мурано описание сорта фото""","""клубника мурано описание сорта фото отзывы""",73,82,AVERAGE,Умеренная,garden,/sorta/murano/,improve_cultivar,"Проверить полноту описания, фото и сравнения; отзывы и урожайность добавлять только по фактическим источникам.",сорта клубники,sorta-klubniki.xlsx:Queries,1,False
клубника королева елизавета описание сорта,клубника елизавета,73,56,AVERAGE,Умеренная,garden,,verify_cultivar,Сорта ещё нет в каталоге: сначала установить идентичность и собрать первоисточники; не создавать карточку из поисковой фразы.,сорта клубники,sorta-klubniki.xlsx:Queries,1,False
как выращивать малину в открытом грунте,как правильно посадить малину,72,83,AVERAGE,Умеренная,garden,,manual_mapping,Нужна редакционная проверка намерения.,малина,malina.xlsx:Queries,1,False
клубника вивара описание сорта,клубника вивара,72,57,AVERAGE,Умеренная,garden,,verify_cultivar,Сорта ещё нет в каталоге: сначала установить идентичность и собрать первоисточники; не создавать карточку из поисковой фразы.,сорта клубники,sorta-klubniki.xlsx:Queries,1,False
дерево малина таруса,малиновое дерево таруса,71,98,AVERAGE,Умеренная,garden,/sorta/tarusa/,improve_cultivar,"Проверить полноту описания, фото и сравнения; отзывы и урожайность добавлять только по фактическим источникам.",малина | посадка малины | сорта малины,malina.xlsx:Queries | posadka-maliny.xlsx:AdditionalQueries | sorta-maliny.xlsx:AdditionalQueries,3,False
клубника квики описание сорта,клубника квики,71,71,AVERAGE,Умеренная,garden,,verify_cultivar,Сорта ещё нет в каталоге: сначала установить идентичность и собрать первоисточники; не создавать карточку из поисковой фразы.,сорта клубники,sorta-klubniki.xlsx:Queries,1,False
клубника сорт азия описание и фото,клубника азия,71,68,AVERAGE,Умеренная,garden,/sorta/aziya/,improve_cultivar,"Проверить полноту описания, фото и сравнения; отзывы и урожайность добавлять только по фактическим источникам.",сорта клубники,sorta-klubniki.xlsx:Queries,1,False
малина зюгана описание сорта,малина зюгана,71,58,AVERAGE,Умеренная,garden,,verify_cultivar,Сорта ещё нет в каталоге: сначала установить идентичность и собрать первоисточники; не создавать карточку из поисковой фразы.,сорта малины,sorta-maliny.xlsx:Queries,1,False
малина поклон казакову описание сорта,малина поклон казакову,71,64,AVERAGE,Умеренная,garden,/sorta/poklon-kazakovu/,improve_cultivar,"Проверить полноту описания, фото и сравнения; отзывы и урожайность добавлять только по фактическим источникам.",сорта малины,sorta-maliny.xlsx:Queries,1,False
"""клубника мальвина описание сорта",клубника мальвина,70,74,AVERAGE,Умеренная,garden,/sorta/malvina/,improve_cultivar,"Проверить полноту описания, фото и сравнения; отзывы и урожайность добавлять только по фактическим источникам.",сорта клубники,sorta-klubniki.xlsx:Queries,1,False
кумберленд малина описание посадка и уход,черная малина как называется,70,71,AVERAGE,Умеренная,garden,/zhurnal/posadka-maliny/,improve_existing,Обновить ответы внутри существующего материала и связать с расчётом посадки.,посадка малины,posadka-maliny.xlsx:Queries,1,False
сорта малины для урала с фотографиями,сорта малины для урала с фотографиями,70,79,AVERAGE,Умеренная,garden,,manual_mapping,Нужна редакционная проверка намерения.,малина | сорта малины,malina.xlsx:Queries | sorta-maliny.xlsx:Queries,2,False
болезни малины фото,болезни малины,69,98,AVERAGE,Умеренная,garden,/instrumenty/proverka-rasteniya/,diagnostic_backlog,Связать симптомы с проверкой растения; отдельный материал только после проверки источников.,болезни малины | малина,bolezni-maliny.xlsx:Queries | malina.xlsx:Queries,2,False
как правильно выращивать малину,как правильно посадить малину,69,79,AVERAGE,Умеренная,garden,,manual_mapping,Нужна редакционная проверка намерения.,малина,malina.xlsx:Queries,1,False
клубника антея описание сорта,клубника антея,69,70,AVERAGE,Умеренная,garden,,verify_cultivar,Сорта ещё нет в каталоге: сначала установить идентичность и собрать первоисточники; не создавать карточку из поисковой фразы.,сорта клубники,sorta-klubniki.xlsx:Queries,1,False
клубника роксана описание сорта,клубника роксана,69,58,AVERAGE,Умеренная,garden,,verify_cultivar,Сорта ещё нет в каталоге: сначала установить идентичность и собрать первоисточники; не создавать карточку из поисковой фразы.,сорта клубники,sorta-klubniki.xlsx:Queries,1,False
клубника чили описание сорта,клубника чили описание сорта,68,91,AVERAGE,Умеренная,garden,,verify_cultivar,Сорта ещё нет в каталоге: сначала установить идентичность и собрать первоисточники; не создавать карточку из поисковой фразы.,сорта клубники,sorta-klubniki.xlsx:Queries,1,False
малина джоан джей описание сорта,малина джоан джей,68,64,AVERAGE,Умеренная,garden,/sorta/joan-j/,improve_cultivar,"Проверить полноту описания, фото и сравнения; отзывы и урожайность добавлять только по фактическим источникам.",сорта малины,sorta-maliny.xlsx:Queries,1,False
сорт малины колокольчик фото и описание,сорт малины колокольчик фото и описание,68,81,AVERAGE,Умеренная,garden,,manual_mapping,Нужна редакционная проверка намерения.,малина | сорта малины,malina.xlsx:Queries | sorta-maliny.xlsx:Queries,2,False
уход за малиной в июне,уход за малиной в июне,68,82,AVERAGE,Умеренная,garden,,manual_mapping,Нужна редакционная проверка намерения.,малина,malina.xlsx:Queries,1,False
как развести малину на садовом участке,как правильно посадить малину,67,79,AVERAGE,Умеренная,garden,,manual_mapping,Нужна редакционная проверка намерения.,малина,malina.xlsx:Queries,1,False
клубника джоли описание сорта фото отзывы,клубника джоли,67,77,AVERAGE,Умеренная,garden,/sorta/dzholi/,improve_cultivar,"Проверить полноту описания, фото и сравнения; отзывы и урожайность добавлять только по фактическим источникам.",сорта клубники,sorta-klubniki.xlsx:Queries,1,False
малина полка описание сорта,малина полька,67,59,AVERAGE,Умеренная,garden,,verify_cultivar,Сорта ещё нет в каталоге: сначала установить идентичность и собрать первоисточники; не создавать карточку из поисковой фразы.,сорта малины,sorta-maliny.xlsx:Queries,1,False
малина тибетская фото,тибетская малина,67,59,AVERAGE,Умеренная,garden,,new_botanical_article,"Сначала установить вид и источники; объяснить отличие от обычной малины, добавить проверяемые фото.",тибетская малина,tibetskaya-malina.xlsx:Queries,1,False
подкормка малины во время плодоношения,чем подкормить малину,67,77,AVERAGE,Умеренная,garden,,new_article,Подготовить единый материал о питании малины по фазе и анализу почвы; месяцы учесть внутри него.,малина,malina.xlsx:Queries,1,False
сорт клубники мурано фото и описание,клубника мурано,67,65,AVERAGE,Умеренная,garden,/sorta/murano/,improve_cultivar,"Проверить полноту описания, фото и сравнения; отзывы и урожайность добавлять только по фактическим источникам.",сорта клубники,sorta-klubniki.xlsx:Queries,1,False
чудо малина описание сорта фото отзывы,чудо малина описание сорта фото отзывы,67,70,AVERAGE,Умеренная,garden,,verify_cultivar,Сорта ещё нет в каталоге: сначала установить идентичность и собрать первоисточники; не создавать карточку из поисковой фразы.,сорта малины,sorta-maliny.xlsx:Queries,1,False
гордость россии малина описание сорта,малина гордость россии,66,60,AVERAGE,Умеренная,garden,,verify_cultivar,Сорта ещё нет в каталоге: сначала установить идентичность и собрать первоисточники; не создавать карточку из поисковой фразы.,посадка малины | сорта малины,posadka-maliny.xlsx:AdditionalQueries | sorta-maliny.xlsx:Queries,2,False
клубника азия описание сорта отзывы,клубника азия описание сорта фото отзывы,66,83,AVERAGE,Умеренная,garden,/sorta/aziya/,improve_cultivar,"Проверить полноту описания, фото и сравнения; отзывы и урожайность добавлять только по фактическим источникам.",сорта клубники,sorta-klubniki.xlsx:Queries,1,False
клубника цунаки описание сорта фото отзывы,клубника цунаки,66,84,AVERAGE,Умеренная,garden,,verify_cultivar,Сорта ещё нет в каталоге: сначала установить идентичность и собрать первоисточники; не создавать карточку из поисковой фразы.,сорта клубники,sorta-klubniki.xlsx:Queries,1,False
когда сажать малину в подмосковье лучше,посадка малины весной в открытый грунт саженцами,66,79,AVERAGE,Умеренная,garden,/zhurnal/sorta-maliny-dlya-podmoskovya-kak-vybrat/,improve_existing,Связать выбор со сравнением сортов и условиями участка; отзывы и урожайность показывать только с реальными данными.,малина,malina.xlsx:Queries,1,False
чем обработать клубнику после зимы,обработка клубники весной,66,72,AVERAGE,Умеренная,garden,,manual_mapping,Нужна редакционная проверка намерения.,болезни клубники,bolezni-klubniki.xlsx:AdditionalQueries,1,False
что положить в лунку при посадке малины весной,как правильно посадить малину,66,56,AVERAGE,Умеренная,garden,/zhurnal/posadka-maliny/,improve_existing,Обновить ответы внутри существующего материала и связать с расчётом посадки.,посадка малины,posadka-maliny.xlsx:Queries,1,False
малина похвалинка описание сорта,малина похвалинка,65,64,AVERAGE,Умеренная,garden,/sorta/pohvalinka/,improve_cultivar,"Проверить полноту описания, фото и сравнения; отзывы и урожайность добавлять только по фактическим источникам.",сорта малины,sorta-maliny.xlsx:Queries,1,False
мальвина клубника описание сорта фото отзывы,клубника мальвина,65,68,AVERAGE,Умеренная,garden,/sorta/malvina/,improve_cultivar,"Проверить полноту описания, фото и сравнения; отзывы и урожайность добавлять только по фактическим источникам.",сорта клубники,sorta-klubniki.xlsx:Queries,1,False
обрезка ремонтантной малины когда и как правильно ее делать,как обрезать ремонтантную малину,65,89,AVERAGE,Умеренная,garden,/instrumenty/obrezka-maliny/,improve_existing,Вести к инструменту выбора схемы и руководству по типу плодоношения.,малина,malina.xlsx:Queries,1,False
малина таруса отзывы,малиновое дерево отзывы,64,76,AVERAGE,Умеренная,garden,/sorta/tarusa/,improve_cultivar,"Проверить полноту описания, фото и сравнения; отзывы и урожайность добавлять только по фактическим источникам.",малина,malina.xlsx:Queries,1,False
маравилла малина описание сорта,малина маравилла,64,49,AVERAGE,Умеренная,garden,,verify_cultivar,Сорта ещё нет в каталоге: сначала установить идентичность и собрать первоисточники; не создавать карточку из поисковой фразы.,сорта малины,sorta-maliny.xlsx:Queries,1,False
сенсация клубника описание сорта,клубника сенсация,64,57,AVERAGE,Умеренная,garden,,verify_cultivar,Сорта ещё нет в каталоге: сначала установить идентичность и собрать первоисточники; не создавать карточку из поисковой фразы.,сорта клубники,sorta-klubniki.xlsx:Queries,1,False
что положить в лунку при посадке малины,как правильно посадить малину,64,53,AVERAGE,Умеренная,garden,/zhurnal/posadka-maliny/,improve_existing,Обновить ответы внутри существующего материала и связать с расчётом посадки.,посадка малины,posadka-maliny.xlsx:Queries,1,False
клубника маршал описание сорта,клубника маршал,63,65,AVERAGE,Умеренная,garden,,verify_cultivar,Сорта ещё нет в каталоге: сначала установить идентичность и собрать первоисточники; не создавать карточку из поисковой фразы.,сорта клубники,sorta-klubniki.xlsx:Queries,1,False
малина пересвет,малина пересвет,63,42,AVERAGE,Умеренная,garden,/sorta/peresvet/,improve_cultivar,"Проверить полноту описания, фото и сравнения; отзывы и урожайность добавлять только по фактическим источникам.",сорта малины,sorta-maliny.xlsx:AdditionalQueries,1,False
малина полька описание сорта фото отзывы,малина полька,63,73,AVERAGE,Умеренная,garden,/sorta/polka/,improve_cultivar,"Проверить полноту описания, фото и сравнения; отзывы и урожайность добавлять только по фактическим источникам.",сорта малины,sorta-maliny.xlsx:Queries,1,False
пшехиба малина описание сорта фото отзывы,малина пшехиба,63,60,AVERAGE,Умеренная,garden,/sorta/pshehiba/,improve_cultivar,"Проверить полноту описания, фото и сравнения; отзывы и урожайность добавлять только по фактическим источникам.",сорта малины,sorta-maliny.xlsx:Queries,1,False
чем подкормить ремонтантную малину в июле,чем подкормить ремонтантную малину в июле,63,80,AVERAGE,Умеренная,garden,,new_article,Подготовить единый материал о питании малины по фазе и анализу почвы; месяцы учесть внутри него.,малина,malina.xlsx:Queries,1,False
клубника самые вкусные сорта,сорта клубники,62,73,AVERAGE,Умеренная,garden,/sorta/,improve_catalog,"Уточнить путь к каталогу клубники, фильтрам и сравнению.",сорта клубники,sorta-klubniki.xlsx:Queries,1,False
клубника гигантелла максим описание сорта,клубника максим,61,58,AVERAGE,Умеренная,garden,,verify_cultivar,Сорта ещё нет в каталоге: сначала установить идентичность и собрать первоисточники; не создавать карточку из поисковой фразы.,сорта клубники,sorta-klubniki.xlsx:Queries,1,False
сорт малины,сорта малины,61,40,AVERAGE,Умеренная,garden,,manual_mapping,Нужна редакционная проверка намерения.,сорта малины,sorta-maliny.xlsx:Queries,1,False
клубника хоней описание сорта фото отзывы,клубника хоней,60,60,AVERAGE,Умеренная,garden,/sorta/honey/,improve_cultivar,"Проверить полноту описания, фото и сравнения; отзывы и урожайность добавлять только по фактическим источникам.",сорта клубники,sorta-klubniki.xlsx:Queries,1,False
малина геракл описание сорта фото отзывы,малина геракл,60,63,AVERAGE,Умеренная,garden,/sorta/gerakl/,improve_cultivar,"Проверить полноту описания, фото и сравнения; отзывы и урожайность добавлять только по фактическим источникам.",сорта малины,sorta-maliny.xlsx:Queries,1,False
малина гусар отзывы,малина гусар описание сорта фото отзывы,60,78,AVERAGE,Умеренная,garden,/sorta/gusar/,improve_cultivar,"Проверить полноту описания, фото и сравнения; отзывы и урожайность добавлять только по фактическим источникам.",малина,malina.xlsx:Queries,1,False
малина херитейдж описание,малина херитейдж описание,60,52,AVERAGE,Умеренная,garden,/sorta/heritage/,improve_cultivar,"Проверить полноту описания, фото и сравнения; отзывы и урожайность добавлять только по фактическим источникам.",сорта малины,sorta-maliny.xlsx:AdditionalQueries,1,False
сорт клубники клери фото и описание,клубника клери,60,61,AVERAGE,Умеренная,garden,/sorta/kleri/,improve_cultivar,"Проверить полноту описания, фото и сравнения; отзывы и урожайность добавлять только по фактическим источникам.",сорта клубники,sorta-klubniki.xlsx:Queries,1,False
посадка малины весной когда и как посадить,как правильно посадить малину,59,73,AVERAGE,Умеренная,garden,/zhurnal/posadka-maliny/,improve_existing,Обновить ответы внутри существующего материала и связать с расчётом посадки.,посадка малины,posadka-maliny.xlsx:Queries,1,False
таруса малина описание сорта,малиновое дерево таруса,59,46,AVERAGE,Умеренная,garden,/sorta/tarusa/,improve_cultivar,"Проверить полноту описания, фото и сравнения; отзывы и урожайность добавлять только по фактическим источникам.",сорта малины,sorta-maliny.xlsx:Queries,1,False
томат знаменитая клубника миссис шлаубах характеристика и описание сорта фото отзывы урожайность,томат знаменитая клубника миссис шлаубах,59,77,AVERAGE,Умеренная,garden,,verify_cultivar,Сорта ещё нет в каталоге: сначала установить идентичность и собрать первоисточники; не создавать карточку из поисковой фразы.,сорта клубники,sorta-klubniki.xlsx:Queries,1,False
как садить малину осенью,посадка малины осенью когда и как посадить,58,47,AVERAGE,Умеренная,garden,,manual_mapping,Нужна редакционная проверка намерения.,посадка малины,posadka-maliny.xlsx:AdditionalQueries,1,False
китайская малина фото и описание,тибетская малина,58,55,AVERAGE,Умеренная,garden,,manual_mapping,Нужна редакционная проверка намерения.,тибетская малина,tibetskaya-malina.xlsx:AdditionalQueries,1,False
клубника азия описание сорта фото отзывы садоводов,клубника азия описание сорта фото отзывы,58,72,AVERAGE,Умеренная,garden,/sorta/aziya/,improve_cultivar,"Проверить полноту описания, фото и сравнения; отзывы и урожайность добавлять только по фактическим источникам.",сорта клубники,sorta-klubniki.xlsx:Queries,1,False
малина кумберленд описание сорта фото отзывы особенности выращивания,малина кумберленд,58,66,AVERAGE,Умеренная,garden,,verify_cultivar,Сорта ещё нет в каталоге: сначала установить идентичность и собрать первоисточники; не создавать карточку из поисковой фразы.,сорта малины,sorta-maliny.xlsx:Queries,1,False
малина новость кузьмина описание сорта фото отзывы,малина новость кузьмина,58,83,AVERAGE,Умеренная,garden,,verify_cultivar,Сорта ещё нет в каталоге: сначала установить идентичность и собрать первоисточники; не создавать карточку из поисковой фразы.,малина | сорта малины,malina.xlsx:Queries | sorta-maliny.xlsx:Queries,2,False
пшехиба малина описание сорта,малина пшехиба,58,54,AVERAGE,Умеренная,garden,/sorta/pshehiba/,improve_cultivar,"Проверить полноту описания, фото и сравнения; отзывы и урожайность добавлять только по фактическим источникам.",сорта малины,sorta-maliny.xlsx:Queries,1,False
сорта клубники для ленинградской области,лучшие сорта клубники для ленинградской области,58,93,AVERAGE,Умеренная,garden,/sorta/,improve_catalog,"Уточнить путь к каталогу клубники, фильтрам и сравнению.",сорта клубники,sorta-klubniki.xlsx:Queries,1,False
альба клубника описание сорта фото,клубника альба,57,51,AVERAGE,Умеренная,garden,/sorta/alba/,improve_cultivar,"Проверить полноту описания, фото и сравнения; отзывы и урожайность добавлять только по фактическим источникам.",сорта клубники,sorta-klubniki.xlsx:Queries,1,False
априка клубника описание сорта фото,клубника априка,57,52,AVERAGE,Умеренная,garden,/sorta/aprika/,improve_cultivar,"Проверить полноту описания, фото и сравнения; отзывы и урожайность добавлять только по фактическим источникам.",сорта клубники,sorta-klubniki.xlsx:Queries,1,False
клубника сорт азия описание и фото отзывы садоводов,клубника азия описание сорта фото отзывы,57,75,AVERAGE,Умеренная,garden,/sorta/aziya/,improve_cultivar,"Проверить полноту описания, фото и сравнения; отзывы и урожайность добавлять только по фактическим источникам.",сорта клубники,sorta-klubniki.xlsx:Queries,1,False
малина полонез описание сорта,малина полонез,57,59,AVERAGE,Умеренная,garden,,verify_cultivar,Сорта ещё нет в каталоге: сначала установить идентичность и собрать первоисточники; не создавать карточку из поисковой фразы.,сорта малины,sorta-maliny.xlsx:Queries,1,False
гусар малина описание сорта,малина гусар,56,44,AVERAGE,Умеренная,garden,/sorta/gusar/,improve_cultivar,"Проверить полноту описания, фото и сравнения; отзывы и урожайность добавлять только по фактическим источникам.",посадка малины | сорта малины,posadka-maliny.xlsx:AdditionalQueries | sorta-maliny.xlsx:Queries,2,False
клубника соната описание сорта,земляника соната,56,56,AVERAGE,Умеренная,garden,,verify_cultivar,Сорта ещё нет в каталоге: сначала установить идентичность и собрать первоисточники; не создавать карточку из поисковой фразы.,сорта клубники,sorta-klubniki.xlsx:Queries,1,False
клери клубника описание сорта фото,клубника клери,55,46,AVERAGE,Умеренная,garden,/sorta/kleri/,improve_cultivar,"Проверить полноту описания, фото и сравнения; отзывы и урожайность добавлять только по фактическим источникам.",сорта клубники,sorta-klubniki.xlsx:Queries,1,False
клубника елизавета описание сорта,клубника елизавета,55,39,AVERAGE,Умеренная,garden,,verify_cultivar,Сорта ещё нет в каталоге: сначала установить идентичность и собрать первоисточники; не создавать карточку из поисковой фразы.,сорта клубники,sorta-klubniki.xlsx:Queries,1,False
клубника мальвина описание сорта фото,клубника мальвина,55,62,AVERAGE,Умеренная,garden,/sorta/malvina/,improve_cultivar,"Проверить полноту описания, фото и сравнения; отзывы и урожайность добавлять только по фактическим источникам.",сорта клубники,sorta-klubniki.xlsx:Queries,1,False
клубника элиане описание сорта,клубника элиане описание сорта,55,45,AVERAGE,Умеренная,garden,,verify_cultivar,Сорта ещё нет в каталоге: сначала установить идентичность и собрать первоисточники; не создавать карточку из поисковой фразы.,сорта клубники,sorta-klubniki.xlsx:Queries,1,False
малина пшехиба отзывы,малина пшехиба описание сорта,55,77,AVERAGE,Умеренная,garden,/sorta/pshehiba/,improve_cultivar,"Проверить полноту описания, фото и сравнения; отзывы и урожайность добавлять только по фактическим источникам.",малина,malina.xlsx:Queries,1,False
болезнь клубники по листьям,болезни клубники,54,80,AVERAGE,Умеренная,garden,/instrumenty/proverka-rasteniya/,new_diagnostic_hub,Подготовить руководство по болезням клубники с проверяемыми фото и различиями симптомов; связать с материалом о серой гнили.,болезни клубники,bolezni-klubniki.xlsx:Queries,1,False
как сажать малину весной в открытый грунт,как правильно посадить малину,54,39,AVERAGE,Умеренная,garden,/zhurnal/posadka-maliny/,improve_existing,Обновить ответы внутри существующего материала и связать с расчётом посадки.,посадка малины,posadka-maliny.xlsx:AdditionalQueries,1,False
купчиха клубника описание сорта фото,клубника купчиха,54,48,AVERAGE,Умеренная,garden,,verify_cultivar,Сорта ещё нет в каталоге: сначала установить идентичность и собрать первоисточники; не создавать карточку из поисковой фразы.,сорта клубники,sorta-klubniki.xlsx:Queries,1,False
посадка малины расстояние между кустами и рядами,как правильно посадить малину,54,62,AVERAGE,Умеренная,garden,/zhurnal/posadka-maliny/,improve_existing,Обновить ответы внутри существующего материала и связать с расчётом посадки.,посадка малины,posadka-maliny.xlsx:Queries,1,False
чем обработать малину весной от болезней и вредителей в апреле и чем подкормить,как ухаживать за малиной весной,54,68,AVERAGE,Умеренная,garden,,new_article,Подготовить единый материал о питании малины по фазе и анализу почвы; месяцы учесть внутри него.,болезни малины,bolezni-maliny.xlsx:Queries,1,False
какой сорт клубники самый сладкий и крупный урожайный,сорта клубники,53,55,AVERAGE,Умеренная,garden,/sorta/,improve_catalog,"Уточнить путь к каталогу клубники, фильтрам и сравнению.",сорта клубники,sorta-klubniki.xlsx:Queries,1,False
клубника альба описание сорта фото отзывы садоводов урожайность,клубника альба,53,63,AVERAGE,Умеренная,garden,/sorta/alba/,improve_cultivar,"Проверить полноту описания, фото и сравнения; отзывы и урожайность добавлять только по фактическим источникам.",сорта клубники,sorta-klubniki.xlsx:Queries,1,False
клубника гирлянда описание сорта,клубника гирлянда,53,53,AVERAGE,Умеренная,garden,,verify_cultivar,Сорта ещё нет в каталоге: сначала установить идентичность и собрать первоисточники; не создавать карточку из поисковой фразы.,сорта клубники,sorta-klubniki.xlsx:Queries,1,False
клубника кармен описание сорта,клубника кармен,53,60,AVERAGE,Умеренная,garden,,verify_cultivar,Сорта ещё нет в каталоге: сначала установить идентичность и собрать первоисточники; не создавать карточку из поисковой фразы.,сорта клубники,sorta-klubniki.xlsx:Queries,1,False
малина красная гвардия описание сорта,малина красная гвардия,53,40,AVERAGE,Умеренная,garden,,verify_cultivar,Сорта ещё нет в каталоге: сначала установить идентичность и собрать первоисточники; не создавать карточку из поисковой фразы.,сорта малины,sorta-maliny.xlsx:Queries,1,False
малина пингвин описание,малина пингвин,53,47,AVERAGE,Умеренная,garden,/sorta/pingvin/,improve_cultivar,"Проверить полноту описания, фото и сравнения; отзывы и урожайность добавлять только по фактическим источникам.",сорта малины,sorta-maliny.xlsx:AdditionalQueries,1,False
тибетская малина описание выращивание и уход,тибетская малина,53,47,AVERAGE,Умеренная,garden,,new_botanical_article,"Сначала установить вид и источники; объяснить отличие от обычной малины, добавить проверяемые фото.",посадка малины | сорта малины | тибетская малина,posadka-maliny.xlsx:AdditionalQueries | sorta-maliny.xlsx:AdditionalQueries | tibetskaya-malina.xlsx:Queries,3,False
чем обработать клубнику во время цветения от вредителей,чем опрыскать клубнику во время цветения,53,58,AVERAGE,Умеренная,garden,,manual_mapping,Нужна редакционная проверка намерения.,болезни клубники,bolezni-klubniki.xlsx:AdditionalQueries,1,False
клубника ананасная описание сорта,клубника ананасная,52,52,AVERAGE,Умеренная,garden,,verify_cultivar,Сорта ещё нет в каталоге: сначала установить идентичность и собрать первоисточники; не создавать карточку из поисковой фразы.,сорта клубники,sorta-klubniki.xlsx:Queries,1,False
клубника мармелада описание сорта фото отзывы садоводов урожайность,клубника мармелада,52,67,AVERAGE,Умеренная,garden,,verify_cultivar,Сорта ещё нет в каталоге: сначала установить идентичность и собрать первоисточники; не создавать карточку из поисковой фразы.,сорта клубники,sorta-klubniki.xlsx:Queries,1,False
клубника черный принц описание сорта фото отзывы,клубника черный принц,52,63,AVERAGE,Умеренная,garden,,verify_cultivar,Сорта ещё нет в каталоге: сначала установить идентичность и собрать первоисточники; не создавать карточку из поисковой фразы.,сорта клубники,sorta-klubniki.xlsx:Queries,1,False
чем опрыскать малину весной от вредителей и болезней,чем обработать малину весной от болезней и вредителей,52,63,AVERAGE,Умеренная,garden,/instrumenty/proverka-rasteniya/,diagnostic_backlog,Связать симптомы с проверкой растения; отдельный материал только после проверки источников.,болезни малины,bolezni-maliny.xlsx:Queries,1,False
клубника гигант джорнея описание сорта,клубника гигант джорнея,51,50,AVERAGE,Умеренная,garden,,verify_cultivar,Сорта ещё нет в каталоге: сначала установить идентичность и собрать первоисточники; не создавать карточку из поисковой фразы.,сорта клубники,sorta-klubniki.xlsx:Queries,1,False
клубника дарселект описание сорта,клубника дарселект,51,42,AVERAGE,Умеренная,garden,,verify_cultivar,Сорта ещё нет в каталоге: сначала установить идентичность и собрать первоисточники; не создавать карточку из поисковой фразы.,сорта клубники,sorta-klubniki.xlsx:Queries,1,False
краса россии малина описание,малина краса россии,51,46,AVERAGE,Умеренная,garden,/sorta/krasa-rossii/,improve_cultivar,"Проверить полноту описания, фото и сравнения; отзывы и урожайность добавлять только по фактическим источникам.",сорта малины,sorta-maliny.xlsx:AdditionalQueries,1,False
купчиха клубника описание сорта фото отзывы,клубника купчиха,51,57,AVERAGE,Умеренная,garden,,verify_cultivar,Сорта ещё нет в каталоге: сначала установить идентичность и собрать первоисточники; не создавать карточку из поисковой фразы.,сорта клубники,sorta-klubniki.xlsx:Queries,1,False
лучшие сорта малины для ленинградской области,лучшие сорта малины для ленинградской области,51,89,AVERAGE,Умеренная,garden,,manual_mapping,Нужна редакционная проверка намерения.,малина | сорта малины,malina.xlsx:Queries | sorta-maliny.xlsx:Queries,2,False
малина краса россии описание сорта фото отзывы садоводов урожайность,малина краса россии описание сорта,51,69,AVERAGE,Умеренная,garden,/sorta/krasa-rossii/,improve_cultivar,"Проверить полноту описания, фото и сравнения; отзывы и урожайность добавлять только по фактическим источникам.",сорта малины,sorta-maliny.xlsx:Queries,1,False
малина пересвет описание сорта,малина пересвет,51,43,AVERAGE,Умеренная,garden,/sorta/peresvet/,improve_cultivar,"Проверить полноту описания, фото и сравнения; отзывы и урожайность добавлять только по фактическим источникам.",сорта малины,sorta-maliny.xlsx:Queries,1,False
малина пшехиба описание сорта фото,малина пшехиба,51,62,AVERAGE,Умеренная,garden,/sorta/pshehiba/,improve_cultivar,"Проверить полноту описания, фото и сравнения; отзывы и урожайность добавлять только по фактическим источникам.",сорта малины,sorta-maliny.xlsx:Queries,1,False
малина таруса описание сорта фото отзывы,малиновое дерево таруса,51,55,AVERAGE,Умеренная,garden,/sorta/tarusa/,improve_cultivar,"Проверить полноту описания, фото и сравнения; отзывы и урожайность добавлять только по фактическим источникам.",сорта малины,sorta-maliny.xlsx:Queries,1,False
сорт клубники альба фото и описание,клубника альба,51,50,AVERAGE,Умеренная,garden,/sorta/alba/,improve_cultivar,"Проверить полноту описания, фото и сравнения; отзывы и урожайность добавлять только по фактическим источникам.",сорта клубники,sorta-klubniki.xlsx:Queries,1,False
сорта клубники для подмосковья устойчивые к болезням и вредителям отзывы,лучшие сорта клубники для подмосковья,51,95,AVERAGE,Умеренная,garden,/sorta/,improve_catalog,"Уточнить путь к каталогу клубники, фильтрам и сравнению.",болезни клубники | сорта клубники,bolezni-klubniki.xlsx:Queries | sorta-klubniki.xlsx:Queries,2,False
цунаки клубника описание сорта фото отзывы садоводов,клубника цунаки,51,62,AVERAGE,Умеренная,garden,,verify_cultivar,Сорта ещё нет в каталоге: сначала установить идентичность и собрать первоисточники; не создавать карточку из поисковой фразы.,сорта клубники,sorta-klubniki.xlsx:Queries,1,False
клубника шарлотта описание сорта,клубника шарлотта,50,46,AVERAGE,Умеренная,garden,,verify_cultivar,Сорта ещё нет в каталоге: сначала установить идентичность и собрать первоисточники; не создавать карточку из поисковой фразы.,сорта клубники,sorta-klubniki.xlsx:Queries,1,False
малина амира описание сорта,малина амира,50,47,AVERAGE,Умеренная,garden,,verify_cultivar,Сорта ещё нет в каталоге: сначала установить идентичность и собрать первоисточники; не создавать карточку из поисковой фразы.,сорта малины,sorta-maliny.xlsx:Queries,1,False
ремонтантная клубника сорта с фото и описанием,ремонтантные сорта клубники,50,96,AVERAGE,Умеренная,garden,/sorta/,improve_catalog,"Уточнить путь к каталогу клубники, фильтрам и сравнению.",сорта клубники,sorta-klubniki.xlsx:Queries,1,False
сорта клубники для ленинградской области лучшие с фото и описанием,лучшие сорта клубники для ленинградской области,50,103,AVERAGE,Умеренная,garden,/sorta/,improve_catalog,"Уточнить путь к каталогу клубники, фильтрам и сравнению.",сорта клубники,sorta-klubniki.xlsx:Queries,1,False
флорида бьюти клубника описание сорта,клубника флорида бьюти,50,40,AVERAGE,Умеренная,garden,,verify_cultivar,Сорта ещё нет в каталоге: сначала установить идентичность и собрать первоисточники; не создавать карточку из поисковой фразы.,сорта клубники,sorta-klubniki.xlsx:Queries,1,False
хоней клубника описание сорта,клубника хоней,50,38,AVERAGE,Умеренная,garden,/sorta/honey/,improve_cultivar,"Проверить полноту описания, фото и сравнения; отзывы и урожайность добавлять только по фактическим источникам.",сорта клубники,sorta-klubniki.xlsx:Queries,1,False
клубника тоскана описание сорта,клубника тоскана,49,48,AVERAGE,Умеренная,garden,,verify_cultivar,Сорта ещё нет в каталоге: сначала установить идентичность и собрать первоисточники; не создавать карточку из поисковой фразы.,сорта клубники,sorta-klubniki.xlsx:Queries,1,False
лучшие сорта малины для средней полосы,сорта малины,49,86,AVERAGE,Умеренная,garden,,manual_mapping,Нужна редакционная проверка намерения.,малина | сорта малины,malina.xlsx:Queries | sorta-maliny.xlsx:Queries,2,False
малина желтый гигант описание сорта фото отзывы особенности выращивания,малина желтый гигант,49,74,AVERAGE,Умеренная,garden,/sorta/zheltyy-gigant/,improve_cultivar,"Проверить полноту описания, фото и сравнения; отзывы и урожайность добавлять только по фактическим источникам.",малина | сорта малины,malina.xlsx:Queries | sorta-maliny.xlsx:Queries,2,False
клубника елизавета 2 описание сорта фото отзывы,клубника елизавета 2,48,52,AVERAGE,Умеренная,garden,,verify_cultivar,Сорта ещё нет в каталоге: сначала установить идентичность и собрать первоисточники; не создавать карточку из поисковой фразы.,сорта клубники,sorta-klubniki.xlsx:Queries,1,False
лучшие ремонтантные сорта клубники,ремонтантные сорта клубники,48,81,AVERAGE,Умеренная,garden,/sorta/,improve_catalog,"Уточнить путь к каталогу клубники, фильтрам и сравнению.",сорта клубники,sorta-klubniki.xlsx:Queries,1,False
априка клубника описание сорта,клубника априка,47,42,AVERAGE,Умеренная,garden,/sorta/aprika/,improve_cultivar,"Проверить полноту описания, фото и сравнения; отзывы и урожайность добавлять только по фактическим источникам.",сорта клубники,sorta-klubniki.xlsx:Queries,1,False
клубника уход весной после зимы подкормка и обработка от вредителей и болезней,уход за клубникой весной,47,63,AVERAGE,Умеренная,garden,/zhurnal/chem-podkormit-klubniku-po-analizu-pochvy/,improve_existing,Проверить ответ для указанной фазы роста; сохранять выбор питания по данным анализа.,болезни клубники,bolezni-klubniki.xlsx:Queries,1,False
лучшие сорта малины для сибири,лучшие сорта малины для сибири,47,82,AVERAGE,Умеренная,garden,,manual_mapping,Нужна редакционная проверка намерения.,малина | сорта малины,malina.xlsx:Queries | sorta-maliny.xlsx:Queries,2,False
альба клубника описание сорта фото отзывы садоводов,клубника альба,46,49,AVERAGE,Умеренная,garden,/sorta/alba/,improve_cultivar,"Проверить полноту описания, фото и сравнения; отзывы и урожайность добавлять только по фактическим источникам.",сорта клубники,sorta-klubniki.xlsx:Queries,1,False
клубника альба описание сорта фото,клубника альба,46,52,AVERAGE,Умеренная,garden,/sorta/alba/,improve_cultivar,"Проверить полноту описания, фото и сравнения; отзывы и урожайность добавлять только по фактическим источникам.",сорта клубники,sorta-klubniki.xlsx:Queries,1,False
клубника гигантский деликатес описание сорта,клубника гигантский деликатес,46,46,AVERAGE,Умеренная,garden,,verify_cultivar,Сорта ещё нет в каталоге: сначала установить идентичность и собрать первоисточники; не создавать карточку из поисковой фразы.,сорта клубники,sorta-klubniki.xlsx:Queries,1,False
клубника зенга-зенгана описание сорта фото,клубника зенга-зенгана описание,46,49,AVERAGE,Умеренная,garden,,verify_cultivar,Сорта ещё нет в каталоге: сначала установить идентичность и собрать первоисточники; не создавать карточку из поисковой фразы.,сорта клубники,sorta-klubniki.xlsx:Queries,1,False
краса россии малина описание сорта,малина краса россии,46,46,AVERAGE,Умеренная,garden,/sorta/krasa-rossii/,improve_cultivar,"Проверить полноту описания, фото и сравнения; отзывы и урожайность добавлять только по фактическим источникам.",сорта малины,sorta-maliny.xlsx:Queries,1,False
малина московский гигант описание сорта,малина московский гигант,46,49,AVERAGE,Умеренная,garden,,verify_cultivar,Сорта ещё нет в каталоге: сначала установить идентичность и собрать первоисточники; не создавать карточку из поисковой фразы.,сорта малины,sorta-maliny.xlsx:Queries,1,False
посадка малины осенью как правильно когда сажать,посадка малины осенью когда и как посадить,46,65,AVERAGE,Умеренная,garden,/zhurnal/posadka-maliny/,improve_existing,Обновить ответы внутри существующего материала и связать с расчётом посадки.,посадка малины,posadka-maliny.xlsx:Queries,1,False
клубника априка описание сорта фото,клубника априка,45,43,AVERAGE,Умеренная,garden,/sorta/aprika/,improve_cultivar,"Проверить полноту описания, фото и сравнения; отзывы и урожайность добавлять только по фактическим источникам.",сорта клубники,sorta-klubniki.xlsx:Queries,1,False
клубника кент описание сорта,клубника кент,45,39,AVERAGE,Умеренная,garden,,verify_cultivar,Сорта ещё нет в каталоге: сначала установить идентичность и собрать первоисточники; не создавать карточку из поисковой фразы.,сорта клубники,sorta-klubniki.xlsx:Queries,1,False
клубника мурано описание сорта фото отзывы садоводов,клубника мурано,45,58,AVERAGE,Умеренная,garden,/sorta/murano/,improve_cultivar,"Проверить полноту описания, фото и сравнения; отзывы и урожайность добавлять только по фактическим источникам.",сорта клубники,sorta-klubniki.xlsx:Queries,1,False
клубника рубиновый кулон описание сорта,клубника рубиновый кулон,45,44,AVERAGE,Умеренная,garden,,verify_cultivar,Сорта ещё нет в каталоге: сначала установить идентичность и собрать первоисточники; не создавать карточку из поисковой фразы.,сорта клубники,sorta-klubniki.xlsx:Queries,1,False
клубника царица описание,клубника царица,45,39,AVERAGE,Умеренная,garden,/sorta/tsaritsa/,improve_cultivar,"Проверить полноту описания, фото и сравнения; отзывы и урожайность добавлять только по фактическим источникам.",сорта клубники,sorta-klubniki.xlsx:AdditionalQueries,1,False
малина мапема описание сорта,мапема малина описание,45,40,AVERAGE,Умеренная,garden,,verify_cultivar,Сорта ещё нет в каталоге: сначала установить идентичность и собрать первоисточники; не создавать карточку из поисковой фразы.,сорта малины,sorta-maliny.xlsx:Queries,1,False
малина московский гигант описание сорта фото отзывы,малина московский гигант,45,61,AVERAGE,Умеренная,garden,,verify_cultivar,Сорта ещё нет в каталоге: сначала установить идентичность и собрать первоисточники; не создавать карточку из поисковой фразы.,сорта малины,sorta-maliny.xlsx:Queries,1,False
оранжевое чудо малина описание сорта,малина оранжевое чудо,45,34,AVERAGE,Умеренная,garden,/sorta/oranzhevoe-chudo/,improve_cultivar,"Проверить полноту описания, фото и сравнения; отзывы и урожайность добавлять только по фактическим источникам.",посадка малины | сорта малины,posadka-maliny.xlsx:AdditionalQueries | sorta-maliny.xlsx:Queries,2,False
как правильно сажать малину осенью в открытый грунт саженцами,посадка малины осенью когда и как посадить,44,47,AVERAGE,Умеренная,garden,/zhurnal/posadka-maliny/,improve_existing,Обновить ответы внутри существующего материала и связать с расчётом посадки.,посадка малины,posadka-maliny.xlsx:AdditionalQueries,1,False
клубника скала описание сорта,клубника скала,44,45,AVERAGE,Умеренная,garden,,verify_cultivar,Сорта ещё нет в каталоге: сначала установить идентичность и собрать первоисточники; не создавать карточку из поисковой фразы.,сорта клубники,sorta-klubniki.xlsx:Queries,1,False
малина гусар описание сорта фото,малина гусар,44,47,AVERAGE,Умеренная,garden,/sorta/gusar/,improve_cultivar,"Проверить полноту описания, фото и сравнения; отзывы и урожайность добавлять только по фактическим источникам.",сорта малины,sorta-maliny.xlsx:Queries,1,False
ремонтантные сорта клубники с фотографиями и описанием,ремонтантные сорта клубники,44,70,AVERAGE,Умеренная,garden,/sorta/,improve_catalog,"Уточнить путь к каталогу клубники, фильтрам и сравнению.",сорта клубники,sorta-klubniki.xlsx:Queries,1,False
самые вкусные сорта клубники,сорта клубники,44,69,AVERAGE,Умеренная,garden,/sorta/,improve_catalog,"Уточнить путь к каталогу клубники, фильтрам и сравнению.",сорта клубники,sorta-klubniki.xlsx:Queries,1,False
сорт клубники мальвина фото и описание,клубника мальвина,44,48,AVERAGE,Умеренная,garden,/sorta/malvina/,improve_cultivar,"Проверить полноту описания, фото и сравнения; отзывы и урожайность добавлять только по фактическим источникам.",сорта клубники,sorta-klubniki.xlsx:Queries,1,False
малина геракл описание сорта фото отзывы особенности выращивания,малина геракл,43,55,AVERAGE,Умеренная,garden,/sorta/gerakl/,improve_cultivar,"Проверить полноту описания, фото и сравнения; отзывы и урожайность добавлять только по фактическим источникам.",сорта малины,sorta-maliny.xlsx:Queries,1,False
малина карамелька описание сорта фото,малина карамелька,43,48,AVERAGE,Умеренная,garden,/sorta/karamelka/,improve_cultivar,"Проверить полноту описания, фото и сравнения; отзывы и урожайность добавлять только по фактическим источникам.",сорта малины,sorta-maliny.xlsx:Queries,1,False
обработка клубники весной от болезней и вредителей и подкормка,обработка клубники весной,43,64,AVERAGE,Умеренная,garden,/zhurnal/chem-podkormit-klubniku-po-analizu-pochvy/,improve_existing,Проверить ответ для указанной фазы роста; сохранять выбор питания по данным анализа.,болезни клубники,bolezni-klubniki.xlsx:Queries,1,False
болезни малины и борьба с ними с фото как выглядят листья,болезни малины,42,87,AVERAGE,Умеренная,garden,/instrumenty/proverka-rasteniya/,diagnostic_backlog,Связать симптомы с проверкой растения; отдельный материал только после проверки источников.,болезни малины | малина,bolezni-maliny.xlsx:Queries | malina.xlsx:Queries,2,False
как садить малину весной правильно,как правильно посадить малину,42,35,AVERAGE,Умеренная,garden,,manual_mapping,Нужна редакционная проверка намерения.,посадка малины,posadka-maliny.xlsx:AdditionalQueries,1,False
клубника кимберли описание сорта фото урожайность,клубника кимберли,42,50,AVERAGE,Умеренная,garden,/sorta/kimberli/,improve_cultivar,"Проверить полноту описания, фото и сравнения; отзывы и урожайность добавлять только по фактическим источникам.",сорта клубники,sorta-klubniki.xlsx:Queries,1,False
клубника машенька описание сорта фото отзывы,клубника машенька,42,55,AVERAGE,Умеренная,garden,,verify_cultivar,Сорта ещё нет в каталоге: сначала установить идентичность и собрать первоисточники; не создавать карточку из поисковой фразы.,сорта клубники,sorta-klubniki.xlsx:Queries,1,False
клубника полка описание сорта фото отзывы,клубника полка,42,64,AVERAGE,Умеренная,garden,,verify_cultivar,Сорта ещё нет в каталоге: сначала установить идентичность и собрать первоисточники; не создавать карточку из поисковой фразы.,сорта клубники,sorta-klubniki.xlsx:Queries,1,False
малина богатырь описание сорта,малина богатырь,42,44,AVERAGE,Умеренная,garden,,verify_cultivar,Сорта ещё нет в каталоге: сначала установить идентичность и собрать первоисточники; не создавать карточку из поисковой фразы.,сорта малины,sorta-maliny.xlsx:Queries,1,False
малина полька описание,малина полька,42,42,AVERAGE,Умеренная,garden,/sorta/polka/,improve_cultivar,"Проверить полноту описания, фото и сравнения; отзывы и урожайность добавлять только по фактическим источникам.",посадка малины,posadka-maliny.xlsx:AdditionalQueries,1,False
маравила малина описание сорта фото,малина маравилла,42,31,AVERAGE,Умеренная,garden,,verify_cultivar,Сорта ещё нет в каталоге: сначала установить идентичность и собрать первоисточники; не создавать карточку из поисковой фразы.,сорта малины,sorta-maliny.xlsx:Queries,1,False
ремонтантная клубника лучшие сорта,ремонтантные сорта клубники,42,62,AVERAGE,Умеренная,garden,/sorta/,improve_catalog,"Уточнить путь к каталогу клубники, фильтрам и сравнению.",сорта клубники,sorta-klubniki.xlsx:Queries,1,False
чем обработать малину после сбора урожая от болезней и вредителей,уход за малиной после сбора урожая,42,42,AVERAGE,Умеренная,garden,/instrumenty/proverka-rasteniya/,diagnostic_backlog,Связать симптомы с проверкой растения; отдельный материал только после проверки источников.,болезни малины,bolezni-maliny.xlsx:Queries,1,False
гусар малина описание,малина гусар,41,37,AVERAGE,Умеренная,garden,/sorta/gusar/,improve_cultivar,"Проверить полноту описания, фото и сравнения; отзывы и урожайность добавлять только по фактическим источникам.",сорта малины,sorta-maliny.xlsx:AdditionalQueries,1,False
кабрилло клубника описание сорта,клубника кабрилло,41,31,AVERAGE,Умеренная,garden,/sorta/cabrillo/,improve_cultivar,"Проверить полноту описания, фото и сравнения; отзывы и урожайность добавлять только по фактическим источникам.",сорта клубники,sorta-klubniki.xlsx:Queries,1,False
какой сорт клубники самый сладкий,самые сладкие сорта клубники,41,36,AVERAGE,Умеренная,garden,/sorta/,improve_catalog,"Уточнить путь к каталогу клубники, фильтрам и сравнению.",сорта клубники,sorta-klubniki.xlsx:Queries,1,False
карамелька малина описание сорта,малина карамелька,41,39,AVERAGE,Умеренная,garden,/sorta/karamelka/,improve_cultivar,"Проверить полноту описания, фото и сравнения; отзывы и урожайность добавлять только по фактическим источникам.",сорта малины,sorta-maliny.xlsx:Queries,1,False
клубника зенга-зенгана описание сорта,клубника зенга-зенгана описание,41,37,AVERAGE,Умеренная,garden,,verify_cultivar,Сорта ещё нет в каталоге: сначала установить идентичность и собрать первоисточники; не создавать карточку из поисковой фразы.,сорта клубники,sorta-klubniki.xlsx:Queries,1,False
клубника ламбада описание сорта,клубника ламбада,41,39,AVERAGE,Умеренная,garden,,verify_cultivar,Сорта ещё нет в каталоге: сначала установить идентичность и собрать первоисточники; не создавать карточку из поисковой фразы.,сорта клубники,sorta-klubniki.xlsx:Queries,1,False
клубника фурор описание сорта,клубника фурор,41,34,AVERAGE,Умеренная,garden,,verify_cultivar,Сорта ещё нет в каталоге: сначала установить идентичность и собрать первоисточники; не создавать карточку из поисковой фразы.,сорта клубники,sorta-klubniki.xlsx:Queries,1,False
малина самохвал описание сорта фото отзывы садоводов урожайность,малина самохвал,41,52,AVERAGE,Умеренная,garden,/sorta/samohval/,improve_cultivar,"Проверить полноту описания, фото и сравнения; отзывы и урожайность добавлять только по фактическим источникам.",сорта малины,sorta-maliny.xlsx:Queries,1,False
сорта малины для сибири,лучшие сорта малины для сибири,41,61,AVERAGE,Умеренная,garden,,manual_mapping,Нужна редакционная проверка намерения.,сорта малины,sorta-maliny.xlsx:Queries,1,False
чем удобрить малину при посадке весной,как правильно посадить малину,41,33,AVERAGE,Умеренная,garden,/zhurnal/posadka-maliny/,improve_existing,Обновить ответы внутри существующего материала и связать с расчётом посадки.,посадка малины,posadka-maliny.xlsx:Queries,1,False
клубника сан андреас описание сорта фото отзывы садоводов урожайность,клубника сан андреас,40,55,AVERAGE,Умеренная,garden,,verify_cultivar,Сорта ещё нет в каталоге: сначала установить идентичность и собрать первоисточники; не создавать карточку из поисковой фразы.,сорта клубники,sorta-klubniki.xlsx:Queries,1,False
лорд клубника описание сорта,клубника лорд,40,43,AVERAGE,Умеренная,garden,,verify_cultivar,Сорта ещё нет в каталоге: сначала установить идентичность и собрать первоисточники; не создавать карточку из поисковой фразы.,сорта клубники,sorta-klubniki.xlsx:Queries,1,False
лучшие сорта клубники для подмосковья для открытого грунта крупноплодные сладкие,лучшие сорта клубники для подмосковья,40,72,AVERAGE,Умеренная,garden,/sorta/,improve_catalog,"Уточнить путь к каталогу клубники, фильтрам и сравнению.",сорта клубники,sorta-klubniki.xlsx:Queries,1,False
малина джоан джей описание сорта фото отзывы садоводов,малина джоан джей описание сорта фото отзывы садоводов,40,52,AVERAGE,Умеренная,garden,/sorta/joan-j/,improve_cultivar,"Проверить полноту описания, фото и сравнения; отзывы и урожайность добавлять только по фактическим источникам.",сорта малины,sorta-maliny.xlsx:Queries,1,False
малина маравила описание сорта,малина маравилла,40,31,AVERAGE,Умеренная,garden,,verify_cultivar,Сорта ещё нет в каталоге: сначала установить идентичность и собрать первоисточники; не создавать карточку из поисковой фразы.,сорта малины,sorta-maliny.xlsx:Queries,1,False
малиновое дерево крепыш описание сорта фото отзывы,малиновое дерево крепыш,40,48,AVERAGE,Умеренная,garden,/zhurnal/malinovoe-derevo-tarusa/,improve_existing,Проверить ответ о штамбовой форме и уходе; не превращать торговое название в ботанический вид.,сорта малины,sorta-maliny.xlsx:AdditionalQueries,1,False
сан андреас клубника описание сорта,клубника сан андреас,39,31,AVERAGE,Умеренная,garden,,verify_cultivar,Сорта ещё нет в каталоге: сначала установить идентичность и собрать первоисточники; не создавать карточку из поисковой фразы.,сорта клубники,sorta-klubniki.xlsx:Queries,1,False
чем обработать клубнику во время цветения от вредителей и болезней,чем опрыскивать клубнику во время цветения,39,58,AVERAGE,Умеренная,garden,/instrumenty/proverka-rasteniya/,new_diagnostic_hub,Подготовить руководство по болезням клубники с проверяемыми фото и различиями симптомов; связать с материалом о серой гнили.,болезни клубники,bolezni-klubniki.xlsx:Queries,1,False
клубника азия описание сорта фото отзывы садоводов урожайность характеристика и описание,клубника азия описание сорта,38,54,AVERAGE,Умеренная,garden,/sorta/aziya/,improve_cultivar,"Проверить полноту описания, фото и сравнения; отзывы и урожайность добавлять только по фактическим источникам.",сорта клубники,sorta-klubniki.xlsx:Queries,1,False
лучшие сорта малины для средней полосы для открытого грунта,сорта малины,38,83,AVERAGE,Умеренная,garden,,manual_mapping,Нужна редакционная проверка намерения.,малина | сорта малины,malina.xlsx:Queries | sorta-maliny.xlsx:Queries,2,False
малина бабье лето описание сорта,малина бабье лето,38,30,AVERAGE,Умеренная,garden,,verify_cultivar,Сорта ещё нет в каталоге: сначала установить идентичность и собрать первоисточники; не создавать карточку из поисковой фразы.,сорта малины,sorta-maliny.xlsx:Queries,1,False
малина блэк джевел описание сорта,малина блэк джевел,38,38,AVERAGE,Умеренная,garden,,verify_cultivar,Сорта ещё нет в каталоге: сначала установить идентичность и собрать первоисточники; не создавать карточку из поисковой фразы.,сорта малины,sorta-maliny.xlsx:Queries,1,False
малина маравилла описание сорта фото,малина маравилла,38,37,AVERAGE,Умеренная,garden,,verify_cultivar,Сорта ещё нет в каталоге: сначала установить идентичность и собрать первоисточники; не создавать карточку из поисковой фразы.,сорта малины,sorta-maliny.xlsx:Queries,1,False
чем обработать землю перед посадкой клубники,как подготовить грядку под клубнику для посадки осенью,38,48,AVERAGE,Умеренная,garden,/zhurnal/posadka-klubniki/,improve_existing,"Дополнить существующий материал ответами по срокам и условиям, связать с инструментом срока посадки.",болезни клубники,bolezni-klubniki.xlsx:AdditionalQueries,1,False
клубника мара де буа описание сорта,клубника мара де буа,37,35,AVERAGE,Умеренная,garden,,verify_cultivar,Сорта ещё нет в каталоге: сначала установить идентичность и собрать первоисточники; не создавать карточку из поисковой фразы.,сорта клубники,sorta-klubniki.xlsx:Queries,1,False
лучшие сорта клубники для средней полосы для открытого грунта крупноплодные,сорта клубники с фотографиями и описанием,37,61,AVERAGE,Умеренная,garden,/sorta/,improve_catalog,"Уточнить путь к каталогу клубники, фильтрам и сравнению.",сорта клубники,sorta-klubniki.xlsx:Queries,1,False
малина энросадира описание сорта фото отзывы садоводов,малина энросадира,37,46,AVERAGE,Умеренная,garden,,verify_cultivar,Сорта ещё нет в каталоге: сначала установить идентичность и собрать первоисточники; не создавать карточку из поисковой фразы.,сорта малины,sorta-maliny.xlsx:Queries,1,False
посадка малины весной в открытый,как правильно посадить малину,37,33,AVERAGE,Умеренная,garden,/zhurnal/posadka-maliny/,improve_existing,Обновить ответы внутри существующего материала и связать с расчётом посадки.,посадка малины,posadka-maliny.xlsx:Queries,1,False
болезни малины описание с фотографиями и способы лечения и профилактики весной и летом,болезни малины,36,70,AVERAGE,Умеренная,garden,/instrumenty/proverka-rasteniya/,diagnostic_backlog,Связать симптомы с проверкой растения; отдельный материал только после проверки источников.,болезни малины,bolezni-maliny.xlsx:Queries,1,False
клубника вима ксима описание сорта,клубника вима ксима,36,35,AVERAGE,Умеренная,garden,,verify_cultivar,Сорта ещё нет в каталоге: сначала установить идентичность и собрать первоисточники; не создавать карточку из поисковой фразы.,сорта клубники,sorta-klubniki.xlsx:Queries,1,False
клубника кимберли описание сорта фото отзывы садоводов урожайность,клубника кимберли,36,47,AVERAGE,Умеренная,garden,/sorta/kimberli/,improve_cultivar,"Проверить полноту описания, фото и сравнения; отзывы и урожайность добавлять только по фактическим источникам.",сорта клубники,sorta-klubniki.xlsx:Queries,1,False
клубника сорта с фото и описанием,сорта клубники,36,63,AVERAGE,Умеренная,garden,/sorta/,improve_catalog,"Уточнить путь к каталогу клубники, фильтрам и сравнению.",сорта клубники,sorta-klubniki.xlsx:Queries,1,False
клубника флорида бьюти описание сорта,клубника флорида бьюти,36,33,AVERAGE,Умеренная,garden,,verify_cultivar,Сорта ещё нет в каталоге: сначала установить идентичность и собрать первоисточники; не создавать карточку из поисковой фразы.,сорта клубники,sorta-klubniki.xlsx:Queries,1,False
клубника чамора туруси описание сорта фото,клубника чамора туруси,36,35,AVERAGE,Умеренная,garden,,verify_cultivar,Сорта ещё нет в каталоге: сначала установить идентичность и собрать первоисточники; не создавать карточку из поисковой фразы.,сорта клубники,sorta-klubniki.xlsx:Queries,1,False
малина атлант описание,малина атлант,36,33,AVERAGE,Умеренная,garden,/sorta/atlant/,improve_cultivar,"Проверить полноту описания, фото и сравнения; отзывы и урожайность добавлять только по фактическим источникам.",сорта малины,sorta-maliny.xlsx:AdditionalQueries,1,False
малина брянское диво описание сорта фото отзывы,малина брянское диво описание сорта фото отзывы,36,38,AVERAGE,Умеренная,garden,/sorta/bryanskoe-divo/,improve_cultivar,"Проверить полноту описания, фото и сравнения; отзывы и урожайность добавлять только по фактическим источникам.",сорта малины,sorta-maliny.xlsx:Queries,1,False
малина лячка описание сорта фото отзывы садоводов,малина лячка описание сорта фото отзывы садоводов,36,44,AVERAGE,Умеренная,garden,/sorta/lyachka/,improve_cultivar,"Проверить полноту описания, фото и сравнения; отзывы и урожайность добавлять только по фактическим источникам.",сорта малины,sorta-maliny.xlsx:Queries,1,False
малина маргарита описание сорта,малина маргарита,36,34,AVERAGE,Умеренная,garden,,verify_cultivar,Сорта ещё нет в каталоге: сначала установить идентичность и собрать первоисточники; не создавать карточку из поисковой фразы.,сорта малины,sorta-maliny.xlsx:Queries,1,False
малиновое дерево сказка описание,малина сказка,36,33,AVERAGE,Умеренная,garden,/zhurnal/malinovoe-derevo-tarusa/,improve_existing,Проверить ответ о штамбовой форме и уходе; не превращать торговое название в ботанический вид.,сорта малины,sorta-maliny.xlsx:AdditionalQueries,1,False
посадка малины осенью в открытый грунт саженцами на юге,посадка малины осенью когда и как посадить,36,38,AVERAGE,Умеренная,garden,/zhurnal/posadka-maliny/,improve_existing,Обновить ответы внутри существующего материала и связать с расчётом посадки.,посадка малины,posadka-maliny.xlsx:Queries,1,False
самые хорошие сорта клубники с фото,сорта клубники,36,43,AVERAGE,Умеренная,garden,/sorta/,improve_catalog,"Уточнить путь к каталогу клубники, фильтрам и сравнению.",сорта клубники,sorta-klubniki.xlsx:Queries,1,False
сорта клубники для подмосковья лучшие для открытого грунта самые сладкие,лучшие сорта клубники для подмосковья,36,62,AVERAGE,Умеренная,garden,/sorta/,improve_catalog,"Уточнить путь к каталогу клубники, фильтрам и сравнению.",сорта клубники,sorta-klubniki.xlsx:Queries,1,False
как правильно сажать малину осенью,посадка малины осенью когда и как посадить,35,28,AVERAGE,Умеренная,garden,/zhurnal/posadka-maliny/,improve_existing,Обновить ответы внутри существующего материала и связать с расчётом посадки.,посадка малины,posadka-maliny.xlsx:AdditionalQueries,1,False
кимберли клубника описание сорта фото отзывы садоводов,клубника кимберли,35,44,AVERAGE,Умеренная,garden,/sorta/kimberli/,improve_cultivar,"Проверить полноту описания, фото и сравнения; отзывы и урожайность добавлять только по фактическим источникам.",сорта клубники,sorta-klubniki.xlsx:Queries,1,False
клубника купчиха описание сорта фото отзывы садоводов,клубника купчиха,35,42,AVERAGE,Умеренная,garden,,verify_cultivar,Сорта ещё нет в каталоге: сначала установить идентичность и собрать первоисточники; не создавать карточку из поисковой фразы.,сорта клубники,sorta-klubniki.xlsx:Queries,1,False
клубника слоненок описание сорта,слон клубника,35,31,AVERAGE,Умеренная,garden,,verify_cultivar,Сорта ещё нет в каталоге: сначала установить идентичность и собрать первоисточники; не создавать карточку из поисковой фразы.,сорта клубники,sorta-klubniki.xlsx:Queries,1,False
клубника фейт описание сорта,клубника фейт,35,40,AVERAGE,Умеренная,garden,,verify_cultivar,Сорта ещё нет в каталоге: сначала установить идентичность и собрать первоисточники; не создавать карточку из поисковой фразы.,сорта клубники,sorta-klubniki.xlsx:Queries,1,False
лучшие сорта клубники для ленинградской области для открытого грунта,лучшие сорта клубники для ленинградской области,35,69,AVERAGE,Умеренная,garden,/sorta/,improve_catalog,"Уточнить путь к каталогу клубники, фильтрам и сравнению.",сорта клубники,sorta-klubniki.xlsx:Queries,1,False
малина вайолет описание сорта фото отзывы садоводов урожайность,малина вайолет описание сорта,35,57,AVERAGE,Умеренная,garden,,verify_cultivar,Сорта ещё нет в каталоге: сначала установить идентичность и собрать первоисточники; не создавать карточку из поисковой фразы.,сорта малины,sorta-maliny.xlsx:Queries,1,False
малина васена описание сорта,малина васена,35,39,AVERAGE,Умеренная,garden,,verify_cultivar,Сорта ещё нет в каталоге: сначала установить идентичность и собрать первоисточники; не создавать карточку из поисковой фразы.,сорта малины,sorta-maliny.xlsx:Queries,1,False
малина исполин описание сорта,малина исполин,35,43,AVERAGE,Умеренная,garden,,verify_cultivar,Сорта ещё нет в каталоге: сначала установить идентичность и собрать первоисточники; не создавать карточку из поисковой фразы.,сорта малины,sorta-maliny.xlsx:Queries,1,False
осенняя посадка малины,посадка малины осенью когда и как посадить,35,46,AVERAGE,Умеренная,garden,/zhurnal/posadka-maliny/,improve_existing,Обновить ответы внутри существующего материала и связать с расчётом посадки.,посадка малины,posadka-maliny.xlsx:Queries,1,False
тайская малина фото,тибетская малина,35,32,AVERAGE,Умеренная,garden,,manual_mapping,Нужна редакционная проверка намерения.,тибетская малина,tibetskaya-malina.xlsx:AdditionalQueries,1,False
вайолет малина описание сорта,малина вайолет,34,33,AVERAGE,Умеренная,garden,,verify_cultivar,Сорта ещё нет в каталоге: сначала установить идентичность и собрать первоисточники; не создавать карточку из поисковой фразы.,сорта малины,sorta-maliny.xlsx:Queries,1,False
как сажать малину правильно,как правильно посадить малину,34,25,AVERAGE,Умеренная,garden,/zhurnal/posadka-maliny/,improve_existing,Обновить ответы внутри существующего материала и связать с расчётом посадки.,посадка малины,posadka-maliny.xlsx:AdditionalQueries,1,False
клубника для подмосковья лучшие сорта,лучшие сорта клубники для подмосковья,34,59,AVERAGE,Умеренная,garden,/sorta/,improve_catalog,"Уточнить путь к каталогу клубники, фильтрам и сравнению.",сорта клубники,sorta-klubniki.xlsx:Queries,1,False
клубника кама описание сорта,клубника кама,34,31,AVERAGE,Умеренная,garden,,verify_cultivar,Сорта ещё нет в каталоге: сначала установить идентичность и собрать первоисточники; не создавать карточку из поисковой фразы.,сорта клубники,sorta-klubniki.xlsx:Queries,1,False
клубника лакомка описание сорта,клубника лакомка,34,35,AVERAGE,Умеренная,garden,,verify_cultivar,Сорта ещё нет в каталоге: сначала установить идентичность и собрать первоисточники; не создавать карточку из поисковой фразы.,сорта клубники,sorta-klubniki.xlsx:Queries,1,False
клубника чили описание сорта фото отзывы,клубника чили описание сорта,34,69,AVERAGE,Умеренная,garden,,verify_cultivar,Сорта ещё нет в каталоге: сначала установить идентичность и собрать первоисточники; не создавать карточку из поисковой фразы.,сорта клубники,sorta-klubniki.xlsx:Queries,1,False
патриция малина,малина патриция,34,23,AVERAGE,Умеренная,garden,/sorta/patritsiya/,improve_cultivar,"Проверить полноту описания, фото и сравнения; отзывы и урожайность добавлять только по фактическим источникам.",сорта малины,sorta-maliny.xlsx:AdditionalQueries,1,False
посадка малины осенью в открытый грунт как правильно,посадка малины осенью когда и как посадить,34,37,AVERAGE,Умеренная,garden,/zhurnal/posadka-maliny/,improve_existing,Обновить ответы внутри существующего материала и связать с расчётом посадки.,посадка малины,posadka-maliny.xlsx:Queries,1,False
румба клубника описание,клубника румба,34,22,AVERAGE,Умеренная,garden,/sorta/rumba/,improve_cultivar,"Проверить полноту описания, фото и сравнения; отзывы и урожайность добавлять только по фактическим источникам.",сорта клубники,sorta-klubniki.xlsx:AdditionalQueries,1,False
что положить в лунку при посадке малины осенью,посадка малины осенью когда и как посадить,34,32,AVERAGE,Умеренная,garden,/zhurnal/posadka-maliny/,improve_existing,Обновить ответы внутри существующего материала и связать с расчётом посадки.,посадка малины,posadka-maliny.xlsx:Queries,1,False
штамбовая малина что это такое,малиновое дерево,34,22,AVERAGE,Умеренная,garden,,manual_mapping,Нужна редакционная проверка намерения.,сорта малины,sorta-maliny.xlsx:AdditionalQueries,1,False
клубника сальса описание сорта,клубника сальса,33,32,AVERAGE,Умеренная,garden,,verify_cultivar,Сорта ещё нет в каталоге: сначала установить идентичность и собрать первоисточники; не создавать карточку из поисковой фразы.,сорта клубники,sorta-klubniki.xlsx:Queries,1,False
когда осенью сажать малину,посадка малины осенью когда и как посадить,33,23,AVERAGE,Умеренная,garden,/zhurnal/posadka-maliny/,improve_existing,Обновить ответы внутри существующего материала и связать с расчётом посадки.,посадка малины,posadka-maliny.xlsx:AdditionalQueries,1,False
малина шапка мономаха описание сорта фото отзывы садоводов урожайность,малина шапка мономаха описание сорта,33,42,AVERAGE,Умеренная,garden,,verify_cultivar,Сорта ещё нет в каталоге: сначала установить идентичность и собрать первоисточники; не создавать карточку из поисковой фразы.,сорта малины,sorta-maliny.xlsx:Queries,1,False
на листьях клубники красные пятна что это за болезнь и как лечить,болезни клубники,33,40,AVERAGE,Умеренная,garden,/instrumenty/proverka-rasteniya/,new_diagnostic_hub,Подготовить руководство по болезням клубники с проверяемыми фото и различиями симптомов; связать с материалом о серой гнили.,болезни клубники,bolezni-klubniki.xlsx:Queries,1,False
полана малина описание,малина полана,33,30,AVERAGE,Умеренная,garden,/sorta/polana/,improve_cultivar,"Проверить полноту описания, фото и сравнения; отзывы и урожайность добавлять только по фактическим источникам.",сорта малины,sorta-maliny.xlsx:AdditionalQueries,1,False
сорта малины с фотографиями и описанием,сорта малины,33,55,AVERAGE,Умеренная,garden,,manual_mapping,Нужна редакционная проверка намерения.,сорта малины,sorta-maliny.xlsx:Queries,1,False
азия клубника описание сорта фото отзывы садоводов,клубника азия описание сорта фото отзывы,32,38,AVERAGE,Умеренная,garden,/sorta/aziya/,improve_cultivar,"Проверить полноту описания, фото и сравнения; отзывы и урожайность добавлять только по фактическим источникам.",сорта клубники,sorta-klubniki.xlsx:Queries,1,False
клубника богема описание сорта,клубника богема,32,33,AVERAGE,Умеренная,garden,,verify_cultivar,Сорта ещё нет в каталоге: сначала установить идентичность и собрать первоисточники; не создавать карточку из поисковой фразы.,сорта клубники,sorta-klubniki.xlsx:Queries,1,False
клубника даренка описание сорта,клубника даренка,32,29,AVERAGE,Умеренная,garden,/sorta/darenka/,improve_cultivar,"Проверить полноту описания, фото и сравнения; отзывы и урожайность добавлять только по фактическим источникам.",сорта клубники,sorta-klubniki.xlsx:Queries,1,False
клубника мармелада описание сорта фото отзывы,клубника мармелада,32,36,AVERAGE,Умеренная,garden,,verify_cultivar,Сорта ещё нет в каталоге: сначала установить идентичность и собрать первоисточники; не создавать карточку из поисковой фразы.,сорта клубники,sorta-klubniki.xlsx:Queries,1,False
клубника мице шиндлер описание сорта,мице шиндлер клубника,32,30,AVERAGE,Умеренная,garden,,verify_cultivar,Сорта ещё нет в каталоге: сначала установить идентичность и собрать первоисточники; не создавать карточку из поисковой фразы.,сорта клубники,sorta-klubniki.xlsx:Queries,1,False
малина беглянка описание сорта,малина беглянка,32,28,AVERAGE,Умеренная,garden,/sorta/beglyanka/,improve_cultivar,"Проверить полноту описания, фото и сравнения; отзывы и урожайность добавлять только по фактическим источникам.",сорта малины,sorta-maliny.xlsx:Queries,1,False
малина гусар описание сорта фото отзывы садоводов,малина гусар,32,45,AVERAGE,Умеренная,garden,/sorta/gusar/,improve_cultivar,"Проверить полноту описания, фото и сравнения; отзывы и урожайность добавлять только по фактическим источникам.",сорта малины,sorta-maliny.xlsx:Queries,1,False
малина как сажать и ухаживать,как правильно посадить малину,32,26,AVERAGE,Умеренная,garden,/zhurnal/posadka-maliny/,improve_existing,Обновить ответы внутри существующего материала и связать с расчётом посадки.,посадка малины,posadka-maliny.xlsx:AdditionalQueries,1,False
посадка малины весной в открытый грунт саженцами расстояние между саженцами,как правильно посадить малину,32,31,AVERAGE,Умеренная,garden,/zhurnal/posadka-maliny/,improve_existing,Обновить ответы внутри существующего материала и связать с расчётом посадки.,посадка малины,posadka-maliny.xlsx:Queries,1,False
самые лучшие сорта клубники,сорта клубники,32,47,AVERAGE,Умеренная,garden,/sorta/,improve_catalog,"Уточнить путь к каталогу клубники, фильтрам и сравнению.",сорта клубники,sorta-klubniki.xlsx:Queries,1,False
виктория азия описание сорта фото отзывы,клубника азия описание сорта фото отзывы,31,36,AVERAGE,Умеренная,garden,/sorta/aziya/,improve_cultivar,"Проверить полноту описания, фото и сравнения; отзывы и урожайность добавлять только по фактическим источникам.",сорта клубники,sorta-klubniki.xlsx:AdditionalQueries,1,False
желтый гигант малина описание сорта,малина желтый гигант,31,29,AVERAGE,Умеренная,garden,/sorta/zheltyy-gigant/,improve_cultivar,"Проверить полноту описания, фото и сравнения; отзывы и урожайность добавлять только по фактическим источникам.",сорта малины,sorta-maliny.xlsx:Queries,1,False
когда сажать малину весной,как правильно посадить малину,31,15,AVERAGE,Умеренная,garden,/zhurnal/posadka-maliny/,improve_existing,Обновить ответы внутри существующего материала и связать с расчётом посадки.,посадка малины,posadka-maliny.xlsx:AdditionalQueries,1,False
малина атлант описание сорта фото отзывы,малина атлант,31,38,AVERAGE,Умеренная,garden,/sorta/atlant/,improve_cultivar,"Проверить полноту описания, фото и сравнения; отзывы и урожайность добавлять только по фактическим источникам.",сорта малины,sorta-maliny.xlsx:Queries,1,False
малина болезни и лечение,болезни малины,31,45,AVERAGE,Умеренная,garden,/instrumenty/proverka-rasteniya/,diagnostic_backlog,Связать симптомы с проверкой растения; отдельный материал только после проверки источников.,болезни малины,bolezni-maliny.xlsx:Queries,1,False
малина кумберленд описание сорта,малина кумберленд,31,33,AVERAGE,Умеренная,garden,,verify_cultivar,Сорта ещё нет в каталоге: сначала установить идентичность и собрать первоисточники; не создавать карточку из поисковой фразы.,сорта малины,sorta-maliny.xlsx:Queries,1,False
малина награда описание сорта,малина награда,31,31,AVERAGE,Умеренная,garden,,verify_cultivar,Сорта ещё нет в каталоге: сначала установить идентичность и собрать первоисточники; не создавать карточку из поисковой фразы.,сорта малины,sorta-maliny.xlsx:Queries,1,False
малина химбо-топ описание сорта фото,малина химбо топ,31,30,AVERAGE,Умеренная,garden,,verify_cultivar,Сорта ещё нет в каталоге: сначала установить идентичность и собрать первоисточники; не создавать карточку из поисковой фразы.,сорта малины,sorta-maliny.xlsx:Queries,1,False
сладкие сорта клубники для средней полосы,лучшие сорта клубники для средней полосы для открытого грунта,31,57,AVERAGE,Умеренная,garden,/sorta/,improve_catalog,"Уточнить путь к каталогу клубники, фильтрам и сравнению.",сорта клубники,sorta-klubniki.xlsx:Queries,1,False
сорт мурано клубника описание,клубника мурано,31,21,AVERAGE,Умеренная,garden,/sorta/murano/,improve_cultivar,"Проверить полноту описания, фото и сравнения; отзывы и урожайность добавлять только по фактическим источникам.",сорта клубники,sorta-klubniki.xlsx:Queries,1,False
сорта малины для ленинградской области,лучшие сорта малины для ленинградской области,31,44,AVERAGE,Умеренная,garden,,manual_mapping,Нужна редакционная проверка намерения.,сорта малины,sorta-maliny.xlsx:Queries,1,False
хорус для клубники весной от каких болезней,хорус для клубники,31,37,AVERAGE,Умеренная,garden,/instrumenty/proverka-rasteniya/,new_diagnostic_hub,Подготовить руководство по болезням клубники с проверяемыми фото и различиями симптомов; связать с материалом о серой гнили.,болезни клубники,bolezni-klubniki.xlsx:Queries,1,False
клубника гармония описание сорта,клубника гармония,30,24,AVERAGE,Умеренная,garden,,verify_cultivar,Сорта ещё нет в каталоге: сначала установить идентичность и собрать первоисточники; не создавать карточку из поисковой фразы.,сорта клубники,sorta-klubniki.xlsx:Queries,1,False
клубника клери фото,клубника клери описание сорта,30,24,AVERAGE,Умеренная,garden,/sorta/kleri/,improve_cultivar,"Проверить полноту описания, фото и сравнения; отзывы и урожайность добавлять только по фактическим источникам.",сорта клубники,sorta-klubniki.xlsx:AdditionalQueries,1,False
клубника сельва описание сорта,клубника сельва,30,26,AVERAGE,Умеренная,garden,,verify_cultivar,Сорта ещё нет в каталоге: сначала установить идентичность и собрать первоисточники; не создавать карточку из поисковой фразы.,сорта клубники,sorta-klubniki.xlsx:Queries,1,False
лучшие сорта малины для сибири крупные сладкие,лучшие сорта малины для сибири,30,55,AVERAGE,Умеренная,garden,,manual_mapping,Нужна редакционная проверка намерения.,сорта малины,sorta-maliny.xlsx:Queries,1,False
малина джорджия описание сорта,малина джорджия описание сорта фото отзывы садоводов,30,36,AVERAGE,Умеренная,garden,,verify_cultivar,Сорта ещё нет в каталоге: сначала установить идентичность и собрать первоисточники; не создавать карточку из поисковой фразы.,сорта малины,sorta-maliny.xlsx:Queries,1,False
малина крепыш описание сорта фото отзывы,малиновое дерево крепыш,30,38,AVERAGE,Умеренная,garden,,verify_cultivar,Сорта ещё нет в каталоге: сначала установить идентичность и собрать первоисточники; не создавать карточку из поисковой фразы.,сорта малины,sorta-maliny.xlsx:Queries,1,False
малина полана описание сорта фото отзывы,малина полана,30,35,AVERAGE,Умеренная,garden,/sorta/polana/,improve_cultivar,"Проверить полноту описания, фото и сравнения; отзывы и урожайность добавлять только по фактическим источникам.",сорта малины,sorta-maliny.xlsx:Queries,1,False
малина посадка,как правильно посадить малину,30,22,AVERAGE,Умеренная,garden,/zhurnal/posadka-maliny/,improve_existing,Обновить ответы внутри существующего материала и связать с расчётом посадки.,посадка малины,posadka-maliny.xlsx:Queries,1,False
малина татьяна описание сорта,малина татьяна,30,29,AVERAGE,Умеренная,garden,,verify_cultivar,Сорта ещё нет в каталоге: сначала установить идентичность и собрать первоисточники; не создавать карточку из поисковой фразы.,сорта малины,sorta-maliny.xlsx:Queries,1,False
самые сладкие сорта клубники для подмосковья,лучшие сорта клубники для подмосковья,30,48,AVERAGE,Умеренная,garden,/sorta/,improve_catalog,"Уточнить путь к каталогу клубники, фильтрам и сравнению.",сорта клубники,sorta-klubniki.xlsx:Queries,1,False
сорта клубники с фотографиями и названиями,сорта клубники,30,47,AVERAGE,Умеренная,garden,/sorta/,improve_catalog,"Уточнить путь к каталогу клубники, фильтрам и сравнению.",сорта клубники,sorta-klubniki.xlsx:Queries,1,False
тайская малина фото описание,тибетская малина,30,34,AVERAGE,Умеренная,garden,,manual_mapping,Нужна редакционная проверка намерения.,сорта малины | тибетская малина,sorta-maliny.xlsx:AdditionalQueries | tibetskaya-malina.xlsx:AdditionalQueries,2,False
где лучше сажать малину,как правильно посадить малину,29,12,AVERAGE,Умеренная,garden,/zhurnal/posadka-maliny/,improve_existing,Обновить ответы внутри существующего материала и связать с расчётом посадки.,посадка малины,posadka-maliny.xlsx:AdditionalQueries,1,False
как правильно посадить малину весной в открытый грунт,как правильно посадить малину,29,33,AVERAGE,Умеренная,garden,/zhurnal/posadka-maliny/,improve_existing,Обновить ответы внутри существующего материала и связать с расчётом посадки.,посадка малины,posadka-maliny.xlsx:AdditionalQueries,1,False
клубника монтерей описание сорта,клубника монтерей,29,29,AVERAGE,Умеренная,garden,,verify_cultivar,Сорта ещё нет в каталоге: сначала установить идентичность и собрать первоисточники; не создавать карточку из поисковой фразы.,сорта клубники,sorta-klubniki.xlsx:Queries,1,False
клубника тоскана описание сорта фото отзывы садоводов,клубника тоскана,29,41,AVERAGE,Умеренная,garden,,verify_cultivar,Сорта ещё нет в каталоге: сначала установить идентичность и собрать первоисточники; не создавать карточку из поисковой фразы.,сорта клубники,sorta-klubniki.xlsx:Queries,1,False
клубника цунаки описание сорта фото,клубника цунаки,29,36,AVERAGE,Умеренная,garden,,verify_cultivar,Сорта ещё нет в каталоге: сначала установить идентичность и собрать первоисточники; не создавать карточку из поисковой фразы.,сорта клубники,sorta-klubniki.xlsx:Queries,1,False
краса россии малина описание сорта фото отзывы,малина краса россии описание сорта,29,33,AVERAGE,Умеренная,garden,/sorta/krasa-rossii/,improve_cultivar,"Проверить полноту описания, фото и сравнения; отзывы и урожайность добавлять только по фактическим источникам.",сорта малины,sorta-maliny.xlsx:Queries,1,False
лучшие сорта клубники для нижегородской области для открытого грунта,сорта клубники,29,50,AVERAGE,Умеренная,garden,/sorta/,improve_catalog,"Уточнить путь к каталогу клубники, фильтрам и сравнению.",сорта клубники,sorta-klubniki.xlsx:Queries,1,False
лучшие сорта клубники для ростовской области,сорта клубники,29,49,AVERAGE,Умеренная,garden,/sorta/,improve_catalog,"Уточнить путь к каталогу клубники, фильтрам и сравнению.",сорта клубники,sorta-klubniki.xlsx:Queries,1,False
лучшие сорта малины для урала,сорта малины для урала с фотографиями,29,57,AVERAGE,Умеренная,garden,,manual_mapping,Нужна редакционная проверка намерения.,сорта малины,sorta-maliny.xlsx:Queries,1,False
лячка малина описание,малина лячка,29,22,AVERAGE,Умеренная,garden,/sorta/lyachka/,improve_cultivar,"Проверить полноту описания, фото и сравнения; отзывы и урожайность добавлять только по фактическим источникам.",сорта малины,sorta-maliny.xlsx:AdditionalQueries,1,False
малина гусария описание сорта фото отзывы садоводов,малина гусар,29,45,AVERAGE,Умеренная,garden,,verify_cultivar,Сорта ещё нет в каталоге: сначала установить идентичность и собрать первоисточники; не создавать карточку из поисковой фразы.,сорта малины,sorta-maliny.xlsx:Queries,1,False
малина конек горбунок описание сорта фото отзывы,малина конек горбунок,29,32,AVERAGE,Умеренная,garden,,verify_cultivar,Сорта ещё нет в каталоге: сначала установить идентичность и собрать первоисточники; не создавать карточку из поисковой фразы.,сорта малины,sorta-maliny.xlsx:Queries,1,False
малина малиновая гряда описание сорта,малина малиновая гряда,29,34,AVERAGE,Умеренная,garden,,verify_cultivar,Сорта ещё нет в каталоге: сначала установить идентичность и собрать первоисточники; не создавать карточку из поисковой фразы.,сорта малины,sorta-maliny.xlsx:Queries,1,False
малина нижегородец описание сорта,малина нижегородец,29,28,AVERAGE,Умеренная,garden,,verify_cultivar,Сорта ещё нет в каталоге: сначала установить идентичность и собрать первоисточники; не создавать карточку из поисковой фразы.,сорта малины,sorta-maliny.xlsx:Queries,1,False
малина самохвал описание сорта фото отзывы,малина самохвал,29,36,AVERAGE,Умеренная,garden,/sorta/samohval/,improve_cultivar,"Проверить полноту описания, фото и сравнения; отзывы и урожайность добавлять только по фактическим источникам.",сорта малины,sorta-maliny.xlsx:Queries,1,False
малина сказка описание сорта фото,малина сказка,29,34,AVERAGE,Умеренная,garden,,verify_cultivar,Сорта ещё нет в каталоге: сначала установить идентичность и собрать первоисточники; не создавать карточку из поисковой фразы.,сорта малины,sorta-maliny.xlsx:Queries,1,False
малина херитейдж описание сорта,малина херитейдж описание,29,27,AVERAGE,Умеренная,garden,/sorta/heritage/,improve_cultivar,"Проверить полноту описания, фото и сравнения; отзывы и урожайность добавлять только по фактическим источникам.",сорта малины,sorta-maliny.xlsx:Queries,1,False
малина шапка мономаха описание сорта фото отзывы,малина шапка мономаха описание сорта,29,34,AVERAGE,Умеренная,garden,,verify_cultivar,Сорта ещё нет в каталоге: сначала установить идентичность и собрать первоисточники; не создавать карточку из поисковой фразы.,сорта малины,sorta-maliny.xlsx:Queries,1,False
патриция малина описание сорта,малина патриция,29,26,AVERAGE,Умеренная,garden,/sorta/patritsiya/,improve_cultivar,"Проверить полноту описания, фото и сравнения; отзывы и урожайность добавлять только по фактическим источникам.",сорта малины,sorta-maliny.xlsx:Queries,1,False
посадка ремонтантной малины осенью в открытый грунт,посадка ремонтантной малины осенью в открытый грунт,29,51,AVERAGE,Умеренная,garden,/zhurnal/posadka-maliny/,improve_existing,Обновить ответы внутри существующего материала и связать с расчётом посадки.,посадка малины,posadka-maliny.xlsx:Queries,1,False
посадка ремонтантный малины весной в холодную погоду,как быстро растет ремонтантная малина,29,29,AVERAGE,Умеренная,garden,/zhurnal/posadka-maliny/,improve_existing,Обновить ответы внутри существующего материала и связать с расчётом посадки.,посадка малины,posadka-maliny.xlsx:Queries,1,False
самые урожайные сорта клубники,сорта клубники,29,51,AVERAGE,Умеренная,garden,/sorta/,improve_catalog,"Уточнить путь к каталогу клубники, фильтрам и сравнению.",сорта клубники,sorta-klubniki.xlsx:Queries,1,False
херитейдж малина описание сорта,малина херитейдж описание,29,30,AVERAGE,Умеренная,garden,/sorta/heritage/,improve_cultivar,"Проверить полноту описания, фото и сравнения; отзывы и урожайность добавлять только по фактическим источникам.",сорта малины,sorta-maliny.xlsx:Queries,1,False
штамбовая малина что это такое фото и описание,малиновое дерево,29,25,AVERAGE,Умеренная,garden,,manual_mapping,Нужна редакционная проверка намерения.,посадка малины,posadka-maliny.xlsx:AdditionalQueries,1,False
клубника виктория описание сорта фото отзывы садоводов урожайность,клубника виктория описание сорта,28,42,AVERAGE,Умеренная,garden,,verify_cultivar,Сорта ещё нет в каталоге: сначала установить идентичность и собрать первоисточники; не создавать карточку из поисковой фразы.,сорта клубники,sorta-klubniki.xlsx:Queries,1,False
клубника зефир описание сорта фото отзывы,клубника зефир,28,35,AVERAGE,Умеренная,garden,,verify_cultivar,Сорта ещё нет в каталоге: сначала установить идентичность и собрать первоисточники; не создавать карточку из поисковой фразы.,сорта клубники,sorta-klubniki.xlsx:Queries,1,False
клубника королева елизавета 2 описание сорта,клубника елизавета 2,28,29,AVERAGE,Умеренная,garden,,verify_cultivar,Сорта ещё нет в каталоге: сначала установить идентичность и собрать первоисточники; не создавать карточку из поисковой фразы.,сорта клубники,sorta-klubniki.xlsx:Queries,1,False
малина маджестик описание сорта,малина маджестик,28,33,AVERAGE,Умеренная,garden,,verify_cultivar,Сорта ещё нет в каталоге: сначала установить идентичность и собрать первоисточники; не создавать карточку из поисковой фразы.,сорта малины,sorta-maliny.xlsx:Queries,1,False
новость кузьмина малина описание сорта,малина новость кузьмина,28,26,AVERAGE,Умеренная,garden,,verify_cultivar,Сорта ещё нет в каталоге: сначала установить идентичность и собрать первоисточники; не создавать карточку из поисковой фразы.,сорта малины,sorta-maliny.xlsx:Queries,1,False
поздние сорта клубники для подмосковья,лучшие сорта клубники для подмосковья,28,38,AVERAGE,Умеренная,garden,/sorta/,improve_catalog,"Уточнить путь к каталогу клубники, фильтрам и сравнению.",сорта клубники,sorta-klubniki.xlsx:Queries,1,False
популярные сорта клубники,сорта клубники,28,40,AVERAGE,Умеренная,garden,/sorta/,improve_catalog,"Уточнить путь к каталогу клубники, фильтрам и сравнению.",сорта клубники,sorta-klubniki.xlsx:Queries,1,False
посадка ремонтантной малины осенью,посадка ремонтантной малины осенью в открытый грунт,28,44,AVERAGE,Умеренная,garden,/zhurnal/posadka-maliny/,improve_existing,Обновить ответы внутри существующего материала и связать с расчётом посадки.,посадка малины,posadka-maliny.xlsx:Queries,1,False
тибетская малина что это за ягода,тибетская малина,28,21,AVERAGE,Умеренная,garden,,new_botanical_article,"Сначала установить вид и источники; объяснить отличие от обычной малины, добавить проверяемые фото.",тибетская малина,tibetskaya-malina.xlsx:Queries,1,False
альбион клубника описание сорта фото,клубника альбион,27,26,AVERAGE,Умеренная,garden,/sorta/albion/,improve_cultivar,"Проверить полноту описания, фото и сравнения; отзывы и урожайность добавлять только по фактическим источникам.",сорта клубники,sorta-klubniki.xlsx:Queries,1,False
виктория купчиха описание сорта,клубника купчиха,27,22,AVERAGE,Умеренная,garden,,verify_cultivar,Сорта ещё нет в каталоге: сначала установить идентичность и собрать первоисточники; не создавать карточку из поисковой фразы.,клубника | сорта клубники,klubnika.xlsx:AdditionalQueries | sorta-klubniki.xlsx:AdditionalQueries,2,False
где сажать малину на садовом участке,как правильно посадить малину,27,21,AVERAGE,Умеренная,garden,/zhurnal/posadka-maliny/,improve_existing,Обновить ответы внутри существующего материала и связать с расчётом посадки.,посадка малины,posadka-maliny.xlsx:AdditionalQueries,1,False
исполин малина описание сорта фото отзывы,малина исполин,27,25,AVERAGE,Умеренная,garden,,verify_cultivar,Сорта ещё нет в каталоге: сначала установить идентичность и собрать первоисточники; не создавать карточку из поисковой фразы.,сорта малины,sorta-maliny.xlsx:Queries,1,False
клубника искушение описание сорта,клубника искушение,27,30,AVERAGE,Умеренная,garden,,verify_cultivar,Сорта ещё нет в каталоге: сначала установить идентичность и собрать первоисточники; не создавать карточку из поисковой фразы.,сорта клубники,sorta-klubniki.xlsx:Queries,1,False
клубника крапо описание сорта,клубника крапо 10,27,25,AVERAGE,Умеренная,garden,,verify_cultivar,Сорта ещё нет в каталоге: сначала установить идентичность и собрать первоисточники; не создавать карточку из поисковой фразы.,сорта клубники,sorta-klubniki.xlsx:Queries,1,False
клубника эльвира,эльвира сорт клубники,27,25,AVERAGE,Умеренная,garden,,manual_mapping,Нужна редакционная проверка намерения.,сорта клубники,sorta-klubniki.xlsx:AdditionalQueries,1,False
когда сажать малину весной в открытый грунт,как правильно посадить малину,27,15,AVERAGE,Умеренная,garden,/zhurnal/posadka-maliny/,improve_existing,Обновить ответы внутри существующего материала и связать с расчётом посадки.,посадка малины,posadka-maliny.xlsx:AdditionalQueries,1,False
лучшие сорта ремонтантной клубники для подмосковья,лучшие сорта клубники для подмосковья,27,50,AVERAGE,Умеренная,garden,/sorta/,improve_catalog,"Уточнить путь к каталогу клубники, фильтрам и сравнению.",сорта клубники,sorta-klubniki.xlsx:Queries,1,False
малина делнива описание сорта,малина делнива,27,30,AVERAGE,Умеренная,garden,,verify_cultivar,Сорта ещё нет в каталоге: сначала установить идентичность и собрать первоисточники; не создавать карточку из поисковой фразы.,сорта малины,sorta-maliny.xlsx:Queries,1,False
малина красная гвардия описание сорта фото отзывы,малина красная гвардия,27,39,AVERAGE,Умеренная,garden,,verify_cultivar,Сорта ещё нет в каталоге: сначала установить идентичность и собрать первоисточники; не создавать карточку из поисковой фразы.,сорта малины,sorta-maliny.xlsx:Queries,1,False
малина полана описание,малина полана,27,24,AVERAGE,Умеренная,garden,/sorta/polana/,improve_cultivar,"Проверить полноту описания, фото и сравнения; отзывы и урожайность добавлять только по фактическим источникам.",сорта малины,sorta-maliny.xlsx:AdditionalQueries,1,False
малина таганка описание сорта фото отзывы,малина таганка,27,30,AVERAGE,Умеренная,garden,,verify_cultivar,Сорта ещё нет в каталоге: сначала установить идентичность и собрать первоисточники; не создавать карточку из поисковой фразы.,сорта малины,sorta-maliny.xlsx:Queries,1,False
мурано клубника описание сорта фото отзывы,клубника мурано,27,30,AVERAGE,Умеренная,garden,/sorta/murano/,improve_cultivar,"Проверить полноту описания, фото и сравнения; отзывы и урожайность добавлять только по фактическим источникам.",сорта клубники,sorta-klubniki.xlsx:Queries,1,False
посадка малины осенью когда и как,посадка малины осенью когда и как посадить,27,28,AVERAGE,Умеренная,garden,/zhurnal/posadka-maliny/,improve_existing,Обновить ответы внутри существующего материала и связать с расчётом посадки.,посадка малины,posadka-maliny.xlsx:Queries,1,False
посадка ремонтантной малины осенью в открытый грунт саженцами,посадка ремонтантной малины осенью в открытый грунт,27,37,AVERAGE,Умеренная,garden,/zhurnal/posadka-maliny/,improve_existing,Обновить ответы внутри существующего материала и связать с расчётом посадки.,посадка малины,posadka-maliny.xlsx:Queries,1,False
сорт клери клубника описание,клубника клери,27,19,AVERAGE,Умеренная,garden,/sorta/kleri/,improve_cultivar,"Проверить полноту описания, фото и сравнения; отзывы и урожайность добавлять только по фактическим источникам.",сорта клубники,sorta-klubniki.xlsx:Queries,1,False
сорт малины маравилла фото и описание,малина маравилла,27,19,AVERAGE,Умеренная,garden,,manual_mapping,Нужна редакционная проверка намерения.,сорта малины,sorta-maliny.xlsx:Queries,1,False
фестивальная клубника описание сорта фото,клубника фестивальная,27,26,AVERAGE,Умеренная,garden,/sorta/festivalnaya/,improve_cultivar,"Проверить полноту описания, фото и сравнения; отзывы и урожайность добавлять только по фактическим источникам.",сорта клубники,sorta-klubniki.xlsx:Queries,1,False
земляника хоней описание сорта,клубника хоней,26,22,AVERAGE,Умеренная,garden,/sorta/honey/,improve_cultivar,"Проверить полноту описания, фото и сравнения; отзывы и урожайность добавлять только по фактическим источникам.",сорта клубники,sorta-klubniki.xlsx:AdditionalQueries,1,False
клубника вима занта описание сорта,клубника вима занта,26,21,AVERAGE,Умеренная,garden,,verify_cultivar,Сорта ещё нет в каталоге: сначала установить идентичность и собрать первоисточники; не создавать карточку из поисковой фразы.,сорта клубники,sorta-klubniki.xlsx:Queries,1,False
клубника кабрилло описание сорта фото,клубника кабрилло,26,29,AVERAGE,Умеренная,garden,/sorta/cabrillo/,improve_cultivar,"Проверить полноту описания, фото и сравнения; отзывы и урожайность добавлять только по фактическим источникам.",сорта клубники,sorta-klubniki.xlsx:Queries,1,False
клубника кардинал описание сорта,клубника кардинал,26,22,AVERAGE,Умеренная,garden,,verify_cultivar,Сорта ещё нет в каталоге: сначала установить идентичность и собрать первоисточники; не создавать карточку из поисковой фразы.,сорта клубники,sorta-klubniki.xlsx:Queries,1,False
клубника кимберли описание сорта фото отзывы,клубника кимберли,26,27,AVERAGE,Умеренная,garden,/sorta/kimberli/,improve_cultivar,"Проверить полноту описания, фото и сравнения; отзывы и урожайность добавлять только по фактическим источникам.",сорта клубники,sorta-klubniki.xlsx:Queries,1,False
клубника королева елизавета описание сорта фото отзывы садоводов,клубника королева елизавета описание сорта фото отзывы садоводов,26,39,AVERAGE,Умеренная,garden,,verify_cultivar,Сорта ещё нет в каталоге: сначала установить идентичность и собрать первоисточники; не создавать карточку из поисковой фразы.,сорта клубники,sorta-klubniki.xlsx:Queries,1,False
клубника ремонтантная лучшие сорта для подмосковья отзывы,лучшие сорта клубники для подмосковья,26,41,AVERAGE,Умеренная,garden,/sorta/,improve_catalog,"Уточнить путь к каталогу клубники, фильтрам и сравнению.",сорта клубники,sorta-klubniki.xlsx:Queries,1,False
клубника сенсация описание сорта фото,клубника сенсация,26,34,AVERAGE,Умеренная,garden,,verify_cultivar,Сорта ещё нет в каталоге: сначала установить идентичность и собрать первоисточники; не создавать карточку из поисковой фразы.,сорта клубники,sorta-klubniki.xlsx:Queries,1,False
клубника фестивальная ромашка описание сорта,клубника фестивальная ромашка,26,25,AVERAGE,Умеренная,garden,/sorta/festivalnaya/,improve_cultivar,"Проверить полноту описания, фото и сравнения; отзывы и урожайность добавлять только по фактическим источникам.",сорта клубники,sorta-klubniki.xlsx:Queries,1,False
клубника хадемар описание сорта,хадемар клубника описание,26,27,AVERAGE,Умеренная,garden,,verify_cultivar,Сорта ещё нет в каталоге: сначала установить идентичность и собрать первоисточники; не создавать карточку из поисковой фразы.,сорта клубники,sorta-klubniki.xlsx:Queries,1,False
малина болезни,болезни малины,26,32,AVERAGE,Умеренная,garden,/instrumenty/proverka-rasteniya/,diagnostic_backlog,Связать симптомы с проверкой растения; отдельный материал только после проверки источников.,болезни малины,bolezni-maliny.xlsx:Queries,1,False
малина изобильная описание сорта,малина изобильная,26,26,AVERAGE,Умеренная,garden,,verify_cultivar,Сорта ещё нет в каталоге: сначала установить идентичность и собрать первоисточники; не создавать карточку из поисковой фразы.,сорта малины,sorta-maliny.xlsx:Queries,1,False
малина каскад делайт описание сорта,малина каскад делайт,26,24,AVERAGE,Умеренная,garden,,verify_cultivar,Сорта ещё нет в каталоге: сначала установить идентичность и собрать первоисточники; не создавать карточку из поисковой фразы.,сорта малины,sorta-maliny.xlsx:Queries,1,False
малина сказка описание сорта фото отзывы,малина сказка,26,37,AVERAGE,Умеренная,garden,,verify_cultivar,Сорта ещё нет в каталоге: сначала установить идентичность и собрать первоисточники; не создавать карточку из поисковой фразы.,сорта малины,sorta-maliny.xlsx:Queries,1,False
малина терентий описание сорта,малина терентий,26,25,AVERAGE,Умеренная,garden,,verify_cultivar,Сорта ещё нет в каталоге: сначала установить идентичность и собрать первоисточники; не создавать карточку из поисковой фразы.,сорта малины,sorta-maliny.xlsx:Queries,1,False
малиновая гряда малина описание сорта,малина малиновая гряда,26,28,AVERAGE,Умеренная,garden,,verify_cultivar,Сорта ещё нет в каталоге: сначала установить идентичность и собрать первоисточники; не создавать карточку из поисковой фразы.,сорта малины,sorta-maliny.xlsx:Queries,1,False
малиновый сок на зиму,малиновый сок,26,49,AVERAGE,Умеренная,garden,,manual_mapping,Нужна редакционная проверка намерения.,малина,malina.xlsx:AdditionalQueries,1,False
поклон казакову малина описание сорта,малина поклон казакову,26,27,AVERAGE,Умеренная,garden,/sorta/poklon-kazakovu/,improve_cultivar,"Проверить полноту описания, фото и сравнения; отзывы и урожайность добавлять только по фактическим источникам.",сорта малины,sorta-maliny.xlsx:Queries,1,False
похвалинка малина описание,малина похвалинка,26,26,AVERAGE,Умеренная,garden,/sorta/pohvalinka/,improve_cultivar,"Проверить полноту описания, фото и сравнения; отзывы и урожайность добавлять только по фактическим источникам.",сорта малины,sorta-maliny.xlsx:AdditionalQueries,1,False
почва для малины,как правильно посадить малину,26,16,AVERAGE,Умеренная,garden,/zhurnal/posadka-maliny/,improve_existing,Обновить ответы внутри существующего материала и связать с расчётом посадки.,посадка малины,posadka-maliny.xlsx:AdditionalQueries,1,False
ранние сорта клубники для средней полосы,клубники,26,36,AVERAGE,Умеренная,garden,/sorta/,improve_catalog,"Уточнить путь к каталогу клубники, фильтрам и сравнению.",сорта клубники,sorta-klubniki.xlsx:Queries,1,False
самая сладкая клубника сорта,самые сладкие сорта клубники,26,36,AVERAGE,Умеренная,garden,/sorta/,improve_catalog,"Уточнить путь к каталогу клубники, фильтрам и сравнению.",сорта клубники,sorta-klubniki.xlsx:Queries,1,False
самые сладкие сорта клубники для средней полосы,лучшие сорта клубники для средней полосы для открытого грунта,26,53,AVERAGE,Умеренная,garden,/sorta/,improve_catalog,"Уточнить путь к каталогу клубники, фильтрам и сравнению.",сорта клубники,sorta-klubniki.xlsx:Queries,1,False
сорта клубники для краснодарского края,сорта клубники для краснодарского края,26,31,AVERAGE,Умеренная,garden,/podbor/,improve_selector,Использовать место и подтверждённый допуск; местную урожайность не выводить из допуска.,сорта клубники,sorta-klubniki.xlsx:Queries,1,False
хоней клубника описание сорта фото отзывы садоводов,клубника хоней описание сорта фото отзывы,26,34,AVERAGE,Умеренная,garden,/sorta/honey/,improve_cultivar,"Проверить полноту описания, фото и сравнения; отзывы и урожайность добавлять только по фактическим источникам.",сорта клубники,sorta-klubniki.xlsx:Queries,1,False
хорошие сорта клубники,сорта клубники,26,33,AVERAGE,Умеренная,garden,/sorta/,improve_catalog,"Уточнить путь к каталогу клубники, фильтрам и сравнению.",сорта клубники,sorta-klubniki.xlsx:Queries,1,False
черный лебедь клубника описание сорта и отзывы,клубника черный лебедь,26,36,AVERAGE,Умеренная,garden,,verify_cultivar,Сорта ещё нет в каталоге: сначала установить идентичность и собрать первоисточники; не создавать карточку из поисковой фразы.,сорта клубники,sorta-klubniki.xlsx:Queries,1,False
какой самый вкусный сорт клубники,сорта клубники,25,35,AVERAGE,Умеренная,garden,/sorta/,improve_catalog,"Уточнить путь к каталогу клубники, фильтрам и сравнению.",сорта клубники,sorta-klubniki.xlsx:Queries,1,False
китайская малина фото и описание отзывы садоводов,тибетская малина,25,30,AVERAGE,Умеренная,garden,,manual_mapping,Нужна редакционная проверка намерения.,тибетская малина,tibetskaya-malina.xlsx:AdditionalQueries,1,False
клубника джоли описание сорта фото отзывы садоводов урожайность характеристика и описание,клубника джоли,25,33,AVERAGE,Умеренная,garden,/sorta/dzholi/,improve_cultivar,"Проверить полноту описания, фото и сравнения; отзывы и урожайность добавлять только по фактическим источникам.",сорта клубники,sorta-klubniki.xlsx:Queries,1,False
клубника кабрило описание сорта,клубника кабрилло,25,21,AVERAGE,Умеренная,garden,,verify_cultivar,Сорта ещё нет в каталоге: сначала установить идентичность и собрать первоисточники; не создавать карточку из поисковой фразы.,сорта клубники,sorta-klubniki.xlsx:Queries,1,False
клубника купчиха фото и описание сорта,клубника купчиха,25,27,AVERAGE,Умеренная,garden,,verify_cultivar,Сорта ещё нет в каталоге: сначала установить идентичность и собрать первоисточники; не создавать карточку из поисковой фразы.,сорта клубники,sorta-klubniki.xlsx:Queries,1,False
клубника первоклассница описание сорта,клубника первоклассница,25,29,AVERAGE,Умеренная,garden,,verify_cultivar,Сорта ещё нет в каталоге: сначала установить идентичность и собрать первоисточники; не создавать карточку из поисковой фразы.,сорта клубники,sorta-klubniki.xlsx:Queries,1,False
клубника уход весной после зимы подкормка и обработка,обработка клубники весной,25,31,AVERAGE,Умеренная,garden,/zhurnal/chem-podkormit-klubniku-po-analizu-pochvy/,improve_existing,Проверить ответ для указанной фазы роста; сохранять выбор питания по данным анализа.,болезни клубники,bolezni-klubniki.xlsx:AdditionalQueries,1,False
клубника фестивальная описание сорта фото отзывы садоводов,клубника фестивальная описание сорта,25,26,AVERAGE,Умеренная,garden,/sorta/festivalnaya/,improve_cultivar,"Проверить полноту описания, фото и сравнения; отзывы и урожайность добавлять только по фактическим источникам.",сорта клубники,sorta-klubniki.xlsx:Queries,1,False
лучшие сорта клубники для вологодской области,лучшие сорта клубники для вологодской области,25,42,AVERAGE,Умеренная,garden,/sorta/,improve_catalog,"Уточнить путь к каталогу клубники, фильтрам и сравнению.",сорта клубники,sorta-klubniki.xlsx:Queries,1,False
малина гигант московский описание сорта фото отзывы садоводов урожайность характеристика,малина московский гигант,25,39,AVERAGE,Умеренная,garden,,verify_cultivar,Сорта ещё нет в каталоге: сначала установить идентичность и собрать первоисточники; не создавать карточку из поисковой фразы.,сорта малины,sorta-maliny.xlsx:Queries,1,False
малина глен кое описание сорта,малина глен кое,25,27,AVERAGE,Умеренная,garden,,verify_cultivar,Сорта ещё нет в каталоге: сначала установить идентичность и собрать первоисточники; не создавать карточку из поисковой фразы.,сорта малины,sorta-maliny.xlsx:Queries,1,False
малина золотые купола описание сорта,малина золотые купола,25,23,AVERAGE,Умеренная,garden,/sorta/zolotye-kupola/,improve_cultivar,"Проверить полноту описания, фото и сравнения; отзывы и урожайность добавлять только по фактическим источникам.",сорта малины,sorta-maliny.xlsx:Queries,1,False
малина пингвин описание сорта фото отзывы,малина пингвин описание сорта фото отзывы садоводов,25,30,AVERAGE,Умеренная,garden,/sorta/pingvin/,improve_cultivar,"Проверить полноту описания, фото и сравнения; отзывы и урожайность добавлять только по фактическим источникам.",сорта малины,sorta-maliny.xlsx:Queries,1,False
мальвина клубника описание сорта фото,клубника мальвина,25,28,AVERAGE,Умеренная,garden,/sorta/malvina/,improve_cultivar,"Проверить полноту описания, фото и сравнения; отзывы и урожайность добавлять только по фактическим источникам.",сорта клубники,sorta-klubniki.xlsx:Queries,1,False
мурана сорт клубники описание,клубника мурано,25,24,AVERAGE,Умеренная,garden,/sorta/,improve_catalog,"Уточнить путь к каталогу клубники, фильтрам и сравнению.",сорта клубники,sorta-klubniki.xlsx:Queries,1,False
самый вкусный сорт клубники,сорта клубники,25,23,AVERAGE,Умеренная,garden,/sorta/,improve_catalog,"Уточнить путь к каталогу клубники, фильтрам и сравнению.",сорта клубники,sorta-klubniki.xlsx:Queries,1,False
сорта малины для ленинградской области с фото и описанием,лучшие сорта малины для ленинградской области,25,46,AVERAGE,Умеренная,garden,,manual_mapping,Нужна редакционная проверка намерения.,сорта малины,sorta-maliny.xlsx:Queries,1,False
сорта малины с фотографиями,сорта малины,25,37,AVERAGE,Умеренная,garden,,manual_mapping,Нужна редакционная проверка намерения.,сорта малины,sorta-maliny.xlsx:Queries,1,False
через какое расстояние сажать малину между собой,как правильно посадить малину,25,32,AVERAGE,Умеренная,garden,/zhurnal/posadka-maliny/,improve_existing,Обновить ответы внутри существующего материала и связать с расчётом посадки.,посадка малины,posadka-maliny.xlsx:AdditionalQueries,1,False
джоли клубника описание сорта,клубника джоли,24,22,AVERAGE,Умеренная,garden,/sorta/dzholi/,improve_cultivar,"Проверить полноту описания, фото и сравнения; отзывы и урожайность добавлять только по фактическим источникам.",сорта клубники,sorta-klubniki.xlsx:Queries,1,False
как выглядит малиновое дерево,малиновое дерево,24,26,AVERAGE,Умеренная,garden,/zhurnal/malinovoe-derevo-tarusa/,improve_existing,Проверить ответ о штамбовой форме и уходе; не превращать торговое название в ботанический вид.,малина,malina.xlsx:AdditionalQueries,1,False
клубника бычье сердце описание сорта фото отзывы садоводов урожайность,клубника бычье сердце,24,36,AVERAGE,Умеренная,garden,,verify_cultivar,Сорта ещё нет в каталоге: сначала установить идентичность и собрать первоисточники; не создавать карточку из поисковой фразы.,сорта клубники,sorta-klubniki.xlsx:Queries,1,False
клубника гигант джорнея описание сорта фото отзывы садоводов,клубника гигант джорнея,24,35,AVERAGE,Умеренная,garden,,verify_cultivar,Сорта ещё нет в каталоге: сначала установить идентичность и собрать первоисточники; не создавать карточку из поисковой фразы.,сорта клубники,sorta-klubniki.xlsx:Queries,1,False
клубника лорд описание сорта фото,клубника лорд,24,27,AVERAGE,Умеренная,garden,,verify_cultivar,Сорта ещё нет в каталоге: сначала установить идентичность и собрать первоисточники; не создавать карточку из поисковой фразы.,сорта клубники,sorta-klubniki.xlsx:Queries,1,False
клубника марышка описание сорта,клубника марышка,24,26,AVERAGE,Умеренная,garden,,verify_cultivar,Сорта ещё нет в каталоге: сначала установить идентичность и собрать первоисточники; не создавать карточку из поисковой фразы.,сорта клубники,sorta-klubniki.xlsx:Queries,1,False
клубника сорт клери описание и фото,клубника клери,24,26,AVERAGE,Умеренная,garden,/sorta/kleri/,improve_cultivar,"Проверить полноту описания, фото и сравнения; отзывы и урожайность добавлять только по фактическим источникам.",сорта клубники,sorta-klubniki.xlsx:Queries,1,False
лия сахарная клубника описание сорта,клубника лия сахарная,24,26,AVERAGE,Умеренная,garden,,verify_cultivar,Сорта ещё нет в каталоге: сначала установить идентичность и собрать первоисточники; не создавать карточку из поисковой фразы.,сорта клубники,sorta-klubniki.xlsx:Queries,1,False
малина атлант описание сорта фото отзывы садоводов урожайность характеристика и описание сорта,малина атлант,24,34,AVERAGE,Умеренная,garden,/sorta/atlant/,improve_cultivar,"Проверить полноту описания, фото и сравнения; отзывы и урожайность добавлять только по фактическим источникам.",сорта малины,sorta-maliny.xlsx:Queries,1,False
малина брусвяна описание сорта,малина брусвяна,24,26,AVERAGE,Умеренная,garden,,verify_cultivar,Сорта ещё нет в каталоге: сначала установить идентичность и собрать первоисточники; не создавать карточку из поисковой фразы.,сорта малины,sorta-maliny.xlsx:Queries,1,False
малина крепыш описание сорта фото отзывы садоводов,малиновое дерево крепыш,24,37,AVERAGE,Умеренная,garden,,verify_cultivar,Сорта ещё нет в каталоге: сначала установить идентичность и собрать первоисточники; не создавать карточку из поисковой фразы.,сорта малины,sorta-maliny.xlsx:Queries,1,False
описание сорт клубники мальвина описание фото,клубника мальвина,24,30,AVERAGE,Умеренная,garden,/sorta/malvina/,improve_cultivar,"Проверить полноту описания, фото и сравнения; отзывы и урожайность добавлять только по фактическим источникам.",сорта клубники,sorta-klubniki.xlsx:Queries,1,False
сорта малины для урала,сорта малины для урала с фотографиями,24,45,AVERAGE,Умеренная,garden,,manual_mapping,Нужна редакционная проверка намерения.,сорта малины,sorta-maliny.xlsx:Queries,1,False
тибетская малина что это,тибетская малина,24,17,AVERAGE,Умеренная,garden,,new_botanical_article,"Сначала установить вид и источники; объяснить отличие от обычной малины, добавить проверяемые фото.",тибетская малина,tibetskaya-malina.xlsx:Queries,1,False
виктория лорд описание сорта фото отзывы,клубника лорд,23,29,AVERAGE,Умеренная,garden,,verify_cultivar,Сорта ещё нет в каталоге: сначала установить идентичность и собрать первоисточники; не создавать карточку из поисковой фразы.,сорта клубники,sorta-klubniki.xlsx:AdditionalQueries,1,False
гигант джорнея клубника описание сорта,клубника гигант джорнея,23,19,AVERAGE,Умеренная,garden,,verify_cultivar,Сорта ещё нет в каталоге: сначала установить идентичность и собрать первоисточники; не создавать карточку из поисковой фразы.,сорта клубники,sorta-klubniki.xlsx:Queries,1,False
какая клубника самая сладкая и крупная и урожайная,сорта клубники,23,30,AVERAGE,Умеренная,garden,,manual_mapping,Нужна редакционная проверка намерения.,сорта клубники,sorta-klubniki.xlsx:AdditionalQueries,1,False
клубника ания описание сорта фото отзывы,клубника ания,23,35,AVERAGE,Умеренная,garden,/sorta/aniya/,improve_cultivar,"Проверить полноту описания, фото и сравнения; отзывы и урожайность добавлять только по фактическим источникам.",сорта клубники,sorta-klubniki.xlsx:Queries,1,False
клубника берегиня описание сорта,клубника берегиня,23,21,AVERAGE,Умеренная,garden,/sorta/bereginya/,improve_cultivar,"Проверить полноту описания, фото и сравнения; отзывы и урожайность добавлять только по фактическим источникам.",сорта клубники,sorta-klubniki.xlsx:Queries,1,False
клубника джоли описание сорта фото,клубника джоли,23,23,AVERAGE,Умеренная,garden,/sorta/dzholi/,improve_cultivar,"Проверить полноту описания, фото и сравнения; отзывы и урожайность добавлять только по фактическим источникам.",сорта клубники,sorta-klubniki.xlsx:Queries,1,False
клубника маригет описание сорта,клубника маригет,23,24,AVERAGE,Умеренная,garden,,verify_cultivar,Сорта ещё нет в каталоге: сначала установить идентичность и собрать первоисточники; не создавать карточку из поисковой фразы.,сорта клубники,sorta-klubniki.xlsx:Queries,1,False
клубника сирия описание сорта фото отзывы садоводов урожайность,клубника сирия,23,39,AVERAGE,Умеренная,garden,/sorta/siriya/,improve_cultivar,"Проверить полноту описания, фото и сравнения; отзывы и урожайность добавлять только по фактическим источникам.",сорта клубники,sorta-klubniki.xlsx:Queries,1,False
клубника черный принц описание сорта фото отзывы садоводов,клубника черный принц,23,32,AVERAGE,Умеренная,garden,,verify_cultivar,Сорта ещё нет в каталоге: сначала установить идентичность и собрать первоисточники; не создавать карточку из поисковой фразы.,сорта клубники,sorta-klubniki.xlsx:Queries,1,False
лучшие сорта клубники для беларуси,лучшие сорта клубники для беларуси,23,49,AVERAGE,Умеренная,garden,/sorta/,improve_catalog,"Уточнить путь к каталогу клубники, фильтрам и сравнению.",сорта клубники,sorta-klubniki.xlsx:Queries,1,False
лучшие сорта клубники для нижегородской области,сорта клубники,23,37,AVERAGE,Умеренная,garden,/sorta/,improve_catalog,"Уточнить путь к каталогу клубники, фильтрам и сравнению.",сорта клубники,sorta-klubniki.xlsx:Queries,1,False
малина богатырь описание сорта фото отзывы садоводов,малина богатырь,23,35,AVERAGE,Умеренная,garden,,verify_cultivar,Сорта ещё нет в каталоге: сначала установить идентичность и собрать первоисточники; не создавать карточку из поисковой фразы.,сорта малины,sorta-maliny.xlsx:Queries,1,False
малина для ленинградской области лучшие сорта,лучшие сорта малины для ленинградской области,23,42,AVERAGE,Умеренная,garden,,manual_mapping,Нужна редакционная проверка намерения.,сорта малины,sorta-maliny.xlsx:Queries,1,False
малина конек горбунок описание сорта,малина конек горбунок,23,23,AVERAGE,Умеренная,garden,,verify_cultivar,Сорта ещё нет в каталоге: сначала установить идентичность и собрать первоисточники; не создавать карточку из поисковой фразы.,сорта малины,sorta-maliny.xlsx:Queries,1,False
малина пингвин описание сорта фото отзывы садоводов,малина пингвин описание сорта фото отзывы садоводов,23,35,AVERAGE,Умеренная,garden,/sorta/pingvin/,improve_cultivar,"Проверить полноту описания, фото и сравнения; отзывы и урожайность добавлять только по фактическим источникам.",сорта малины,sorta-maliny.xlsx:Queries,1,False
малина сластиха описание сорта,малина сластиха,23,29,AVERAGE,Умеренная,garden,,verify_cultivar,Сорта ещё нет в каталоге: сначала установить идентичность и собрать первоисточники; не создавать карточку из поисковой фразы.,сорта малины,sorta-maliny.xlsx:Queries,1,False
мальга клубника описание сорта фото отзывы садоводов,клубника мальга,23,29,AVERAGE,Умеренная,garden,/sorta/malga/,improve_cultivar,"Проверить полноту описания, фото и сравнения; отзывы и урожайность добавлять только по фактическим источникам.",сорта клубники,sorta-klubniki.xlsx:Queries,1,False
на листьях клубники коричневые пятна что это за болезнь и как ее лечить,болезни клубники,23,35,AVERAGE,Умеренная,garden,/instrumenty/proverka-rasteniya/,new_diagnostic_hub,Подготовить руководство по болезням клубники с проверяемыми фото и различиями симптомов; связать с материалом о серой гнили.,болезни клубники,bolezni-klubniki.xlsx:Queries,1,False
ремонтантная клубника описание сорта фото отзывы,ремонтантные сорта клубники,23,30,AVERAGE,Умеренная,garden,,verify_cultivar,Сорта ещё нет в каталоге: сначала установить идентичность и собрать первоисточники; не создавать карточку из поисковой фразы.,сорта клубники,sorta-klubniki.xlsx:Queries,1,False
сирия клубника описание сорта фото,клубника сирия,23,26,AVERAGE,Умеренная,garden,/sorta/siriya/,improve_cultivar,"Проверить полноту описания, фото и сравнения; отзывы и урожайность добавлять только по фактическим источникам.",сорта клубники,sorta-klubniki.xlsx:Queries,1,False
сорт купчиха клубника описание,клубника купчиха,23,15,AVERAGE,Умеренная,garden,/sorta/,improve_catalog,"Уточнить путь к каталогу клубники, фильтрам и сравнению.",сорта клубники,sorta-klubniki.xlsx:Queries,1,False
сорта малины для ростовской области с фото и описанием,сорта малины для ростовской области с фото и описанием,23,37,AVERAGE,Умеренная,garden,,manual_mapping,Нужна редакционная проверка намерения.,сорта малины,sorta-maliny.xlsx:Queries,1,False
цунаки клубника описание сорта,клубника цунаки,23,23,AVERAGE,Умеренная,garden,,verify_cultivar,Сорта ещё нет в каталоге: сначала установить идентичность и собрать первоисточники; не создавать карточку из поисковой фразы.,сорта клубники,sorta-klubniki.xlsx:Queries,1,False
болезни и вредители клубники,обработка клубники весной,22,34,AVERAGE,Умеренная,garden,/instrumenty/proverka-rasteniya/,new_diagnostic_hub,Подготовить руководство по болезням клубники с проверяемыми фото и различиями симптомов; связать с материалом о серой гнили.,болезни клубники,bolezni-klubniki.xlsx:Queries,1,False
болезни малины описание,болезни малины,22,33,AVERAGE,Умеренная,garden,/instrumenty/proverka-rasteniya/,diagnostic_backlog,Связать симптомы с проверкой растения; отдельный материал только после проверки источников.,болезни малины,bolezni-maliny.xlsx:Queries,1,False
болезни малины описание с фотографиями и способы,болезни малины,22,33,AVERAGE,Умеренная,garden,/instrumenty/proverka-rasteniya/,diagnostic_backlog,Связать симптомы с проверкой растения; отдельный материал только после проверки источников.,болезни малины,bolezni-maliny.xlsx:Queries,1,False
виктория фестивальная описание сорта,клубника фестивальная,22,18,AVERAGE,Умеренная,garden,/sorta/festivalnaya/,improve_cultivar,"Проверить полноту описания, фото и сравнения; отзывы и урожайность добавлять только по фактическим источникам.",клубника | сорта клубники,klubnika.xlsx:AdditionalQueries | sorta-klubniki.xlsx:AdditionalQueries,2,False
древовидная малина посадка и уход в открытом грунте,малиновое дерево,22,27,AVERAGE,Умеренная,garden,/zhurnal/posadka-maliny/,improve_existing,Обновить ответы внутри существующего материала и связать с расчётом посадки.,посадка малины,posadka-maliny.xlsx:Queries,1,False
клубника ами описание сорта,клубника ами,22,26,AVERAGE,Умеренная,garden,,verify_cultivar,Сорта ещё нет в каталоге: сначала установить идентичность и собрать первоисточники; не создавать карточку из поисковой фразы.,сорта клубники,sorta-klubniki.xlsx:Queries,1,False
клубника генри описание сорта,клубника генри,22,23,AVERAGE,Умеренная,garden,,verify_cultivar,Сорта ещё нет в каталоге: сначала установить идентичность и собрать первоисточники; не создавать карточку из поисковой фразы.,сорта клубники,sorta-klubniki.xlsx:Queries,1,False
клубника сорт мурано описание и фото,клубника мурано,22,20,AVERAGE,Умеренная,garden,/sorta/murano/,improve_cultivar,"Проверить полноту описания, фото и сравнения; отзывы и урожайность добавлять только по фактическим источникам.",сорта клубники,sorta-klubniki.xlsx:Queries,1,False
лучшие сорта клубники для владимирской области,сорта клубники,22,40,AVERAGE,Умеренная,garden,/sorta/,improve_catalog,"Уточнить путь к каталогу клубники, фильтрам и сравнению.",сорта клубники,sorta-klubniki.xlsx:Queries,1,False
лучшие сорта клубники для кировской области,лучшие сорта клубники для кировской области,22,31,AVERAGE,Умеренная,garden,/sorta/,improve_catalog,"Уточнить путь к каталогу клубники, фильтрам и сравнению.",сорта клубники,sorta-klubniki.xlsx:Queries,1,False
лучшие сорта клубники для татарстана для открытого грунта,сорта клубники,22,37,AVERAGE,Умеренная,garden,/sorta/,improve_catalog,"Уточнить путь к каталогу клубники, фильтрам и сравнению.",сорта клубники,sorta-klubniki.xlsx:Queries,1,False
малина бабье лето описание сорта фото отзывы,малина бабье лето,22,28,AVERAGE,Умеренная,garden,,verify_cultivar,Сорта ещё нет в каталоге: сначала установить идентичность и собрать первоисточники; не создавать карточку из поисковой фразы.,сорта малины,sorta-maliny.xlsx:Queries,1,False
малина колокольчик описание сорта,сорт малины колокольчик фото и описание,22,27,AVERAGE,Умеренная,garden,,verify_cultivar,Сорта ещё нет в каталоге: сначала установить идентичность и собрать первоисточники; не создавать карточку из поисковой фразы.,сорта малины,sorta-maliny.xlsx:Queries,1,False
малина крепыш описание,малиновое дерево крепыш,22,26,AVERAGE,Умеренная,garden,,manual_mapping,Нужна редакционная проверка намерения.,сорта малины,sorta-maliny.xlsx:AdditionalQueries,1,False
малина марсела описание сорта фото отзывы,малина марсела описание сорта фото отзывы,22,28,AVERAGE,Умеренная,garden,,verify_cultivar,Сорта ещё нет в каталоге: сначала установить идентичность и собрать первоисточники; не создавать карточку из поисковой фразы.,сорта малины,sorta-maliny.xlsx:Queries,1,False
малина херитейдж описание сорта фото отзывы садоводов,малина херитейдж описание,22,32,AVERAGE,Умеренная,garden,/sorta/heritage/,improve_cultivar,"Проверить полноту описания, фото и сравнения; отзывы и урожайность добавлять только по фактическим источникам.",сорта малины,sorta-maliny.xlsx:Queries,1,False
нанди клубника описание сорта фото отзывы садоводов,клубника нанди,22,32,AVERAGE,Умеренная,garden,,verify_cultivar,Сорта ещё нет в каталоге: сначала установить идентичность и собрать первоисточники; не создавать карточку из поисковой фразы.,сорта клубники,sorta-klubniki.xlsx:Queries,1,False
рубиновый кулон клубника описание сорта,клубника рубиновый кулон,22,16,AVERAGE,Умеренная,garden,,verify_cultivar,Сорта ещё нет в каталоге: сначала установить идентичность и собрать первоисточники; не создавать карточку из поисковой фразы.,сорта клубники,sorta-klubniki.xlsx:Queries,1,False
сорт клубники априка фото и описание,клубника априка,22,20,AVERAGE,Умеренная,garden,/sorta/aprika/,improve_cultivar,"Проверить полноту описания, фото и сравнения; отзывы и урожайность добавлять только по фактическим источникам.",сорта клубники,sorta-klubniki.xlsx:Queries,1,False
тибетская малина что это такое,тибетская малина,22,18,AVERAGE,Умеренная,garden,,new_botanical_article,"Сначала установить вид и источники; объяснить отличие от обычной малины, добавить проверяемые фото.",тибетская малина,tibetskaya-malina.xlsx:Queries,1,False
чем обработать клубнику осенью от вредителей и болезней после обрезки осенью,чем обработать клубнику осенью,22,28,AVERAGE,Умеренная,garden,/instrumenty/proverka-rasteniya/,new_diagnostic_hub,Подготовить руководство по болезням клубники с проверяемыми фото и различиями симптомов; связать с материалом о серой гнили.,болезни клубники,bolezni-klubniki.xlsx:Queries,1,False
бычье сердце клубника описание сорта,клубника бычье сердце,21,26,AVERAGE,Умеренная,garden,,verify_cultivar,Сорта ещё нет в каталоге: сначала установить идентичность и собрать первоисточники; не создавать карточку из поисковой фразы.,сорта клубники,sorta-klubniki.xlsx:Queries,1,False
весенняя обработка малины от вредителей и болезней,уход за малиной весной,21,36,AVERAGE,Умеренная,garden,/instrumenty/proverka-rasteniya/,diagnostic_backlog,Связать симптомы с проверкой растения; отдельный материал только после проверки источников.,болезни малины,bolezni-maliny.xlsx:Queries,1,False
журавлик малина описание сорта фото отзывы,малина журавлик,21,25,AVERAGE,Умеренная,garden,/sorta/zhuravlik/,improve_cultivar,"Проверить полноту описания, фото и сравнения; отзывы и урожайность добавлять только по фактическим источникам.",сорта малины,sorta-maliny.xlsx:Queries,1,False
какой сорт малины лучше посадить в подмосковье,лучшие сорта малины для подмосковья,21,21,AVERAGE,Умеренная,garden,/zhurnal/sorta-maliny-dlya-podmoskovya-kak-vybrat/,improve_existing,Связать выбор со сравнением сортов и условиями участка; отзывы и урожайность показывать только с реальными данными.,сорта малины,sorta-maliny.xlsx:Queries,1,False
клубника азия фото и описание сорта,клубника азия,21,25,AVERAGE,Умеренная,garden,/sorta/aziya/,improve_cultivar,"Проверить полноту описания, фото и сравнения; отзывы и урожайность добавлять только по фактическим источникам.",сорта клубники,sorta-klubniki.xlsx:Queries,1,False
клубника большая медведица описание сорта,клубника большая медведица,21,25,AVERAGE,Умеренная,garden,,verify_cultivar,Сорта ещё нет в каталоге: сначала установить идентичность и собрать первоисточники; не создавать карточку из поисковой фразы.,сорта клубники,sorta-klubniki.xlsx:Queries,1,False
клубника брина описание сорта,клубника брина,21,26,AVERAGE,Умеренная,garden,,verify_cultivar,Сорта ещё нет в каталоге: сначала установить идентичность и собрать первоисточники; не создавать карточку из поисковой фразы.,сорта клубники,sorta-klubniki.xlsx:Queries,1,False
клубника остара описание сорта,клубника остара,21,20,AVERAGE,Умеренная,garden,,verify_cultivar,Сорта ещё нет в каталоге: сначала установить идентичность и собрать первоисточники; не создавать карточку из поисковой фразы.,сорта клубники,sorta-klubniki.xlsx:Queries,1,False
клубника полка описание сорта фото отзывы садоводов урожайность,клубника полка,21,29,AVERAGE,Умеренная,garden,,verify_cultivar,Сорта ещё нет в каталоге: сначала установить идентичность и собрать первоисточники; не создавать карточку из поисковой фразы.,сорта клубники,sorta-klubniki.xlsx:Queries,1,False
клубника ремонтантная описание сорта фото отзывы,ремонтантные сорта клубники,21,27,AVERAGE,Умеренная,garden,,verify_cultivar,Сорта ещё нет в каталоге: сначала установить идентичность и собрать первоисточники; не создавать карточку из поисковой фразы.,сорта клубники,sorta-klubniki.xlsx:Queries,1,False
клубника сорт азия описание,клубника азия,21,15,AVERAGE,Умеренная,garden,/sorta/aziya/,improve_cultivar,"Проверить полноту описания, фото и сравнения; отзывы и урожайность добавлять только по фактическим источникам.",сорта клубники,sorta-klubniki.xlsx:Queries,1,False
когда сажать малину в подмосковье лучше на дачном участке,посадка малины весной в открытый грунт саженцами,21,14,AVERAGE,Умеренная,garden,/zhurnal/sorta-maliny-dlya-podmoskovya-kak-vybrat/,improve_existing,Связать выбор со сравнением сортов и условиями участка; отзывы и урожайность показывать только с реальными данными.,посадка малины,posadka-maliny.xlsx:AdditionalQueries,1,False
лучшие сорта клубники для ярославской области,лучшие сорта клубники для нижегородской области для открытого грунта,21,35,AVERAGE,Умеренная,garden,/sorta/,improve_catalog,"Уточнить путь к каталогу клубники, фильтрам и сравнению.",сорта клубники,sorta-klubniki.xlsx:Queries,1,False
малина вольница описание сорта,малина вольница,21,21,AVERAGE,Умеренная,garden,,verify_cultivar,Сорта ещё нет в каталоге: сначала установить идентичность и собрать первоисточники; не создавать карточку из поисковой фразы.,сорта малины,sorta-maliny.xlsx:Queries,1,False
малина гусар описание сорта отзывы,малина гусар,21,33,AVERAGE,Умеренная,garden,/sorta/gusar/,improve_cultivar,"Проверить полноту описания, фото и сравнения; отзывы и урожайность добавлять только по фактическим источникам.",сорта малины,sorta-maliny.xlsx:Queries,1,False
малина недосягаемая описание сорта,малина недосягаемая,21,22,AVERAGE,Умеренная,garden,,verify_cultivar,Сорта ещё нет в каталоге: сначала установить идентичность и собрать первоисточники; не создавать карточку из поисковой фразы.,сорта малины,sorta-maliny.xlsx:Queries,1,False
малина туламин описание сорта,малина туламин,21,21,AVERAGE,Умеренная,garden,,verify_cultivar,Сорта ещё нет в каталоге: сначала установить идентичность и собрать первоисточники; не создавать карточку из поисковой фразы.,сорта малины,sorta-maliny.xlsx:Queries,1,False
малиновое дерево таруса описание сорта фото,малиновое дерево таруса,21,22,AVERAGE,Умеренная,garden,/zhurnal/malinovoe-derevo-tarusa/,improve_existing,Проверить ответ о штамбовой форме и уходе; не превращать торговое название в ботанический вид.,посадка малины | сорта малины,posadka-maliny.xlsx:AdditionalQueries | sorta-maliny.xlsx:AdditionalQueries,2,False
мурано клубника описание сорта фото отзывы садоводов,клубника мурано,21,24,AVERAGE,Умеренная,garden,/sorta/murano/,improve_cultivar,"Проверить полноту описания, фото и сравнения; отзывы и урожайность добавлять только по фактическим источникам.",сорта клубники,sorta-klubniki.xlsx:Queries,1,False
ранние сорта клубники для краснодарского края,сорта клубники для краснодарского края,21,30,AVERAGE,Умеренная,garden,/podbor/,improve_selector,Использовать место и подтверждённый допуск; местную урожайность не выводить из допуска.,сорта клубники,sorta-klubniki.xlsx:Queries,1,False
самая сладкая клубника сорта отзывы,самые сладкие сорта клубники,21,38,AVERAGE,Умеренная,garden,/sorta/,improve_catalog,"Уточнить путь к каталогу клубники, фильтрам и сравнению.",сорта клубники,sorta-klubniki.xlsx:Queries,1,False
сорт клубники азия описание,клубника азия,21,18,AVERAGE,Умеренная,garden,/sorta/aziya/,improve_cultivar,"Проверить полноту описания, фото и сравнения; отзывы и урожайность добавлять только по фактическим источникам.",сорта клубники,sorta-klubniki.xlsx:Queries,1,False
сорт клубники черный принц фото и описание,клубника черный принц,21,19,AVERAGE,Умеренная,garden,/sorta/,improve_catalog,"Уточнить путь к каталогу клубники, фильтрам и сравнению.",сорта клубники,sorta-klubniki.xlsx:Queries,1,False
сорта клубники для краснодарского края фото с названием и описанием,сорта клубники для краснодарского края,21,34,AVERAGE,Умеренная,garden,/podbor/,improve_selector,Использовать место и подтверждённый допуск; местную урожайность не выводить из допуска.,сорта клубники,sorta-klubniki.xlsx:Queries,1,False
сорта малины для средней полосы россии с фото и описанием,сорта малины,21,50,AVERAGE,Умеренная,garden,,manual_mapping,Нужна редакционная проверка намерения.,сорта малины,sorta-maliny.xlsx:Queries,1,False
сорта малины патриция фото и описание,малина патриция,21,21,AVERAGE,Умеренная,garden,/sorta/patritsiya/,improve_cultivar,"Проверить полноту описания, фото и сравнения; отзывы и урожайность добавлять только по фактическим источникам.",сорта малины,sorta-maliny.xlsx:Queries,1,False
сорта ремонтантной малины с фотографиями и описанием,сорта ремонтантной малины,21,47,AVERAGE,Умеренная,garden,,manual_mapping,Нужна редакционная проверка намерения.,сорта малины,sorta-maliny.xlsx:Queries,1,False
болезни малины описание с фотографиями на листьях и способы лечения,болезни малины,20,37,AVERAGE,Умеренная,garden,/instrumenty/proverka-rasteniya/,diagnostic_backlog,Связать симптомы с проверкой растения; отдельный материал только после проверки источников.,болезни малины,bolezni-maliny.xlsx:Queries,1,False
болезни малины фото и их лечение,болезни малины,20,29,AVERAGE,Умеренная,garden,/instrumenty/proverka-rasteniya/,diagnostic_backlog,Связать симптомы с проверкой растения; отдельный материал только после проверки источников.,болезни малины,bolezni-maliny.xlsx:Queries,1,False
как сажать тибетскую малину,тибетская малина,20,22,AVERAGE,Умеренная,garden,,new_botanical_article,"Сначала установить вид и источники; объяснить отличие от обычной малины, добавить проверяемые фото.",тибетская малина,tibetskaya-malina.xlsx:Queries,1,False
клубника александра описание сорта фото,клубника александра,20,24,AVERAGE,Умеренная,garden,,verify_cultivar,Сорта ещё нет в каталоге: сначала установить идентичность и собрать первоисточники; не создавать карточку из поисковой фразы.,сорта клубники,sorta-klubniki.xlsx:Queries,1,False
клубника альбион описание сорта фото,клубника альбион,20,23,AVERAGE,Умеренная,garden,/sorta/albion/,improve_cultivar,"Проверить полноту описания, фото и сравнения; отзывы и урожайность добавлять только по фактическим источникам.",сорта клубники,sorta-klubniki.xlsx:Queries,1,False
клубника ананасная описание сорта фото отзывы садоводов,клубника ананасная описание сорта,20,28,AVERAGE,Умеренная,garden,,verify_cultivar,Сорта ещё нет в каталоге: сначала установить идентичность и собрать первоисточники; не создавать карточку из поисковой фразы.,сорта клубники,sorta-klubniki.xlsx:Queries,1,False
клубника виктория описание сорта фото отзывы,клубника виктория описание сорта,20,28,AVERAGE,Умеренная,garden,,verify_cultivar,Сорта ещё нет в каталоге: сначала установить идентичность и собрать первоисточники; не создавать карточку из поисковой фразы.,сорта клубники,sorta-klubniki.xlsx:Queries,1,False
клубника дивная описание сорта,клубника дивная,20,21,AVERAGE,Умеренная,garden,/sorta/divnaya/,improve_cultivar,"Проверить полноту описания, фото и сравнения; отзывы и урожайность добавлять только по фактическим источникам.",сорта клубники,sorta-klubniki.xlsx:Queries,1,False
клубника корона описание сорта фото отзывы,клубника корона,20,30,AVERAGE,Умеренная,garden,,verify_cultivar,Сорта ещё нет в каталоге: сначала установить идентичность и собрать первоисточники; не создавать карточку из поисковой фразы.,сорта клубники,sorta-klubniki.xlsx:Queries,1,False
лучшие сорта клубники для волгоградской области для открытого грунта,самые урожайные сорта клубники,20,36,AVERAGE,Умеренная,garden,/sorta/,improve_catalog,"Уточнить путь к каталогу клубники, фильтрам и сравнению.",сорта клубники,sorta-klubniki.xlsx:Queries,1,False
лучший сорт клубники для подмосковья,лучшие сорта клубники для подмосковья,20,27,AVERAGE,Умеренная,garden,/sorta/,improve_catalog,"Уточнить путь к каталогу клубники, фильтрам и сравнению.",сорта клубники,sorta-klubniki.xlsx:Queries,1,False
малина вера описание сорта,малина вера,20,18,AVERAGE,Умеренная,garden,,verify_cultivar,Сорта ещё нет в каталоге: сначала установить идентичность и собрать первоисточники; не создавать карточку из поисковой фразы.,сорта малины,sorta-maliny.xlsx:Queries,1,False
малина джоан джей описание сорта фото отзывы,малина джоан джей,20,19,AVERAGE,Умеренная,garden,/sorta/joan-j/,improve_cultivar,"Проверить полноту описания, фото и сравнения; отзывы и урожайность добавлять только по фактическим источникам.",сорта малины,sorta-maliny.xlsx:Queries,1,False
малина радзиева описание сорта,малина радзиева,20,19,AVERAGE,Умеренная,garden,,verify_cultivar,Сорта ещё нет в каталоге: сначала установить идентичность и собрать первоисточники; не создавать карточку из поисковой фразы.,сорта малины,sorta-maliny.xlsx:Queries,1,False
малина рубиновое ожерелье описание сорта,малина рубиновое ожерелье,20,16,AVERAGE,Умеренная,garden,/sorta/rubinovoe-ozherele/,improve_cultivar,"Проверить полноту описания, фото и сравнения; отзывы и урожайность добавлять только по фактическим источникам.",сорта малины,sorta-maliny.xlsx:Queries,1,False
малина солнышко описание сорта,малина солнышко,20,20,AVERAGE,Умеренная,garden,/sorta/solnyshko/,improve_cultivar,"Проверить полноту описания, фото и сравнения; отзывы и урожайность добавлять только по фактическим источникам.",сорта малины,sorta-maliny.xlsx:Queries,1,False
самые сладкие сорта малины,сорта малины,20,46,AVERAGE,Умеренная,garden,,manual_mapping,Нужна редакционная проверка намерения.,сорта малины,sorta-maliny.xlsx:Queries,1,False
сорт клубники клери фото и описание отзывы садоводов,клубника клери описание сорта,20,25,AVERAGE,Умеренная,garden,/sorta/kleri/,improve_cultivar,"Проверить полноту описания, фото и сравнения; отзывы и урожайность добавлять только по фактическим источникам.",сорта клубники,sorta-klubniki.xlsx:Queries,1,False
сорт клубники чамора туруси фото и описание,клубника чамора туруси,20,23,AVERAGE,Умеренная,garden,/sorta/,improve_catalog,"Уточнить путь к каталогу клубники, фильтрам и сравнению.",сорта клубники,sorta-klubniki.xlsx:Queries,1,False
сорта клубники для подмосковья лучшие для открытого грунта,лучшие сорта клубники для подмосковья,20,33,AVERAGE,Умеренная,garden,/sorta/,improve_catalog,"Уточнить путь к каталогу клубники, фильтрам и сравнению.",сорта клубники,sorta-klubniki.xlsx:Queries,1,False
сорта малины для краснодарского края фото описание,малина ремонтантная лучшие сорта для юга россии,20,40,AVERAGE,Умеренная,garden,,manual_mapping,Нужна редакционная проверка намерения.,сорта малины,sorta-maliny.xlsx:Queries,1,False
сорта малины ремонтантной фото и название,сорта ремонтантной малины,20,29,AVERAGE,Умеренная,garden,,manual_mapping,Нужна редакционная проверка намерения.,сорта малины,sorta-maliny.xlsx:Queries,1,False
флоренс клубника описание сорта,клубника флоренс,20,20,AVERAGE,Умеренная,garden,,verify_cultivar,Сорта ещё нет в каталоге: сначала установить идентичность и собрать первоисточники; не создавать карточку из поисковой фразы.,сорта клубники,sorta-klubniki.xlsx:Queries,1,False
азия сорт клубники описание,клубника азия,19,15,AVERAGE,Умеренная,garden,/sorta/aziya/,improve_cultivar,"Проверить полноту описания, фото и сравнения; отзывы и урожайность добавлять только по фактическим источникам.",сорта клубники,sorta-klubniki.xlsx:Queries,1,False
болезнь малины в картинках фото и лечение,болезни малины,19,29,AVERAGE,Умеренная,garden,/instrumenty/proverka-rasteniya/,diagnostic_backlog,Связать симптомы с проверкой растения; отдельный материал только после проверки источников.,болезни малины,bolezni-maliny.xlsx:Queries,1,False
весенняя обработка малины,уход за малиной весной,19,27,AVERAGE,Умеренная,garden,,manual_mapping,Нужна редакционная проверка намерения.,болезни малины,bolezni-maliny.xlsx:AdditionalQueries,1,False
как обработать клубнику весной после зимы и чем,обработка клубники весной,19,21,AVERAGE,Умеренная,garden,,manual_mapping,Нужна редакционная проверка намерения.,болезни клубники,bolezni-klubniki.xlsx:AdditionalQueries,1,False
карамелька малина описание сорта фото отзывы,малина карамелька,19,19,AVERAGE,Умеренная,garden,/sorta/karamelka/,improve_cultivar,"Проверить полноту описания, фото и сравнения; отзывы и урожайность добавлять только по фактическим источникам.",сорта малины,sorta-maliny.xlsx:Queries,1,False
клубника боровицкая описание сорта,клубника боровицкая,19,18,AVERAGE,Умеренная,garden,/sorta/borovitskaya/,improve_cultivar,"Проверить полноту описания, фото и сравнения; отзывы и урожайность добавлять только по фактическим источникам.",сорта клубники,sorta-klubniki.xlsx:Queries,1,False
клубника вима рина описание сорта,вима рина клубника описание,19,16,AVERAGE,Умеренная,garden,,verify_cultivar,Сорта ещё нет в каталоге: сначала установить идентичность и собрать первоисточники; не создавать карточку из поисковой фразы.,сорта клубники,sorta-klubniki.xlsx:Queries,1,False
клубника вима тарда описание сорта,вима тарда клубника описание,19,12,AVERAGE,Умеренная,garden,,verify_cultivar,Сорта ещё нет в каталоге: сначала установить идентичность и собрать первоисточники; не создавать карточку из поисковой фразы.,сорта клубники,sorta-klubniki.xlsx:Queries,1,False
клубника витязь описание сорта,клубника витязь,19,19,AVERAGE,Умеренная,garden,/sorta/vityaz/,improve_cultivar,"Проверить полноту описания, фото и сравнения; отзывы и урожайность добавлять только по фактическим источникам.",сорта клубники,sorta-klubniki.xlsx:Queries,1,False
клубника москова описание сорта,клубника москова,19,21,AVERAGE,Умеренная,garden,,verify_cultivar,Сорта ещё нет в каталоге: сначала установить идентичность и собрать первоисточники; не создавать карточку из поисковой фразы.,сорта клубники,sorta-klubniki.xlsx:Queries,1,False
лучшие сорта клубники для воронежской области,клубника описание фото отзывы,19,30,AVERAGE,Умеренная,garden,/sorta/,improve_catalog,"Уточнить путь к каталогу клубники, фильтрам и сравнению.",сорта клубники,sorta-klubniki.xlsx:Queries,1,False
малина глен кое описание сорта фото отзывы,малина глен кое,19,21,AVERAGE,Умеренная,garden,,verify_cultivar,Сорта ещё нет в каталоге: сначала установить идентичность и собрать первоисточники; не создавать карточку из поисковой фразы.,сорта малины,sorta-maliny.xlsx:Queries,1,False
малина дочь геракла описание сорта,малина дочь геракла,19,15,AVERAGE,Умеренная,garden,,verify_cultivar,Сорта ещё нет в каталоге: сначала установить идентичность и собрать первоисточники; не создавать карточку из поисковой фразы.,сорта малины,sorta-maliny.xlsx:Queries,1,False
малина жар птица описание сорта,малина жар птица,19,19,AVERAGE,Умеренная,garden,,verify_cultivar,Сорта ещё нет в каталоге: сначала установить идентичность и собрать первоисточники; не создавать карточку из поисковой фразы.,сорта малины,sorta-maliny.xlsx:Queries,1,False
малина метеор описание сорта фото отзывы садоводов урожайность,малина метеор описание сорта,19,24,AVERAGE,Умеренная,garden,/sorta/meteor/,improve_cultivar,"Проверить полноту описания, фото и сравнения; отзывы и урожайность добавлять только по фактическим источникам.",сорта малины,sorta-maliny.xlsx:Queries,1,False
малина полана описание сорта фото отзывы садоводов урожайность характеристика,малина полана,19,21,AVERAGE,Умеренная,garden,/sorta/polana/,improve_cultivar,"Проверить полноту описания, фото и сравнения; отзывы и урожайность добавлять только по фактическим источникам.",сорта малины,sorta-maliny.xlsx:Queries,1,False
малиновое дерево крепыш описание,малиновое дерево крепыш,19,15,AVERAGE,Умеренная,garden,/zhurnal/malinovoe-derevo-tarusa/,improve_existing,Проверить ответ о штамбовой форме и уходе; не превращать торговое название в ботанический вид.,малина,malina.xlsx:AdditionalQueries,1,False
посадка малины весной в открытый грунт саженцами ремонтантной,посадка ремонтантной малины осенью в открытый грунт,19,24,AVERAGE,Умеренная,garden,/zhurnal/posadka-maliny/,improve_existing,Обновить ответы внутри существующего материала и связать с расчётом посадки.,посадка малины,posadka-maliny.xlsx:Queries,1,False
самые лучшие сорта клубники для московской области,лучшие сорта клубники для подмосковья,19,32,AVERAGE,Умеренная,garden,/sorta/,improve_catalog,"Уточнить путь к каталогу клубники, фильтрам и сравнению.",сорта клубники,sorta-klubniki.xlsx:Queries,1,False
сорта клубники для ленинградской области лучшие,лучшие сорта клубники для ленинградской области,19,35,AVERAGE,Умеренная,garden,/sorta/,improve_catalog,"Уточнить путь к каталогу клубники, фильтрам и сравнению.",сорта клубники,sorta-klubniki.xlsx:Queries,1,False
фестивальная ромашка клубника описание сорта,клубника фестивальная ромашка,19,16,AVERAGE,Умеренная,garden,/sorta/festivalnaya/,improve_cultivar,"Проверить полноту описания, фото и сравнения; отзывы и урожайность добавлять только по фактическим источникам.",сорта клубники,sorta-klubniki.xlsx:Queries,1,False
чем опрыскать малину весной,чем обработать малину весной от болезней и вредителей,19,20,AVERAGE,Умеренная,garden,,manual_mapping,Нужна редакционная проверка намерения.,болезни малины,bolezni-maliny.xlsx:AdditionalQueries,1,False
болезни малины с фото,болезни малины,18,31,AVERAGE,Умеренная,garden,/instrumenty/proverka-rasteniya/,diagnostic_backlog,Связать симптомы с проверкой растения; отдельный материал только после проверки источников.,болезни малины,bolezni-maliny.xlsx:Queries,1,False
букет из гипсофилы с клубникой сорта земляника мелкий калибр в шоколаде sweet berry радуга,букет из гипсофилы с клубникой сорта земляника мелкий калибр в шоколаде sweet berry радуга,18,16,AVERAGE,Умеренная,garden,/sorta/,improve_catalog,"Уточнить путь к каталогу клубники, фильтрам и сравнению.",сорта клубники,sorta-klubniki.xlsx:Queries,1,False
заболевания малины фото и описания,болезни малины,18,32,AVERAGE,Умеренная,garden,,manual_mapping,Нужна редакционная проверка намерения.,болезни малины,bolezni-maliny.xlsx:AdditionalQueries,1,False
как правильно садить малину осенью,посадка малины осенью когда и как посадить,18,19,AVERAGE,Умеренная,garden,,manual_mapping,Нужна редакционная проверка намерения.,посадка малины,posadka-maliny.xlsx:AdditionalQueries,1,False
клубника александра описание сорта фото отзывы садоводов,клубника александра,18,23,AVERAGE,Умеренная,garden,,verify_cultivar,Сорта ещё нет в каталоге: сначала установить идентичность и собрать первоисточники; не создавать карточку из поисковой фразы.,сорта клубники,sorta-klubniki.xlsx:Queries,1,False
клубника альба описание сорта отзывы,клубника альба,18,21,AVERAGE,Умеренная,garden,/sorta/alba/,improve_cultivar,"Проверить полноту описания, фото и сравнения; отзывы и урожайность добавлять только по фактическим источникам.",сорта клубники,sorta-klubniki.xlsx:Queries,1,False
клубника для ленинградской области лучшие сорта,лучшие сорта клубники для ленинградской области,18,33,AVERAGE,Умеренная,garden,/sorta/,improve_catalog,"Уточнить путь к каталогу клубники, фильтрам и сравнению.",сорта клубники,sorta-klubniki.xlsx:Queries,1,False
клубника клодия описание сорта,клубника клодия,18,23,AVERAGE,Умеренная,garden,,verify_cultivar,Сорта ещё нет в каталоге: сначала установить идентичность и собрать первоисточники; не создавать карточку из поисковой фразы.,сорта клубники,sorta-klubniki.xlsx:Queries,1,False
клубника лучшие сорта,сорта клубники,18,30,AVERAGE,Умеренная,garden,/sorta/,improve_catalog,"Уточнить путь к каталогу клубники, фильтрам и сравнению.",сорта клубники,sorta-klubniki.xlsx:Queries,1,False
клубника лучшие сорта для подмосковья,лучшие сорта клубники для подмосковья,18,31,AVERAGE,Умеренная,garden,/sorta/,improve_catalog,"Уточнить путь к каталогу клубники, фильтрам и сравнению.",сорта клубники,sorta-klubniki.xlsx:Queries,1,False
клубника максим описание сорта фото,клубника максим,18,19,AVERAGE,Умеренная,garden,,verify_cultivar,Сорта ещё нет в каталоге: сначала установить идентичность и собрать первоисточники; не создавать карточку из поисковой фразы.,сорта клубники,sorta-klubniki.xlsx:Queries,1,False
клубника надя описание сорта,клубника надя,18,26,AVERAGE,Умеренная,garden,,verify_cultivar,Сорта ещё нет в каталоге: сначала установить идентичность и собрать первоисточники; не создавать карточку из поисковой фразы.,сорта клубники,sorta-klubniki.xlsx:Queries,1,False
клубника сорт,сорта клубники,18,11,AVERAGE,Умеренная,garden,,manual_mapping,Нужна редакционная проверка намерения.,сорта клубники,sorta-klubniki.xlsx:Queries,1,False
клубника хоней описание сорта фото отзывы садоводов урожайность,клубника хоней описание сорта фото отзывы,18,21,AVERAGE,Умеренная,garden,/sorta/honey/,improve_cultivar,"Проверить полноту описания, фото и сравнения; отзывы и урожайность добавлять только по фактическим источникам.",сорта клубники,sorta-klubniki.xlsx:Queries,1,False
королева елизавета клубника описание сорта,клубника елизавета,18,15,AVERAGE,Умеренная,garden,,verify_cultivar,Сорта ещё нет в каталоге: сначала установить идентичность и собрать первоисточники; не создавать карточку из поисковой фразы.,сорта клубники,sorta-klubniki.xlsx:Queries,1,False
лучшие сорта клубники для калужской области,лучшие сорта клубники для средней полосы для открытого грунта,18,29,AVERAGE,Умеренная,garden,/sorta/,improve_catalog,"Уточнить путь к каталогу клубники, фильтрам и сравнению.",сорта клубники,sorta-klubniki.xlsx:Queries,1,False
лучшие сорта ремонтантной клубники для ленинградской области,лучшие сорта клубники для ленинградской области,18,28,AVERAGE,Умеренная,garden,/sorta/,improve_catalog,"Уточнить путь к каталогу клубники, фильтрам и сравнению.",сорта клубники,sorta-klubniki.xlsx:Queries,1,False
малина лячка описание сорта фото отзывы,малина лячка,18,20,AVERAGE,Умеренная,garden,/sorta/lyachka/,improve_cultivar,"Проверить полноту описания, фото и сравнения; отзывы и урожайность добавлять только по фактическим источникам.",сорта малины,sorta-maliny.xlsx:Queries,1,False
малина патриция описание сорта фото,малина патриция,18,18,AVERAGE,Умеренная,garden,/sorta/patritsiya/,improve_cultivar,"Проверить полноту описания, фото и сравнения; отзывы и урожайность добавлять только по фактическим источникам.",сорта малины,sorta-maliny.xlsx:Queries,1,False
малина полет костенко описание сорта,малина полет костенко описание сорта,18,33,AVERAGE,Умеренная,garden,,verify_cultivar,Сорта ещё нет в каталоге: сначала установить идентичность и собрать первоисточники; не создавать карточку из поисковой фразы.,сорта малины,sorta-maliny.xlsx:Queries,1,False
малина полка описание сорта фото отзывы,малина полька,18,18,AVERAGE,Умеренная,garden,,verify_cultivar,Сорта ещё нет в каталоге: сначала установить идентичность и собрать первоисточники; не создавать карточку из поисковой фразы.,сорта малины,sorta-maliny.xlsx:Queries,1,False
малина ремонтантная сорта фото и описание,сорта ремонтантной малины,18,30,AVERAGE,Умеренная,garden,,manual_mapping,Нужна редакционная проверка намерения.,сорта малины,sorta-maliny.xlsx:Queries,1,False
морозостойкие сорта клубники для сибири,сорта клубники для сибири,18,31,AVERAGE,Умеренная,garden,/podbor/,improve_selector,Использовать место и подтверждённый допуск; местную урожайность не выводить из допуска.,сорта клубники,sorta-klubniki.xlsx:Queries,1,False
на каком расстоянии садить малину,как правильно посадить малину,18,20,AVERAGE,Умеренная,garden,,manual_mapping,Нужна редакционная проверка намерения.,посадка малины,posadka-maliny.xlsx:AdditionalQueries,1,False
новость кузьмина малина описание сорта отзывы,малина новость кузьмина описание сорта,18,21,AVERAGE,Умеренная,garden,,verify_cultivar,Сорта ещё нет в каталоге: сначала установить идентичность и собрать первоисточники; не создавать карточку из поисковой фразы.,сорта малины,sorta-maliny.xlsx:Queries,1,False
ранние сорта клубники для средней полосы фото и описание,сорта клубники с фотографиями и описанием,18,33,AVERAGE,Умеренная,garden,/sorta/,improve_catalog,"Уточнить путь к каталогу клубники, фильтрам и сравнению.",сорта клубники,sorta-klubniki.xlsx:Queries,1,False
сорт клубники фестивальная фото и описание,клубника фестивальная,18,19,AVERAGE,Умеренная,garden,/sorta/festivalnaya/,improve_cultivar,"Проверить полноту описания, фото и сравнения; отзывы и урожайность добавлять только по фактическим источникам.",сорта клубники,sorta-klubniki.xlsx:Queries,1,False
сорта клубники для ростовской области с фотографиями и описанием,лучшие сорта клубники для ростовской области,18,29,AVERAGE,Умеренная,garden,/sorta/,improve_catalog,"Уточнить путь к каталогу клубники, фильтрам и сравнению.",сорта клубники,sorta-klubniki.xlsx:Queries,1,False
тибетская малина описание выращивание и уход в открытом грунте,тибетская малина,18,18,AVERAGE,Умеренная,garden,,new_botanical_article,"Сначала установить вид и источники; объяснить отличие от обычной малины, добавить проверяемые фото.",тибетская малина,tibetskaya-malina.xlsx:Queries,1,False
цунаки клубника описание сорта и отзывы,клубника цунаки,18,23,AVERAGE,Умеренная,garden,,verify_cultivar,Сорта ещё нет в каталоге: сначала установить идентичность и собрать первоисточники; не создавать карточку из поисковой фразы.,сорта клубники,sorta-klubniki.xlsx:Queries,1,False
чем обработать малину весной от болезней и вредителей в мае,чем обработать малину весной от болезней и вредителей,18,24,AVERAGE,Умеренная,garden,/instrumenty/proverka-rasteniya/,diagnostic_backlog,Связать симптомы с проверкой растения; отдельный материал только после проверки источников.,болезни малины,bolezni-maliny.xlsx:Queries,1,False
шапка мономаха малина описание сорта,малина шапка мономаха,18,18,AVERAGE,Умеренная,garden,,verify_cultivar,Сорта ещё нет в каталоге: сначала установить идентичность и собрать первоисточники; не создавать карточку из поисковой фразы.,сорта малины,sorta-maliny.xlsx:Queries,1,False
альба клубника описание сорта фото отзывы,клубника альба,17,17,AVERAGE,Умеренная,garden,/sorta/alba/,improve_cultivar,"Проверить полноту описания, фото и сравнения; отзывы и урожайность добавлять только по фактическим источникам.",сорта клубники,sorta-klubniki.xlsx:Queries,1,False
гигант джорнея клубника описание сорта отзывы,клубника гигант джорнея,17,22,AVERAGE,Умеренная,garden,,verify_cultivar,Сорта ещё нет в каталоге: сначала установить идентичность и собрать первоисточники; не создавать карточку из поисковой фразы.,сорта клубники,sorta-klubniki.xlsx:Queries,1,False
джоли клубника описание сорта фото отзывы садоводов,клубника джоли,17,22,AVERAGE,Умеренная,garden,/sorta/dzholi/,improve_cultivar,"Проверить полноту описания, фото и сравнения; отзывы и урожайность добавлять только по фактическим источникам.",сорта клубники,sorta-klubniki.xlsx:Queries,1,False
земляника купчиха описание сорта фото отзывы садоводов,клубника купчиха,17,20,AVERAGE,Умеренная,garden,,verify_cultivar,Сорта ещё нет в каталоге: сначала установить идентичность и собрать первоисточники; не создавать карточку из поисковой фразы.,клубника | сорта клубники,klubnika.xlsx:AdditionalQueries | sorta-klubniki.xlsx:AdditionalQueries,2,False
какой сорт клубники выбрать для посадки,сорта клубники,17,21,AVERAGE,Умеренная,garden,/zhurnal/posadka-klubniki/,improve_existing,"Дополнить существующий материал ответами по срокам и условиям, связать с инструментом срока посадки.",сорта клубники,sorta-klubniki.xlsx:Queries,1,False
клубника богота описание сорта,клубника богота,17,17,AVERAGE,Умеренная,garden,,verify_cultivar,Сорта ещё нет в каталоге: сначала установить идентичность и собрать первоисточники; не создавать карточку из поисковой фразы.,сорта клубники,sorta-klubniki.xlsx:Queries,1,False
клубника виктория описание сорта фото,клубника виктория,17,24,AVERAGE,Умеренная,garden,,verify_cultivar,Сорта ещё нет в каталоге: сначала установить идентичность и собрать первоисточники; не создавать карточку из поисковой фразы.,сорта клубники,sorta-klubniki.xlsx:Queries,1,False
клубника купчиха описание сорта преимущества и недостатки,клубника купчиха,17,20,AVERAGE,Умеренная,garden,,verify_cultivar,Сорта ещё нет в каталоге: сначала установить идентичность и собрать первоисточники; не создавать карточку из поисковой фразы.,сорта клубники,sorta-klubniki.xlsx:Queries,1,False
клубника мальвина описание сорта отзывы,клубника мальвина,17,18,AVERAGE,Умеренная,garden,/sorta/malvina/,improve_cultivar,"Проверить полноту описания, фото и сравнения; отзывы и урожайность добавлять только по фактическим источникам.",сорта клубники,sorta-klubniki.xlsx:Queries,1,False
клубника русский размер описание сорта,клубника русский размер,17,15,AVERAGE,Умеренная,garden,,verify_cultivar,Сорта ещё нет в каталоге: сначала установить идентичность и собрать первоисточники; не создавать карточку из поисковой фразы.,сорта клубники,sorta-klubniki.xlsx:Queries,1,False
клубника сорт купчиха описание и фото,клубника купчиха,17,17,AVERAGE,Умеренная,garden,/sorta/,improve_catalog,"Уточнить путь к каталогу клубники, фильтрам и сравнению.",сорта клубники,sorta-klubniki.xlsx:Queries,1,False
клубника фалко описание сорта,клубника фалко описание сорта,17,22,AVERAGE,Умеренная,garden,,verify_cultivar,Сорта ещё нет в каталоге: сначала установить идентичность и собрать первоисточники; не создавать карточку из поисковой фразы.,сорта клубники,sorta-klubniki.xlsx:Queries,1,False
клубника фейерверк описание сорта,клубника фейерверк,17,17,AVERAGE,Умеренная,garden,,verify_cultivar,Сорта ещё нет в каталоге: сначала установить идентичность и собрать первоисточники; не создавать карточку из поисковой фразы.,сорта клубники,sorta-klubniki.xlsx:Queries,1,False
клубника хоней описание сорта фото отзывы садоводов урожайность характеристика и описание,клубника хоней описание сорта фото отзывы,17,25,AVERAGE,Умеренная,garden,/sorta/honey/,improve_cultivar,"Проверить полноту описания, фото и сравнения; отзывы и урожайность добавлять только по фактическим источникам.",сорта клубники,sorta-klubniki.xlsx:Queries,1,False
клубника эльсанта описание сорта фото отзывы садоводов урожайность,эльсанта клубника описание,17,22,AVERAGE,Умеренная,garden,/sorta/elsanta/,improve_cultivar,"Проверить полноту описания, фото и сравнения; отзывы и урожайность добавлять только по фактическим источникам.",сорта клубники,sorta-klubniki.xlsx:Queries,1,False
лучшие сорта клубники для алтайского края,сорта клубники для сибири,17,31,AVERAGE,Умеренная,garden,/podbor/,improve_selector,Использовать место и подтверждённый допуск; местную урожайность не выводить из допуска.,сорта клубники,sorta-klubniki.xlsx:Queries,1,False
лучшие сорта клубники для удмуртии,лучшие сорта клубники для удмуртии,17,22,AVERAGE,Умеренная,garden,/sorta/,improve_catalog,"Уточнить путь к каталогу клубники, фильтрам и сравнению.",сорта клубники,sorta-klubniki.xlsx:Queries,1,False
лучшие сорта ремонтантной клубники для подмосковья для открытого грунта,лучшие сорта клубники для подмосковья,17,31,AVERAGE,Умеренная,garden,/sorta/,improve_catalog,"Уточнить путь к каталогу клубники, фильтрам и сравнению.",сорта клубники,sorta-klubniki.xlsx:Queries,1,False
малина бригантина описание сорта,малина бригантина,17,11,AVERAGE,Умеренная,garden,,verify_cultivar,Сорта ещё нет в каталоге: сначала установить идентичность и собрать первоисточники; не создавать карточку из поисковой фразы.,сорта малины,sorta-maliny.xlsx:Queries,1,False
малина гордость россии описание сорта фото,малина гордость россии,17,19,AVERAGE,Умеренная,garden,,verify_cultivar,Сорта ещё нет в каталоге: сначала установить идентичность и собрать первоисточники; не создавать карточку из поисковой фразы.,сорта малины,sorta-maliny.xlsx:Queries,1,False
малина земляничная тибетская,тибетская малина,17,9,AVERAGE,Умеренная,garden,,new_botanical_article,"Сначала установить вид и источники; объяснить отличие от обычной малины, добавить проверяемые фото.",тибетская малина,tibetskaya-malina.xlsx:Queries,1,False
малина октавия описание сорта,малина октавия,17,16,AVERAGE,Умеренная,garden,,verify_cultivar,Сорта ещё нет в каталоге: сначала установить идентичность и собрать первоисточники; не создавать карточку из поисковой фразы.,сорта малины,sorta-maliny.xlsx:Queries,1,False
машенька клубника описание сорта,клубника машенька,17,15,AVERAGE,Умеренная,garden,,verify_cultivar,Сорта ещё нет в каталоге: сначала установить идентичность и собрать первоисточники; не создавать карточку из поисковой фразы.,сорта клубники,sorta-klubniki.xlsx:Queries,1,False
поздние сорта клубники для краснодарского края,поздний сорт клубники,17,30,AVERAGE,Умеренная,garden,/podbor/,improve_selector,Использовать место и подтверждённый допуск; местную урожайность не выводить из допуска.,сорта клубники,sorta-klubniki.xlsx:Queries,1,False
ремонтантные сорта клубники для подмосковья,лучшие сорта клубники для подмосковья,17,20,AVERAGE,Умеренная,garden,/sorta/,improve_catalog,"Уточнить путь к каталогу клубники, фильтрам и сравнению.",сорта клубники,sorta-klubniki.xlsx:Queries,1,False
самые ранние сорта клубники,ранние сорта клубники,17,27,AVERAGE,Умеренная,garden,/sorta/,improve_catalog,"Уточнить путь к каталогу клубники, фильтрам и сравнению.",сорта клубники,sorta-klubniki.xlsx:Queries,1,False
сладкие сорта клубники для подмосковья,лучшие сорта клубники для подмосковья,17,27,AVERAGE,Умеренная,garden,/sorta/,improve_catalog,"Уточнить путь к каталогу клубники, фильтрам и сравнению.",сорта клубники,sorta-klubniki.xlsx:Queries,1,False
сорт клубники гигантелла фото и описание,клубника гигантелла,17,18,AVERAGE,Умеренная,garden,/sorta/,improve_catalog,"Уточнить путь к каталогу клубники, фильтрам и сравнению.",сорта клубники,sorta-klubniki.xlsx:Queries,1,False
сорта клубники для башкирии фото с названием и описанием,сорта клубники для башкирии фото с названием и описанием,17,27,AVERAGE,Умеренная,garden,/sorta/,improve_catalog,"Уточнить путь к каталогу клубники, фильтрам и сравнению.",сорта клубники,sorta-klubniki.xlsx:Queries,1,False
сорта малины для средней полосы,сорта малины,17,27,AVERAGE,Умеренная,garden,,manual_mapping,Нужна редакционная проверка намерения.,сорта малины,sorta-maliny.xlsx:Queries,1,False
чем обработать малину от вредителей в июне,чем обработать малину от вредителей в июне,17,27,AVERAGE,Умеренная,garden,,manual_mapping,Нужна редакционная проверка намерения.,болезни малины,bolezni-maliny.xlsx:AdditionalQueries,1,False
что такое малиновое дерево и как за ним ухаживать,малиновое дерево,17,16,AVERAGE,Умеренная,garden,/zhurnal/malinovoe-derevo-tarusa/,improve_existing,Проверить ответ о штамбовой форме и уходе; не превращать торговое название в ботанический вид.,малина,malina.xlsx:AdditionalQueries,1,False
болезни малины и борьба с ними,болезни малины,16,30,AVERAGE,Умеренная,garden,/instrumenty/proverka-rasteniya/,diagnostic_backlog,Связать симптомы с проверкой растения; отдельный материал только после проверки источников.,болезни малины,bolezni-maliny.xlsx:Queries,1,False
елизавета 2 клубника описание сорта,клубника елизавета 2,16,13,AVERAGE,Умеренная,garden,,verify_cultivar,Сорта ещё нет в каталоге: сначала установить идентичность и собрать первоисточники; не создавать карточку из поисковой фразы.,сорта клубники,sorta-klubniki.xlsx:Queries,1,False
заболевания малины фото и описания лечение и уход,болезни малины,16,28,AVERAGE,Умеренная,garden,,manual_mapping,Нужна редакционная проверка намерения.,болезни малины,bolezni-maliny.xlsx:AdditionalQueries,1,False
как сажать малину расстояние между кустами и рядами,как правильно посадить малину,16,14,AVERAGE,Умеренная,garden,/zhurnal/posadka-maliny/,improve_existing,Обновить ответы внутри существующего материала и связать с расчётом посадки.,посадка малины,posadka-maliny.xlsx:AdditionalQueries,1,False
какой сорт клубники самый сладкий и крупный урожайный для подмосковья,лучшие сорта клубники для подмосковья,16,24,AVERAGE,Умеренная,garden,/sorta/,improve_catalog,"Уточнить путь к каталогу клубники, фильтрам и сравнению.",сорта клубники,sorta-klubniki.xlsx:Queries,1,False
клери клубника описание сорта фото отзывы,клубника клери,16,18,AVERAGE,Умеренная,garden,/sorta/kleri/,improve_cultivar,"Проверить полноту описания, фото и сравнения; отзывы и урожайность добавлять только по фактическим источникам.",сорта клубники,sorta-klubniki.xlsx:Queries,1,False
клубника александра описание сорта фото отзывы,клубника александра,16,25,AVERAGE,Умеренная,garden,,verify_cultivar,Сорта ещё нет в каталоге: сначала установить идентичность и собрать первоисточники; не создавать карточку из поисковой фразы.,сорта клубники,sorta-klubniki.xlsx:Queries,1,False
клубника аллегро описание сорта,клубника аллегро,16,12,AVERAGE,Умеренная,garden,,verify_cultivar,Сорта ещё нет в каталоге: сначала установить идентичность и собрать первоисточники; не создавать карточку из поисковой фразы.,сорта клубники,sorta-klubniki.xlsx:Queries,1,False
клубника брилла описание сорта фото отзывы,клубника брилла,16,20,AVERAGE,Умеренная,garden,/sorta/brilla/,improve_cultivar,"Проверить полноту описания, фото и сравнения; отзывы и урожайность добавлять только по фактическим источникам.",сорта клубники,sorta-klubniki.xlsx:Queries,1,False
клубника верона описание сорта,клубника верона,16,17,AVERAGE,Умеренная,garden,,verify_cultivar,Сорта ещё нет в каталоге: сначала установить идентичность и собрать первоисточники; не создавать карточку из поисковой фразы.,сорта клубники,sorta-klubniki.xlsx:Queries,1,False
клубника виноградный бум описание сорта отзывы,клубника описание фото отзывы,16,18,AVERAGE,Умеренная,garden,,verify_cultivar,Сорта ещё нет в каталоге: сначала установить идентичность и собрать первоисточники; не создавать карточку из поисковой фразы.,сорта клубники,sorta-klubniki.xlsx:Queries,1,False
клубника кабрилло описание сорта фото отзывы,клубника кабрилло,16,19,AVERAGE,Умеренная,garden,/sorta/cabrillo/,improve_cultivar,"Проверить полноту описания, фото и сравнения; отзывы и урожайность добавлять только по фактическим источникам.",сорта клубники,sorta-klubniki.xlsx:Queries,1,False
клубника корона описание сорта фото отзывы садоводов урожайность,клубника корона,16,24,AVERAGE,Умеренная,garden,,verify_cultivar,Сорта ещё нет в каталоге: сначала установить идентичность и собрать первоисточники; не создавать карточку из поисковой фразы.,сорта клубники,sorta-klubniki.xlsx:Queries,1,False
клубника мальвина описание сорта фото отзывы садоводов,клубника мальвина,16,20,AVERAGE,Умеренная,garden,/sorta/malvina/,improve_cultivar,"Проверить полноту описания, фото и сравнения; отзывы и урожайность добавлять только по фактическим источникам.",сорта клубники,sorta-klubniki.xlsx:Queries,1,False
клубника машенька описание сорта фото,клубника машенька,16,18,AVERAGE,Умеренная,garden,,verify_cultivar,Сорта ещё нет в каталоге: сначала установить идентичность и собрать первоисточники; не создавать карточку из поисковой фразы.,сорта клубники,sorta-klubniki.xlsx:Queries,1,False
клубника медовая описание сорта,клубника медовая,16,17,AVERAGE,Умеренная,garden,,verify_cultivar,Сорта ещё нет в каталоге: сначала установить идентичность и собрать первоисточники; не создавать карточку из поисковой фразы.,сорта клубники,sorta-klubniki.xlsx:Queries,1,False
клубника фея описание сорта,клубника фея описание сорта,16,15,AVERAGE,Умеренная,garden,,verify_cultivar,Сорта ещё нет в каталоге: сначала установить идентичность и собрать первоисточники; не создавать карточку из поисковой фразы.,сорта клубники,sorta-klubniki.xlsx:Queries,1,False
клубника флоренс описание сорта фото отзывы,клубника флоренс,16,19,AVERAGE,Умеренная,garden,,verify_cultivar,Сорта ещё нет в каталоге: сначала установить идентичность и собрать первоисточники; не создавать карточку из поисковой фразы.,сорта клубники,sorta-klubniki.xlsx:Queries,1,False
клубника хоней описание сорта фото,клубника хоней,16,14,AVERAGE,Умеренная,garden,/sorta/honey/,improve_cultivar,"Проверить полноту описания, фото и сравнения; отзывы и урожайность добавлять только по фактическим источникам.",сорта клубники,sorta-klubniki.xlsx:Queries,1,False
клубника эми описание сорта,клубника ами,16,15,AVERAGE,Умеренная,garden,,verify_cultivar,Сорта ещё нет в каталоге: сначала установить идентичность и собрать первоисточники; не создавать карточку из поисковой фразы.,сорта клубники,sorta-klubniki.xlsx:Queries,1,False
лучшие сорта клубники для самарской области для открытого грунта,сорта клубники,16,32,AVERAGE,Умеренная,garden,/sorta/,improve_catalog,"Уточнить путь к каталогу клубники, фильтрам и сравнению.",сорта клубники,sorta-klubniki.xlsx:Queries,1,False
лучшие сорта малины для ленинградской области с фото и описанием,лучшие сорта малины для ленинградской области,16,31,AVERAGE,Умеренная,garden,,manual_mapping,Нужна редакционная проверка намерения.,сорта малины,sorta-maliny.xlsx:Queries,1,False
лучший сорт клубники,сорта клубники,16,15,AVERAGE,Умеренная,garden,/sorta/,improve_catalog,"Уточнить путь к каталогу клубники, фильтрам и сравнению.",сорта клубники,sorta-klubniki.xlsx:Queries,1,False
малина краса россии описание сорта фото,малина краса россии,16,21,AVERAGE,Умеренная,garden,/sorta/krasa-rossii/,improve_cultivar,"Проверить полноту описания, фото и сравнения; отзывы и урожайность добавлять только по фактическим источникам.",сорта малины,sorta-maliny.xlsx:Queries,1,False
малина лагорай описание сорта,малина лагорай,16,27,AVERAGE,Умеренная,garden,,verify_cultivar,Сорта ещё нет в каталоге: сначала установить идентичность и собрать первоисточники; не создавать карточку из поисковой фразы.,сорта малины,sorta-maliny.xlsx:Queries,1,False
малина пингвин описание сорта фото,малина пингвин,16,16,AVERAGE,Умеренная,garden,/sorta/pingvin/,improve_cultivar,"Проверить полноту описания, фото и сравнения; отзывы и урожайность добавлять только по фактическим источникам.",сорта малины,sorta-maliny.xlsx:Queries,1,False
полька малина описание сорта,малина полька,16,12,AVERAGE,Умеренная,garden,/sorta/polka/,improve_cultivar,"Проверить полноту описания, фото и сравнения; отзывы и урожайность добавлять только по фактическим источникам.",сорта малины,sorta-maliny.xlsx:Queries,1,False
ремонтантная клубника лучшие сорта для краснодарского края,ремонтантные сорта клубники,16,21,AVERAGE,Умеренная,garden,/podbor/,improve_selector,Использовать место и подтверждённый допуск; местную урожайность не выводить из допуска.,сорта клубники,sorta-klubniki.xlsx:Queries,1,False
сладкие сорта малины,сорта малины,16,28,AVERAGE,Умеренная,garden,,manual_mapping,Нужна редакционная проверка намерения.,сорта малины,sorta-maliny.xlsx:Queries,1,False
темные пятна на стеблях малины что это такое и как лечить,дидимелла на малине как бороться,16,15,AVERAGE,Умеренная,garden,/instrumenty/proverka-rasteniya/,diagnostic_backlog,Связать симптомы с проверкой растения; отдельный материал только после проверки источников.,болезни малины,bolezni-maliny.xlsx:AdditionalQueries,1,False
чем обработать малину весной от вредителей,чем обработать малину весной от болезней и вредителей,16,19,AVERAGE,Умеренная,garden,,manual_mapping,Нужна редакционная проверка намерения.,болезни малины,bolezni-maliny.xlsx:AdditionalQueries,1,False
чем опрыскивать малину весной от вредителей и болезней,чем обработать малину весной от болезней и вредителей,16,23,AVERAGE,Умеренная,garden,/instrumenty/proverka-rasteniya/,diagnostic_backlog,Связать симптомы с проверкой растения; отдельный материал только после проверки источников.,болезни малины,bolezni-maliny.xlsx:Queries,1,False
альбион клубника описание сорта фото отзывы,клубника альбион описание сорта,15,15,AVERAGE,Умеренная,garden,/sorta/albion/,improve_cultivar,"Проверить полноту описания, фото и сравнения; отзывы и урожайность добавлять только по фактическим источникам.",сорта клубники,sorta-klubniki.xlsx:Queries,1,False
болезни садовой клубники,болезни клубники,15,27,AVERAGE,Умеренная,garden,/instrumenty/proverka-rasteniya/,new_diagnostic_hub,Подготовить руководство по болезням клубники с проверяемыми фото и различиями симптомов; связать с материалом о серой гнили.,болезни клубники,bolezni-klubniki.xlsx:Queries,1,False
виктория максим описание сорта,клубника максим,15,16,AVERAGE,Умеренная,garden,,verify_cultivar,Сорта ещё нет в каталоге: сначала установить идентичность и собрать первоисточники; не создавать карточку из поисковой фразы.,клубника | сорта клубники,klubnika.xlsx:AdditionalQueries | sorta-klubniki.xlsx:AdditionalQueries,2,False
земляника априка описание сорта,клубника априка,15,12,AVERAGE,Умеренная,garden,/sorta/aprika/,improve_cultivar,"Проверить полноту описания, фото и сравнения; отзывы и урожайность добавлять только по фактическим источникам.",сорта клубники,sorta-klubniki.xlsx:AdditionalQueries,1,False
земляника садовая лучшие сорта для подмосковья,лучшие сорта клубники для подмосковья,15,22,AVERAGE,Умеренная,garden,,manual_mapping,Нужна редакционная проверка намерения.,сорта клубники,sorta-klubniki.xlsx:AdditionalQueries,1,False
какие сорта клубники самые лучшие для ленинградской области,лучшие сорта клубники для ленинградской области,15,29,AVERAGE,Умеренная,garden,/sorta/,improve_catalog,"Уточнить путь к каталогу клубники, фильтрам и сравнению.",сорта клубники,sorta-klubniki.xlsx:Queries,1,False
квики клубника описание сорта,клубника квики,15,17,AVERAGE,Умеренная,garden,,verify_cultivar,Сорта ещё нет в каталоге: сначала установить идентичность и собрать первоисточники; не создавать карточку из поисковой фразы.,сорта клубники,sorta-klubniki.xlsx:Queries,1,False
клубника белруби описание сорта,земляника белруби,15,11,AVERAGE,Умеренная,garden,,verify_cultivar,Сорта ещё нет в каталоге: сначала установить идентичность и собрать первоисточники; не создавать карточку из поисковой фразы.,сорта клубники,sorta-klubniki.xlsx:Queries,1,False
клубника гребешок описание сорта фото отзывы садоводов урожайность,клубника гребешок,15,30,AVERAGE,Умеренная,garden,,verify_cultivar,Сорта ещё нет в каталоге: сначала установить идентичность и собрать первоисточники; не создавать карточку из поисковой фразы.,сорта клубники,sorta-klubniki.xlsx:Queries,1,False
клубника для ленинградской области лучшие сорта отзывы садоводов,лучшие сорта клубники для ленинградской области,15,30,AVERAGE,Умеренная,garden,/sorta/,improve_catalog,"Уточнить путь к каталогу клубники, фильтрам и сравнению.",сорта клубники,sorta-klubniki.xlsx:Queries,1,False
клубника дукат описание сорта,клубника дукат,15,14,AVERAGE,Умеренная,garden,,verify_cultivar,Сорта ещё нет в каталоге: сначала установить идентичность и собрать первоисточники; не создавать карточку из поисковой фразы.,сорта клубники,sorta-klubniki.xlsx:Queries,1,False
клубника полька описание сорта,клубника полка,15,16,AVERAGE,Умеренная,garden,,verify_cultivar,Сорта ещё нет в каталоге: сначала установить идентичность и собрать первоисточники; не создавать карточку из поисковой фразы.,сорта клубники,sorta-klubniki.xlsx:Queries,1,False
клубника ремонтантная лучшие сорта для подмосковья,лучшие сорта клубники для подмосковья,15,21,AVERAGE,Умеренная,garden,/sorta/,improve_catalog,"Уточнить путь к каталогу клубники, фильтрам и сравнению.",сорта клубники,sorta-klubniki.xlsx:Queries,1,False
клубника румба описание сорта фото отзывы,клубника румба,15,18,AVERAGE,Умеренная,garden,/sorta/rumba/,improve_cultivar,"Проверить полноту описания, фото и сравнения; отзывы и урожайность добавлять только по фактическим источникам.",сорта клубники,sorta-klubniki.xlsx:Queries,1,False
клубника сибилла описание сорта,клубника сибилла,15,17,AVERAGE,Умеренная,garden,,verify_cultivar,Сорта ещё нет в каталоге: сначала установить идентичность и собрать первоисточники; не создавать карточку из поисковой фразы.,сорта клубники,sorta-klubniki.xlsx:Queries,1,False
клубника симфония описание сорта,клубника симфония,15,15,AVERAGE,Умеренная,garden,,verify_cultivar,Сорта ещё нет в каталоге: сначала установить идентичность и собрать первоисточники; не создавать карточку из поисковой фразы.,сорта клубники,sorta-klubniki.xlsx:Queries,1,False
клубника сладкий колосс описание сорта фото,клубника сладкий колосс описание сорта фото,15,15,AVERAGE,Умеренная,garden,,verify_cultivar,Сорта ещё нет в каталоге: сначала установить идентичность и собрать первоисточники; не создавать карточку из поисковой фразы.,сорта клубники,sorta-klubniki.xlsx:Queries,1,False
клубника сладкоежка описание сорта,клубника сладкоежка,15,13,AVERAGE,Умеренная,garden,,verify_cultivar,Сорта ещё нет в каталоге: сначала установить идентичность и собрать первоисточники; не создавать карточку из поисковой фразы.,сорта клубники,sorta-klubniki.xlsx:Queries,1,False
клубника сорта корона описание и фото,клубника корона,15,12,AVERAGE,Умеренная,garden,/sorta/,improve_catalog,"Уточнить путь к каталогу клубники, фильтрам и сравнению.",сорта клубники,sorta-klubniki.xlsx:Queries,1,False
клубника фестивальная описание сорта отзывы,клубника фестивальная описание сорта,15,18,AVERAGE,Умеренная,garden,/sorta/festivalnaya/,improve_cultivar,"Проверить полноту описания, фото и сравнения; отзывы и урожайность добавлять только по фактическим источникам.",сорта клубники,sorta-klubniki.xlsx:Queries,1,False
клубника фестивальная описание сорта фото отзывы садоводов урожайность характеристика и описание,клубника фестивальная описание сорта,15,15,AVERAGE,Умеренная,garden,/sorta/festivalnaya/,improve_cultivar,"Проверить полноту описания, фото и сравнения; отзывы и урожайность добавлять только по фактическим источникам.",сорта клубники,sorta-klubniki.xlsx:Queries,1,False
клубника флоренс описание сорта фото отзывы садоводов урожайность,клубника флоренс,15,18,AVERAGE,Умеренная,garden,,verify_cultivar,Сорта ещё нет в каталоге: сначала установить идентичность и собрать первоисточники; не создавать карточку из поисковой фразы.,сорта клубники,sorta-klubniki.xlsx:Queries,1,False
клубника царица описание сорта фото,клубника царица,15,14,AVERAGE,Умеренная,garden,/sorta/tsaritsa/,improve_cultivar,"Проверить полноту описания, фото и сравнения; отзывы и урожайность добавлять только по фактическим источникам.",сорта клубники,sorta-klubniki.xlsx:Queries,1,False
малина бристоль описание сорта,малина бристоль,15,14,AVERAGE,Умеренная,garden,,verify_cultivar,Сорта ещё нет в каталоге: сначала установить идентичность и собрать первоисточники; не создавать карточку из поисковой фразы.,сорта малины,sorta-maliny.xlsx:Queries,1,False
малина вайолет описание сорта фото,малина вайолет,15,16,AVERAGE,Умеренная,garden,,verify_cultivar,Сорта ещё нет в каталоге: сначала установить идентичность и собрать первоисточники; не создавать карточку из поисковой фразы.,сорта малины,sorta-maliny.xlsx:Queries,1,False
малина золотой гигант описание сорта,малина золотой гигант,15,16,AVERAGE,Умеренная,garden,,verify_cultivar,Сорта ещё нет в каталоге: сначала установить идентичность и собрать первоисточники; не создавать карточку из поисковой фразы.,сорта малины,sorta-maliny.xlsx:Queries,1,False
малина карамелька описание сорта фото отзывы садоводов урожайность характеристика и описание сорта,малина карамелька,15,26,AVERAGE,Умеренная,garden,/sorta/karamelka/,improve_cultivar,"Проверить полноту описания, фото и сравнения; отзывы и урожайность добавлять только по фактическим источникам.",сорта малины,sorta-maliny.xlsx:Queries,1,False
малина маджестик описание сорта фото отзывы садоводов урожайность,малина маджестик,15,27,AVERAGE,Умеренная,garden,,verify_cultivar,Сорта ещё нет в каталоге: сначала установить идентичность и собрать первоисточники; не создавать карточку из поисковой фразы.,сорта малины,sorta-maliny.xlsx:Queries,1,False
малина посадка и уход,как правильно посадить малину,15,13,AVERAGE,Умеренная,garden,/zhurnal/posadka-maliny/,improve_existing,Обновить ответы внутри существующего материала и связать с расчётом посадки.,посадка малины,posadka-maliny.xlsx:Queries,1,False
малина тибетская описание сорта фото,тибетская малина,15,16,AVERAGE,Умеренная,garden,,new_botanical_article,"Сначала установить вид и источники; объяснить отличие от обычной малины, добавить проверяемые фото.",сорта малины | тибетская малина,sorta-maliny.xlsx:Queries | tibetskaya-malina.xlsx:Queries,2,False
малиновое дерево таруса описание сорта,малиновое дерево таруса,15,13,AVERAGE,Умеренная,garden,/zhurnal/malinovoe-derevo-tarusa/,improve_existing,Проверить ответ о штамбовой форме и уходе; не превращать торговое название в ботанический вид.,малина | сорта малины,malina.xlsx:AdditionalQueries | sorta-maliny.xlsx:AdditionalQueries,2,False
на какую глубину сажать малину,как правильно посадить малину,15,8,AVERAGE,Умеренная,garden,/zhurnal/posadka-maliny/,improve_existing,Обновить ответы внутри существующего материала и связать с расчётом посадки.,посадка малины,posadka-maliny.xlsx:AdditionalQueries,1,False
подкормка для малины весной,чем подкормить малину весной,15,15,AVERAGE,Умеренная,garden,,new_article,Подготовить единый материал о питании малины по фазе и анализу почвы; месяцы учесть внутри него.,посадка малины,posadka-maliny.xlsx:AdditionalQueries,1,False
пшехиба малина описание сорта фото,малина пшехиба,15,16,AVERAGE,Умеренная,garden,/sorta/pshehiba/,improve_cultivar,"Проверить полноту описания, фото и сравнения; отзывы и урожайность добавлять только по фактическим источникам.",сорта малины,sorta-maliny.xlsx:Queries,1,False
ремонтантная клубника лучшие сорта для подмосковья,лучшие сорта клубники для подмосковья,15,21,AVERAGE,Умеренная,garden,/sorta/,improve_catalog,"Уточнить путь к каталогу клубники, фильтрам и сравнению.",сорта клубники,sorta-klubniki.xlsx:Queries,1,False
ремонтантная клубника лучшие сорта для ростовской области,ремонтантные сорта клубники,15,20,AVERAGE,Умеренная,garden,/sorta/,improve_catalog,"Уточнить путь к каталогу клубники, фильтрам и сравнению.",сорта клубники,sorta-klubniki.xlsx:Queries,1,False
ания клубника описание сорта,клубника ания,14,14,AVERAGE,Умеренная,garden,/sorta/aniya/,improve_cultivar,"Проверить полноту описания, фото и сравнения; отзывы и урожайность добавлять только по фактическим источникам.",сорта клубники,sorta-klubniki.xlsx:Queries,1,False
вкусные сорта клубники,сорта клубники,14,16,AVERAGE,Умеренная,garden,/sorta/,improve_catalog,"Уточнить путь к каталогу клубники, фильтрам и сравнению.",сорта клубники,sorta-klubniki.xlsx:Queries,1,False
геракл малина описание сорта,малина геракл,14,10,AVERAGE,Умеренная,garden,/sorta/gerakl/,improve_cultivar,"Проверить полноту описания, фото и сравнения; отзывы и урожайность добавлять только по фактическим источникам.",сорта малины,sorta-maliny.xlsx:Queries,1,False
джоан джей малина описание сорта,малина джоан джей,14,10,AVERAGE,Умеренная,garden,/sorta/joan-j/,improve_cultivar,"Проверить полноту описания, фото и сравнения; отзывы и урожайность добавлять только по фактическим источникам.",сорта малины,sorta-maliny.xlsx:Queries,1,False
желтая малина сорта и фото,желтая малина,14,20,AVERAGE,Умеренная,garden,,manual_mapping,Нужна редакционная проверка намерения.,сорта малины,sorta-maliny.xlsx:Queries,1,False
как посадить викторию на укрывной материал,как посадить клубнику под черный укрывной материал,14,12,AVERAGE,Умеренная,garden,/zhurnal/posadka-klubniki/,improve_existing,"Дополнить существующий материал ответами по срокам и условиям, связать с инструментом срока посадки.",клубника,klubnika.xlsx:AdditionalQueries,1,False
как правильно посадить малину на участке,как правильно посадить малину,14,13,AVERAGE,Умеренная,garden,/zhurnal/posadka-maliny/,improve_existing,Обновить ответы внутри существующего материала и связать с расчётом посадки.,посадка малины,posadka-maliny.xlsx:AdditionalQueries,1,False
как правильно посадить малину осенью ремонтантную,посадка ремонтантной малины осенью в открытый грунт,14,18,AVERAGE,Умеренная,garden,/zhurnal/posadka-maliny/,improve_existing,Обновить ответы внутри существующего материала и связать с расчётом посадки.,посадка малины,posadka-maliny.xlsx:AdditionalQueries,1,False
как растет малиновое дерево,малиновое дерево,14,17,AVERAGE,Умеренная,garden,/zhurnal/malinovoe-derevo-tarusa/,improve_existing,Проверить ответ о штамбовой форме и уходе; не превращать торговое название в ботанический вид.,посадка малины,posadka-maliny.xlsx:AdditionalQueries,1,False
какой сорт клубники выбрать для посадки в подмосковье самый хороший,лучшие сорта клубники для подмосковья,14,19,AVERAGE,Умеренная,garden,/zhurnal/posadka-klubniki/,improve_existing,"Дополнить существующий материал ответами по срокам и условиям, связать с инструментом срока посадки.",сорта клубники,sorta-klubniki.xlsx:Queries,1,False
клубника азия описание сорта и отзывы,клубника азия описание сорта фото отзывы,14,23,AVERAGE,Умеренная,garden,/sorta/aziya/,improve_cultivar,"Проверить полноту описания, фото и сравнения; отзывы и урожайность добавлять только по фактическим источникам.",сорта клубники,sorta-klubniki.xlsx:Queries,1,False
клубника альфа описание сорта,земляника альфа,14,11,AVERAGE,Умеренная,garden,/sorta/alfa/,improve_cultivar,"Проверить полноту описания, фото и сравнения; отзывы и урожайность добавлять только по фактическим источникам.",сорта клубники,sorta-klubniki.xlsx:Queries,1,False
клубника великобритания описание сорта,клубника великобритания,14,18,AVERAGE,Умеренная,garden,,verify_cultivar,Сорта ещё нет в каталоге: сначала установить идентичность и собрать первоисточники; не создавать карточку из поисковой фразы.,сорта клубники,sorta-klubniki.xlsx:Queries,1,False
клубника искушение описание сорта фото отзывы садоводов,клубника искушение,14,29,AVERAGE,Умеренная,garden,,verify_cultivar,Сорта ещё нет в каталоге: сначала установить идентичность и собрать первоисточники; не создавать карточку из поисковой фразы.,сорта клубники,sorta-klubniki.xlsx:Queries,1,False
клубника кама описание сорта фото отзывы,клубника кама,14,17,AVERAGE,Умеренная,garden,,verify_cultivar,Сорта ещё нет в каталоге: сначала установить идентичность и собрать первоисточники; не создавать карточку из поисковой фразы.,сорта клубники,sorta-klubniki.xlsx:Queries,1,False
клубника кармен описание сорта фото отзывы,клубника кармен,14,16,AVERAGE,Умеренная,garden,,verify_cultivar,Сорта ещё нет в каталоге: сначала установить идентичность и собрать первоисточники; не создавать карточку из поисковой фразы.,сорта клубники,sorta-klubniki.xlsx:Queries,1,False
клубника кисс неллис описание сорта,клубника кисс неллис описание сорта,14,14,AVERAGE,Умеренная,garden,,verify_cultivar,Сорта ещё нет в каталоге: сначала установить идентичность и собрать первоисточники; не создавать карточку из поисковой фразы.,сорта клубники,sorta-klubniki.xlsx:Queries,1,False
клубника клери описание сорта и отзывы,клубника клери,14,19,AVERAGE,Умеренная,garden,/sorta/kleri/,improve_cultivar,"Проверить полноту описания, фото и сравнения; отзывы и урожайность добавлять только по фактическим источникам.",сорта клубники,sorta-klubniki.xlsx:Queries,1,False
клубника роксана описание сорта фото отзывы,клубника роксана,14,17,AVERAGE,Умеренная,garden,,verify_cultivar,Сорта ещё нет в каталоге: сначала установить идентичность и собрать первоисточники; не создавать карточку из поисковой фразы.,сорта клубники,sorta-klubniki.xlsx:Queries,1,False
клубника соната описание сорта фото отзывы садоводов урожайность,клубника соната описание сорта,14,21,AVERAGE,Умеренная,garden,,verify_cultivar,Сорта ещё нет в каталоге: сначала установить идентичность и собрать первоисточники; не создавать карточку из поисковой фразы.,сорта клубники,sorta-klubniki.xlsx:Queries,1,False
клубника федерика описание сорта,клубника федерико,14,16,AVERAGE,Умеренная,garden,,verify_cultivar,Сорта ещё нет в каталоге: сначала установить идентичность и собрать первоисточники; не создавать карточку из поисковой фразы.,сорта клубники,sorta-klubniki.xlsx:Queries,1,False
крупные сорта клубники с фотографиями и описанием,лучшие сорта клубники для средней полосы для открытого грунта,14,23,AVERAGE,Умеренная,garden,/sorta/,improve_catalog,"Уточнить путь к каталогу клубники, фильтрам и сравнению.",сорта клубники,sorta-klubniki.xlsx:Queries,1,False
летние сорта малины,летние сорта малины,14,19,AVERAGE,Умеренная,garden,,manual_mapping,Нужна редакционная проверка намерения.,сорта малины,sorta-maliny.xlsx:Queries,1,False
лучшие сорта клубники для тверской области,лучшие сорта клубники для нижегородской области,14,20,AVERAGE,Умеренная,garden,/sorta/,improve_catalog,"Уточнить путь к каталогу клубники, фильтрам и сравнению.",сорта клубники,sorta-klubniki.xlsx:Queries,1,False
лучшие сорта клубники для тверской области для открытого грунта,лучшие сорта клубники для средней полосы для открытого грунта,14,25,AVERAGE,Умеренная,garden,/sorta/,improve_catalog,"Уточнить путь к каталогу клубники, фильтрам и сравнению.",сорта клубники,sorta-klubniki.xlsx:Queries,1,False
лучшие сорта клубники для ярославской области для открытого грунта,лучшие сорта клубники для средней полосы для открытого грунта,14,28,AVERAGE,Умеренная,garden,/sorta/,improve_catalog,"Уточнить путь к каталогу клубники, фильтрам и сравнению.",сорта клубники,sorta-klubniki.xlsx:Queries,1,False
лучшие сорта малины для саратовской области,лучшие сорта малины для саратовской области,14,21,AVERAGE,Умеренная,garden,,manual_mapping,Нужна редакционная проверка намерения.,сорта малины,sorta-maliny.xlsx:Queries,1,False
лучшие сорта малины для черноземья,сорта малины с фотографиями и описанием,14,25,AVERAGE,Умеренная,garden,,manual_mapping,Нужна редакционная проверка намерения.,сорта малины,sorta-maliny.xlsx:Queries,1,False
малина ляшка описание сорта,малина лячка,14,13,AVERAGE,Умеренная,garden,/sorta/lyachka/,improve_cultivar,"Проверить полноту описания, фото и сравнения; отзывы и урожайность добавлять только по фактическим источникам.",сорта малины,sorta-maliny.xlsx:Queries,1,False
малина маргарита описание сорта фото отзывы садоводов урожайность,малина маргарита,14,27,AVERAGE,Умеренная,garden,,verify_cultivar,Сорта ещё нет в каталоге: сначала установить идентичность и собрать первоисточники; не создавать карточку из поисковой фразы.,сорта малины,sorta-maliny.xlsx:Queries,1,False
малина пшехиба описание сорта отзывы,малина пшехиба,14,16,AVERAGE,Умеренная,garden,/sorta/pshehiba/,improve_cultivar,"Проверить полноту описания, фото и сравнения; отзывы и урожайность добавлять только по фактическим источникам.",сорта малины,sorta-maliny.xlsx:Queries,1,False
малина сапфир описание сорта,малина сапфир,14,20,AVERAGE,Умеренная,garden,,verify_cultivar,Сорта ещё нет в каталоге: сначала установить идентичность и собрать первоисточники; не создавать карточку из поисковой фразы.,сорта малины,sorta-maliny.xlsx:Queries,1,False
малина сорта лучшие,сорта малины,14,18,AVERAGE,Умеренная,garden,,manual_mapping,Нужна редакционная проверка намерения.,сорта малины,sorta-maliny.xlsx:Queries,1,False
малина столичная описание сорта,малина столичная,14,14,AVERAGE,Умеренная,garden,,verify_cultivar,Сорта ещё нет в каталоге: сначала установить идентичность и собрать первоисточники; не создавать карточку из поисковой фразы.,сорта малины,sorta-maliny.xlsx:Queries,1,False
малина тибетская описание сорта,тибетская малина,14,10,AVERAGE,Умеренная,garden,,new_botanical_article,"Сначала установить вид и источники; объяснить отличие от обычной малины, добавить проверяемые фото.",посадка малины | сорта малины | тибетская малина,posadka-maliny.xlsx:AdditionalQueries | sorta-maliny.xlsx:Queries | tibetskaya-malina.xlsx:Queries,3,False
малина уход весной подкормка и обработка от вредителей и болезней,как ухаживать за малиной весной,14,24,AVERAGE,Умеренная,garden,,new_article,Подготовить единый материал о питании малины по фазе и анализу почвы; месяцы учесть внутри него.,болезни малины,bolezni-maliny.xlsx:Queries,1,False
малиновое дерево сказка описание сорта,малина сказка,14,13,AVERAGE,Умеренная,garden,/zhurnal/malinovoe-derevo-tarusa/,improve_existing,Проверить ответ о штамбовой форме и уходе; не превращать торговое название в ботанический вид.,сорта малины,sorta-maliny.xlsx:AdditionalQueries,1,False
мальга клубника описание сорта,клубника мальга,14,12,AVERAGE,Умеренная,garden,/sorta/malga/,improve_cultivar,"Проверить полноту описания, фото и сравнения; отзывы и урожайность добавлять только по фактическим источникам.",сорта клубники,sorta-klubniki.xlsx:Queries,1,False
мурано сорт клубники фото и описание,клубника мурано,14,14,AVERAGE,Умеренная,garden,/sorta/murano/,improve_cultivar,"Проверить полноту описания, фото и сравнения; отзывы и урожайность добавлять только по фактическим источникам.",сорта клубники,sorta-klubniki.xlsx:Queries,1,False
оранжевое чудо малина описание,малина оранжевое чудо,14,9,AVERAGE,Умеренная,garden,/sorta/oranzhevoe-chudo/,improve_cultivar,"Проверить полноту описания, фото и сравнения; отзывы и урожайность добавлять только по фактическим источникам.",сорта малины,sorta-maliny.xlsx:AdditionalQueries,1,False
посадка малины в ленинградской области,когда сажать малину в подмосковье лучше,14,12,AVERAGE,Умеренная,garden,/zhurnal/posadka-maliny/,improve_existing,Обновить ответы внутри существующего материала и связать с расчётом посадки.,посадка малины,posadka-maliny.xlsx:Queries,1,False
посадка ремонтантной малины весной в открытый грунт саженцами,посадка ремонтантной малины,14,24,AVERAGE,Умеренная,garden,/zhurnal/posadka-maliny/,improve_existing,Обновить ответы внутри существующего материала и связать с расчётом посадки.,посадка малины,posadka-maliny.xlsx:Queries,1,False
ранние сорта клубники для подмосковья,лучшие сорта клубники для подмосковья,14,24,AVERAGE,Умеренная,garden,/sorta/,improve_catalog,"Уточнить путь к каталогу клубники, фильтрам и сравнению.",сорта клубники,sorta-klubniki.xlsx:Queries,1,False
ремонтантная клубника для сибири лучшие сорта,сорта клубники для сибири,14,19,AVERAGE,Умеренная,garden,/podbor/,improve_selector,Использовать место и подтверждённый допуск; местную урожайность не выводить из допуска.,сорта клубники,sorta-klubniki.xlsx:Queries,1,False
ремонтантный сорт клубники что это,ремонтантная клубника,14,11,AVERAGE,Умеренная,garden,/sorta/,improve_catalog,"Уточнить путь к каталогу клубники, фильтрам и сравнению.",сорта клубники,sorta-klubniki.xlsx:Queries,1,False
самые крупные сорта клубники,самый крупный сорт клубники какой,14,27,AVERAGE,Умеренная,garden,/sorta/,improve_catalog,"Уточнить путь к каталогу клубники, фильтрам и сравнению.",сорта клубники,sorta-klubniki.xlsx:Queries,1,False
самый лучший сорт клубники,сорта клубники,14,16,AVERAGE,Умеренная,garden,/sorta/,improve_catalog,"Уточнить путь к каталогу клубники, фильтрам и сравнению.",сорта клубники,sorta-klubniki.xlsx:Queries,1,False
сорт клубники альба фото и описание отзывы садоводов,клубника альба,14,21,AVERAGE,Умеренная,garden,/sorta/alba/,improve_cultivar,"Проверить полноту описания, фото и сравнения; отзывы и урожайность добавлять только по фактическим источникам.",сорта клубники,sorta-klubniki.xlsx:Queries,1,False
сорта клубники для подмосковья лучшие для открытого,лучшие сорта клубники для подмосковья,14,23,AVERAGE,Умеренная,garden,/sorta/,improve_catalog,"Уточнить путь к каталогу клубники, фильтрам и сравнению.",сорта клубники,sorta-klubniki.xlsx:Queries,1,False
сорта клубники для средней полосы,лучшие сорта клубники для средней полосы для открытого грунта,14,28,AVERAGE,Умеренная,garden,/sorta/,improve_catalog,"Уточнить путь к каталогу клубники, фильтрам и сравнению.",сорта клубники,sorta-klubniki.xlsx:Queries,1,False
тибетская малина описание выращивание и уход в открытом грунте в подмосковье,тибетская малина,14,15,AVERAGE,Умеренная,garden,,new_botanical_article,"Сначала установить вид и источники; объяснить отличие от обычной малины, добавить проверяемые фото.",тибетская малина,tibetskaya-malina.xlsx:Queries,1,False
тибетская малина описание и отзывы,тибетская малина,14,15,AVERAGE,Умеренная,garden,,new_botanical_article,"Сначала установить вид и источники; объяснить отличие от обычной малины, добавить проверяемые фото.",тибетская малина,tibetskaya-malina.xlsx:Queries,1,False
херитейдж малина описание сорта фото отзывы,малина херитейдж описание,14,16,AVERAGE,Умеренная,garden,/sorta/heritage/,improve_cultivar,"Проверить полноту описания, фото и сравнения; отзывы и урожайность добавлять только по фактическим источникам.",сорта малины,sorta-maliny.xlsx:Queries,1,False
черная малина кумберленд посадка и уход и обрезка,кумберленд малина описание посадка и уход,14,14,AVERAGE,Умеренная,garden,/instrumenty/obrezka-maliny/,improve_existing,Вести к инструменту выбора схемы и руководству по типу плодоношения.,посадка малины,posadka-maliny.xlsx:Queries,1,False
эльсанта клубника описание сорта,клубника эльсанта,14,15,AVERAGE,Умеренная,garden,/sorta/elsanta/,improve_cultivar,"Проверить полноту описания, фото и сравнения; отзывы и урожайность добавлять только по фактическим источникам.",сорта клубники,sorta-klubniki.xlsx:Queries,1,False
болезни и вредители клубники описание с фотографиями,болезни клубники,13,38,AVERAGE,Умеренная,garden,/instrumenty/proverka-rasteniya/,new_diagnostic_hub,Подготовить руководство по болезням клубники с проверяемыми фото и различиями симптомов; связать с материалом о серой гнили.,болезни клубники,bolezni-klubniki.xlsx:Queries,1,False
вивара клубника описание сорта фото отзывы,клубника вивара,13,21,AVERAGE,Умеренная,garden,,verify_cultivar,Сорта ещё нет в каталоге: сначала установить идентичность и собрать первоисточники; не создавать карточку из поисковой фразы.,сорта клубники,sorta-klubniki.xlsx:Queries,1,False
виктория купчиха описание сорта фото отзывы,клубника купчиха,13,13,AVERAGE,Умеренная,garden,,verify_cultivar,Сорта ещё нет в каталоге: сначала установить идентичность и собрать первоисточники; не создавать карточку из поисковой фразы.,сорта клубники,sorta-klubniki.xlsx:AdditionalQueries,1,False
виктория машенька описание сорта,клубника машенька,13,10,AVERAGE,Умеренная,garden,,verify_cultivar,Сорта ещё нет в каталоге: сначала установить идентичность и собрать первоисточники; не создавать карточку из поисковой фразы.,сорта клубники,sorta-klubniki.xlsx:AdditionalQueries,1,False
гигантелла клубника описание сорта фото,клубника гигантелла,13,13,AVERAGE,Умеренная,garden,,verify_cultivar,Сорта ещё нет в каталоге: сначала установить идентичность и собрать первоисточники; не создавать карточку из поисковой фразы.,сорта клубники,sorta-klubniki.xlsx:Queries,1,False
глен ди малина описание сорта фото,малина глен ди,13,13,AVERAGE,Умеренная,garden,,verify_cultivar,Сорта ещё нет в каталоге: сначала установить идентичность и собрать первоисточники; не создавать карточку из поисковой фразы.,сорта малины,sorta-maliny.xlsx:Queries,1,False
зенга-зенгана клубника описание отзывы особенности сорта,клубника зенга-зенгана описание,13,11,AVERAGE,Умеренная,garden,/sorta/,improve_catalog,"Уточнить путь к каталогу клубники, фильтрам и сравнению.",сорта клубники,sorta-klubniki.xlsx:Queries,1,False
кабрилло клубника описание фото,клубника кабрилло,13,13,AVERAGE,Умеренная,garden,/sorta/cabrillo/,improve_cultivar,"Проверить полноту описания, фото и сравнения; отзывы и урожайность добавлять только по фактическим источникам.",сорта клубники,sorta-klubniki.xlsx:AdditionalQueries,1,False
как лучше сажать малину,как правильно посадить малину,13,17,AVERAGE,Умеренная,garden,/zhurnal/posadka-maliny/,improve_existing,Обновить ответы внутри существующего материала и связать с расчётом посадки.,посадка малины,posadka-maliny.xlsx:AdditionalQueries,1,False
как правильно посадить ремонтантную малину осенью,посадка ремонтантной малины осенью в открытый грунт,13,16,AVERAGE,Умеренная,garden,/zhurnal/posadka-maliny/,improve_existing,Обновить ответы внутри существующего материала и связать с расчётом посадки.,посадка малины,posadka-maliny.xlsx:AdditionalQueries,1,False
кимберли клубника описание сорта,клубника кимберли,13,11,AVERAGE,Умеренная,garden,/sorta/kimberli/,improve_cultivar,"Проверить полноту описания, фото и сравнения; отзывы и урожайность добавлять только по фактическим источникам.",сорта клубники,sorta-klubniki.xlsx:Queries,1,False
клубника ания описание сорта фото отзывы садоводов урожайность,клубника ания,13,22,AVERAGE,Умеренная,garden,/sorta/aniya/,improve_cultivar,"Проверить полноту описания, фото и сравнения; отзывы и урожайность добавлять только по фактическим источникам.",сорта клубники,sorta-klubniki.xlsx:Queries,1,False
клубника вивара описание сорта фото отзывы садоводов урожайность,клубника вивара,13,28,AVERAGE,Умеренная,garden,,verify_cultivar,Сорта ещё нет в каталоге: сначала установить идентичность и собрать первоисточники; не создавать карточку из поисковой фразы.,сорта клубники,sorta-klubniki.xlsx:Queries,1,False
клубника гарда описание сорта,клубника гарда,13,17,AVERAGE,Умеренная,garden,,verify_cultivar,Сорта ещё нет в каталоге: сначала установить идентичность и собрать первоисточники; не создавать карточку из поисковой фразы.,сорта клубники,sorta-klubniki.xlsx:Queries,1,False
клубника дали описание сорта,клубника дали,13,14,AVERAGE,Умеренная,garden,,verify_cultivar,Сорта ещё нет в каталоге: сначала установить идентичность и собрать первоисточники; не создавать карточку из поисковой фразы.,сорта клубники,sorta-klubniki.xlsx:Queries,1,False
клубника легран описание сорта,клубника легран описание сорта,13,25,AVERAGE,Умеренная,garden,,verify_cultivar,Сорта ещё нет в каталоге: сначала установить идентичность и собрать первоисточники; не создавать карточку из поисковой фразы.,сорта клубники,sorta-klubniki.xlsx:Queries,1,False
клубника мея описание сорта,клубника мея,13,14,AVERAGE,Умеренная,garden,,verify_cultivar,Сорта ещё нет в каталоге: сначала установить идентичность и собрать первоисточники; не создавать карточку из поисковой фразы.,сорта клубники,sorta-klubniki.xlsx:Queries,1,False
клубника нанди описание сорта,клубника нанди,13,13,AVERAGE,Умеренная,garden,,verify_cultivar,Сорта ещё нет в каталоге: сначала установить идентичность и собрать первоисточники; не создавать карточку из поисковой фразы.,сорта клубники,sorta-klubniki.xlsx:Queries,1,False
клубника пандора описание сорта,клубника пандора,13,10,AVERAGE,Умеренная,garden,,verify_cultivar,Сорта ещё нет в каталоге: сначала установить идентичность и собрать первоисточники; не создавать карточку из поисковой фразы.,сорта клубники,sorta-klubniki.xlsx:Queries,1,False
клубника сан андреас описание сорта фото отзывы,клубника сан андреас,13,14,AVERAGE,Умеренная,garden,,verify_cultivar,Сорта ещё нет в каталоге: сначала установить идентичность и собрать первоисточники; не создавать карточку из поисковой фразы.,сорта клубники,sorta-klubniki.xlsx:Queries,1,False
клубника сорта флер описание фото отзывы,клубника флер,13,14,AVERAGE,Умеренная,garden,/sorta/,improve_catalog,"Уточнить путь к каталогу клубники, фильтрам и сравнению.",сорта клубники,sorta-klubniki.xlsx:Queries,1,False
клубника сударушка описание сорта,клубника сударушка,13,11,AVERAGE,Умеренная,garden,/sorta/sudarushka/,improve_cultivar,"Проверить полноту описания, фото и сравнения; отзывы и урожайность добавлять только по фактическим источникам.",сорта клубники,sorta-klubniki.xlsx:Queries,1,False
клубника федерико описание сорта,клубника федерико,13,14,AVERAGE,Умеренная,garden,,verify_cultivar,Сорта ещё нет в каталоге: сначала установить идентичность и собрать первоисточники; не создавать карточку из поисковой фразы.,сорта клубники,sorta-klubniki.xlsx:Queries,1,False
лучшие сорта клубники для воронежской области с фото и описанием,сорта клубники,13,29,AVERAGE,Умеренная,garden,/sorta/,improve_catalog,"Уточнить путь к каталогу клубники, фильтрам и сравнению.",сорта клубники,sorta-klubniki.xlsx:Queries,1,False
лучшие сорта клубники для подмосковья для открытого грунта крупноплодные сладкие сорта с фото,лучшие сорта клубники для подмосковья,13,23,AVERAGE,Умеренная,garden,/sorta/,improve_catalog,"Уточнить путь к каталогу клубники, фильтрам и сравнению.",сорта клубники,sorta-klubniki.xlsx:Queries,1,False
лучшие сорта клубники для саратовской области отзывы садоводов,сорта клубники,13,25,AVERAGE,Умеренная,garden,/sorta/,improve_catalog,"Уточнить путь к каталогу клубники, фильтрам и сравнению.",сорта клубники,sorta-klubniki.xlsx:Queries,1,False
лучшие сорта малины для крыма,лучшие сорта малины для крыма,13,27,AVERAGE,Умеренная,garden,,manual_mapping,Нужна редакционная проверка намерения.,сорта малины,sorta-maliny.xlsx:Queries,1,False
малина аделита описание сорта фото отзывы,малина аделита,13,24,AVERAGE,Умеренная,garden,,verify_cultivar,Сорта ещё нет в каталоге: сначала установить идентичность и собрать первоисточники; не создавать карточку из поисковой фразы.,сорта малины,sorta-maliny.xlsx:Queries,1,False
малина богатырь описание сорта фото отзывы,малина богатырь,13,15,AVERAGE,Умеренная,garden,,verify_cultivar,Сорта ещё нет в каталоге: сначала установить идентичность и собрать первоисточники; не создавать карточку из поисковой фразы.,сорта малины,sorta-maliny.xlsx:Queries,1,False
малина глен файн описание сорта,малина глен файн,13,13,AVERAGE,Умеренная,garden,,verify_cultivar,Сорта ещё нет в каталоге: сначала установить идентичность и собрать первоисточники; не создавать карточку из поисковой фразы.,сорта малины,sorta-maliny.xlsx:Queries,1,False
малина груви описание сорта,малина груви,13,16,AVERAGE,Умеренная,garden,,verify_cultivar,Сорта ещё нет в каталоге: сначала установить идентичность и собрать первоисточники; не создавать карточку из поисковой фразы.,сорта малины,sorta-maliny.xlsx:Queries,1,False
малина для сибири зимостойкие сорта,лучшие сорта малины для сибири,13,23,AVERAGE,Умеренная,garden,,manual_mapping,Нужна редакционная проверка намерения.,сорта малины,sorta-maliny.xlsx:Queries,1,False
малина маросейка описание сорта фото отзывы,малина маросейка описание сорта,13,18,AVERAGE,Умеренная,garden,/sorta/maroseyka/,improve_cultivar,"Проверить полноту описания, фото и сравнения; отзывы и урожайность добавлять только по фактическим источникам.",сорта малины,sorta-maliny.xlsx:Queries,1,False
малина носорог описание сорта,малина носорог,13,12,AVERAGE,Умеренная,garden,,verify_cultivar,Сорта ещё нет в каталоге: сначала установить идентичность и собрать первоисточники; не создавать карточку из поисковой фразы.,сорта малины,sorta-maliny.xlsx:Queries,1,False
малина посадка осенью,посадка малины осенью когда и как посадить,13,12,AVERAGE,Умеренная,garden,/zhurnal/posadka-maliny/,improve_existing,Обновить ответы внутри существующего материала и связать с расчётом посадки.,посадка малины,posadka-maliny.xlsx:Queries,1,False
малина ремонтантная лучшие сорта для урала,сорта малины для урала с фотографиями,13,21,AVERAGE,Умеренная,garden,,manual_mapping,Нужна редакционная проверка намерения.,сорта малины,sorta-maliny.xlsx:Queries,1,False
мальвина клубника описание сорта фото отзывы садоводов,клубника мальвина,13,19,AVERAGE,Умеренная,garden,/sorta/malvina/,improve_cultivar,"Проверить полноту описания, фото и сравнения; отзывы и урожайность добавлять только по фактическим источникам.",сорта клубники,sorta-klubniki.xlsx:Queries,1,False
мара де буа клубника описание сорта,клубника мара де буа,13,12,AVERAGE,Умеренная,garden,,verify_cultivar,Сорта ещё нет в каталоге: сначала установить идентичность и собрать первоисточники; не создавать карточку из поисковой фразы.,сорта клубники,sorta-klubniki.xlsx:Queries,1,False
маросейка малина описание сорта,малина маросейка,13,15,AVERAGE,Умеренная,garden,/sorta/maroseyka/,improve_cultivar,"Проверить полноту описания, фото и сравнения; отзывы и урожайность добавлять только по фактическим источникам.",сорта малины,sorta-maliny.xlsx:Queries,1,False
можно ли сажать разные сорта малины рядом,можно ли сажать ремонтантную малину рядом с обычной малиной,13,20,AVERAGE,Умеренная,garden,/zhurnal/posadka-maliny/,improve_existing,Обновить ответы внутри существующего материала и связать с расчётом посадки.,сорта малины,sorta-maliny.xlsx:Queries,1,False
подкормка виктории после плодоношения,чем подкормить клубнику после плодоношения и обрезки в июле и августе,13,9,AVERAGE,Умеренная,garden,/zhurnal/chem-podkormit-klubniku-po-analizu-pochvy/,improve_existing,Проверить ответ для указанной фазы роста; сохранять выбор питания по данным анализа.,клубника,klubnika.xlsx:AdditionalQueries,1,False
правила посадки малины,как правильно посадить малину,13,12,AVERAGE,Умеренная,garden,/zhurnal/posadka-maliny/,improve_existing,Обновить ответы внутри существующего материала и связать с расчётом посадки.,посадка малины,posadka-maliny.xlsx:Queries,1,False
ремонтантная клубника сорта лучшие,ремонтантные сорта клубники,13,22,AVERAGE,Умеренная,garden,/sorta/,improve_catalog,"Уточнить путь к каталогу клубники, фильтрам и сравнению.",сорта клубники,sorta-klubniki.xlsx:Queries,1,False
самохвал малина описание,малина самохвал,13,9,AVERAGE,Умеренная,garden,/sorta/samohval/,improve_cultivar,"Проверить полноту описания, фото и сравнения; отзывы и урожайность добавлять только по фактическим источникам.",сорта малины,sorta-maliny.xlsx:AdditionalQueries,1,False
сорт клубники альбион фото и описание,клубника альбион,13,13,AVERAGE,Умеренная,garden,/sorta/albion/,improve_cultivar,"Проверить полноту описания, фото и сравнения; отзывы и урожайность добавлять только по фактическим источникам.",сорта клубники,sorta-klubniki.xlsx:Queries,1,False
сорта клубники для подмосковья устойчивые к болезням,лучшие сорта клубники для подмосковья,13,20,AVERAGE,Умеренная,garden,/sorta/,improve_catalog,"Уточнить путь к каталогу клубники, фильтрам и сравнению.",болезни клубники | сорта клубники,bolezni-klubniki.xlsx:Queries | sorta-klubniki.xlsx:Queries,2,False
сорта клубники для ростовской области,сорта клубники для ростовской области с фотографиями и описанием,13,14,AVERAGE,Умеренная,garden,/sorta/,improve_catalog,"Уточнить путь к каталогу клубники, фильтрам и сравнению.",сорта клубники,sorta-klubniki.xlsx:Queries,1,False
сорта клубники лучшие для калужской области,лучшие сорта клубники для средней полосы для открытого грунта,13,18,AVERAGE,Умеренная,garden,/sorta/,improve_catalog,"Уточнить путь к каталогу клубники, фильтрам и сравнению.",сорта клубники,sorta-klubniki.xlsx:Queries,1,False
цунаки клубника описание сорта фото,клубника цунаки,13,15,AVERAGE,Умеренная,garden,,verify_cultivar,Сорта ещё нет в каталоге: сначала установить идентичность и собрать первоисточники; не создавать карточку из поисковой фразы.,сорта клубники,sorta-klubniki.xlsx:Queries,1,False
чамора туруси клубника описание сорта фото,клубника чамора туруси,13,15,AVERAGE,Умеренная,garden,,verify_cultivar,Сорта ещё нет в каталоге: сначала установить идентичность и собрать первоисточники; не создавать карточку из поисковой фразы.,сорта клубники,sorta-klubniki.xlsx:Queries,1,False
чем обработать малину от вредителей и болезней весной в мае перед цветением,уход за малиной весной,13,21,AVERAGE,Умеренная,garden,/instrumenty/proverka-rasteniya/,diagnostic_backlog,Связать симптомы с проверкой растения; отдельный материал только после проверки источников.,болезни малины,bolezni-maliny.xlsx:Queries,1,False
чем обработать малину от дидимеллы,дидимелла на малине как бороться,13,13,AVERAGE,Умеренная,garden,,new_article,"Дидимелла: проверить диагностику по первоисточникам, затем подготовить материал; схемы препаратов требуют актуальной проверки.",болезни малины,bolezni-maliny.xlsx:AdditionalQueries,1,False
что такое ремонтантный сорт клубники означает,ремонтантная клубника,13,13,AVERAGE,Умеренная,garden,/sorta/,improve_catalog,"Уточнить путь к каталогу клубники, фильтрам и сравнению.",сорта клубники,sorta-klubniki.xlsx:Queries,1,False
штамбовая малина что это,малиновое дерево,13,6,AVERAGE,Умеренная,garden,,manual_mapping,Нужна редакционная проверка намерения.,сорта малины,sorta-maliny.xlsx:AdditionalQueries,1,False
атлант малина описание сорта,малина атлант,12,10,AVERAGE,Умеренная,garden,/sorta/atlant/,improve_cultivar,"Проверить полноту описания, фото и сравнения; отзывы и урожайность добавлять только по фактическим источникам.",сорта малины,sorta-maliny.xlsx:Queries,1,False
болезни и вредители малины,вредители малины,12,20,AVERAGE,Умеренная,garden,/instrumenty/proverka-rasteniya/,diagnostic_backlog,Связать симптомы с проверкой растения; отдельный материал только после проверки источников.,болезни малины,bolezni-maliny.xlsx:Queries,1,False
виктория мурано описание сорта,клубника мурано,12,9,AVERAGE,Умеренная,garden,/sorta/murano/,improve_cultivar,"Проверить полноту описания, фото и сравнения; отзывы и урожайность добавлять только по фактическим источникам.",сорта клубники,sorta-klubniki.xlsx:AdditionalQueries,1,False
виктория фестивальная описание,клубника фестивальная,12,11,AVERAGE,Умеренная,garden,/sorta/festivalnaya/,improve_cultivar,"Проверить полноту описания, фото и сравнения; отзывы и урожайность добавлять только по фактическим источникам.",сорта клубники,sorta-klubniki.xlsx:AdditionalQueries,1,False
геракл малина ремонтантная описание сорта фото,малина геракл,12,11,AVERAGE,Умеренная,garden,/sorta/gerakl/,improve_cultivar,"Проверить полноту описания, фото и сравнения; отзывы и урожайность добавлять только по фактическим источникам.",сорта малины,sorta-maliny.xlsx:Queries,1,False
гигантелла клубника описание сорта фото отзывы,клубника гигантелла,12,17,AVERAGE,Умеренная,garden,,verify_cultivar,Сорта ещё нет в каталоге: сначала установить идентичность и собрать первоисточники; не создавать карточку из поисковой фразы.,сорта клубники,sorta-klubniki.xlsx:Queries,1,False
джуси клубника описание сорта,клубника джуси,12,12,AVERAGE,Умеренная,garden,,verify_cultivar,Сорта ещё нет в каталоге: сначала установить идентичность и собрать первоисточники; не создавать карточку из поисковой фразы.,сорта клубники,sorta-klubniki.xlsx:Queries,1,False
земклуника купчиха уход и выращивание,клубника купчиха описание сорта,12,15,AVERAGE,Умеренная,garden,,manual_mapping,Нужна редакционная проверка намерения.,сорта клубники,sorta-klubniki.xlsx:AdditionalQueries,1,False
как правильно посадить малину осенью на даче в подмосковье в открытый грунт,посадка малины осенью когда и как посадить,12,10,AVERAGE,Умеренная,garden,/zhurnal/sorta-maliny-dlya-podmoskovya-kak-vybrat/,improve_existing,Связать выбор со сравнением сортов и условиями участка; отзывы и урожайность показывать только с реальными данными.,посадка малины,posadka-maliny.xlsx:AdditionalQueries,1,False
как сажать ремонтантную малину осенью,посадка ремонтантной малины осенью в открытый грунт,12,15,AVERAGE,Умеренная,garden,/zhurnal/posadka-maliny/,improve_existing,Обновить ответы внутри существующего материала и связать с расчётом посадки.,посадка малины,posadka-maliny.xlsx:AdditionalQueries,1,False
клубника альбион описание сорта фото отзывы садоводов,клубника альбион описание сорта,12,16,AVERAGE,Умеренная,garden,/sorta/albion/,improve_cultivar,"Проверить полноту описания, фото и сравнения; отзывы и урожайность добавлять только по фактическим источникам.",сорта клубники,sorta-klubniki.xlsx:Queries,1,False
клубника белый швед описание сорта,клубника белый швед,12,11,AVERAGE,Умеренная,garden,,verify_cultivar,Сорта ещё нет в каталоге: сначала установить идентичность и собрать первоисточники; не создавать карточку из поисковой фразы.,сорта клубники,sorta-klubniki.xlsx:Queries,1,False
клубника болезни и вредители борьба с ними фото,болезни клубники,12,31,AVERAGE,Умеренная,garden,/instrumenty/proverka-rasteniya/,new_diagnostic_hub,Подготовить руководство по болезням клубники с проверяемыми фото и различиями симптомов; связать с материалом о серой гнили.,болезни клубники,bolezni-klubniki.xlsx:Queries,1,False
клубника дженка описание сорта,клубника дженка описание сорта,12,25,AVERAGE,Умеренная,garden,,verify_cultivar,Сорта ещё нет в каталоге: сначала установить идентичность и собрать первоисточники; не создавать карточку из поисковой фразы.,сорта клубники,sorta-klubniki.xlsx:Queries,1,False
клубника джуси описание сорта фото отзывы садоводов урожайность,клубника джуси,12,26,AVERAGE,Умеренная,garden,,verify_cultivar,Сорта ещё нет в каталоге: сначала установить идентичность и собрать первоисточники; не создавать карточку из поисковой фразы.,сорта клубники,sorta-klubniki.xlsx:Queries,1,False
клубника елизавета 2 описание сорта фото отзывы садоводов урожайность,клубника елизавета 2,12,13,AVERAGE,Умеренная,garden,,verify_cultivar,Сорта ещё нет в каталоге: сначала установить идентичность и собрать первоисточники; не создавать карточку из поисковой фразы.,сорта клубники,sorta-klubniki.xlsx:Queries,1,False
клубника женева описание сорта,клубника женева,12,14,AVERAGE,Умеренная,garden,,verify_cultivar,Сорта ещё нет в каталоге: сначала установить идентичность и собрать первоисточники; не создавать карточку из поисковой фразы.,сорта клубники,sorta-klubniki.xlsx:Queries,1,False
клубника зенга зенгана описание сорта,клубника зенга-зенгана описание,12,11,AVERAGE,Умеренная,garden,/sorta/zenga-zengana/,improve_cultivar,"Проверить полноту описания, фото и сравнения; отзывы и урожайность добавлять только по фактическим источникам.",сорта клубники,sorta-klubniki.xlsx:Queries,1,False
клубника зенга-зенгана описание сорта отзывы,клубника зенга-зенгана описание,12,14,AVERAGE,Умеренная,garden,,verify_cultivar,Сорта ещё нет в каталоге: сначала установить идентичность и собрать первоисточники; не создавать карточку из поисковой фразы.,сорта клубники,sorta-klubniki.xlsx:Queries,1,False
клубника лия сахарная описание сорта,клубника лия сахарная,12,12,AVERAGE,Умеренная,garden,,verify_cultivar,Сорта ещё нет в каталоге: сначала установить идентичность и собрать первоисточники; не создавать карточку из поисковой фразы.,сорта клубники,sorta-klubniki.xlsx:Queries,1,False
клубника рубиновый кулон описание сорта фото отзывы,клубника рубиновый кулон,12,16,AVERAGE,Умеренная,garden,,verify_cultivar,Сорта ещё нет в каталоге: сначала установить идентичность и собрать первоисточники; не создавать карточку из поисковой фразы.,сорта клубники,sorta-klubniki.xlsx:Queries,1,False
клубника сорта для подмосковья,лучшие сорта клубники для подмосковья,12,18,AVERAGE,Умеренная,garden,/sorta/,improve_catalog,"Уточнить путь к каталогу клубники, фильтрам и сравнению.",сорта клубники,sorta-klubniki.xlsx:Queries,1,False
клубника элан описание сорта,клубника элан,12,12,AVERAGE,Умеренная,garden,/sorta/elan/,improve_cultivar,"Проверить полноту описания, фото и сравнения; отзывы и урожайность добавлять только по фактическим источникам.",сорта клубники,sorta-klubniki.xlsx:Queries,1,False
лучшие сорта клубники для ростовской области отзывы и фото,клубника описание фото отзывы,12,20,AVERAGE,Умеренная,garden,/sorta/,improve_catalog,"Уточнить путь к каталогу клубники, фильтрам и сравнению.",сорта клубники,sorta-klubniki.xlsx:Queries,1,False
лучшие сорта летней малины,сорта малины,12,16,AVERAGE,Умеренная,garden,,manual_mapping,Нужна редакционная проверка намерения.,сорта малины,sorta-maliny.xlsx:Queries,1,False
малина васена описание сорта фото отзывы садоводов урожайность,малина васёна описание сорта фото отзывы,12,32,AVERAGE,Умеренная,garden,,verify_cultivar,Сорта ещё нет в каталоге: сначала установить идентичность и собрать первоисточники; не создавать карточку из поисковой фразы.,сорта малины,sorta-maliny.xlsx:Queries,1,False
малина галактика описание сорта,малина галактика,12,9,AVERAGE,Умеренная,garden,,verify_cultivar,Сорта ещё нет в каталоге: сначала установить идентичность и собрать первоисточники; не создавать карточку из поисковой фразы.,сорта малины,sorta-maliny.xlsx:Queries,1,False
малина геракл описание сорта фото отзывы садоводов,малина геракл,12,13,AVERAGE,Умеренная,garden,/sorta/gerakl/,improve_cultivar,"Проверить полноту описания, фото и сравнения; отзывы и урожайность добавлять только по фактическим источникам.",сорта малины,sorta-maliny.xlsx:Queries,1,False
малина карамелька описание сорта фото отзывы садоводов,малина карамелька,12,22,AVERAGE,Умеренная,garden,/sorta/karamelka/,improve_cultivar,"Проверить полноту описания, фото и сравнения; отзывы и урожайность добавлять только по фактическим источникам.",сорта малины,sorta-maliny.xlsx:Queries,1,False
малина красная королева описание сорта фото отзывы,малина красная королева,12,16,AVERAGE,Умеренная,garden,,verify_cultivar,Сорта ещё нет в каталоге: сначала установить идентичность и собрать первоисточники; не создавать карточку из поисковой фразы.,сорта малины,sorta-maliny.xlsx:Queries,1,False
малина красная королева описание сорта фото отзывы садоводов,малина красная королева,12,15,AVERAGE,Умеренная,garden,,verify_cultivar,Сорта ещё нет в каталоге: сначала установить идентичность и собрать первоисточники; не создавать карточку из поисковой фразы.,сорта малины,sorta-maliny.xlsx:Queries,1,False
малина кримсон найт описание сорта,малина король ночи,12,10,AVERAGE,Умеренная,garden,,verify_cultivar,Сорта ещё нет в каталоге: сначала установить идентичность и собрать первоисточники; не создавать карточку из поисковой фразы.,сорта малины,sorta-maliny.xlsx:Queries,1,False
малина кумберленд описание сорта фото,малина кумберленд,12,15,AVERAGE,Умеренная,garden,,verify_cultivar,Сорта ещё нет в каталоге: сначала установить идентичность и собрать первоисточники; не создавать карточку из поисковой фразы.,сорта малины,sorta-maliny.xlsx:Queries,1,False
малина московский великан описание сорта,малина московский гигант,12,12,AVERAGE,Умеренная,garden,,verify_cultivar,Сорта ещё нет в каталоге: сначала установить идентичность и собрать первоисточники; не создавать карточку из поисковой фразы.,сорта малины,sorta-maliny.xlsx:Queries,1,False
малина полька описание сорта фото,малина полька,12,12,AVERAGE,Умеренная,garden,/sorta/polka/,improve_cultivar,"Проверить полноту описания, фото и сравнения; отзывы и урожайность добавлять только по фактическим источникам.",посадка малины | сорта малины,posadka-maliny.xlsx:AdditionalQueries | sorta-maliny.xlsx:Queries,2,False
малина посадка осенью как правильно посадить,как посадить малину осенью саженцами правильно,12,14,AVERAGE,Умеренная,garden,/zhurnal/posadka-maliny/,improve_existing,Обновить ответы внутри существующего материала и связать с расчётом посадки.,посадка малины,posadka-maliny.xlsx:Queries,1,False
малина скромница описание сорта,малина скромница,12,12,AVERAGE,Умеренная,garden,/sorta/skromnitsa/,improve_cultivar,"Проверить полноту описания, фото и сравнения; отзывы и урожайность добавлять только по фактическим источникам.",сорта малины,sorta-maliny.xlsx:Queries,1,False
обработка малины весной от болезней и вредителей ранней весной,как ухаживать за малиной весной,12,20,AVERAGE,Умеренная,garden,/instrumenty/proverka-rasteniya/,diagnostic_backlog,Связать симптомы с проверкой растения; отдельный материал только после проверки источников.,болезни малины,bolezni-maliny.xlsx:Queries,1,False
осенняя обработка малины от вредителей и болезней,чем обработать малину от вредителей,12,21,AVERAGE,Умеренная,garden,/instrumenty/proverka-rasteniya/,diagnostic_backlog,Связать симптомы с проверкой растения; отдельный материал только после проверки источников.,болезни малины,bolezni-maliny.xlsx:Queries,1,False
посадить малину,как правильно посадить малину,12,11,AVERAGE,Умеренная,garden,/zhurnal/posadka-maliny/,improve_existing,Обновить ответы внутри существующего материала и связать с расчётом посадки.,посадка малины,posadka-maliny.xlsx:AdditionalQueries,1,False
правильная посадка малины,как правильно посадить малину,12,10,AVERAGE,Умеренная,garden,/zhurnal/posadka-maliny/,improve_existing,Обновить ответы внутри существующего материала и связать с расчётом посадки.,посадка малины,posadka-maliny.xlsx:Queries,1,False
расстояние между кустами малины при посадке,как правильно посадить малину,12,7,AVERAGE,Умеренная,garden,/zhurnal/posadka-maliny/,improve_existing,Обновить ответы внутри существующего материала и связать с расчётом посадки.,посадка малины,posadka-maliny.xlsx:Queries,1,False
румба клубника описание сорта,клубника румба,12,12,AVERAGE,Умеренная,garden,/sorta/rumba/,improve_cultivar,"Проверить полноту описания, фото и сравнения; отзывы и урожайность добавлять только по фактическим источникам.",сорта клубники,sorta-klubniki.xlsx:Queries,1,False
самые вкусные сорта клубники для подмосковья,лучшие сорта клубники для подмосковья,12,22,AVERAGE,Умеренная,garden,/sorta/,improve_catalog,"Уточнить путь к каталогу клубники, фильтрам и сравнению.",сорта клубники,sorta-klubniki.xlsx:Queries,1,False
сан-андреас клубника ремонтантная описание сорта фото отзывы,клубника сан андреас,12,16,AVERAGE,Умеренная,garden,,verify_cultivar,Сорта ещё нет в каталоге: сначала установить идентичность и собрать первоисточники; не создавать карточку из поисковой фразы.,сорта клубники,sorta-klubniki.xlsx:Queries,1,False
сорт малины изобильная описание и фото,малина изобильная,12,11,AVERAGE,Умеренная,garden,,manual_mapping,Нужна редакционная проверка намерения.,сорта малины,sorta-maliny.xlsx:Queries,1,False
сорта клубники для подмосковья с фото и описанием,лучшие сорта клубники для подмосковья,12,15,AVERAGE,Умеренная,garden,/sorta/,improve_catalog,"Уточнить путь к каталогу клубники, фильтрам и сравнению.",сорта клубники,sorta-klubniki.xlsx:Queries,1,False
сорта малины для краснодарского края,малина ремонтантная лучшие сорта для юга россии,12,19,AVERAGE,Умеренная,garden,,manual_mapping,Нужна редакционная проверка намерения.,сорта малины,sorta-maliny.xlsx:Queries,1,False
сорта малины для сибири лучшие крупные сладкие,лучшие сорта малины для сибири,12,20,AVERAGE,Умеренная,garden,,manual_mapping,Нужна редакционная проверка намерения.,сорта малины,sorta-maliny.xlsx:Queries,1,False
сорта ремонтантной клубники с фотографиями,ремонтантные сорта клубники,12,23,AVERAGE,Умеренная,garden,/sorta/,improve_catalog,"Уточнить путь к каталогу клубники, фильтрам и сравнению.",сорта клубники,sorta-klubniki.xlsx:Queries,1,False
сорта сладкой клубники,сорта клубники,12,20,AVERAGE,Умеренная,garden,/sorta/,improve_catalog,"Уточнить путь к каталогу клубники, фильтрам и сравнению.",сорта клубники,sorta-klubniki.xlsx:Queries,1,False
способы посадки малины,как правильно посадить малину,12,16,AVERAGE,Умеренная,garden,/zhurnal/posadka-maliny/,improve_existing,Обновить ответы внутри существующего материала и связать с расчётом посадки.,посадка малины,posadka-maliny.xlsx:Queries,1,False
фото тибетской малины,тибетская малина,12,15,AVERAGE,Умеренная,garden,,new_botanical_article,"Сначала установить вид и источники; объяснить отличие от обычной малины, добавить проверяемые фото.",сорта малины | тибетская малина,sorta-maliny.xlsx:AdditionalQueries | tibetskaya-malina.xlsx:Queries,2,False
чем обработать клубнику в мае от болезней и вредителей,обработка клубники весной,12,14,AVERAGE,Умеренная,garden,/instrumenty/proverka-rasteniya/,new_diagnostic_hub,Подготовить руководство по болезням клубники с проверяемыми фото и различиями симптомов; связать с материалом о серой гнили.,болезни клубники,bolezni-klubniki.xlsx:Queries,1,False
виктория азия описание сорта фото,клубника азия,11,12,AVERAGE,Умеренная,garden,/sorta/aziya/,improve_cultivar,"Проверить полноту описания, фото и сравнения; отзывы и урожайность добавлять только по фактическим источникам.",сорта клубники,sorta-klubniki.xlsx:AdditionalQueries,1,False
гигантелла максим клубника описание сорта,клубника максим,11,11,AVERAGE,Умеренная,garden,,verify_cultivar,Сорта ещё нет в каталоге: сначала установить идентичность и собрать первоисточники; не создавать карточку из поисковой фразы.,сорта клубники,sorta-klubniki.xlsx:Queries,1,False
как посадить куст малины,как правильно посадить малину,11,7,AVERAGE,Умеренная,garden,/zhurnal/posadka-maliny/,improve_existing,Обновить ответы внутри существующего материала и связать с расчётом посадки.,посадка малины,posadka-maliny.xlsx:AdditionalQueries,1,False
как сажать малину весной в открытый,как правильно посадить малину,11,7,AVERAGE,Умеренная,garden,/zhurnal/posadka-maliny/,improve_existing,Обновить ответы внутри существующего материала и связать с расчётом посадки.,посадка малины,posadka-maliny.xlsx:AdditionalQueries,1,False
какие сорта клубники самые сладкие и крупные для подмосковья,лучшие сорта клубники для подмосковья,11,15,AVERAGE,Умеренная,garden,/sorta/,improve_catalog,"Уточнить путь к каталогу клубники, фильтрам и сравнению.",сорта клубники,sorta-klubniki.xlsx:Queries,1,False
какой сорт клубники выбрать для посадки в ленинградской области,лучшие сорта клубники для ленинградской области,11,21,AVERAGE,Умеренная,garden,/zhurnal/posadka-klubniki/,improve_existing,"Дополнить существующий материал ответами по срокам и условиям, связать с инструментом срока посадки.",сорта клубники,sorta-klubniki.xlsx:Queries,1,False
какую клубнику лучше посадить в ленинградской области,лучшие сорта клубники для ленинградской области,11,15,AVERAGE,Умеренная,garden,/zhurnal/posadka-klubniki/,improve_existing,"Дополнить существующий материал ответами по срокам и условиям, связать с инструментом срока посадки.",сорта клубники,sorta-klubniki.xlsx:AdditionalQueries,1,False
какую клубнику посадить лучшие сорта,сорта клубники,11,17,AVERAGE,Умеренная,garden,/zhurnal/posadka-klubniki/,improve_existing,"Дополнить существующий материал ответами по срокам и условиям, связать с инструментом срока посадки.",сорта клубники,sorta-klubniki.xlsx:Queries,1,False
клери клубника описание сорта фото отзывы садоводов урожайность,клубника клери описание сорта,11,18,AVERAGE,Умеренная,garden,/sorta/kleri/,improve_cultivar,"Проверить полноту описания, фото и сравнения; отзывы и урожайность добавлять только по фактическим источникам.",сорта клубники,sorta-klubniki.xlsx:Queries,1,False
клубника антея описание сорта фото отзывы,клубника антея,11,14,AVERAGE,Умеренная,garden,,verify_cultivar,Сорта ещё нет в каталоге: сначала установить идентичность и собрать первоисточники; не создавать карточку из поисковой фразы.,сорта клубники,sorta-klubniki.xlsx:Queries,1,False
клубника барыня описание сорта фото отзывы,клубника барыня,11,14,AVERAGE,Умеренная,garden,,verify_cultivar,Сорта ещё нет в каталоге: сначала установить идентичность и собрать первоисточники; не создавать карточку из поисковой фразы.,сорта клубники,sorta-klubniki.xlsx:Queries,1,False
клубника барыня описание сорта фото отзывы садоводов,клубника барыня,11,17,AVERAGE,Умеренная,garden,,verify_cultivar,Сорта ещё нет в каталоге: сначала установить идентичность и собрать первоисточники; не создавать карточку из поисковой фразы.,сорта клубники,sorta-klubniki.xlsx:Queries,1,False
клубника вента описание сорта,клубника вента,11,14,AVERAGE,Умеренная,garden,,verify_cultivar,Сорта ещё нет в каталоге: сначала установить идентичность и собрать первоисточники; не создавать карточку из поисковой фразы.,сорта клубники,sorta-klubniki.xlsx:Queries,1,False
клубника золушка описание сорта,земляника золушка,11,12,AVERAGE,Умеренная,garden,,verify_cultivar,Сорта ещё нет в каталоге: сначала установить идентичность и собрать первоисточники; не создавать карточку из поисковой фразы.,сорта клубники,sorta-klubniki.xlsx:Queries,1,False
клубника крапо 10 описание сорта фото отзывы,клубника крапо 10,11,13,AVERAGE,Умеренная,garden,,verify_cultivar,Сорта ещё нет в каталоге: сначала установить идентичность и собрать первоисточники; не создавать карточку из поисковой фразы.,сорта клубники,sorta-klubniki.xlsx:Queries,1,False
клубника олимпия описание сорта,клубника олимпия,11,15,AVERAGE,Умеренная,garden,,verify_cultivar,Сорта ещё нет в каталоге: сначала установить идентичность и собрать первоисточники; не создавать карточку из поисковой фразы.,сорта клубники,sorta-klubniki.xlsx:Queries,1,False
клубника ремонтантная лучшие сорта для сибири,сорта клубники для сибири,11,15,AVERAGE,Умеренная,garden,/podbor/,improve_selector,Использовать место и подтверждённый допуск; местную урожайность не выводить из допуска.,сорта клубники,sorta-klubniki.xlsx:Queries,1,False
клубника царица описание сорта фото отзывы садоводов урожайность характеристика и описание,клубника царица описание сорта,11,19,AVERAGE,Умеренная,garden,/sorta/tsaritsa/,improve_cultivar,"Проверить полноту описания, фото и сравнения; отзывы и урожайность добавлять только по фактическим источникам.",сорта клубники,sorta-klubniki.xlsx:Queries,1,False
клубника чили описание сорта фото отзывы садоводов,клубника чили описание сорта,11,32,AVERAGE,Умеренная,garden,,verify_cultivar,Сорта ещё нет в каталоге: сначала установить идентичность и собрать первоисточники; не создавать карточку из поисковой фразы.,сорта клубники,sorta-klubniki.xlsx:Queries,1,False
клубника эльвира описание сорта,эльвира сорт клубники,11,14,AVERAGE,Умеренная,garden,,verify_cultivar,Сорта ещё нет в каталоге: сначала установить идентичность и собрать первоисточники; не создавать карточку из поисковой фразы.,сорта клубники,sorta-klubniki.xlsx:Queries,1,False
купчиха сорт клубники фото и описание,клубника купчиха,11,10,AVERAGE,Умеренная,garden,/sorta/,improve_catalog,"Уточнить путь к каталогу клубники, фильтрам и сравнению.",сорта клубники,sorta-klubniki.xlsx:Queries,1,False
лучшие сорта клубники для подмосковья для открытого,лучшие сорта клубники для подмосковья,11,15,AVERAGE,Умеренная,garden,/sorta/,improve_catalog,"Уточнить путь к каталогу клубники, фильтрам и сравнению.",сорта клубники,sorta-klubniki.xlsx:Queries,1,False
лучшие сорта малины для нижегородской области,сорта малины с фотографиями и описанием,11,18,AVERAGE,Умеренная,garden,,manual_mapping,Нужна редакционная проверка намерения.,сорта малины,sorta-maliny.xlsx:Queries,1,False
лучшие сорта малины для нижегородской области для открытого грунта,сорта малины с фотографиями и описанием,11,21,AVERAGE,Умеренная,garden,,manual_mapping,Нужна редакционная проверка намерения.,сорта малины,sorta-maliny.xlsx:Queries,1,False
лучшие сорта малины для урала крупные сладкие,сорта малины для урала с фотографиями,11,20,AVERAGE,Умеренная,garden,,manual_mapping,Нужна редакционная проверка намерения.,сорта малины,sorta-maliny.xlsx:Queries,1,False
лючия клубника описание сорта,клубника лючия,11,10,AVERAGE,Умеренная,garden,,verify_cultivar,Сорта ещё нет в каталоге: сначала установить идентичность и собрать первоисточники; не создавать карточку из поисковой фразы.,сорта клубники,sorta-klubniki.xlsx:Queries,1,False
малина абрикосовая описание сорта,малина абрикосовая,11,9,AVERAGE,Умеренная,garden,/sorta/abrikosovaya/,improve_cultivar,"Проверить полноту описания, фото и сравнения; отзывы и урожайность добавлять только по фактическим источникам.",сорта малины,sorta-maliny.xlsx:Queries,1,False
малина геракл описание сорта фото,малина геракл,11,17,AVERAGE,Умеренная,garden,/sorta/gerakl/,improve_cultivar,"Проверить полноту описания, фото и сравнения; отзывы и урожайность добавлять только по фактическим источникам.",сорта малины,sorta-maliny.xlsx:Queries,1,False
малина дельбар манифик описание сорта,малина дельбар манифик описание сорта,11,11,AVERAGE,Умеренная,garden,,verify_cultivar,Сорта ещё нет в каталоге: сначала установить идентичность и собрать первоисточники; не создавать карточку из поисковой фразы.,сорта малины,sorta-maliny.xlsx:Queries,1,False
малина желтый гигант описание сорта фото,малина желтый гигант,11,11,AVERAGE,Умеренная,garden,/sorta/zheltyy-gigant/,improve_cultivar,"Проверить полноту описания, фото и сравнения; отзывы и урожайность добавлять только по фактическим источникам.",посадка малины | сорта малины,posadka-maliny.xlsx:AdditionalQueries | sorta-maliny.xlsx:Queries,2,False
малина золотая осень описание сорта,малина золотая осень,11,8,AVERAGE,Умеренная,garden,/sorta/zolotaya-osen/,improve_cultivar,"Проверить полноту описания, фото и сравнения; отзывы и урожайность добавлять только по фактическим источникам.",сорта малины,sorta-maliny.xlsx:Queries,1,False
малина зюгана описание сорта фото отзывы,малина зюгана,11,14,AVERAGE,Умеренная,garden,,verify_cultivar,Сорта ещё нет в каталоге: сначала установить идентичность и собрать первоисточники; не создавать карточку из поисковой фразы.,сорта малины,sorta-maliny.xlsx:Queries,1,False
малина калининградская описание сорта,малина калининградская,11,13,AVERAGE,Умеренная,garden,,verify_cultivar,Сорта ещё нет в каталоге: сначала установить идентичность и собрать первоисточники; не создавать карточку из поисковой фразы.,сорта малины,sorta-maliny.xlsx:Queries,1,False
малина нантахала описание сорта фото отзывы садоводов,малина нантахала,11,14,AVERAGE,Умеренная,garden,,verify_cultivar,Сорта ещё нет в каталоге: сначала установить идентичность и собрать первоисточники; не создавать карточку из поисковой фразы.,сорта малины,sorta-maliny.xlsx:Queries,1,False
малина похвалинка описание сорта фото,малина похвалинка,11,16,AVERAGE,Умеренная,garden,/sorta/pohvalinka/,improve_cultivar,"Проверить полноту описания, фото и сравнения; отзывы и урожайность добавлять только по фактическим источникам.",сорта малины,sorta-maliny.xlsx:Queries,1,False
малина рубиновый гигант описание сорта,малина рубиновый гигант,11,13,AVERAGE,Умеренная,garden,,verify_cultivar,Сорта ещё нет в каталоге: сначала установить идентичность и собрать первоисточники; не создавать карточку из поисковой фразы.,сорта малины,sorta-maliny.xlsx:Queries,1,False
малина светлячок описание сорта,малина светлячок,11,13,AVERAGE,Умеренная,garden,/zhurnal/tlya-na-maline-chto-delat/,improve_existing,"Сохранить последовательность осмотра, механических действий и проверки выбранного средства.",сорта малины,sorta-maliny.xlsx:Queries,1,False
малина терентий описание сорта фото отзывы садоводов,малина терентий,11,22,AVERAGE,Умеренная,garden,,verify_cultivar,Сорта ещё нет в каталоге: сначала установить идентичность и собрать первоисточники; не создавать карточку из поисковой фразы.,сорта малины,sorta-maliny.xlsx:Queries,1,False
малина харитейдж описание,малина херитейдж описание,11,12,AVERAGE,Умеренная,garden,,manual_mapping,Нужна редакционная проверка намерения.,сорта малины,sorta-maliny.xlsx:AdditionalQueries,1,False
маравилла малина описание сорта фото,малина маравилла,11,10,AVERAGE,Умеренная,garden,,verify_cultivar,Сорта ещё нет в каталоге: сначала установить идентичность и собрать первоисточники; не создавать карточку из поисковой фразы.,сорта малины,sorta-maliny.xlsx:Queries,1,False
можно ли сажать малину летом,посадка малины летом,11,4,AVERAGE,Умеренная,garden,/zhurnal/posadka-maliny/,improve_existing,Обновить ответы внутри существующего материала и связать с расчётом посадки.,посадка малины,posadka-maliny.xlsx:AdditionalQueries,1,False
новые сорта клубники,новые сорта клубники,11,28,AVERAGE,Умеренная,garden,/sorta/,improve_catalog,"Уточнить путь к каталогу клубники, фильтрам и сравнению.",сорта клубники,sorta-klubniki.xlsx:Queries,1,False
обработка клубники от болезней,обработка клубники весной,11,9,AVERAGE,Умеренная,garden,/instrumenty/proverka-rasteniya/,new_diagnostic_hub,Подготовить руководство по болезням клубники с проверяемыми фото и различиями симптомов; связать с материалом о серой гнили.,болезни клубники,bolezni-klubniki.xlsx:Queries,1,False
обработка малины ранней весной,уход за малиной весной,11,14,AVERAGE,Умеренная,garden,,manual_mapping,Нужна редакционная проверка намерения.,болезни малины,bolezni-maliny.xlsx:AdditionalQueries,1,False
поздние сорта клубники для средней полосы с фото и описанием,поздние сорта клубники,11,20,AVERAGE,Умеренная,garden,/sorta/,improve_catalog,"Уточнить путь к каталогу клубники, фильтрам и сравнению.",сорта клубники,sorta-klubniki.xlsx:Queries,1,False
посадка малины осенью в открытый грунт саженцами в подмосковье,посадка малины осенью когда и как посадить,11,12,AVERAGE,Умеренная,garden,/zhurnal/sorta-maliny-dlya-podmoskovya-kak-vybrat/,improve_existing,Связать выбор со сравнением сортов и условиями участка; отзывы и урожайность показывать только с реальными данными.,посадка малины,posadka-maliny.xlsx:Queries,1,False
самые крупные сорта малины,сорта малины с фотографиями и описанием,11,18,AVERAGE,Умеренная,garden,,manual_mapping,Нужна редакционная проверка намерения.,сорта малины,sorta-maliny.xlsx:Queries,1,False
сладкая клубника сорт какой лучше,сорта клубники,11,16,AVERAGE,Умеренная,garden,/sorta/,improve_catalog,"Уточнить путь к каталогу клубники, фильтрам и сравнению.",сорта клубники,sorta-klubniki.xlsx:Queries,1,False
сорт клубники лорд фото и описание,клубника лорд,11,12,AVERAGE,Умеренная,garden,/sorta/,improve_catalog,"Уточнить путь к каталогу клубники, фильтрам и сравнению.",сорта клубники,sorta-klubniki.xlsx:Queries,1,False
сорт клубники максим,клубника максим,11,12,AVERAGE,Умеренная,garden,/sorta/,improve_catalog,"Уточнить путь к каталогу клубники, фильтрам и сравнению.",сорта клубники,sorta-klubniki.xlsx:Queries,1,False
сорт клубники мальвина фото и описание отзывы садоводов,клубника мальвина,11,12,AVERAGE,Умеренная,garden,/sorta/malvina/,improve_cultivar,"Проверить полноту описания, фото и сравнения; отзывы и урожайность добавлять только по фактическим источникам.",сорта клубники,sorta-klubniki.xlsx:Queries,1,False
сорт малины гусар фото и описание,малина гусар,11,13,AVERAGE,Умеренная,garden,/sorta/gusar/,improve_cultivar,"Проверить полноту описания, фото и сравнения; отзывы и урожайность добавлять только по фактическим источникам.",посадка малины | сорта малины,posadka-maliny.xlsx:AdditionalQueries | sorta-maliny.xlsx:Queries,2,False
сорта клубники с фотографиями и названиями и описанием для средней полосы россии,лучшие сорта клубники для средней полосы для открытого грунта,11,14,AVERAGE,Умеренная,garden,/sorta/,improve_catalog,"Уточнить путь к каталогу клубники, фильтрам и сравнению.",сорта клубники,sorta-klubniki.xlsx:Queries,1,False
сорта клубники устойчивые к серой гнили,сорта клубники устойчивые к серой гнили,11,27,AVERAGE,Умеренная,garden,/sorta/,improve_catalog,"Уточнить путь к каталогу клубники, фильтрам и сравнению.",сорта клубники,sorta-klubniki.xlsx:Queries,1,False
сорта ремонтантной клубники для подмосковья,лучшие сорта клубники для подмосковья,11,15,AVERAGE,Умеренная,garden,/sorta/,improve_catalog,"Уточнить путь к каталогу клубники, фильтрам и сравнению.",сорта клубники,sorta-klubniki.xlsx:Queries,1,False
сорта черной малины,черная малина,11,12,AVERAGE,Умеренная,garden,,manual_mapping,Нужна редакционная проверка намерения.,сорта малины,sorta-maliny.xlsx:Queries,1,False
способ посадки малины,как правильно посадить малину,11,5,AVERAGE,Умеренная,garden,/zhurnal/posadka-maliny/,improve_existing,Обновить ответы внутри существующего материала и связать с расчётом посадки.,посадка малины,posadka-maliny.xlsx:Queries,1,False
сроки посадки малины весной,как правильно посадить малину,11,12,AVERAGE,Умеренная,garden,/zhurnal/posadka-maliny/,improve_existing,Обновить ответы внутри существующего материала и связать с расчётом посадки.,посадка малины,posadka-maliny.xlsx:Queries,1,False
сроки посадки малины осенью,посадка малины осенью когда и как посадить,11,8,AVERAGE,Умеренная,garden,/zhurnal/posadka-maliny/,improve_existing,Обновить ответы внутри существующего материала и связать с расчётом посадки.,посадка малины,posadka-maliny.xlsx:Queries,1,False
таганка малина описание сорта,малина таганка,11,9,AVERAGE,Умеренная,garden,,verify_cultivar,Сорта ещё нет в каталоге: сначала установить идентичность и собрать первоисточники; не создавать карточку из поисковой фразы.,сорта малины,sorta-maliny.xlsx:Queries,1,False
фестивальная клубника описание сорта фото отзывы,клубника фестивальная описание сорта,11,14,AVERAGE,Умеренная,garden,/sorta/festivalnaya/,improve_cultivar,"Проверить полноту описания, фото и сравнения; отзывы и урожайность добавлять только по фактическим источникам.",сорта клубники,sorta-klubniki.xlsx:Queries,1,False
флер клубника описание сорта,клубника флер,11,13,AVERAGE,Умеренная,garden,,verify_cultivar,Сорта ещё нет в каталоге: сначала установить идентичность и собрать первоисточники; не создавать карточку из поисковой фразы.,сорта клубники,sorta-klubniki.xlsx:Queries,1,False
хорошие сорта клубники для подмосковья,лучшие сорта клубники для подмосковья,11,20,AVERAGE,Умеренная,garden,/sorta/,improve_catalog,"Уточнить путь к каталогу клубники, фильтрам и сравнению.",сорта клубники,sorta-klubniki.xlsx:Queries,1,False
чем опрыскать малину осенью от вредителей и болезней на зиму,чем обработать малину от вредителей,11,20,AVERAGE,Умеренная,garden,/instrumenty/proverka-rasteniya/,diagnostic_backlog,Связать симптомы с проверкой растения; отдельный материал только после проверки источников.,болезни малины,bolezni-maliny.xlsx:Queries,1,False
что такое тибетская малина и можно ли ее есть,тибетская малина,11,11,AVERAGE,Умеренная,garden,,new_botanical_article,"Сначала установить вид и источники; объяснить отличие от обычной малины, добавить проверяемые фото.",тибетская малина,tibetskaya-malina.xlsx:Queries,1,False
эльсанта клубника описание сорта фото отзывы садоводов урожайность,эльсанта клубника описание,11,18,AVERAGE,Умеренная,garden,/sorta/elsanta/,improve_cultivar,"Проверить полноту описания, фото и сравнения; отзывы и урожайность добавлять только по фактическим источникам.",сорта клубники,sorta-klubniki.xlsx:Queries,1,False
вима рина клубника описание сорта фото отзывы садоводов,вима рина клубника описание,10,15,AVERAGE,Умеренная,garden,,verify_cultivar,Сорта ещё нет в каталоге: сначала установить идентичность и собрать первоисточники; не создавать карточку из поисковой фразы.,сорта клубники,sorta-klubniki.xlsx:Queries,1,False
какие сорта клубники лучше посадить в подмосковье,лучшие сорта клубники для подмосковья,10,14,AVERAGE,Умеренная,garden,/zhurnal/posadka-klubniki/,improve_existing,"Дополнить существующий материал ответами по срокам и условиям, связать с инструментом срока посадки.",сорта клубники,sorta-klubniki.xlsx:Queries,1,False
какие сорта клубники ранние,ранние сорта клубники,10,11,AVERAGE,Умеренная,garden,/sorta/,improve_catalog,"Уточнить путь к каталогу клубники, фильтрам и сравнению.",сорта клубники,sorta-klubniki.xlsx:Queries,1,False
какие сорта клубники самые лучшие для подмосковья,лучшие сорта клубники для подмосковья,10,13,AVERAGE,Умеренная,garden,/sorta/,improve_catalog,"Уточнить путь к каталогу клубники, фильтрам и сравнению.",сорта клубники,sorta-klubniki.xlsx:Queries,1,False
какие сорта малины лучше сажать в ленинградской области,лучшие сорта малины для ленинградской области,10,21,AVERAGE,Умеренная,garden,/zhurnal/posadka-maliny/,improve_existing,Обновить ответы внутри существующего материала и связать с расчётом посадки.,сорта малины,sorta-maliny.xlsx:Queries,1,False
какой сорт малины выбрать для посадки,лучшие сорта малины для средней полосы,10,11,AVERAGE,Умеренная,garden,/zhurnal/posadka-maliny/,improve_existing,Обновить ответы внутри существующего материала и связать с расчётом посадки.,посадка малины | сорта малины,posadka-maliny.xlsx:Queries | sorta-maliny.xlsx:Queries,2,False
клубника априка описание сорта фото отзывы садоводов,клубника априка,10,14,AVERAGE,Умеренная,garden,/sorta/aprika/,improve_cultivar,"Проверить полноту описания, фото и сравнения; отзывы и урожайность добавлять только по фактическим источникам.",сорта клубники,sorta-klubniki.xlsx:Queries,1,False
клубника априка описание сорта фото отзывы садоводов форум садоводов,клубника априка,10,18,AVERAGE,Умеренная,garden,/sorta/aprika/,improve_cultivar,"Проверить полноту описания, фото и сравнения; отзывы и урожайность добавлять только по фактическим источникам.",сорта клубники,sorta-klubniki.xlsx:Queries,1,False
клубника априка фото и описание,клубника априка,10,11,AVERAGE,Умеренная,garden,/sorta/aprika/,improve_cultivar,"Проверить полноту описания, фото и сравнения; отзывы и урожайность добавлять только по фактическим источникам.",сорта клубники,sorta-klubniki.xlsx:AdditionalQueries,1,False
клубника гигант описание сорта,клубника гигант джорнея,10,11,AVERAGE,Умеренная,garden,,verify_cultivar,Сорта ещё нет в каталоге: сначала установить идентичность и собрать первоисточники; не создавать карточку из поисковой фразы.,сорта клубники,sorta-klubniki.xlsx:Queries,1,False
клубника дарселект описание сорта фото отзывы садоводов урожайность,дарселект клубника описание,10,18,AVERAGE,Умеренная,garden,,verify_cultivar,Сорта ещё нет в каталоге: сначала установить идентичность и собрать первоисточники; не создавать карточку из поисковой фразы.,сорта клубники,sorta-klubniki.xlsx:Queries,1,False
клубника для подмосковья для открытого грунта лучшие сорта,лучшие сорта клубники для подмосковья,10,20,AVERAGE,Умеренная,garden,/sorta/,improve_catalog,"Уточнить путь к каталогу клубники, фильтрам и сравнению.",сорта клубники,sorta-klubniki.xlsx:Queries,1,False
клубника елизавета 2 описание сорта фото,клубника елизавета 2,10,16,AVERAGE,Умеренная,garden,,verify_cultivar,Сорта ещё нет в каталоге: сначала установить идентичность и собрать первоисточники; не создавать карточку из поисковой фразы.,сорта клубники,sorta-klubniki.xlsx:Queries,1,False
клубника елизавета описание сорта фото отзывы садоводов,клубника королева елизавета описание сорта фото отзывы садоводов,10,11,AVERAGE,Умеренная,garden,,verify_cultivar,Сорта ещё нет в каталоге: сначала установить идентичность и собрать первоисточники; не создавать карточку из поисковой фразы.,сорта клубники,sorta-klubniki.xlsx:Queries,1,False
клубника ирма описание сорта,клубника ирма,10,12,AVERAGE,Умеренная,garden,,verify_cultivar,Сорта ещё нет в каталоге: сначала установить идентичность и собрать первоисточники; не создавать карточку из поисковой фразы.,сорта клубники,sorta-klubniki.xlsx:Queries,1,False
клубника кент описание сорта фото отзывы,клубника кент,10,15,AVERAGE,Умеренная,garden,,verify_cultivar,Сорта ещё нет в каталоге: сначала установить идентичность и собрать первоисточники; не создавать карточку из поисковой фразы.,сорта клубники,sorta-klubniki.xlsx:Queries,1,False
клубника клери описание сорта отзывы,клубника клери описание сорта,10,12,AVERAGE,Умеренная,garden,/sorta/kleri/,improve_cultivar,"Проверить полноту описания, фото и сравнения; отзывы и урожайность добавлять только по фактическим источникам.",сорта клубники,sorta-klubniki.xlsx:Queries,1,False
клубника крупная и сладкая сорта,сорта клубники,10,13,AVERAGE,Умеренная,garden,/sorta/,improve_catalog,"Уточнить путь к каталогу клубники, фильтрам и сравнению.",сорта клубники,sorta-klubniki.xlsx:Queries,1,False
клубника лакомка описание сорта фото отзывы садоводов,клубника лакомка,10,11,AVERAGE,Умеренная,garden,,verify_cultivar,Сорта ещё нет в каталоге: сначала установить идентичность и собрать первоисточники; не создавать карточку из поисковой фразы.,сорта клубники,sorta-klubniki.xlsx:Queries,1,False
клубника лималексия описание сорта,лималексия клубника описание,10,11,AVERAGE,Умеренная,garden,,verify_cultivar,Сорта ещё нет в каталоге: сначала установить идентичность и собрать первоисточники; не создавать карточку из поисковой фразы.,сорта клубники,sorta-klubniki.xlsx:Queries,1,False
клубника мамочка описание сорта,клубника мамочка описание сорта,10,14,AVERAGE,Умеренная,garden,,verify_cultivar,Сорта ещё нет в каталоге: сначала установить идентичность и собрать первоисточники; не создавать карточку из поисковой фразы.,сорта клубники,sorta-klubniki.xlsx:Queries,1,False
клубника московский деликатес описание сорта,клубника московский деликатес,10,12,AVERAGE,Умеренная,garden,,verify_cultivar,Сорта ещё нет в каталоге: сначала установить идентичность и собрать первоисточники; не создавать карточку из поисковой фразы.,сорта клубники,sorta-klubniki.xlsx:Queries,1,False
клубника поздняя лучшие сорта,поздние сорта клубники,10,18,AVERAGE,Умеренная,garden,/sorta/,improve_catalog,"Уточнить путь к каталогу клубники, фильтрам и сравнению.",сорта клубники,sorta-klubniki.xlsx:Queries,1,False
клубника польше описание сорта,клубника полка,10,12,AVERAGE,Умеренная,garden,,verify_cultivar,Сорта ещё нет в каталоге: сначала установить идентичность и собрать первоисточники; не создавать карточку из поисковой фразы.,сорта клубники,sorta-klubniki.xlsx:Queries,1,False
клубника солнечная поляна описание сорта,солнечная полянка клубника описание,10,12,AVERAGE,Умеренная,garden,,verify_cultivar,Сорта ещё нет в каталоге: сначала установить идентичность и собрать первоисточники; не создавать карточку из поисковой фразы.,сорта клубники,sorta-klubniki.xlsx:Queries,1,False
клубника сорт купчиха описание и фото отзывы садоводов,клубника купчиха,10,14,AVERAGE,Умеренная,garden,/sorta/,improve_catalog,"Уточнить путь к каталогу клубники, фильтрам и сравнению.",сорта клубники,sorta-klubniki.xlsx:Queries,1,False
клубника сорта с фото,сорта клубники,10,17,AVERAGE,Умеренная,garden,/sorta/,improve_catalog,"Уточнить путь к каталогу клубники, фильтрам и сравнению.",сорта клубники,sorta-klubniki.xlsx:Queries,1,False
клубника черный лебедь описание сорта фото отзывы,клубника черный лебедь,10,14,AVERAGE,Умеренная,garden,,verify_cultivar,Сорта ещё нет в каталоге: сначала установить идентичность и собрать первоисточники; не создавать карточку из поисковой фразы.,сорта клубники,sorta-klubniki.xlsx:Queries,1,False
коричневые пятна на листьях клубники что это такое,болезни клубники,10,10,AVERAGE,Умеренная,garden,/instrumenty/proverka-rasteniya/,new_diagnostic_hub,Подготовить руководство по болезням клубники с проверяемыми фото и различиями симптомов; связать с материалом о серой гнили.,болезни клубники,bolezni-klubniki.xlsx:AdditionalQueries,1,False
красная гвардия малина описание сорта,малина красная гвардия,10,9,AVERAGE,Умеренная,garden,,verify_cultivar,Сорта ещё нет в каталоге: сначала установить идентичность и собрать первоисточники; не создавать карточку из поисковой фразы.,сорта малины,sorta-maliny.xlsx:Queries,1,False
красные пятна на листьях клубники что это такое и как бороться с этим,пятна на листьях клубники,10,10,AVERAGE,Умеренная,garden,/instrumenty/proverka-rasteniya/,new_diagnostic_hub,Подготовить руководство по болезням клубники с проверяемыми фото и различиями симптомов; связать с материалом о серой гнили.,болезни клубники,bolezni-klubniki.xlsx:AdditionalQueries,1,False
лучшие сорта клубники для ленобласти,лучшие сорта клубники для ленинградской области,10,15,AVERAGE,Умеренная,garden,/sorta/,improve_catalog,"Уточнить путь к каталогу клубники, фильтрам и сравнению.",сорта клубники,sorta-klubniki.xlsx:Queries,1,False
лучшие сорта клубники для подмосковья для открытого грунта крупноплодные сладкие сорта с фото отзывы,лучшие сорта клубники для подмосковья,10,17,AVERAGE,Умеренная,garden,/sorta/,improve_catalog,"Уточнить путь к каталогу клубники, фильтрам и сравнению.",сорта клубники,sorta-klubniki.xlsx:Queries,1,False
лучшие сорта клубники для приморского края,лучшие сорта клубники для приморского края,10,22,AVERAGE,Умеренная,garden,/podbor/,improve_selector,Использовать место и подтверждённый допуск; местную урожайность не выводить из допуска.,сорта клубники,sorta-klubniki.xlsx:Queries,1,False
лучшие сорта малины для башкирии крупные сладкие,лучшие сорта малины для башкирии крупные сладкие,10,16,AVERAGE,Умеренная,garden,,manual_mapping,Нужна редакционная проверка намерения.,сорта малины,sorta-maliny.xlsx:Queries,1,False
лучшие сорта малины для самарской области,лучшие сорта малины для черноземья,10,18,AVERAGE,Умеренная,garden,,manual_mapping,Нужна редакционная проверка намерения.,сорта малины,sorta-maliny.xlsx:Queries,1,False
малина глен ди описание сорта,малина глен ди,10,12,AVERAGE,Умеренная,garden,,verify_cultivar,Сорта ещё нет в каталоге: сначала установить идентичность и собрать первоисточники; не создавать карточку из поисковой фразы.,сорта малины,sorta-maliny.xlsx:Queries,1,False
малина гусар описание фото отзывы особенности,малина гусар,10,10,AVERAGE,Умеренная,garden,/sorta/gusar/,improve_cultivar,"Проверить полноту описания, фото и сравнения; отзывы и урожайность добавлять только по фактическим источникам.",сорта малины,sorta-maliny.xlsx:AdditionalQueries,1,False
малина имара описание сорта,малина имара,10,10,AVERAGE,Умеренная,garden,,verify_cultivar,Сорта ещё нет в каталоге: сначала установить идентичность и собрать первоисточники; не создавать карточку из поисковой фразы.,сорта малины,sorta-maliny.xlsx:Queries,1,False
малина калининградская описание сорта фото отзывы,малина калининградская,10,13,AVERAGE,Умеренная,garden,,verify_cultivar,Сорта ещё нет в каталоге: сначала установить идентичность и собрать первоисточники; не создавать карточку из поисковой фразы.,сорта малины,sorta-maliny.xlsx:Queries,1,False
малина карамелька описание сорта отзывы,малина карамелька,10,13,AVERAGE,Умеренная,garden,/sorta/karamelka/,improve_cultivar,"Проверить полноту описания, фото и сравнения; отзывы и урожайность добавлять только по фактическим источникам.",сорта малины,sorta-maliny.xlsx:Queries,1,False
малина китайская фото,тибетская малина,10,8,AVERAGE,Умеренная,garden,,manual_mapping,Нужна редакционная проверка намерения.,посадка малины | тибетская малина,posadka-maliny.xlsx:AdditionalQueries | tibetskaya-malina.xlsx:AdditionalQueries,2,False
малина краса россии описание сорта фото отзывы садоводов,малина краса россии описание сорта,10,7,AVERAGE,Умеренная,garden,/sorta/krasa-rossii/,improve_cultivar,"Проверить полноту описания, фото и сравнения; отзывы и урожайность добавлять только по фактическим источникам.",сорта малины,sorta-maliny.xlsx:Queries,1,False
малина лашка описание сорта,малина лячка,10,5,AVERAGE,Умеренная,garden,/sorta/lyachka/,improve_cultivar,"Проверить полноту описания, фото и сравнения; отзывы и урожайность добавлять только по фактическим источникам.",сорта малины,sorta-maliny.xlsx:Queries,1,False
малина лучшие сорта,сорта малины,10,14,AVERAGE,Умеренная,garden,,manual_mapping,Нужна редакционная проверка намерения.,сорта малины,sorta-maliny.xlsx:Queries,1,False
малина мапема описание сорта фото отзывы садоводов урожайность,мапема малина описание,10,19,AVERAGE,Умеренная,garden,,verify_cultivar,Сорта ещё нет в каталоге: сначала установить идентичность и собрать первоисточники; не создавать карточку из поисковой фразы.,сорта малины,sorta-maliny.xlsx:Queries,1,False
малина метеор описание сорта фото отзывы,малина метеор описание сорта,10,14,AVERAGE,Умеренная,garden,/sorta/meteor/,improve_cultivar,"Проверить полноту описания, фото и сравнения; отзывы и урожайность добавлять только по фактическим источникам.",сорта малины,sorta-maliny.xlsx:Queries,1,False
малина обработка весной от вредителей и болезней,уход за малиной весной,10,12,AVERAGE,Умеренная,garden,/instrumenty/proverka-rasteniya/,diagnostic_backlog,Связать симптомы с проверкой растения; отдельный материал только после проверки источников.,болезни малины,bolezni-maliny.xlsx:Queries,1,False
малина пересвет описание,малина пересвет,10,6,AVERAGE,Умеренная,garden,/sorta/peresvet/,improve_cultivar,"Проверить полноту описания, фото и сравнения; отзывы и урожайность добавлять только по фактическим источникам.",сорта малины,sorta-maliny.xlsx:AdditionalQueries,1,False
малина полана описание сорта фото отзывы садоводов,малина полана,10,11,AVERAGE,Умеренная,garden,/sorta/polana/,improve_cultivar,"Проверить полноту описания, фото и сравнения; отзывы и урожайность добавлять только по фактическим источникам.",сорта малины,sorta-maliny.xlsx:Queries,1,False
малина похвалинка описание сорта фото отзывы,малина похвалинка,10,15,AVERAGE,Умеренная,garden,/sorta/pohvalinka/,improve_cultivar,"Проверить полноту описания, фото и сравнения; отзывы и урожайность добавлять только по фактическим источникам.",сорта малины,sorta-maliny.xlsx:Queries,1,False
малина прималба описание сорта,малина прималба,10,14,AVERAGE,Умеренная,garden,,verify_cultivar,Сорта ещё нет в каталоге: сначала установить идентичность и собрать первоисточники; не создавать карточку из поисковой фразы.,сорта малины,sorta-maliny.xlsx:Queries,1,False
малина ремонтантная лучшие сорта,сорта ремонтантной малины,10,15,AVERAGE,Умеренная,garden,,manual_mapping,Нужна редакционная проверка намерения.,сорта малины,sorta-maliny.xlsx:Queries,1,False
малина самохвал отзывы,малина самохвал,10,12,AVERAGE,Умеренная,garden,/sorta/samohval/,improve_cultivar,"Проверить полноту описания, фото и сравнения; отзывы и урожайность добавлять только по фактическим источникам.",сорта малины,sorta-maliny.xlsx:AdditionalQueries,1,False
малина сорт,сорта малины,10,6,AVERAGE,Умеренная,garden,,manual_mapping,Нужна редакционная проверка намерения.,сорта малины,sorta-maliny.xlsx:Queries,1,False
малина уход и выращивание в открытом грунте,как правильно посадить малину,10,12,AVERAGE,Умеренная,garden,,manual_mapping,Нужна редакционная проверка намерения.,посадка малины,posadka-maliny.xlsx:AdditionalQueries,1,False
малина херитейдж описание сорта фото,малина херитейдж описание,10,9,AVERAGE,Умеренная,garden,/sorta/heritage/,improve_cultivar,"Проверить полноту описания, фото и сравнения; отзывы и урожайность добавлять только по фактическим источникам.",сорта малины,sorta-maliny.xlsx:Queries,1,False
малина штамбовая что это такое фото,малиновое дерево,10,10,AVERAGE,Умеренная,garden,,manual_mapping,Нужна редакционная проверка намерения.,посадка малины,posadka-maliny.xlsx:AdditionalQueries,1,False
на малине коричневые пятна,болезни малины,10,12,AVERAGE,Умеренная,garden,/instrumenty/proverka-rasteniya/,diagnostic_backlog,Связать симптомы с проверкой растения; отдельный материал только после проверки источников.,болезни малины,bolezni-maliny.xlsx:AdditionalQueries,1,False
обработка малины от вредителей весной,как ухаживать за малиной весной,10,9,AVERAGE,Умеренная,garden,,manual_mapping,Нужна редакционная проверка намерения.,болезни малины,bolezni-maliny.xlsx:AdditionalQueries,1,False
посадка и уход за малиной,как правильно посадить малину,10,10,AVERAGE,Умеренная,garden,/zhurnal/posadka-maliny/,improve_existing,Обновить ответы внутри существующего материала и связать с расчётом посадки.,посадка малины,posadka-maliny.xlsx:Queries,1,False
посадка малины в краснодарском крае,когда сажать малину в краснодарском крае,10,11,AVERAGE,Умеренная,garden,/zhurnal/posadka-maliny/,improve_existing,Обновить ответы внутри существующего материала и связать с расчётом посадки.,посадка малины,posadka-maliny.xlsx:Queries,1,False
посадка малины осенью в подмосковье как правильно,посадка малины осенью когда и как посадить,10,11,AVERAGE,Умеренная,garden,/zhurnal/sorta-maliny-dlya-podmoskovya-kak-vybrat/,improve_existing,Связать выбор со сравнением сортов и условиями участка; отзывы и урожайность показывать только с реальными данными.,посадка малины,posadka-maliny.xlsx:Queries,1,False
ранние сорта клубники для подмосковья с фото и описанием,лучшие сорта клубники для подмосковья,10,15,AVERAGE,Умеренная,garden,/sorta/,improve_catalog,"Уточнить путь к каталогу клубники, фильтрам и сравнению.",сорта клубники,sorta-klubniki.xlsx:Queries,1,False
расстояние между кустами малины при посадке в один ряд,как правильно посадить малину,10,4,AVERAGE,Умеренная,garden,/zhurnal/posadka-maliny/,improve_existing,Обновить ответы внутри существующего материала и связать с расчётом посадки.,посадка малины,posadka-maliny.xlsx:Queries,1,False
самая вкусная клубника сорта,сорта клубники,10,17,AVERAGE,Умеренная,garden,/sorta/,improve_catalog,"Уточнить путь к каталогу клубники, фильтрам и сравнению.",сорта клубники,sorta-klubniki.xlsx:Queries,1,False
самые сладкие сорта клубники для ленинградской области,лучшие сорта клубники для ленинградской области,10,20,AVERAGE,Умеренная,garden,/sorta/,improve_catalog,"Уточнить путь к каталогу клубники, фильтрам и сравнению.",сорта клубники,sorta-klubniki.xlsx:Queries,1,False
сказка малина описание сорта,малина сказка,10,10,AVERAGE,Умеренная,garden,,verify_cultivar,Сорта ещё нет в каталоге: сначала установить идентичность и собрать первоисточники; не создавать карточку из поисковой фразы.,сорта малины,sorta-maliny.xlsx:Queries,1,False
сладкие сорта клубники для подмосковья для открытого грунта,лучшие сорта клубники для подмосковья,10,16,AVERAGE,Умеренная,garden,/sorta/,improve_catalog,"Уточнить путь к каталогу клубники, фильтрам и сравнению.",болезни клубники | сорта клубники,bolezni-klubniki.xlsx:AdditionalQueries | sorta-klubniki.xlsx:Queries,2,False
сорт клубники елизавета 2 фото и описание,клубника елизавета 2,10,12,AVERAGE,Умеренная,garden,/sorta/,improve_catalog,"Уточнить путь к каталогу клубники, фильтрам и сравнению.",сорта клубники,sorta-klubniki.xlsx:Queries,1,False
сорт клубники кабрилло фото и описание,клубника кабрилло,10,12,AVERAGE,Умеренная,garden,/sorta/cabrillo/,improve_cultivar,"Проверить полноту описания, фото и сравнения; отзывы и урожайность добавлять только по фактическим источникам.",сорта клубники,sorta-klubniki.xlsx:Queries,1,False
сорт клубники машенька фото и описание,клубника машенька,10,16,AVERAGE,Умеренная,garden,/sorta/,improve_catalog,"Уточнить путь к каталогу клубники, фильтрам и сравнению.",сорта клубники,sorta-klubniki.xlsx:Queries,1,False
сорт малины полька фото и описание,малина полька,10,12,AVERAGE,Умеренная,garden,/sorta/polka/,improve_cultivar,"Проверить полноту описания, фото и сравнения; отзывы и урожайность добавлять только по фактическим источникам.",сорта малины,sorta-maliny.xlsx:Queries,1,False
сорта виктории для сибири,сорта клубники для сибири,10,13,AVERAGE,Умеренная,garden,,manual_mapping,Нужна редакционная проверка намерения.,сорта клубники,sorta-klubniki.xlsx:AdditionalQueries,1,False
сорта клубники по алфавиту с фото от а до я,сорта клубники с фотографиями,10,22,AVERAGE,Умеренная,garden,/sorta/,improve_catalog,"Уточнить путь к каталогу клубники, фильтрам и сравнению.",сорта клубники,sorta-klubniki.xlsx:Queries,1,False
сорта малины для ленинградской области лучшие,лучшие сорта малины для ленинградской области,10,20,AVERAGE,Умеренная,garden,,manual_mapping,Нужна редакционная проверка намерения.,сорта малины,sorta-maliny.xlsx:Queries,1,False
сроки посадки малины,как правильно посадить малину,10,10,AVERAGE,Умеренная,garden,/zhurnal/posadka-maliny/,improve_existing,Обновить ответы внутри существующего материала и связать с расчётом посадки.,посадка малины,posadka-maliny.xlsx:Queries,1,False
таганка малина описание сорта фото отзывы,малина таганка,10,9,AVERAGE,Умеренная,garden,,verify_cultivar,Сорта ещё нет в каталоге: сначала установить идентичность и собрать первоисточники; не создавать карточку из поисковой фразы.,посадка малины | сорта малины,posadka-maliny.xlsx:AdditionalQueries | sorta-maliny.xlsx:Queries,2,False
тибетская малина описание и фото,тибетская малина,10,13,AVERAGE,Умеренная,garden,,new_botanical_article,"Сначала установить вид и источники; объяснить отличие от обычной малины, добавить проверяемые фото.",тибетская малина,tibetskaya-malina.xlsx:Queries,1,False
флоренс клубника описание сорта фото отзывы,клубника флоренс,10,11,AVERAGE,Умеренная,garden,,verify_cultivar,Сорта ещё нет в каталоге: сначала установить идентичность и собрать первоисточники; не создавать карточку из поисковой фразы.,сорта клубники,sorta-klubniki.xlsx:Queries,1,False
чем обработать малину от вредителей весной,чем обработать малину весной от болезней и вредителей,10,14,AVERAGE,Умеренная,garden,,manual_mapping,Нужна редакционная проверка намерения.,болезни малины,bolezni-maliny.xlsx:AdditionalQueries,1,False
что такое малиновое дерево как растет,малиновое дерево,10,10,AVERAGE,Умеренная,garden,/zhurnal/malinovoe-derevo-tarusa/,improve_existing,Проверить ответ о штамбовой форме и уходе; не превращать торговое название в ботанический вид.,посадка малины,posadka-maliny.xlsx:AdditionalQueries,1,False
что такое тибетская малина фото и описание,тибетская малина,10,10,AVERAGE,Умеренная,garden,,new_botanical_article,"Сначала установить вид и источники; объяснить отличие от обычной малины, добавить проверяемые фото.",сорта малины | тибетская малина,sorta-maliny.xlsx:AdditionalQueries | tibetskaya-malina.xlsx:Queries,2,False
шарлотта клубника описание сорта,клубника шарлотта,10,10,AVERAGE,Умеренная,garden,,verify_cultivar,Сорта ещё нет в каталоге: сначала установить идентичность и собрать первоисточники; не создавать карточку из поисковой фразы.,сорта клубники,sorta-klubniki.xlsx:Queries,1,False
болезни малины описание с фотографиями на листьях и способы,болезни малины,9,16,AVERAGE,Умеренная,garden,/instrumenty/proverka-rasteniya/,diagnostic_backlog,Связать симптомы с проверкой растения; отдельный материал только после проверки источников.,болезни малины,bolezni-maliny.xlsx:Queries,1,False
брилла клубника описание сорта фото отзывы садоводов,клубника брилла,9,18,AVERAGE,Умеренная,garden,/sorta/brilla/,improve_cultivar,"Проверить полноту описания, фото и сравнения; отзывы и урожайность добавлять только по фактическим источникам.",сорта клубники,sorta-klubniki.xlsx:Queries,1,False
виды малины фото и название,сорта малины,9,10,AVERAGE,Умеренная,garden,,manual_mapping,Нужна редакционная проверка намерения.,сорта малины,sorta-maliny.xlsx:AdditionalQueries,1,False
виктория первоклассница описание сорта,клубника первоклассница,9,9,AVERAGE,Умеренная,garden,,verify_cultivar,Сорта ещё нет в каталоге: сначала установить идентичность и собрать первоисточники; не создавать карточку из поисковой фразы.,сорта клубники,sorta-klubniki.xlsx:AdditionalQueries,1,False
вима занта клубника описание сорта фото отзывы садоводов,вима занта клубника описание,9,12,AVERAGE,Умеренная,garden,,verify_cultivar,Сорта ещё нет в каталоге: сначала установить идентичность и собрать первоисточники; не создавать карточку из поисковой фразы.,сорта клубники,sorta-klubniki.xlsx:Queries,1,False
джоли сорт клубники описание отзывы фото,клубника джоли,9,13,AVERAGE,Умеренная,garden,/sorta/dzholi/,improve_cultivar,"Проверить полноту описания, фото и сравнения; отзывы и урожайность добавлять только по фактическим источникам.",сорта клубники,sorta-klubniki.xlsx:Queries,1,False
земляника садовая азия описание сорта,клубника азия,9,8,AVERAGE,Умеренная,garden,/sorta/aziya/,improve_cultivar,"Проверить полноту описания, фото и сравнения; отзывы и урожайность добавлять только по фактическим источникам.",клубника | сорта клубники,klubnika.xlsx:AdditionalQueries | sorta-klubniki.xlsx:AdditionalQueries,2,False
зимостойкие сорта клубники для сибири,сорта клубники для сибири,9,20,AVERAGE,Умеренная,garden,/podbor/,improve_selector,Использовать место и подтверждённый допуск; местную урожайность не выводить из допуска.,сорта клубники,sorta-klubniki.xlsx:Queries,1,False
зюгана малина описание сорта отзывы,малина зюгана,9,7,AVERAGE,Умеренная,garden,,verify_cultivar,Сорта ещё нет в каталоге: сначала установить идентичность и собрать первоисточники; не создавать карточку из поисковой фразы.,сорта малины,sorta-maliny.xlsx:Queries,1,False
какие сорта клубники самые сладкие и крупные для средней полосы,сорта клубники с фотографиями и описанием,9,17,AVERAGE,Умеренная,garden,/sorta/,improve_catalog,"Уточнить путь к каталогу клубники, фильтрам и сравнению.",сорта клубники,sorta-klubniki.xlsx:Queries,1,False
какой сорт малины самый крупный и сладкий,сорта малины,9,17,AVERAGE,Умеренная,garden,,manual_mapping,Нужна редакционная проверка намерения.,сорта малины,sorta-maliny.xlsx:Queries,1,False
клубника альбион описание сорта фото отзывы садоводов урожайность характеристика и описание,клубника альбион описание сорта,9,11,AVERAGE,Умеренная,garden,/sorta/albion/,improve_cultivar,"Проверить полноту описания, фото и сравнения; отзывы и урожайность добавлять только по фактическим источникам.",сорта клубники,sorta-klubniki.xlsx:Queries,1,False
клубника антей описание сорта,клубника антея,9,11,AVERAGE,Умеренная,garden,,verify_cultivar,Сорта ещё нет в каталоге: сначала установить идентичность и собрать первоисточники; не создавать карточку из поисковой фразы.,сорта клубники,sorta-klubniki.xlsx:Queries,1,False
клубника брайтон описание сорта,клубника брайтон,9,11,AVERAGE,Умеренная,garden,,verify_cultivar,Сорта ещё нет в каталоге: сначала установить идентичность и собрать первоисточники; не создавать карточку из поисковой фразы.,сорта клубники,sorta-klubniki.xlsx:Queries,1,False
клубника брилла описание сорта фото,клубника брилла,9,11,AVERAGE,Умеренная,garden,/sorta/brilla/,improve_cultivar,"Проверить полноту описания, фото и сравнения; отзывы и урожайность добавлять только по фактическим источникам.",сорта клубники,sorta-klubniki.xlsx:Queries,1,False
клубника гирлянда описание сорта фото отзывы,клубника гирлянда,9,13,AVERAGE,Умеренная,garden,,verify_cultivar,Сорта ещё нет в каталоге: сначала установить идентичность и собрать первоисточники; не создавать карточку из поисковой фразы.,сорта клубники,sorta-klubniki.xlsx:Queries,1,False
клубника для бизнеса лучшие сорта,клубника для бизнеса лучшие сорта,9,10,AVERAGE,Умеренная,garden,/sorta/,improve_catalog,"Уточнить путь к каталогу клубники, фильтрам и сравнению.",сорта клубники,sorta-klubniki.xlsx:Queries,1,False
клубника квики описание сорта фото отзывы садоводов,клубника квики,9,17,AVERAGE,Умеренная,garden,,verify_cultivar,Сорта ещё нет в каталоге: сначала установить идентичность и собрать первоисточники; не создавать карточку из поисковой фразы.,сорта клубники,sorta-klubniki.xlsx:Queries,1,False
клубника магнус описание сорта фото отзывы,клубника магнус,9,12,AVERAGE,Умеренная,garden,/sorta/magnus/,improve_cultivar,"Проверить полноту описания, фото и сравнения; отзывы и урожайность добавлять только по фактическим источникам.",сорта клубники,sorta-klubniki.xlsx:Queries,1,False
клубника мальвина описание сорта фото отзывы садоводов урожайность характеристика и описание,клубника мальвина,9,12,AVERAGE,Умеренная,garden,/sorta/malvina/,improve_cultivar,"Проверить полноту описания, фото и сравнения; отзывы и урожайность добавлять только по фактическим источникам.",сорта клубники,sorta-klubniki.xlsx:Queries,1,False
клубника маригет описание сорта фото отзывы садоводов урожайность,клубника маригет,9,18,AVERAGE,Умеренная,garden,,verify_cultivar,Сорта ещё нет в каталоге: сначала установить идентичность и собрать первоисточники; не создавать карточку из поисковой фразы.,сорта клубники,sorta-klubniki.xlsx:Queries,1,False
клубника сорта для подмосковья урожайные лучшие,лучшие сорта клубники для подмосковья,9,14,AVERAGE,Умеренная,garden,/sorta/,improve_catalog,"Уточнить путь к каталогу клубники, фильтрам и сравнению.",сорта клубники,sorta-klubniki.xlsx:Queries,1,False
клубника фенелла описание сорта,клубника фенелла,9,11,AVERAGE,Умеренная,garden,,verify_cultivar,Сорта ещё нет в каталоге: сначала установить идентичность и собрать первоисточники; не создавать карточку из поисковой фразы.,сорта клубники,sorta-klubniki.xlsx:Queries,1,False
клубника флорида бьюти описание сорта фото отзывы садоводов урожайность,флорида бьюти клубника описание сорта,9,18,AVERAGE,Умеренная,garden,,verify_cultivar,Сорта ещё нет в каталоге: сначала установить идентичность и собрать первоисточники; не создавать карточку из поисковой фразы.,сорта клубники,sorta-klubniki.xlsx:Queries,1,False
куда сажать малину на дачном участке,как правильно посадить малину,9,7,AVERAGE,Умеренная,garden,/zhurnal/posadka-maliny/,improve_existing,Обновить ответы внутри существующего материала и связать с расчётом посадки.,посадка малины,posadka-maliny.xlsx:AdditionalQueries,1,False
листья малины как обожженные что это такое,болезни малины,9,9,AVERAGE,Умеренная,garden,,manual_mapping,Нужна редакционная проверка намерения.,болезни малины,bolezni-maliny.xlsx:AdditionalQueries,1,False
лия сахарная клубника описание сорта и отзывы,клубника лия сахарная,9,18,AVERAGE,Умеренная,garden,,verify_cultivar,Сорта ещё нет в каталоге: сначала установить идентичность и собрать первоисточники; не создавать карточку из поисковой фразы.,сорта клубники,sorta-klubniki.xlsx:Queries,1,False
лучшие сорта клубники для карелии,лучшие сорта клубники для карелии,9,18,AVERAGE,Умеренная,garden,/sorta/,improve_catalog,"Уточнить путь к каталогу клубники, фильтрам и сравнению.",сорта клубники,sorta-klubniki.xlsx:Queries,1,False
лучшие сорта клубники ремонтантной,ремонтантные сорта клубники,9,19,AVERAGE,Умеренная,garden,/sorta/,improve_catalog,"Уточнить путь к каталогу клубники, фильтрам и сравнению.",сорта клубники,sorta-klubniki.xlsx:Queries,1,False
лучшие сорта малины для ростовской области с фото и описанием,сорта малины для ростовской области с фото и описанием,9,16,AVERAGE,Умеренная,garden,,manual_mapping,Нужна редакционная проверка намерения.,сорта малины,sorta-maliny.xlsx:Queries,1,False
лучшие сорта малины для ярославской области,лучшие сорта малины для средней полосы,9,17,AVERAGE,Умеренная,garden,,manual_mapping,Нужна редакционная проверка намерения.,сорта малины,sorta-maliny.xlsx:Queries,1,False
лучшие сорта ремонтантной клубники для сибири,сорта клубники для сибири,9,19,AVERAGE,Умеренная,garden,/podbor/,improve_selector,Использовать место и подтверждённый допуск; местную урожайность не выводить из допуска.,сорта клубники,sorta-klubniki.xlsx:Queries,1,False
лучшие сорта ремонтантной малины желтой,малина желтая сорта,9,10,AVERAGE,Умеренная,garden,,manual_mapping,Нужна редакционная проверка намерения.,сорта малины,sorta-maliny.xlsx:Queries,1,False
малина аврора описание сорта,малина аврора,9,10,AVERAGE,Умеренная,garden,,verify_cultivar,Сорта ещё нет в каталоге: сначала установить идентичность и собрать первоисточники; не создавать карточку из поисковой фразы.,сорта малины,sorta-maliny.xlsx:Queries,1,False
малина арбат описание сорта,арбат малина описание сорта фото отзывы,9,11,AVERAGE,Умеренная,garden,,verify_cultivar,Сорта ещё нет в каталоге: сначала установить идентичность и собрать первоисточники; не создавать карточку из поисковой фразы.,сорта малины,sorta-maliny.xlsx:Queries,1,False
малина бенефис,малиновое дерево бенефис,9,7,AVERAGE,Умеренная,garden,,manual_mapping,Нужна редакционная проверка намерения.,сорта малины,sorta-maliny.xlsx:AdditionalQueries,1,False
малина гусар описание сорта фото отзывы садоводов урожайность характеристика и описание сорта,малина гусар,9,14,AVERAGE,Умеренная,garden,/sorta/gusar/,improve_cultivar,"Проверить полноту описания, фото и сравнения; отзывы и урожайность добавлять только по фактическим источникам.",сорта малины,sorta-maliny.xlsx:Queries,1,False
малина евразия описание сорта,малина евразия,9,11,AVERAGE,Умеренная,garden,/sorta/evraziya/,improve_cultivar,"Проверить полноту описания, фото и сравнения; отзывы и урожайность добавлять только по фактическим источникам.",сорта малины,sorta-maliny.xlsx:Queries,1,False
малина изобильная казакова описание сорта,малина изобильная,9,8,AVERAGE,Умеренная,garden,,verify_cultivar,Сорта ещё нет в каталоге: сначала установить идентичность и собрать первоисточники; не создавать карточку из поисковой фразы.,сорта малины,sorta-maliny.xlsx:Queries,1,False
малина киржач описание сорта,малина киржач,9,10,AVERAGE,Умеренная,garden,,verify_cultivar,Сорта ещё нет в каталоге: сначала установить идентичность и собрать первоисточники; не создавать карточку из поисковой фразы.,сорта малины,sorta-maliny.xlsx:Queries,1,False
малина конек горбунок описание сорта фото отзывы садоводов,малина конек горбунок описание сорта фото отзывы,9,13,AVERAGE,Умеренная,garden,,verify_cultivar,Сорта ещё нет в каталоге: сначала установить идентичность и собрать первоисточники; не создавать карточку из поисковой фразы.,сорта малины,sorta-maliny.xlsx:Queries,1,False
малина король ночи описание сорта,малиновое дерево король ночи,9,15,AVERAGE,Умеренная,garden,,verify_cultivar,Сорта ещё нет в каталоге: сначала установить идентичность и собрать первоисточники; не создавать карточку из поисковой фразы.,сорта малины,sorta-maliny.xlsx:Queries,1,False
малина подарок казакова описание сорта,малина подарок казакова,9,9,AVERAGE,Умеренная,garden,,verify_cultivar,Сорта ещё нет в каталоге: сначала установить идентичность и собрать первоисточники; не создавать карточку из поисковой фразы.,сорта малины,sorta-maliny.xlsx:Queries,1,False
малина полана описание сорта фото,малина полана,9,8,AVERAGE,Умеренная,garden,/sorta/polana/,improve_cultivar,"Проверить полноту описания, фото и сравнения; отзывы и урожайность добавлять только по фактическим источникам.",сорта малины,sorta-maliny.xlsx:Queries,1,False
малина полка описание сорта фото отзывы садоводов урожайность,малина полька,9,13,AVERAGE,Умеренная,garden,,verify_cultivar,Сорта ещё нет в каталоге: сначала установить идентичность и собрать первоисточники; не создавать карточку из поисковой фразы.,сорта малины,sorta-maliny.xlsx:Queries,1,False
малина посадка и уход в открытом грунте для новичков,как правильно посадить малину,9,7,AVERAGE,Умеренная,garden,/zhurnal/posadka-maliny/,improve_existing,Обновить ответы внутри существующего материала и связать с расчётом посадки.,посадка малины,posadka-maliny.xlsx:Queries,1,False
малина тайская,тибетская малина,9,6,AVERAGE,Умеренная,garden,,manual_mapping,Нужна редакционная проверка намерения.,тибетская малина,tibetskaya-malina.xlsx:AdditionalQueries,1,False
малина терентий описание сорта фото отзывы,малина терентий,9,18,AVERAGE,Умеренная,garden,,verify_cultivar,Сорта ещё нет в каталоге: сначала установить идентичность и собрать первоисточники; не создавать карточку из поисковой фразы.,сорта малины,sorta-maliny.xlsx:Queries,1,False
малина фиана описание сорта,малиновое дерево король ночи,9,11,AVERAGE,Умеренная,garden,,verify_cultivar,Сорта ещё нет в каталоге: сначала установить идентичность и собрать первоисточники; не создавать карточку из поисковой фразы.,сорта малины,sorta-maliny.xlsx:Queries,1,False
малиновое дерево что это фото,малиновое дерево,9,11,AVERAGE,Умеренная,garden,/zhurnal/malinovoe-derevo-tarusa/,improve_existing,Проверить ответ о штамбовой форме и уходе; не превращать торговое название в ботанический вид.,малина | посадка малины,malina.xlsx:AdditionalQueries | posadka-maliny.xlsx:AdditionalQueries,2,False
посадка и сбор малины,когда лучше сажать малину осенью или весной,9,10,AVERAGE,Умеренная,garden,/zhurnal/posadka-maliny/,improve_existing,Обновить ответы внутри существующего материала и связать с расчётом посадки.,посадка малины,posadka-maliny.xlsx:Queries,1,False
посадка малины расстояние,как правильно посадить малину,9,7,AVERAGE,Умеренная,garden,/zhurnal/posadka-maliny/,improve_existing,Обновить ответы внутри существующего материала и связать с расчётом посадки.,посадка малины,posadka-maliny.xlsx:Queries,1,False
ранняя клубника лучшие сорта,ранние сорта клубники,9,15,AVERAGE,Умеренная,garden,/sorta/,improve_catalog,"Уточнить путь к каталогу клубники, фильтрам и сравнению.",сорта клубники,sorta-klubniki.xlsx:Queries,1,False
ремонтантная клубника для подмосковья лучшие сорта,лучшие сорта клубники для подмосковья,9,17,AVERAGE,Умеренная,garden,/sorta/,improve_catalog,"Уточнить путь к каталогу клубники, фильтрам и сравнению.",сорта клубники,sorta-klubniki.xlsx:Queries,1,False
рубиновый кулон клубника описание сорта отзывы садоводов,клубника рубиновый кулон,9,13,AVERAGE,Умеренная,garden,,verify_cultivar,Сорта ещё нет в каталоге: сначала установить идентичность и собрать первоисточники; не создавать карточку из поисковой фразы.,сорта клубники,sorta-klubniki.xlsx:Queries,1,False
самохвал малина описание сорта,малина самохвал,9,10,AVERAGE,Умеренная,garden,/sorta/samohval/,improve_cultivar,"Проверить полноту описания, фото и сравнения; отзывы и урожайность добавлять только по фактическим источникам.",сорта малины,sorta-maliny.xlsx:Queries,1,False
самый ранний сорт клубники,ранние сорта клубники,9,11,AVERAGE,Умеренная,garden,/sorta/,improve_catalog,"Уточнить путь к каталогу клубники, фильтрам и сравнению.",сорта клубники,sorta-klubniki.xlsx:Queries,1,False
самый сладкий сорт клубники для средней полосы,лучшие сорта клубники для средней полосы для открытого грунта,9,14,AVERAGE,Умеренная,garden,/sorta/,improve_catalog,"Уточнить путь к каталогу клубники, фильтрам и сравнению.",сорта клубники,sorta-klubniki.xlsx:Queries,1,False
сорт клубники джоли фото и описание,клубника джоли,9,12,AVERAGE,Умеренная,garden,/sorta/dzholi/,improve_cultivar,"Проверить полноту описания, фото и сравнения; отзывы и урожайность добавлять только по фактическим источникам.",сорта клубники,sorta-klubniki.xlsx:Queries,1,False
сорт клубники зенга зенгана фото и описание,клубника зенга-зенгана описание,9,11,AVERAGE,Умеренная,garden,/sorta/zenga-zengana/,improve_cultivar,"Проверить полноту описания, фото и сравнения; отзывы и урожайность добавлять только по фактическим источникам.",сорта клубники,sorta-klubniki.xlsx:Queries,1,False
сорта клубники для краснодарского края фото с названием,сорта клубники для краснодарского края,9,18,AVERAGE,Умеренная,garden,/podbor/,improve_selector,Использовать место и подтверждённый допуск; местную урожайность не выводить из допуска.,сорта клубники,sorta-klubniki.xlsx:Queries,1,False
сорта клубники для приморского края,лучшие сорта клубники для приморского края,9,15,AVERAGE,Умеренная,garden,/podbor/,improve_selector,Использовать место и подтверждённый допуск; местную урожайность не выводить из допуска.,сорта клубники,sorta-klubniki.xlsx:Queries,1,False
сорта малины для ростовской области,сорта малины для ростовской области с фото и описанием,9,13,AVERAGE,Умеренная,garden,,manual_mapping,Нужна редакционная проверка намерения.,сорта малины,sorta-maliny.xlsx:Queries,1,False
тибетская малина фото и описание кустарника плоды отзывы,тибетская малина,9,12,AVERAGE,Умеренная,garden,,new_botanical_article,"Сначала установить вид и источники; объяснить отличие от обычной малины, добавить проверяемые фото.",сорта малины | тибетская малина,sorta-maliny.xlsx:AdditionalQueries | tibetskaya-malina.xlsx:Queries,2,False
урожайные сорта клубники для северо запада,лучшие сорта клубники для ленинградской области,9,11,AVERAGE,Умеренная,garden,/podbor/,improve_selector,Использовать место и подтверждённый допуск; местную урожайность не выводить из допуска.,сорта клубники,sorta-klubniki.xlsx:Queries,1,False
херитейдж малина описание,малина херитейдж описание,9,9,AVERAGE,Умеренная,garden,/sorta/heritage/,improve_cultivar,"Проверить полноту описания, фото и сравнения; отзывы и урожайность добавлять только по фактическим источникам.",сорта малины,sorta-maliny.xlsx:AdditionalQueries,1,False
чем обработать малину от вредителей после сбора урожая,уход за малиной после сбора урожая,9,8,AVERAGE,Умеренная,garden,,manual_mapping,Нужна редакционная проверка намерения.,болезни малины,bolezni-maliny.xlsx:AdditionalQueries,1,False
чем обработать почву перед посадкой клубники,подготовка грядки под клубнику,9,15,AVERAGE,Умеренная,garden,/zhurnal/posadka-klubniki/,improve_existing,"Дополнить существующий материал ответами по срокам и условиям, связать с инструментом срока посадки.",болезни клубники,bolezni-klubniki.xlsx:AdditionalQueries,1,False
что положить в лунку при посадке малины осенью в открытый грунт,посадка малины осенью когда и как посадить,9,10,AVERAGE,Умеренная,garden,/zhurnal/posadka-maliny/,improve_existing,Обновить ответы внутри существующего материала и связать с расчётом посадки.,посадка малины,posadka-maliny.xlsx:Queries,1,False
что такое дерево малина посадка и уход,малиновое дерево,9,9,AVERAGE,Умеренная,garden,/zhurnal/posadka-maliny/,improve_existing,Обновить ответы внутри существующего материала и связать с расчётом посадки.,посадка малины,posadka-maliny.xlsx:Queries,1,False
энросадира малина описание сорта фото отзывы,малина энросадира,9,10,AVERAGE,Умеренная,garden,,verify_cultivar,Сорта ещё нет в каталоге: сначала установить идентичность и собрать первоисточники; не создавать карточку из поисковой фразы.,сорта малины,sorta-maliny.xlsx:Queries,1,False
японская малина фото описание сорта отзывы,японская малина,9,11,AVERAGE,Умеренная,garden,,verify_cultivar,Сорта ещё нет в каталоге: сначала установить идентичность и собрать первоисточники; не создавать карточку из поисковой фразы.,сорта малины,sorta-maliny.xlsx:Queries,1,False
берегиня клубника описание,клубника берегиня,8,9,AVERAGE,Умеренная,garden,/sorta/bereginya/,improve_cultivar,"Проверить полноту описания, фото и сравнения; отзывы и урожайность добавлять только по фактическим источникам.",сорта клубники,sorta-klubniki.xlsx:AdditionalQueries,1,False
болезнь малины дидимелла и борьба с ней,дидимелла на малине как бороться,8,15,AVERAGE,Умеренная,garden,,new_article,"Дидимелла: проверить диагностику по первоисточникам, затем подготовить материал; схемы препаратов требуют актуальной проверки.",болезни малины,bolezni-maliny.xlsx:Queries,1,False
гигант московский малина описание сорта,малина московский гигант,8,8,AVERAGE,Умеренная,garden,,verify_cultivar,Сорта ещё нет в каталоге: сначала установить идентичность и собрать первоисточники; не создавать карточку из поисковой фразы.,сорта малины,sorta-maliny.xlsx:Queries,1,False
земляника зефир описание сорта,клубника зефир,8,9,AVERAGE,Умеренная,garden,,verify_cultivar,Сорта ещё нет в каталоге: сначала установить идентичность и собрать первоисточники; не создавать карточку из поисковой фразы.,сорта клубники,sorta-klubniki.xlsx:AdditionalQueries,1,False
земляника фестивальная описание сорта фото отзывы садоводов,клубника фестивальная описание сорта,8,12,AVERAGE,Умеренная,garden,/sorta/festivalnaya/,improve_cultivar,"Проверить полноту описания, фото и сравнения; отзывы и урожайность добавлять только по фактическим источникам.",клубника | сорта клубники,klubnika.xlsx:AdditionalQueries | sorta-klubniki.xlsx:AdditionalQueries,2,False
как посадить малину весной саженцами пошагово и как ухаживать,как правильно посадить малину,8,13,AVERAGE,Умеренная,garden,/zhurnal/posadka-maliny/,improve_existing,Обновить ответы внутри существующего материала и связать с расчётом посадки.,посадка малины,posadka-maliny.xlsx:AdditionalQueries,1,False
как сажать малину осенью саженцами в открытый,как правильно посадить малину,8,10,AVERAGE,Умеренная,garden,/zhurnal/posadka-maliny/,improve_existing,Обновить ответы внутри существующего материала и связать с расчётом посадки.,посадка малины,posadka-maliny.xlsx:AdditionalQueries,1,False
какая клубника ремонтантная самая урожайная сладкая и крупная,ремонтантные сорта клубники,8,10,AVERAGE,Умеренная,garden,/zhurnal/remontantnaya-klubnika/,improve_existing,"Проверить, ясно ли объяснено повторное плодоношение и условия ухода.",сорта клубники,sorta-klubniki.xlsx:AdditionalQueries,1,False
какой сорт клубники выбрать для посадки в подмосковье,лучшие сорта клубники для подмосковья,8,14,AVERAGE,Умеренная,garden,/zhurnal/posadka-klubniki/,improve_existing,"Дополнить существующий материал ответами по срокам и условиям, связать с инструментом срока посадки.",сорта клубники,sorta-klubniki.xlsx:Queries,1,False
какую малину лучше посадить в подмосковье отзывы садоводов,лучшие сорта малины для подмосковья,8,11,AVERAGE,Умеренная,garden,/zhurnal/sorta-maliny-dlya-podmoskovya-kak-vybrat/,improve_existing,Связать выбор со сравнением сортов и условиями участка; отзывы и урожайность показывать только с реальными данными.,сорта малины,sorta-maliny.xlsx:AdditionalQueries,1,False
какую малину лучше посадить на участке в ленинградской области,лучшие сорта малины для ленинградской области,8,11,AVERAGE,Умеренная,garden,/zhurnal/posadka-maliny/,improve_existing,Обновить ответы внутри существующего материала и связать с расчётом посадки.,сорта малины,sorta-maliny.xlsx:AdditionalQueries,1,False
какую малину посадить в подмосковье,лучшие сорта малины для подмосковья,8,7,AVERAGE,Умеренная,garden,/zhurnal/sorta-maliny-dlya-podmoskovya-kak-vybrat/,improve_existing,Связать выбор со сравнением сортов и условиями участка; отзывы и урожайность показывать только с реальными данными.,сорта малины,sorta-maliny.xlsx:AdditionalQueries,1,False
камрад победитель клубника описание сорта,клубника комрад победитель описание сорта фото отзывы,8,10,AVERAGE,Умеренная,garden,,verify_cultivar,Сорта ещё нет в каталоге: сначала установить идентичность и собрать первоисточники; не создавать карточку из поисковой фразы.,сорта клубники,sorta-klubniki.xlsx:Queries,1,False
клери описание сорта фото отзывы клубника,клубника клери описание сорта,8,10,AVERAGE,Умеренная,garden,/sorta/kleri/,improve_cultivar,"Проверить полноту описания, фото и сравнения; отзывы и урожайность добавлять только по фактическим источникам.",сорта клубники,sorta-klubniki.xlsx:Queries,1,False
клубника альба описание сорта фото отзывы садоводов,клубника альба,8,10,AVERAGE,Умеренная,garden,/sorta/alba/,improve_cultivar,"Проверить полноту описания, фото и сравнения; отзывы и урожайность добавлять только по фактическим источникам.",сорта клубники,sorta-klubniki.xlsx:Queries,1,False
клубника гаригуэтта описание сорта,клубника гаригуэтта,8,11,AVERAGE,Умеренная,garden,,verify_cultivar,Сорта ещё нет в каталоге: сначала установить идентичность и собрать первоисточники; не создавать карточку из поисковой фразы.,сорта клубники,sorta-klubniki.xlsx:Queries,1,False
клубника гигант джорнея описание сорта фото отзывы садоводов урожайность,клубника гигант джорнея,8,12,AVERAGE,Умеренная,garden,,verify_cultivar,Сорта ещё нет в каталоге: сначала установить идентичность и собрать первоисточники; не создавать карточку из поисковой фразы.,сорта клубники,sorta-klubniki.xlsx:Queries,1,False
клубника для подмосковья лучшие сорта отзывы садоводов,лучшие сорта клубники для подмосковья,8,20,AVERAGE,Умеренная,garden,/sorta/,improve_catalog,"Уточнить путь к каталогу клубники, фильтрам и сравнению.",сорта клубники,sorta-klubniki.xlsx:Queries,1,False
клубника лучшие сорта для подмосковья отзывы,лучшие сорта клубники для подмосковья,8,18,AVERAGE,Умеренная,garden,/sorta/,improve_catalog,"Уточнить путь к каталогу клубники, фильтрам и сравнению.",сорта клубники,sorta-klubniki.xlsx:Queries,1,False
клубника сан-андреас ремонтантная описание сорта,клубника сан андреас,8,10,AVERAGE,Умеренная,garden,,verify_cultivar,Сорта ещё нет в каталоге: сначала установить идентичность и собрать первоисточники; не создавать карточку из поисковой фразы.,сорта клубники,sorta-klubniki.xlsx:Queries,1,False
клубника фейт описание сорта фото отзывы,клубника фейт,8,13,AVERAGE,Умеренная,garden,,verify_cultivar,Сорта ещё нет в каталоге: сначала установить идентичность и собрать первоисточники; не создавать карточку из поисковой фразы.,сорта клубники,sorta-klubniki.xlsx:Queries,1,False
клубника фестивальная описание сорта отзывы садоводов,клубника фестивальная описание сорта,8,11,AVERAGE,Умеренная,garden,/sorta/festivalnaya/,improve_cultivar,"Проверить полноту описания, фото и сравнения; отзывы и урожайность добавлять только по фактическим источникам.",сорта клубники,sorta-klubniki.xlsx:Queries,1,False
клубника фестивальная ромашка описание сорта фото отзывы,клубника фестивальная ромашка,8,12,AVERAGE,Умеренная,garden,/sorta/festivalnaya/,improve_cultivar,"Проверить полноту описания, фото и сравнения; отзывы и урожайность добавлять только по фактическим источникам.",сорта клубники,sorta-klubniki.xlsx:Queries,1,False
клубника царица описание сорта отзывы садоводов,клубника царица,8,11,AVERAGE,Умеренная,garden,/sorta/tsaritsa/,improve_cultivar,"Проверить полноту описания, фото и сравнения; отзывы и урожайность добавлять только по фактическим источникам.",сорта клубники,sorta-klubniki.xlsx:Queries,1,False
клубника чешская красавица описание сорта фото отзывы садоводов урожайность,клубника чешская красавица,8,20,AVERAGE,Умеренная,garden,,verify_cultivar,Сорта ещё нет в каталоге: сначала установить идентичность и собрать первоисточники; не создавать карточку из поисковой фразы.,сорта клубники,sorta-klubniki.xlsx:Queries,1,False
клубника эльсанта описание сорта фото отзывы,эльсанта клубника описание,8,12,AVERAGE,Умеренная,garden,/sorta/elsanta/,improve_cultivar,"Проверить полноту описания, фото и сравнения; отзывы и урожайность добавлять только по фактическим источникам.",сорта клубники,sorta-klubniki.xlsx:Queries,1,False
лучшие сорта клубники для ленинградской области для открытого грунта с фото и описанием отзывы,лучшие сорта клубники для ленинградской области,8,17,AVERAGE,Умеренная,garden,/sorta/,improve_catalog,"Уточнить путь к каталогу клубники, фильтрам и сравнению.",сорта клубники,sorta-klubniki.xlsx:Queries,1,False
лучшие сорта клубники для ленинградской области отзывы,лучшие сорта клубники для ленинградской области,8,18,AVERAGE,Умеренная,garden,/sorta/,improve_catalog,"Уточнить путь к каталогу клубники, фильтрам и сравнению.",сорта клубники,sorta-klubniki.xlsx:Queries,1,False
лучшие сорта клубники для московской области,лучшие сорта клубники для подмосковья,8,13,AVERAGE,Умеренная,garden,/sorta/,improve_catalog,"Уточнить путь к каталогу клубники, фильтрам и сравнению.",болезни клубники | сорта клубники,bolezni-klubniki.xlsx:AdditionalQueries | sorta-klubniki.xlsx:Queries,2,False
лучшие сорта клубники для подмосковья для открытого грунта отзывы,лучшие сорта клубники для подмосковья,8,18,AVERAGE,Умеренная,garden,/sorta/,improve_catalog,"Уточнить путь к каталогу клубники, фильтрам и сравнению.",сорта клубники,sorta-klubniki.xlsx:Queries,1,False
лучшие сорта клубники для юга россии,сорта клубники с фотографиями,8,19,AVERAGE,Умеренная,garden,/sorta/,improve_catalog,"Уточнить путь к каталогу клубники, фильтрам и сравнению.",сорта клубники,sorta-klubniki.xlsx:Queries,1,False
малина аделита описание сорта,малина аделита,8,16,AVERAGE,Умеренная,garden,,verify_cultivar,Сорта ещё нет в каталоге: сначала установить идентичность и собрать первоисточники; не создавать карточку из поисковой фразы.,сорта малины,sorta-maliny.xlsx:Queries,1,False
малина ананасная вигорова описание сорта,малина ананасная вигорова описание сорта фото отзывы,8,9,AVERAGE,Умеренная,garden,,verify_cultivar,Сорта ещё нет в каталоге: сначала установить идентичность и собрать первоисточники; не создавать карточку из поисковой фразы.,сорта малины,sorta-maliny.xlsx:Queries,1,False
малина валентина описание сорта,малина валентина,8,9,AVERAGE,Умеренная,garden,,verify_cultivar,Сорта ещё нет в каталоге: сначала установить идентичность и собрать первоисточники; не создавать карточку из поисковой фразы.,сорта малины,sorta-maliny.xlsx:Queries,1,False
малина гигант рубиновый описание сорта,малина рубиновый гигант,8,5,AVERAGE,Умеренная,garden,,verify_cultivar,Сорта ещё нет в каталоге: сначала установить идентичность и собрать первоисточники; не создавать карточку из поисковой фразы.,сорта малины,sorta-maliny.xlsx:Queries,1,False
малина гусарская описание сорта,малина гусар,8,7,AVERAGE,Умеренная,garden,,verify_cultivar,Сорта ещё нет в каталоге: сначала установить идентичность и собрать первоисточники; не создавать карточку из поисковой фразы.,сорта малины,sorta-maliny.xlsx:Queries,1,False
малина дельнива описание сорта,малина делнива,8,9,AVERAGE,Умеренная,garden,,verify_cultivar,Сорта ещё нет в каталоге: сначала установить идентичность и собрать первоисточники; не создавать карточку из поисковой фразы.,сорта малины,sorta-maliny.xlsx:Queries,1,False
малина жар птица описание сорта фото отзывы садоводов,малина жар птица описание сорта,8,8,AVERAGE,Умеренная,garden,,verify_cultivar,Сорта ещё нет в каталоге: сначала установить идентичность и собрать первоисточники; не создавать карточку из поисковой фразы.,сорта малины,sorta-maliny.xlsx:Queries,1,False
малина земляничная описание сорта фото отзывы,тибетская малина,8,12,AVERAGE,Умеренная,garden,,verify_cultivar,Сорта ещё нет в каталоге: сначала установить идентичность и собрать первоисточники; не создавать карточку из поисковой фразы.,сорта малины,sorta-maliny.xlsx:Queries,1,False
малина красная королева описание сорта фото отзывы особенности выращивания,малина красная королева,8,6,AVERAGE,Умеренная,garden,,verify_cultivar,Сорта ещё нет в каталоге: сначала установить идентичность и собрать первоисточники; не создавать карточку из поисковой фразы.,сорта малины,sorta-maliny.xlsx:Queries,1,False
малина кумберленд описание сорта фото отзывы,малина кумберленд,8,12,AVERAGE,Умеренная,garden,,verify_cultivar,Сорта ещё нет в каталоге: сначала установить идентичность и собрать первоисточники; не создавать карточку из поисковой фразы.,сорта малины,sorta-maliny.xlsx:Queries,1,False
малина мария описание сорта,малина мария,8,8,AVERAGE,Умеренная,garden,,verify_cultivar,Сорта ещё нет в каталоге: сначала установить идентичность и собрать первоисточники; не создавать карточку из поисковой фразы.,сорта малины,sorta-maliny.xlsx:Queries,1,False
малина мария описание сорта фото отзывы садоводов,малина мария,8,14,AVERAGE,Умеренная,garden,,verify_cultivar,Сорта ещё нет в каталоге: сначала установить идентичность и собрать первоисточники; не создавать карточку из поисковой фразы.,сорта малины,sorta-maliny.xlsx:Queries,1,False
малина маросейка описание сорта фото,малина маросейка,8,6,AVERAGE,Умеренная,garden,/sorta/maroseyka/,improve_cultivar,"Проверить полноту описания, фото и сравнения; отзывы и урожайность добавлять только по фактическим источникам.",сорта малины,sorta-maliny.xlsx:Queries,1,False
малина овация описание сорта,малина овация,8,5,AVERAGE,Умеренная,garden,,verify_cultivar,Сорта ещё нет в каталоге: сначала установить идентичность и собрать первоисточники; не создавать карточку из поисковой фразы.,сорта малины,sorta-maliny.xlsx:Queries,1,False
малина сказка описание сорта отзывы,малиновое дерево сказка,8,9,AVERAGE,Умеренная,garden,,verify_cultivar,Сорта ещё нет в каталоге: сначала установить идентичность и собрать первоисточники; не создавать карточку из поисковой фразы.,сорта малины,sorta-maliny.xlsx:Queries,1,False
малина сластиха описание сорта отзывы садоводов,малина сластиха,8,19,AVERAGE,Умеренная,garden,,verify_cultivar,Сорта ещё нет в каталоге: сначала установить идентичность и собрать первоисточники; не создавать карточку из поисковой фразы.,сорта малины,sorta-maliny.xlsx:Queries,1,False
малина соблазнительная описание сорта фото отзывы,тибетская малина фото,8,7,AVERAGE,Умеренная,garden,,verify_cultivar,Сорта ещё нет в каталоге: сначала установить идентичность и собрать первоисточники; не создавать карточку из поисковой фразы.,сорта малины,sorta-maliny.xlsx:Queries,1,False
малина таганка описание сорта отзывы,малина таганка,8,9,AVERAGE,Умеренная,garden,,verify_cultivar,Сорта ещё нет в каталоге: сначала установить идентичность и собрать первоисточники; не создавать карточку из поисковой фразы.,сорта малины,sorta-maliny.xlsx:Queries,1,False
малина таганка описание сорта фото,малина таганка,8,7,AVERAGE,Умеренная,garden,,verify_cultivar,Сорта ещё нет в каталоге: сначала установить идентичность и собрать первоисточники; не создавать карточку из поисковой фразы.,сорта малины,sorta-maliny.xlsx:Queries,1,False
малина тибетская описание сорта фото отзывы,тибетская малина,8,8,AVERAGE,Умеренная,garden,,new_botanical_article,"Сначала установить вид и источники; объяснить отличие от обычной малины, добавить проверяемые фото.",сорта малины | тибетская малина,sorta-maliny.xlsx:Queries | tibetskaya-malina.xlsx:Queries,2,False
малина шапка мономаха описание сорта фото,малина шапка мономаха,8,11,AVERAGE,Умеренная,garden,,verify_cultivar,Сорта ещё нет в каталоге: сначала установить идентичность и собрать первоисточники; не создавать карточку из поисковой фразы.,сорта малины,sorta-maliny.xlsx:Queries,1,False
малина энросадира описание сорта фото отзывы,малина энросадира,8,9,AVERAGE,Умеренная,garden,,verify_cultivar,Сорта ещё нет в каталоге: сначала установить идентичность и собрать первоисточники; не создавать карточку из поисковой фразы.,сорта малины,sorta-maliny.xlsx:Queries,1,False
малиновое дерево уход и выращивание,малиновое дерево,8,8,AVERAGE,Умеренная,garden,/zhurnal/malinovoe-derevo-tarusa/,improve_existing,Проверить ответ о штамбовой форме и уходе; не превращать торговое название в ботанический вид.,малина,malina.xlsx:AdditionalQueries,1,False
малиновое дерево что это за растение фото,малиновое дерево,8,12,AVERAGE,Умеренная,garden,/zhurnal/malinovoe-derevo-tarusa/,improve_existing,Проверить ответ о штамбовой форме и уходе; не превращать торговое название в ботанический вид.,малина,malina.xlsx:AdditionalQueries,1,False
малину когда сажать,как правильно посадить малину,8,7,AVERAGE,Умеренная,garden,/zhurnal/posadka-maliny/,improve_existing,Обновить ответы внутри существующего материала и связать с расчётом посадки.,посадка малины,posadka-maliny.xlsx:AdditionalQueries,1,False
на листьях клубники красные пятна чем обработать,пятна на листьях клубники,8,10,AVERAGE,Умеренная,garden,/instrumenty/proverka-rasteniya/,new_diagnostic_hub,Подготовить руководство по болезням клубники с проверяемыми фото и различиями симптомов; связать с материалом о серой гнили.,болезни клубники,bolezni-klubniki.xlsx:AdditionalQueries,1,False
полана малина описание сорта фото отзывы,малина полана,8,12,AVERAGE,Умеренная,garden,/sorta/polana/,improve_cultivar,"Проверить полноту описания, фото и сравнения; отзывы и урожайность добавлять только по фактическим источникам.",сорта малины,sorta-maliny.xlsx:Queries,1,False
посадка ремонтантной малины весной,ремонтантная малина,8,11,AVERAGE,Умеренная,garden,/zhurnal/posadka-maliny/,improve_existing,Обновить ответы внутри существующего материала и связать с расчётом посадки.,посадка малины,posadka-maliny.xlsx:Queries,1,False
при посадке малины что положить в лунку весной,как правильно посадить малину,8,7,AVERAGE,Умеренная,garden,/zhurnal/posadka-maliny/,improve_existing,Обновить ответы внутри существующего материала и связать с расчётом посадки.,посадка малины,posadka-maliny.xlsx:Queries,1,False
при посадке малины что положить в лунку осенью,посадка малины осенью когда и как посадить,8,11,AVERAGE,Умеренная,garden,/zhurnal/posadka-maliny/,improve_existing,Обновить ответы внутри существующего материала и связать с расчётом посадки.,посадка малины,posadka-maliny.xlsx:Queries,1,False
ранние сорта ремонтантной малины,сорта ремонтантной малины,8,13,AVERAGE,Умеренная,garden,,manual_mapping,Нужна редакционная проверка намерения.,сорта малины,sorta-maliny.xlsx:Queries,1,False
ремонтантная клубника лучшие сорта для крыма,крымская клубника,8,13,AVERAGE,Умеренная,garden,/sorta/,improve_catalog,"Уточнить путь к каталогу клубники, фильтрам и сравнению.",сорта клубники,sorta-klubniki.xlsx:Queries,1,False
ремонтантная клубника лучшие сорта для урала,лучшие сорта клубники для урала,8,11,AVERAGE,Умеренная,garden,/podbor/,improve_selector,Использовать место и подтверждённый допуск; местную урожайность не выводить из допуска.,сорта клубники,sorta-klubniki.xlsx:Queries,1,False
ремонтантная малина для сибири лучшие сорта,лучшие сорта малины для сибири,8,15,AVERAGE,Умеренная,garden,,manual_mapping,Нужна редакционная проверка намерения.,сорта малины,sorta-maliny.xlsx:Queries,1,False
самые вкусные сорта малины,сорта малины,8,21,AVERAGE,Умеренная,garden,,manual_mapping,Нужна редакционная проверка намерения.,сорта малины,sorta-maliny.xlsx:Queries,1,False
самые популярные сорта клубники,сорта клубники,8,11,AVERAGE,Умеренная,garden,/sorta/,improve_catalog,"Уточнить путь к каталогу клубники, фильтрам и сравнению.",сорта клубники,sorta-klubniki.xlsx:Queries,1,False
самые сладкие сорта ремонтантной клубники,ремонтантные сорта клубники,8,22,AVERAGE,Умеренная,garden,/sorta/,improve_catalog,"Уточнить путь к каталогу клубники, фильтрам и сравнению.",сорта клубники,sorta-klubniki.xlsx:Queries,1,False
сладкие сорта клубники для ленинградской области,лучшие сорта клубники для ленинградской области,8,13,AVERAGE,Умеренная,garden,/sorta/,improve_catalog,"Уточнить путь к каталогу клубники, фильтрам и сравнению.",сорта клубники,sorta-klubniki.xlsx:Queries,1,False
сорт виктории купчиха,клубника купчиха,8,6,AVERAGE,Умеренная,garden,,manual_mapping,Нужна редакционная проверка намерения.,сорта клубники,sorta-klubniki.xlsx:AdditionalQueries,1,False
сорт клубники для ленинградской области,лучшие сорта клубники для ленинградской области,8,12,AVERAGE,Умеренная,garden,/sorta/,improve_catalog,"Уточнить путь к каталогу клубники, фильтрам и сравнению.",сорта клубники,sorta-klubniki.xlsx:Queries,1,False
сорт клубники мурано фото и описание отзывы садоводов,клубника мурано,8,13,AVERAGE,Умеренная,garden,/sorta/murano/,improve_cultivar,"Проверить полноту описания, фото и сравнения; отзывы и урожайность добавлять только по фактическим источникам.",сорта клубники,sorta-klubniki.xlsx:Queries,1,False
сорт малины для ленинградской области,лучшие сорта малины для ленинградской области,8,9,AVERAGE,Умеренная,garden,,manual_mapping,Нужна редакционная проверка намерения.,сорта малины,sorta-maliny.xlsx:Queries,1,False
сорт малины карамелька фото и описание,малина карамелька,8,9,AVERAGE,Умеренная,garden,/sorta/karamelka/,improve_cultivar,"Проверить полноту описания, фото и сравнения; отзывы и урожайность добавлять только по фактическим источникам.",посадка малины | сорта малины,posadka-maliny.xlsx:AdditionalQueries | sorta-maliny.xlsx:Queries,2,False
сорт малины пшехиба фото и описание,малина пшехиба,8,8,AVERAGE,Умеренная,garden,/sorta/pshehiba/,improve_cultivar,"Проверить полноту описания, фото и сравнения; отзывы и урожайность добавлять только по фактическим источникам.",сорта малины,sorta-maliny.xlsx:Queries,1,False
сорт малины таруса фото и описание,малиновое дерево таруса,8,9,AVERAGE,Умеренная,garden,/sorta/tarusa/,improve_cultivar,"Проверить полноту описания, фото и сравнения; отзывы и урожайность добавлять только по фактическим источникам.",сорта малины,sorta-maliny.xlsx:Queries,1,False
сорта клубники для ленинградской области лучшие с фото,лучшие сорта клубники для ленинградской области,8,19,AVERAGE,Умеренная,garden,/sorta/,improve_catalog,"Уточнить путь к каталогу клубники, фильтрам и сравнению.",сорта клубники,sorta-klubniki.xlsx:Queries,1,False
сорта клубники для подмосковья устойчивые к болезням и вредителям,лучшие сорта клубники для подмосковья,8,11,AVERAGE,Умеренная,garden,/sorta/,improve_catalog,"Уточнить путь к каталогу клубники, фильтрам и сравнению.",болезни клубники | сорта клубники,bolezni-klubniki.xlsx:Queries | sorta-klubniki.xlsx:Queries,2,False
сорта малины для башкирии,лучшие сорта малины для башкирии крупные сладкие,8,13,AVERAGE,Умеренная,garden,,manual_mapping,Нужна редакционная проверка намерения.,сорта малины,sorta-maliny.xlsx:Queries,1,False
сорта ремонтантной клубники для подмосковья открытого грунта,лучшие сорта клубники для подмосковья,8,11,AVERAGE,Умеренная,garden,/sorta/,improve_catalog,"Уточнить путь к каталогу клубники, фильтрам и сравнению.",сорта клубники,sorta-klubniki.xlsx:Queries,1,False
тибетская земляничная малина,тибетская малина,8,7,AVERAGE,Умеренная,garden,,new_botanical_article,"Сначала установить вид и источники; объяснить отличие от обычной малины, добавить проверяемые фото.",тибетская малина,tibetskaya-malina.xlsx:Queries,1,False
тибетская малина купить ягоды,тибетская малина купить ягоды,8,8,AVERAGE,Умеренная,garden,,new_botanical_article,"Сначала установить вид и источники; объяснить отличие от обычной малины, добавить проверяемые фото.",тибетская малина,tibetskaya-malina.xlsx:Queries,1,False
тибетская малина съедобная или нет,тибетская малина,8,3,AVERAGE,Умеренная,garden,,new_botanical_article,"Сначала установить вид и источники; объяснить отличие от обычной малины, добавить проверяемые фото.",тибетская малина,tibetskaya-malina.xlsx:Queries,1,False
топ сортов клубники,сорта клубники,8,12,AVERAGE,Умеренная,garden,,manual_mapping,Нужна редакционная проверка намерения.,сорта клубники,sorta-klubniki.xlsx:Queries,1,False
уход за тибетской малиной,тибетская малина,8,8,AVERAGE,Умеренная,garden,,new_botanical_article,"Сначала установить вид и источники; объяснить отличие от обычной малины, добавить проверяемые фото.",тибетская малина,tibetskaya-malina.xlsx:Queries,1,False
хорошие сорта клубники для средней полосы,лучшие сорта клубники для средней полосы для открытого грунта,8,11,AVERAGE,Умеренная,garden,/sorta/,improve_catalog,"Уточнить путь к каталогу клубники, фильтрам и сравнению.",сорта клубники,sorta-klubniki.xlsx:Queries,1,False
чем побрызгать малину весной от вредителей и болезней,чем обработать малину весной от болезней и вредителей,8,7,AVERAGE,Умеренная,garden,/instrumenty/proverka-rasteniya/,diagnostic_backlog,Связать симптомы с проверкой растения; отдельный материал только после проверки источников.,болезни малины,bolezni-maliny.xlsx:Queries,1,False
черная малина сорта,черная малина,8,8,AVERAGE,Умеренная,garden,,manual_mapping,Нужна редакционная проверка намерения.,сорта малины,sorta-maliny.xlsx:Queries,1,False
что добавить в лунку при посадке малины,как правильно посадить малину,8,6,AVERAGE,Умеренная,garden,/zhurnal/posadka-maliny/,improve_existing,Обновить ответы внутри существующего материала и связать с расчётом посадки.,посадка малины,posadka-maliny.xlsx:Queries,1,False
что можно сажать после виктории,что посадить после клубники,8,7,AVERAGE,Умеренная,garden,/zhurnal/posadka-klubniki/,improve_existing,"Дополнить существующий материал ответами по срокам и условиям, связать с инструментом срока посадки.",клубника,klubnika.xlsx:AdditionalQueries,1,False
что посадить после виктории на следующий год,что посадить после клубники,8,6,AVERAGE,Умеренная,garden,/zhurnal/posadka-klubniki/,improve_existing,"Дополнить существующий материал ответами по срокам и условиям, связать с инструментом срока посадки.",клубника,klubnika.xlsx:AdditionalQueries,1,False
штамбовая малина посадка и уход в открытом грунте,малиновое дерево,8,10,AVERAGE,Умеренная,garden,/zhurnal/posadka-maliny/,improve_existing,Обновить ответы внутри существующего материала и связать с расчётом посадки.,посадка малины,posadka-maliny.xlsx:Queries,1,False
штамбовый сорт малины что это такое,малиновое дерево,8,8,AVERAGE,Умеренная,garden,,manual_mapping,Нужна редакционная проверка намерения.,сорта малины,sorta-maliny.xlsx:Queries,1,False
азия виктория описание сорта,клубника азия,7,7,AVERAGE,Умеренная,garden,/sorta/aziya/,improve_cultivar,"Проверить полноту описания, фото и сравнения; отзывы и урожайность добавлять только по фактическим источникам.",сорта клубники,sorta-klubniki.xlsx:AdditionalQueries,1,False
брянское диво малина описание сорта,малина брянское диво,7,7,AVERAGE,Умеренная,garden,/sorta/bryanskoe-divo/,improve_cultivar,"Проверить полноту описания, фото и сравнения; отзывы и урожайность добавлять только по фактическим источникам.",сорта малины,sorta-maliny.xlsx:Queries,1,False
весенняя обработка клубники от болезней и вредителей препараты и сроки,обработка клубники весной,7,15,AVERAGE,Умеренная,garden,/instrumenty/proverka-rasteniya/,new_diagnostic_hub,Подготовить руководство по болезням клубники с проверяемыми фото и различиями симптомов; связать с материалом о серой гнили.,болезни клубники,bolezni-klubniki.xlsx:Queries,1,False
выращивание малины в теплице,малина в теплице,7,6,AVERAGE,Умеренная,garden,,manual_mapping,Нужна редакционная проверка намерения.,посадка малины,posadka-maliny.xlsx:AdditionalQueries,1,False
гигантский деликатес клубника описание сорта,клубника гигантский деликатес,7,12,AVERAGE,Умеренная,garden,,verify_cultivar,Сорта ещё нет в каталоге: сначала установить идентичность и собрать первоисточники; не создавать карточку из поисковой фразы.,сорта клубники,sorta-klubniki.xlsx:Queries,1,False
гималайская малина фото отзывы описание,тибетская малина,7,7,AVERAGE,Умеренная,garden,,manual_mapping,Нужна редакционная проверка намерения.,тибетская малина,tibetskaya-malina.xlsx:AdditionalQueries,1,False
глен ампл малина описание сорта,малина глен ампл,7,7,AVERAGE,Умеренная,garden,,verify_cultivar,Сорта ещё нет в каталоге: сначала установить идентичность и собрать первоисточники; не создавать карточку из поисковой фразы.,сорта малины,sorta-maliny.xlsx:Queries,1,False
дарселект клубника описание сорта фото отзывы садоводов урожайность,дарселект клубника описание,7,11,AVERAGE,Умеренная,garden,,verify_cultivar,Сорта ещё нет в каталоге: сначала установить идентичность и собрать первоисточники; не создавать карточку из поисковой фразы.,сорта клубники,sorta-klubniki.xlsx:Queries,1,False
джоан джей малина описание сорта фото отзывы,малина джоан джей описание сорта фото отзывы садоводов,7,9,AVERAGE,Умеренная,garden,/sorta/joan-j/,improve_cultivar,"Проверить полноту описания, фото и сравнения; отзывы и урожайность добавлять только по фактическим источникам.",сорта малины,sorta-maliny.xlsx:Queries,1,False
желтая малина сорта,желтая малина,7,7,AVERAGE,Умеренная,garden,,manual_mapping,Нужна редакционная проверка намерения.,сорта малины,sorta-maliny.xlsx:Queries,1,False
земляника даренка описание сорта фото отзывы,клубника даренка,7,7,AVERAGE,Умеренная,garden,/sorta/darenka/,improve_cultivar,"Проверить полноту описания, фото и сравнения; отзывы и урожайность добавлять только по фактическим источникам.",сорта клубники,sorta-klubniki.xlsx:AdditionalQueries,1,False
земляника садовая лучшие сорта для ленинградской области,лучшие сорта клубники для ленинградской области,7,10,AVERAGE,Умеренная,garden,,manual_mapping,Нужна редакционная проверка намерения.,сорта клубники,sorta-klubniki.xlsx:AdditionalQueries,1,False
как вырастить малину на даче в открытом грунте,как правильно посадить малину,7,11,AVERAGE,Умеренная,garden,,manual_mapping,Нужна редакционная проверка намерения.,посадка малины,posadka-maliny.xlsx:AdditionalQueries,1,False
как лучше посадить малину на участке,как правильно посадить малину,7,15,AVERAGE,Умеренная,garden,/zhurnal/posadka-maliny/,improve_existing,Обновить ответы внутри существующего материала и связать с расчётом посадки.,посадка малины,posadka-maliny.xlsx:AdditionalQueries,1,False
как отличить сорта клубники по листьям,как отличить клубнику мужскую от женской,7,19,AVERAGE,Умеренная,garden,/sorta/,improve_catalog,"Уточнить путь к каталогу клубники, фильтрам и сравнению.",сорта клубники,sorta-klubniki.xlsx:Queries,1,False
как ухаживать за тибетской малиной,тибетская малина фото и описание кустарника плоды,7,6,AVERAGE,Умеренная,garden,,new_botanical_article,"Сначала установить вид и источники; объяснить отличие от обычной малины, добавить проверяемые фото.",тибетская малина,tibetskaya-malina.xlsx:Queries,1,False
какие сорта клубники самые лучшие для подмосковья отзывы садоводов,лучшие сорта клубники для подмосковья,7,11,AVERAGE,Умеренная,garden,/sorta/,improve_catalog,"Уточнить путь к каталогу клубники, фильтрам и сравнению.",сорта клубники,sorta-klubniki.xlsx:Queries,1,False
какие сорта клубники самые сладкие и крупные,сорта клубники,7,10,AVERAGE,Умеренная,garden,/sorta/,improve_catalog,"Уточнить путь к каталогу клубники, фильтрам и сравнению.",сорта клубники,sorta-klubniki.xlsx:Queries,1,False
какие сорта клубники самые сладкие и крупные для средней полосы россии,сорта клубники с фотографиями и описанием,7,14,AVERAGE,Умеренная,garden,/sorta/,improve_catalog,"Уточнить путь к каталогу клубники, фильтрам и сравнению.",сорта клубники,sorta-klubniki.xlsx:Queries,1,False
какое расстояние должно быть между кустами малины,как правильно посадить малину,7,4,AVERAGE,Умеренная,garden,,manual_mapping,Нужна редакционная проверка намерения.,посадка малины,posadka-maliny.xlsx:AdditionalQueries,1,False
какой сорт клубники самый сладкий и крупный,сорта клубники,7,12,AVERAGE,Умеренная,garden,/sorta/,improve_catalog,"Уточнить путь к каталогу клубники, фильтрам и сравнению.",сорта клубники,sorta-klubniki.xlsx:Queries,1,False
какой сорт клубники самый урожайный,сорта клубники,7,10,AVERAGE,Умеренная,garden,/sorta/,improve_catalog,"Уточнить путь к каталогу клубники, фильтрам и сравнению.",болезни клубники | сорта клубники,bolezni-klubniki.xlsx:AdditionalQueries | sorta-klubniki.xlsx:Queries,2,False
клубника александра описание сорта фото отзывы садоводов урожайность,клубника александра,7,11,AVERAGE,Умеренная,garden,,verify_cultivar,Сорта ещё нет в каталоге: сначала установить идентичность и собрать первоисточники; не создавать карточку из поисковой фразы.,сорта клубники,sorta-klubniki.xlsx:Queries,1,False
клубника александра описание сорта фото отзывы садоводов урожайность характеристика и описание сорта,клубника александра,7,16,AVERAGE,Умеренная,garden,,verify_cultivar,Сорта ещё нет в каталоге: сначала установить идентичность и собрать первоисточники; не создавать карточку из поисковой фразы.,сорта клубники,sorta-klubniki.xlsx:Queries,1,False
клубника берегиня описание сорта фото отзывы,клубника берегиня,7,13,AVERAGE,Умеренная,garden,/sorta/bereginya/,improve_cultivar,"Проверить полноту описания, фото и сравнения; отзывы и урожайность добавлять только по фактическим источникам.",сорта клубники,sorta-klubniki.xlsx:Queries,1,False
клубника бычье сердце описание сорта фото,клубника бычье сердце,7,12,AVERAGE,Умеренная,garden,,verify_cultivar,Сорта ещё нет в каталоге: сначала установить идентичность и собрать первоисточники; не создавать карточку из поисковой фразы.,сорта клубники,sorta-klubniki.xlsx:Queries,1,False
клубника для подмосковья лучшие сорта отзывы,лучшие сорта клубники для подмосковья,7,12,AVERAGE,Умеренная,garden,/sorta/,improve_catalog,"Уточнить путь к каталогу клубники, фильтрам и сравнению.",сорта клубники,sorta-klubniki.xlsx:Queries,1,False
клубника каденза описание сорта,клубника каденза описание сорта,7,11,AVERAGE,Умеренная,garden,,verify_cultivar,Сорта ещё нет в каталоге: сначала установить идентичность и собрать первоисточники; не создавать карточку из поисковой фразы.,сорта клубники,sorta-klubniki.xlsx:Queries,1,False
клубника королева елизавета 2 расскажите про сорт хочу посадить спасибо,королева елизавета 2 клубника описание сорта отзывы садоводов,7,11,AVERAGE,Умеренная,garden,/zhurnal/posadka-klubniki/,improve_existing,"Дополнить существующий материал ответами по срокам и условиям, связать с инструментом срока посадки.",сорта клубники,sorta-klubniki.xlsx:Queries,1,False
клубника мурано описание и фото,клубника мурано,7,8,AVERAGE,Умеренная,garden,/sorta/murano/,improve_cultivar,"Проверить полноту описания, фото и сравнения; отзывы и урожайность добавлять только по фактическим источникам.",сорта клубники,sorta-klubniki.xlsx:AdditionalQueries,1,False
клубника первоклассница описание сорта фото отзывы,клубника первоклассница,7,14,AVERAGE,Умеренная,garden,,verify_cultivar,Сорта ещё нет в каталоге: сначала установить идентичность и собрать первоисточники; не создавать карточку из поисковой фразы.,сорта клубники,sorta-klubniki.xlsx:Queries,1,False
клубника ремонтантная сорта с фото и описанием,ремонтантные сорта клубники,7,16,AVERAGE,Умеренная,garden,/sorta/,improve_catalog,"Уточнить путь к каталогу клубники, фильтрам и сравнению.",сорта клубники,sorta-klubniki.xlsx:Queries,1,False
клубника русский гигант f1 описание сорта фото отзывы,клубника русский гигант,7,12,AVERAGE,Умеренная,garden,,verify_cultivar,Сорта ещё нет в каталоге: сначала установить идентичность и собрать первоисточники; не создавать карточку из поисковой фразы.,сорта клубники,sorta-klubniki.xlsx:Queries,1,False
клубника сирия описание сорта фото отзывы садоводов урожайность характеристика и отзывы,клубника сирия,7,11,AVERAGE,Умеренная,garden,/sorta/siriya/,improve_cultivar,"Проверить полноту описания, фото и сравнения; отзывы и урожайность добавлять только по фактическим источникам.",сорта клубники,sorta-klubniki.xlsx:Queries,1,False
клубника царица описание сорта фото отзывы садоводов урожайность,клубника царица,7,14,AVERAGE,Умеренная,garden,/sorta/tsaritsa/,improve_cultivar,"Проверить полноту описания, фото и сравнения; отзывы и урожайность добавлять только по фактическим источникам.",сорта клубники,sorta-klubniki.xlsx:Queries,1,False
клубника цунаки описание сорта фото отзывы садоводов,клубника цунаки,7,12,AVERAGE,Умеренная,garden,,verify_cultivar,Сорта ещё нет в каталоге: сначала установить идентичность и собрать первоисточники; не создавать карточку из поисковой фразы.,сорта клубники,sorta-klubniki.xlsx:Queries,1,False
когда можно посадить малину,как правильно посадить малину,7,6,AVERAGE,Умеренная,garden,/zhurnal/posadka-maliny/,improve_existing,Обновить ответы внутри существующего материала и связать с расчётом посадки.,посадка малины,posadka-maliny.xlsx:AdditionalQueries,1,False
легран клубника описание сорта,клубника легран описание сорта,7,11,AVERAGE,Умеренная,garden,,verify_cultivar,Сорта ещё нет в каталоге: сначала установить идентичность и собрать первоисточники; не создавать карточку из поисковой фразы.,сорта клубники,sorta-klubniki.xlsx:Queries,1,False
лучшая ремонтантная клубника для подмосковья отзывы,лучшие сорта клубники для подмосковья,7,12,AVERAGE,Умеренная,garden,/zhurnal/remontantnaya-klubnika/,improve_existing,"Проверить, ясно ли объяснено повторное плодоношение и условия ухода.",сорта клубники,sorta-klubniki.xlsx:AdditionalQueries,1,False
лучшие ремонтантные сорта клубники для подмосковья,лучшие сорта клубники для подмосковья,7,13,AVERAGE,Умеренная,garden,/sorta/,improve_catalog,"Уточнить путь к каталогу клубники, фильтрам и сравнению.",сорта клубники,sorta-klubniki.xlsx:Queries,1,False
лучшие сорта клубники для владимирской области отзывы садоводов,лучшие сорта клубники для средней полосы для открытого грунта,7,13,AVERAGE,Умеренная,garden,/sorta/,improve_catalog,"Уточнить путь к каталогу клубники, фильтрам и сравнению.",сорта клубники,sorta-klubniki.xlsx:Queries,1,False
лучшие сорта клубники для ленинградской области для открытого грунта отзывы садоводов,лучшие сорта клубники для ленинградской области,7,18,AVERAGE,Умеренная,garden,/sorta/,improve_catalog,"Уточнить путь к каталогу клубники, фильтрам и сравнению.",сорта клубники,sorta-klubniki.xlsx:Queries,1,False
лучшие сорта клубники для ленинградской области для открытого грунта с фото и описанием,лучшие сорта клубники для ленинградской области,7,11,AVERAGE,Умеренная,garden,/sorta/,improve_catalog,"Уточнить путь к каталогу клубники, фильтрам и сравнению.",сорта клубники,sorta-klubniki.xlsx:Queries,1,False
лучшие сорта клубники для подмосковья для открытого грунта отзывы садоводов,лучшие сорта клубники для подмосковья,7,15,AVERAGE,Умеренная,garden,/sorta/,improve_catalog,"Уточнить путь к каталогу клубники, фильтрам и сравнению.",сорта клубники,sorta-klubniki.xlsx:Queries,1,False
лучшие сорта клубники для самарской области,сорта клубники,7,11,AVERAGE,Умеренная,garden,/sorta/,improve_catalog,"Уточнить путь к каталогу клубники, фильтрам и сравнению.",сорта клубники,sorta-klubniki.xlsx:Queries,1,False
лучшие сорта малины для сибири крупные сладкие в новосибирске,лучшие сорта малины для сибири,7,16,AVERAGE,Умеренная,garden,,manual_mapping,Нужна редакционная проверка намерения.,сорта малины,sorta-maliny.xlsx:Queries,1,False
лучшие сорта ремонтантной клубники для юга россии,ремонтантные сорта клубники,7,12,AVERAGE,Умеренная,garden,/sorta/,improve_catalog,"Уточнить путь к каталогу клубники, фильтрам и сравнению.",сорта клубники,sorta-klubniki.xlsx:Queries,1,False
малина августовское чудо описание сорта,чудо малина описание сорта фото отзывы,7,13,AVERAGE,Умеренная,garden,,verify_cultivar,Сорта ещё нет в каталоге: сначала установить идентичность и собрать первоисточники; не создавать карточку из поисковой фразы.,сорта малины,sorta-maliny.xlsx:Queries,1,False
малина алая россыпь описание сорта фото отзывы,малина алая россыпь,7,10,AVERAGE,Умеренная,garden,,verify_cultivar,Сорта ещё нет в каталоге: сначала установить идентичность и собрать первоисточники; не создавать карточку из поисковой фразы.,сорта малины,sorta-maliny.xlsx:Queries,1,False
малина амира описание сорта фото отзывы,малина амира,7,8,AVERAGE,Умеренная,garden,,verify_cultivar,Сорта ещё нет в каталоге: сначала установить идентичность и собрать первоисточники; не создавать карточку из поисковой фразы.,сорта малины,sorta-maliny.xlsx:Queries,1,False
малина ананасная вигорова описание сорта фото отзывы,малина ананасная вигорова описание сорта фото отзывы,7,11,AVERAGE,Умеренная,garden,,verify_cultivar,Сорта ещё нет в каталоге: сначала установить идентичность и собрать первоисточники; не создавать карточку из поисковой фразы.,сорта малины,sorta-maliny.xlsx:Queries,1,False
малина болгарский рубин описание сорта,малина рубин,7,7,AVERAGE,Умеренная,garden,,verify_cultivar,Сорта ещё нет в каталоге: сначала установить идентичность и собрать первоисточники; не создавать карточку из поисковой фразы.,сорта малины,sorta-maliny.xlsx:Queries,1,False
малина болезни и вредители,вредители малины,7,10,AVERAGE,Умеренная,garden,/instrumenty/proverka-rasteniya/,diagnostic_backlog,Связать симптомы с проверкой растения; отдельный материал только после проверки источников.,болезни малины,bolezni-maliny.xlsx:Queries,1,False
малина болезни и вредители и борьба с ними,болезни малины,7,20,AVERAGE,Умеренная,garden,/instrumenty/proverka-rasteniya/,diagnostic_backlog,Связать симптомы с проверкой растения; отдельный материал только после проверки источников.,болезни малины,bolezni-maliny.xlsx:Queries,1,False
малина вайолет описание сорта фото отзывы,малина вайолет описание сорта,7,11,AVERAGE,Умеренная,garden,,verify_cultivar,Сорта ещё нет в каталоге: сначала установить идентичность и собрать первоисточники; не создавать карточку из поисковой фразы.,сорта малины,sorta-maliny.xlsx:Queries,1,False
малина гигант московский описание сорта фото отзывы,малина московский гигант,7,8,AVERAGE,Умеренная,garden,,verify_cultivar,Сорта ещё нет в каталоге: сначала установить идентичность и собрать первоисточники; не создавать карточку из поисковой фразы.,сорта малины,sorta-maliny.xlsx:Queries,1,False
малина глен мор описание сорта,малина глен мор,7,16,AVERAGE,Умеренная,garden,,verify_cultivar,Сорта ещё нет в каталоге: сначала установить идентичность и собрать первоисточники; не создавать карточку из поисковой фразы.,сорта малины,sorta-maliny.xlsx:Queries,1,False
малина джоан джей описание сорта фото,малина джоан джей,7,6,AVERAGE,Умеренная,garden,/sorta/joan-j/,improve_cultivar,"Проверить полноту описания, фото и сравнения; отзывы и урожайность добавлять только по фактическим источникам.",сорта малины,sorta-maliny.xlsx:Queries,1,False
малина королевский пингвин описание сорта,малина королевский пингвин,7,8,AVERAGE,Умеренная,garden,/sorta/pingvin/,improve_cultivar,"Проверить полноту описания, фото и сравнения; отзывы и урожайность добавлять только по фактическим источникам.",сорта малины,sorta-maliny.xlsx:Queries,1,False
малина лучшие сорта для ленинградской области,лучшие сорта малины для ленинградской области,7,13,AVERAGE,Умеренная,garden,,manual_mapping,Нужна редакционная проверка намерения.,сорта малины,sorta-maliny.xlsx:Queries,1,False
малина маргарита описание сорта фото отзывы,малина маргарита,7,11,AVERAGE,Умеренная,garden,,verify_cultivar,Сорта ещё нет в каталоге: сначала установить идентичность и собрать первоисточники; не создавать карточку из поисковой фразы.,сорта малины,sorta-maliny.xlsx:Queries,1,False
малина московский великан описание сорта фото отзывы,малина московский гигант,7,11,AVERAGE,Умеренная,garden,,verify_cultivar,Сорта ещё нет в каталоге: сначала установить идентичность и собрать первоисточники; не создавать карточку из поисковой фразы.,сорта малины,sorta-maliny.xlsx:Queries,1,False
малина недосягаемая описание сорта фото отзывы садоводов,малина недосягаемая,7,15,AVERAGE,Умеренная,garden,,verify_cultivar,Сорта ещё нет в каталоге: сначала установить идентичность и собрать первоисточники; не создавать карточку из поисковой фразы.,сорта малины,sorta-maliny.xlsx:Queries,1,False
малина нижегородец описание сорта фото,малина нижегородец,7,9,AVERAGE,Умеренная,garden,,verify_cultivar,Сорта ещё нет в каталоге: сначала установить идентичность и собрать первоисточники; не создавать карточку из поисковой фразы.,сорта малины,sorta-maliny.xlsx:Queries,1,False
малина осенняя красавица описание сорта,малина осенняя красавица,7,8,AVERAGE,Умеренная,garden,,verify_cultivar,Сорта ещё нет в каталоге: сначала установить идентичность и собрать первоисточники; не создавать карточку из поисковой фразы.,сорта малины,sorta-maliny.xlsx:Queries,1,False
малина пересвет описание сорта фото отзывы,малина пересвет,7,11,AVERAGE,Умеренная,garden,/sorta/peresvet/,improve_cultivar,"Проверить полноту описания, фото и сравнения; отзывы и урожайность добавлять только по фактическим источникам.",сорта малины,sorta-maliny.xlsx:Queries,1,False
малина подарок кашину описание сорта фото отзывы,малина подарок кашину,7,10,AVERAGE,Умеренная,garden,/sorta/podarok-kashinu/,improve_cultivar,"Проверить полноту описания, фото и сравнения; отзывы и урожайность добавлять только по фактическим источникам.",сорта малины,sorta-maliny.xlsx:Queries,1,False
малина ремонтантная лучшие сорта для ленинградской области,лучшие сорта малины для ленинградской области,7,8,AVERAGE,Умеренная,garden,,manual_mapping,Нужна редакционная проверка намерения.,сорта малины,sorta-maliny.xlsx:Queries,1,False
малина самохвал описание сорта фото,малина самохвал,7,6,AVERAGE,Умеренная,garden,/sorta/samohval/,improve_cultivar,"Проверить полноту описания, фото и сравнения; отзывы и урожайность добавлять только по фактическим источникам.",сорта малины,sorta-maliny.xlsx:Queries,1,False
малина сластиха описание сорта фото отзывы садоводов урожайность,малина сластиха,7,11,AVERAGE,Умеренная,garden,,verify_cultivar,Сорта ещё нет в каталоге: сначала установить идентичность и собрать первоисточники; не создавать карточку из поисковой фразы.,сорта малины,sorta-maliny.xlsx:Queries,1,False
малина сорт гусар описание сорта,малина гусар,7,7,AVERAGE,Умеренная,garden,/sorta/gusar/,improve_cultivar,"Проверить полноту описания, фото и сравнения; отзывы и урожайность добавлять только по фактическим источникам.",сорта малины,sorta-maliny.xlsx:Queries,1,False
малина сорт полька описание фото,малина полька,7,5,AVERAGE,Умеренная,garden,/sorta/polka/,improve_cultivar,"Проверить полноту описания, фото и сравнения; отзывы и урожайность добавлять только по фактическим источникам.",сорта малины,sorta-maliny.xlsx:Queries,1,False
малина столешник описание сорта,малина сорта столешник описание фото отзывы,7,7,AVERAGE,Умеренная,garden,,verify_cultivar,Сорта ещё нет в каталоге: сначала установить идентичность и собрать первоисточники; не создавать карточку из поисковой фразы.,сорта малины,sorta-maliny.xlsx:Queries,1,False
малина тибетская розолистная,тибетская малина,7,11,AVERAGE,Умеренная,garden,,new_botanical_article,"Сначала установить вид и источники; объяснить отличие от обычной малины, добавить проверяемые фото.",тибетская малина,tibetskaya-malina.xlsx:Queries,1,False
малиновая гряда малина описание сорта фото отзывы,малина малиновая гряда,7,9,AVERAGE,Умеренная,garden,,verify_cultivar,Сорта ещё нет в каталоге: сначала установить идентичность и собрать первоисточники; не создавать карточку из поисковой фразы.,сорта малины,sorta-maliny.xlsx:Queries,1,False
мармелада клубника описание сорта фото отзывы садоводов,клубника мармелада,7,13,AVERAGE,Умеренная,garden,,verify_cultivar,Сорта ещё нет в каталоге: сначала установить идентичность и собрать первоисточники; не создавать карточку из поисковой фразы.,сорта клубники,sorta-klubniki.xlsx:Queries,1,False
посадка малины расстояние между кустами,как правильно посадить малину,7,6,AVERAGE,Умеренная,garden,/zhurnal/posadka-maliny/,improve_existing,Обновить ответы внутри существующего материала и связать с расчётом посадки.,посадка малины,posadka-maliny.xlsx:Queries,1,False
почему ягоды малины больные,болезни малины,7,8,AVERAGE,Умеренная,garden,,manual_mapping,Нужна редакционная проверка намерения.,болезни малины,bolezni-maliny.xlsx:AdditionalQueries,1,False
ранние сорта клубники для ленинградской области,лучшие сорта клубники для ленинградской области,7,14,AVERAGE,Умеренная,garden,/sorta/,improve_catalog,"Уточнить путь к каталогу клубники, фильтрам и сравнению.",сорта клубники,sorta-klubniki.xlsx:Queries,1,False
расстояние между малиной при посадке,как правильно посадить малину,7,5,AVERAGE,Умеренная,garden,/zhurnal/posadka-maliny/,improve_existing,Обновить ответы внутри существующего материала и связать с расчётом посадки.,посадка малины,posadka-maliny.xlsx:Queries,1,False
самая ранняя клубника сорта,ранние сорта клубники,7,18,AVERAGE,Умеренная,garden,/sorta/,improve_catalog,"Уточнить путь к каталогу клубники, фильтрам и сравнению.",сорта клубники,sorta-klubniki.xlsx:Queries,1,False
самые вкусные сорта клубники для средней полосы,сорта клубники с фотографиями и описанием,7,17,AVERAGE,Умеренная,garden,/sorta/,improve_catalog,"Уточнить путь к каталогу клубники, фильтрам и сравнению.",сорта клубники,sorta-klubniki.xlsx:Queries,1,False
самые урожайные сорта малины,сорта малины,7,16,AVERAGE,Умеренная,garden,,manual_mapping,Нужна редакционная проверка намерения.,сорта малины,sorta-maliny.xlsx:Queries,1,False
сорт клубники слоненок фото и описание,слон клубника,7,10,AVERAGE,Умеренная,garden,/sorta/,improve_catalog,"Уточнить путь к каталогу клубники, фильтрам и сравнению.",сорта клубники,sorta-klubniki.xlsx:Queries,1,False
сорт клубники царица фото и описание,клубника царица описание сорта,7,11,AVERAGE,Умеренная,garden,/sorta/tsaritsa/,improve_cultivar,"Проверить полноту описания, фото и сравнения; отзывы и урожайность добавлять только по фактическим источникам.",сорта клубники,sorta-klubniki.xlsx:Queries,1,False
сорт малины метеор урожайность,малина метеор,7,6,AVERAGE,Умеренная,garden,/sorta/meteor/,improve_cultivar,"Проверить полноту описания, фото и сравнения; отзывы и урожайность добавлять только по фактическим источникам.",сорта малины,sorta-maliny.xlsx:Queries,1,False
сорт малины полана фото и описание,малина полана,7,8,AVERAGE,Умеренная,garden,/sorta/polana/,improve_cultivar,"Проверить полноту описания, фото и сравнения; отзывы и урожайность добавлять только по фактическим источникам.",сорта малины,sorta-maliny.xlsx:Queries,1,False
сорт малины похвалинка фото и описание,малина похвалинка,7,8,AVERAGE,Умеренная,garden,/sorta/pohvalinka/,improve_cultivar,"Проверить полноту описания, фото и сравнения; отзывы и урожайность добавлять только по фактическим источникам.",сорта малины,sorta-maliny.xlsx:Queries,1,False
сорта виктории для средней полосы,сорта клубники с фотографиями и описанием,7,11,AVERAGE,Умеренная,garden,,manual_mapping,Нужна редакционная проверка намерения.,сорта клубники,sorta-klubniki.xlsx:AdditionalQueries,1,False
сорта клубники для средней полосы открытого грунта лучшие,лучшие сорта клубники для средней полосы для открытого грунта,7,14,AVERAGE,Умеренная,garden,/sorta/,improve_catalog,"Уточнить путь к каталогу клубники, фильтрам и сравнению.",сорта клубники,sorta-klubniki.xlsx:Queries,1,False
сорта клубники которые плодоносят все лето до осени,ремонтантные сорта клубники,7,15,AVERAGE,Умеренная,garden,/sorta/,improve_catalog,"Уточнить путь к каталогу клубники, фильтрам и сравнению.",сорта клубники,sorta-klubniki.xlsx:Queries,1,False
сорта малины для сибири лучшие крупные,лучшие сорта малины для сибири,7,14,AVERAGE,Умеренная,garden,,manual_mapping,Нужна редакционная проверка намерения.,сорта малины,sorta-maliny.xlsx:Queries,1,False
сорта малины для урала с фото и описанием лучшие,сорта малины для урала с фотографиями,7,14,AVERAGE,Умеренная,garden,,manual_mapping,Нужна редакционная проверка намерения.,сорта малины,sorta-maliny.xlsx:Queries,1,False
сорта ремонтантной клубники для сибири,сорта клубники для сибири,7,12,AVERAGE,Умеренная,garden,/podbor/,improve_selector,Использовать место и подтверждённый допуск; местную урожайность не выводить из допуска.,сорта клубники,sorta-klubniki.xlsx:Queries,1,False
схема посадки малины в открытом грунте расстояние между рядами и в ряду,как правильно посадить малину,7,10,AVERAGE,Умеренная,garden,/zhurnal/posadka-maliny/,improve_existing,Обновить ответы внутри существующего материала и связать с расчётом посадки.,посадка малины,posadka-maliny.xlsx:Queries,1,False
тайская малина описание сорта фото отзывы,тибетская малина,7,6,AVERAGE,Умеренная,garden,,verify_cultivar,Сорта ещё нет в каталоге: сначала установить идентичность и собрать первоисточники; не создавать карточку из поисковой фразы.,сорта малины,sorta-maliny.xlsx:Queries,1,False
тибетская малина можно ли есть,тибетская малина,7,3,AVERAGE,Умеренная,garden,,new_botanical_article,"Сначала установить вид и источники; объяснить отличие от обычной малины, добавить проверяемые фото.",тибетская малина,tibetskaya-malina.xlsx:Queries,1,False
урожайные сорта клубники для подмосковья,лучшие сорта клубники для подмосковья,7,16,AVERAGE,Умеренная,garden,/sorta/,improve_catalog,"Уточнить путь к каталогу клубники, фильтрам и сравнению.",сорта клубники,sorta-klubniki.xlsx:Queries,1,False
утолщение на стволе малины что за болезнь и что делать,галица,7,8,AVERAGE,Умеренная,garden,/instrumenty/proverka-rasteniya/,diagnostic_backlog,Связать симптомы с проверкой растения; отдельный материал только после проверки источников.,болезни малины,bolezni-maliny.xlsx:Queries,1,False
феномен малина описание сорта,малина феномен,7,9,AVERAGE,Умеренная,garden,,verify_cultivar,Сорта ещё нет в каталоге: сначала установить идентичность и собрать первоисточники; не создавать карточку из поисковой фразы.,сорта малины,sorta-maliny.xlsx:Queries,1,False
фестивальная клубника фото,клубника фестивальная описание сорта фото отзывы садоводов урожайность,7,5,AVERAGE,Умеренная,garden,/sorta/festivalnaya/,improve_cultivar,"Проверить полноту описания, фото и сравнения; отзывы и урожайность добавлять только по фактическим источникам.",сорта клубники,sorta-klubniki.xlsx:AdditionalQueries,1,False
химбо топ малина описание сорта,малина химбо топ,7,6,AVERAGE,Умеренная,garden,,verify_cultivar,Сорта ещё нет в каталоге: сначала установить идентичность и собрать первоисточники; не создавать карточку из поисковой фразы.,сорта малины,sorta-maliny.xlsx:Queries,1,False
чем обрабатывать малину весной от вредителей и болезней и когда,уход за малиной весной,7,10,AVERAGE,Умеренная,garden,/instrumenty/proverka-rasteniya/,diagnostic_backlog,Связать симптомы с проверкой растения; отдельный материал только после проверки источников.,болезни малины,bolezni-maliny.xlsx:Queries,1,False
чем обработать малину весной от болезней,уход за малиной весной,7,14,AVERAGE,Умеренная,garden,/instrumenty/proverka-rasteniya/,diagnostic_backlog,Связать симптомы с проверкой растения; отдельный материал только после проверки источников.,болезни малины,bolezni-maliny.xlsx:Queries,1,False
чем обработать малину до цветения,чем обработать малину весной от болезней и вредителей,7,11,AVERAGE,Умеренная,garden,,manual_mapping,Нужна редакционная проверка намерения.,болезни малины,bolezni-maliny.xlsx:AdditionalQueries,1,False
чем обработать малину от вредителей осенью,чем обработать малину от вредителей,7,8,AVERAGE,Умеренная,garden,,manual_mapping,Нужна редакционная проверка намерения.,болезни малины,bolezni-maliny.xlsx:AdditionalQueries,1,False
чем опрыскать клубнику во время цветения от вредителей,чем опрыскать клубнику во время цветения,7,8,AVERAGE,Умеренная,garden,,manual_mapping,Нужна редакционная проверка намерения.,болезни клубники,bolezni-klubniki.xlsx:AdditionalQueries,1,False
чем опрыскать малину осенью от вредителей и болезней,чем обработать малину от вредителей,7,12,AVERAGE,Умеренная,garden,/instrumenty/proverka-rasteniya/,diagnostic_backlog,Связать симптомы с проверкой растения; отдельный материал только после проверки источников.,болезни малины,bolezni-maliny.xlsx:Queries,1,False
через какое расстояние сажать малину друг от друга,как правильно посадить малину,7,6,AVERAGE,Умеренная,garden,/zhurnal/posadka-maliny/,improve_existing,Обновить ответы внутри существующего материала и связать с расчётом посадки.,посадка малины,posadka-maliny.xlsx:AdditionalQueries,1,False
амира малина описание сорта,малина амира,6,6,AVERAGE,Умеренная,garden,,verify_cultivar,Сорта ещё нет в каталоге: сначала установить идентичность и собрать первоисточники; не создавать карточку из поисковой фразы.,сорта малины,sorta-maliny.xlsx:Queries,1,False
атлант малина описание,малина атлант,6,5,AVERAGE,Умеренная,garden,/sorta/atlant/,improve_cultivar,"Проверить полноту описания, фото и сравнения; отзывы и урожайность добавлять только по фактическим источникам.",сорта малины,sorta-maliny.xlsx:AdditionalQueries,1,False
баковая смесь для обработки клубники осенью,баковая смесь для обработки клубники после плодоношения,6,15,AVERAGE,Умеренная,garden,,manual_mapping,Нужна редакционная проверка намерения.,болезни клубники,bolezni-klubniki.xlsx:AdditionalQueries,1,False
болезни малины и их лечение,болезни малины,6,12,AVERAGE,Умеренная,garden,/instrumenty/proverka-rasteniya/,diagnostic_backlog,Связать симптомы с проверкой растения; отдельный материал только после проверки источников.,болезни малины,bolezni-maliny.xlsx:Queries,1,False
виктория априка,клубника априка,6,6,AVERAGE,Умеренная,garden,/sorta/aprika/,improve_cultivar,"Проверить полноту описания, фото и сравнения; отзывы и урожайность добавлять только по фактическим источникам.",сорта клубники,sorta-klubniki.xlsx:AdditionalQueries,1,False
виктория корона описание сорта,клубника корона,6,7,AVERAGE,Умеренная,garden,,verify_cultivar,Сорта ещё нет в каталоге: сначала установить идентичность и собрать первоисточники; не создавать карточку из поисковой фразы.,сорта клубники,sorta-klubniki.xlsx:AdditionalQueries,1,False
где лучше посадить малину на дачном участке,как правильно посадить малину,6,8,AVERAGE,Умеренная,garden,/zhurnal/posadka-maliny/,improve_existing,Обновить ответы внутри существующего материала и связать с расчётом посадки.,посадка малины,posadka-maliny.xlsx:AdditionalQueries,1,False
гибрид земляники и клубники земклуника или земклубника лучшие сорта,земклуника,6,10,AVERAGE,Умеренная,garden,/sorta/,improve_catalog,"Уточнить путь к каталогу клубники, фильтрам и сравнению.",сорта клубники,sorta-klubniki.xlsx:Queries,1,False
гигант московский малина описание сорта отзывы,малина московский гигант,6,8,AVERAGE,Умеренная,garden,,verify_cultivar,Сорта ещё нет в каталоге: сначала установить идентичность и собрать первоисточники; не создавать карточку из поисковой фразы.,сорта малины,sorta-maliny.xlsx:Queries,1,False
желтая ремонтантная малина сорта и фото,желтая малина,6,6,AVERAGE,Умеренная,garden,,manual_mapping,Нужна редакционная проверка намерения.,сорта малины,sorta-maliny.xlsx:Queries,1,False
земляника купчиха описание сорта фото отзывы,клубника купчиха,6,6,AVERAGE,Умеренная,garden,,verify_cultivar,Сорта ещё нет в каталоге: сначала установить идентичность и собрать первоисточники; не создавать карточку из поисковой фразы.,клубника,klubnika.xlsx:AdditionalQueries,1,False
кабрильо клубника описание,клубника кабрилло,6,5,AVERAGE,Умеренная,garden,,manual_mapping,Нужна редакционная проверка намерения.,сорта клубники,sorta-klubniki.xlsx:AdditionalQueries,1,False
как называется сорт клубники белого цвета,белая клубника сорта с фото и описанием,6,22,AVERAGE,Умеренная,garden,/sorta/,improve_catalog,"Уточнить путь к каталогу клубники, фильтрам и сравнению.",сорта клубники,sorta-klubniki.xlsx:Queries,1,False
как посадить саженцы малины осенью,посадка малины осенью когда и как посадить,6,4,AVERAGE,Умеренная,garden,/zhurnal/posadka-maliny/,improve_existing,Обновить ответы внутри существующего материала и связать с расчётом посадки.,посадка малины,posadka-maliny.xlsx:AdditionalQueries,1,False
как сажать ремонтантную малину весной в открытый грунт правильно,ремонтантная малина выращивание и уход обрезка,6,6,AVERAGE,Умеренная,garden,/zhurnal/posadka-maliny/,improve_existing,Обновить ответы внутри существующего материала и связать с расчётом посадки.,посадка малины,posadka-maliny.xlsx:AdditionalQueries,1,False
какую клубнику лучше посадить в средней полосе,сорта клубники с фотографиями и описанием,6,13,AVERAGE,Умеренная,garden,/zhurnal/posadka-klubniki/,improve_existing,"Дополнить существующий материал ответами по срокам и условиям, связать с инструментом срока посадки.",сорта клубники,sorta-klubniki.xlsx:AdditionalQueries,1,False
клубника боровицкая описание сорта фото отзывы садоводов,клубника боровицкая,6,10,AVERAGE,Умеренная,garden,/sorta/borovitskaya/,improve_cultivar,"Проверить полноту описания, фото и сравнения; отзывы и урожайность добавлять только по фактическим источникам.",сорта клубники,sorta-klubniki.xlsx:Queries,1,False
клубника ранняя лучшие сорта,клубники,6,13,AVERAGE,Умеренная,garden,/sorta/,improve_catalog,"Уточнить путь к каталогу клубники, фильтрам и сравнению.",сорта клубники,sorta-klubniki.xlsx:Queries,1,False
клубника соната описание сорта фото отзывы,клубника соната,6,11,AVERAGE,Умеренная,garden,,verify_cultivar,Сорта ещё нет в каталоге: сначала установить идентичность и собрать первоисточники; не создавать карточку из поисковой фразы.,сорта клубники,sorta-klubniki.xlsx:Queries,1,False
клубника эстафета описание сорта,клубника эстафета описание сорта,6,10,AVERAGE,Умеренная,garden,,verify_cultivar,Сорта ещё нет в каталоге: сначала установить идентичность и собрать первоисточники; не создавать карточку из поисковой фразы.,сорта клубники,sorta-klubniki.xlsx:Queries,1,False
когда малина дает урожай,когда малина дает урожай,6,1,AVERAGE,Умеренная,garden,,manual_mapping,Нужна редакционная проверка намерения.,посадка малины,posadka-maliny.xlsx:AdditionalQueries,1,False
когда сажать ремонтантную малину осенью,как рассадить малину,6,7,AVERAGE,Умеренная,garden,/zhurnal/posadka-maliny/,improve_existing,Обновить ответы внутри существующего материала и связать с расчётом посадки.,посадка малины,posadka-maliny.xlsx:AdditionalQueries,1,False
когда сажают малину весной,как правильно посадить малину,6,2,AVERAGE,Умеренная,garden,,manual_mapping,Нужна редакционная проверка намерения.,посадка малины,posadka-maliny.xlsx:AdditionalQueries,1,False
коричневые пятна на листьях клубники что это за болезнь и как ее лечить,болезни клубники,6,11,AVERAGE,Умеренная,garden,/instrumenty/proverka-rasteniya/,new_diagnostic_hub,Подготовить руководство по болезням клубники с проверяемыми фото и различиями симптомов; связать с материалом о серой гнили.,болезни клубники,bolezni-klubniki.xlsx:Queries,1,False
красная королева малина описание сорта,малина красная королева,6,8,AVERAGE,Умеренная,garden,,verify_cultivar,Сорта ещё нет в каталоге: сначала установить идентичность и собрать первоисточники; не создавать карточку из поисковой фразы.,сорта малины,sorta-maliny.xlsx:Queries,1,False
лагорай малина описание сорта,малина лагорай,6,11,AVERAGE,Умеренная,garden,,verify_cultivar,Сорта ещё нет в каталоге: сначала установить идентичность и собрать первоисточники; не создавать карточку из поисковой фразы.,сорта малины,sorta-maliny.xlsx:Queries,1,False
лучшие ремонтантные сорта клубники для подмосковья для открытого грунта,лучшие сорта клубники для подмосковья,6,11,AVERAGE,Умеренная,garden,/sorta/,improve_catalog,"Уточнить путь к каталогу клубники, фильтрам и сравнению.",сорта клубники,sorta-klubniki.xlsx:Queries,1,False
лучшие ремонтантные сорта малины,сорта ремонтантной малины,6,18,AVERAGE,Умеренная,garden,,manual_mapping,Нужна редакционная проверка намерения.,сорта малины,sorta-maliny.xlsx:Queries,1,False
лучшие сорта клубники для подмосковья форум,лучшие сорта клубники для подмосковья,6,13,AVERAGE,Умеренная,garden,/sorta/,improve_catalog,"Уточнить путь к каталогу клубники, фильтрам и сравнению.",сорта клубники,sorta-klubniki.xlsx:Queries,1,False
лучшие сорта клубники ремонтантной для подмосковья,лучшие сорта клубники для подмосковья,6,11,AVERAGE,Умеренная,garden,/sorta/,improve_catalog,"Уточнить путь к каталогу клубники, фильтрам и сравнению.",сорта клубники,sorta-klubniki.xlsx:Queries,1,False
лучшие сорта малины для кировской области,лучшие сорта малины для кировской области,6,13,AVERAGE,Умеренная,garden,,manual_mapping,Нужна редакционная проверка намерения.,сорта малины,sorta-maliny.xlsx:Queries,1,False
лучшие сорта малины для ленинградской области рекомендации садоводов отзывы,лучшие сорта малины для ленинградской области,6,12,AVERAGE,Умеренная,garden,,manual_mapping,Нужна редакционная проверка намерения.,сорта малины,sorta-maliny.xlsx:Queries,1,False
лучшие сорта малины для ленобласти,лучшие сорта малины для ленинградской области,6,8,AVERAGE,Умеренная,garden,,manual_mapping,Нужна редакционная проверка намерения.,сорта малины,sorta-maliny.xlsx:Queries,1,False
лучшие сорта ремонтантной малины для ленинградской области,лучшие сорта малины для ленинградской области,6,13,AVERAGE,Умеренная,garden,,manual_mapping,Нужна редакционная проверка намерения.,сорта малины,sorta-maliny.xlsx:Queries,1,False
лячка малина описание сорта фото отзывы,малина лячка,6,10,AVERAGE,Умеренная,garden,/sorta/lyachka/,improve_cultivar,"Проверить полноту описания, фото и сравнения; отзывы и урожайность добавлять только по фактическим источникам.",сорта малины,sorta-maliny.xlsx:Queries,1,False
маджестик малина описание сорта,малина маджестик,6,8,AVERAGE,Умеренная,garden,,verify_cultivar,Сорта ещё нет в каталоге: сначала установить идентичность и собрать первоисточники; не создавать карточку из поисковой фразы.,сорта малины,sorta-maliny.xlsx:Queries,1,False
малина алая россыпь описание сорта,малина алая россыпь,6,7,AVERAGE,Умеренная,garden,,verify_cultivar,Сорта ещё нет в каталоге: сначала установить идентичность и собрать первоисточники; не создавать карточку из поисковой фразы.,сорта малины,sorta-maliny.xlsx:Queries,1,False
малина атлант описание сорта фото,малина атлант,6,6,AVERAGE,Умеренная,garden,/sorta/atlant/,improve_cultivar,"Проверить полноту описания, фото и сравнения; отзывы и урожайность добавлять только по фактическим источникам.",сорта малины,sorta-maliny.xlsx:Queries,1,False
малина бархатная описание сорта,малина бархатная описание сорта,6,6,AVERAGE,Умеренная,garden,,verify_cultivar,Сорта ещё нет в каталоге: сначала установить идентичность и собрать первоисточники; не создавать карточку из поисковой фразы.,сорта малины,sorta-maliny.xlsx:Queries,1,False
малина беглянка описание сорта фото отзывы особенности выращивания,малина беглянка,6,8,AVERAGE,Умеренная,garden,/sorta/beglyanka/,improve_cultivar,"Проверить полноту описания, фото и сравнения; отзывы и урожайность добавлять только по фактическим источникам.",сорта малины,sorta-maliny.xlsx:Queries,1,False
малина блестящая,малина блестящая описание сорта,6,5,AVERAGE,Умеренная,garden,,manual_mapping,Нужна редакционная проверка намерения.,сорта малины,sorta-maliny.xlsx:AdditionalQueries,1,False
малина геракл описание сорта фото отзывы садоводов урожайность характеристика и описание,малина геракл,6,9,AVERAGE,Умеренная,garden,/sorta/gerakl/,improve_cultivar,"Проверить полноту описания, фото и сравнения; отзывы и урожайность добавлять только по фактическим источникам.",сорта малины,sorta-maliny.xlsx:Queries,1,False
малина деревом фото сорта цена и отзывы,малина дерево,6,5,AVERAGE,Умеренная,garden,,manual_mapping,Нужна редакционная проверка намерения.,сорта малины,sorta-maliny.xlsx:Queries,1,False
малина для урала лучшие сорта,сорта малины для урала с фотографиями,6,18,AVERAGE,Умеренная,garden,,manual_mapping,Нужна редакционная проверка намерения.,сорта малины,sorta-maliny.xlsx:Queries,1,False
малина желтая сорта фото описание,желтая малина,6,8,AVERAGE,Умеренная,garden,,manual_mapping,Нужна редакционная проверка намерения.,сорта малины,sorta-maliny.xlsx:Queries,1,False
малина жозефина описание сорта,малина жозефина,6,10,AVERAGE,Умеренная,garden,,verify_cultivar,Сорта ещё нет в каталоге: сначала установить идентичность и собрать первоисточники; не создавать карточку из поисковой фразы.,сорта малины,sorta-maliny.xlsx:Queries,1,False
малина журавлик описание сорта,малина журавлик,6,6,AVERAGE,Умеренная,garden,/sorta/zhuravlik/,improve_cultivar,"Проверить полноту описания, фото и сравнения; отзывы и урожайность добавлять только по фактическим источникам.",сорта малины,sorta-maliny.xlsx:Queries,1,False
малина изобильная казакова описание,малина изобильная описание сорта,6,5,AVERAGE,Умеренная,garden,,manual_mapping,Нужна редакционная проверка намерения.,сорта малины,sorta-maliny.xlsx:AdditionalQueries,1,False
малина крепыш описание сорта фото,малиновое дерево крепыш,6,9,AVERAGE,Умеренная,garden,,verify_cultivar,Сорта ещё нет в каталоге: сначала установить идентичность и собрать первоисточники; не создавать карточку из поисковой фразы.,сорта малины,sorta-maliny.xlsx:Queries,1,False
малина лячка описание сорта фото,малина лячка,6,5,AVERAGE,Умеренная,garden,/sorta/lyachka/,improve_cultivar,"Проверить полноту описания, фото и сравнения; отзывы и урожайность добавлять только по фактическим источникам.",сорта малины,sorta-maliny.xlsx:Queries,1,False
малина магнат описание сорта,малина магнат,6,15,AVERAGE,Умеренная,garden,,verify_cultivar,Сорта ещё нет в каталоге: сначала установить идентичность и собрать первоисточники; не создавать карточку из поисковой фразы.,сорта малины,sorta-maliny.xlsx:Queries,1,False
малина малиновая гряда описание сорта фото отзывы садоводов,малина малиновая гряда,6,11,AVERAGE,Умеренная,garden,,verify_cultivar,Сорта ещё нет в каталоге: сначала установить идентичность и собрать первоисточники; не создавать карточку из поисковой фразы.,сорта малины,sorta-maliny.xlsx:Queries,1,False
малина мапема описание сорта фото отзывы,мапема малина описание,6,7,AVERAGE,Умеренная,garden,,verify_cultivar,Сорта ещё нет в каталоге: сначала установить идентичность и собрать первоисточники; не создавать карточку из поисковой фразы.,сорта малины,sorta-maliny.xlsx:Queries,1,False
малина нантахала описание сорта,малина нантахала,6,9,AVERAGE,Умеренная,garden,,verify_cultivar,Сорта ещё нет в каталоге: сначала установить идентичность и собрать первоисточники; не создавать карточку из поисковой фразы.,сорта малины,sorta-maliny.xlsx:Queries,1,False
малина новость кузьмина описание сорта фото,малина новость кузьмина,6,7,AVERAGE,Умеренная,garden,,verify_cultivar,Сорта ещё нет в каталоге: сначала установить идентичность и собрать первоисточники; не создавать карточку из поисковой фразы.,сорта малины,sorta-maliny.xlsx:Queries,1,False
малина описание сорта фото отзывы,сорта малины,6,5,AVERAGE,Умеренная,garden,,verify_cultivar,Сорта ещё нет в каталоге: сначала установить идентичность и собрать первоисточники; не создавать карточку из поисковой фразы.,сорта малины,sorta-maliny.xlsx:Queries,1,False
малина пингвин описание сорта фото отзывы садоводов урожайность характеристика и описание сорта фото,малина пингвин описание сорта фото отзывы садоводов,6,12,AVERAGE,Умеренная,garden,/sorta/pingvin/,improve_cultivar,"Проверить полноту описания, фото и сравнения; отзывы и урожайность добавлять только по фактическим источникам.",сорта малины,sorta-maliny.xlsx:Queries,1,False
малина посадка весной как правильно посадить саженцы,как правильно посадить малину,6,8,AVERAGE,Умеренная,garden,/zhurnal/posadka-maliny/,improve_existing,Обновить ответы внутри существующего материала и связать с расчётом посадки.,посадка малины,posadka-maliny.xlsx:Queries,1,False
малина роялти описание сорта,малина роялти,6,8,AVERAGE,Умеренная,garden,,verify_cultivar,Сорта ещё нет в каталоге: сначала установить идентичность и собрать первоисточники; не создавать карточку из поисковой фразы.,сорта малины,sorta-maliny.xlsx:Queries,1,False
малина самородок описание сорта,малина самородок,6,9,AVERAGE,Умеренная,garden,,verify_cultivar,Сорта ещё нет в каталоге: сначала установить идентичность и собрать первоисточники; не создавать карточку из поисковой фразы.,сорта малины,sorta-maliny.xlsx:Queries,1,False
малина сенатор описание сорта,малина сенатор описание сорта,6,7,AVERAGE,Умеренная,garden,,verify_cultivar,Сорта ещё нет в каталоге: сначала установить идентичность и собрать первоисточники; не создавать карточку из поисковой фразы.,сорта малины,sorta-maliny.xlsx:Queries,1,False
малина сорт таруса описание фото отзывы садоводов,малиновое дерево таруса,6,7,AVERAGE,Умеренная,garden,/sorta/tarusa/,improve_cultivar,"Проверить полноту описания, фото и сравнения; отзывы и урожайность добавлять только по фактическим источникам.",сорта малины,sorta-maliny.xlsx:Queries,1,False
малина сорта и технология возделывания (методические рекомендации) [цифровая книга],малина сорта и технология возделывания (методические рекомендации) [цифровая книга],6,6,AVERAGE,Умеренная,garden,,manual_mapping,Нужна редакционная проверка намерения.,сорта малины,sorta-maliny.xlsx:Queries,1,False
малина столичная описание сорта фото отзывы садоводов,малина столичная,6,5,AVERAGE,Умеренная,garden,,verify_cultivar,Сорта ещё нет в каталоге: сначала установить идентичность и собрать первоисточники; не создавать карточку из поисковой фразы.,сорта малины,sorta-maliny.xlsx:Queries,1,False
малина татьяна описание сорта фото отзывы,малина татьяна,6,9,AVERAGE,Умеренная,garden,,verify_cultivar,Сорта ещё нет в каталоге: сначала установить идентичность и собрать первоисточники; не создавать карточку из поисковой фразы.,сорта малины,sorta-maliny.xlsx:Queries,1,False
малина халлей описание сорта,малина халлей,6,6,AVERAGE,Умеренная,garden,,verify_cultivar,Сорта ещё нет в каталоге: сначала установить идентичность и собрать первоисточники; не создавать карточку из поисковой фразы.,сорта малины,sorta-maliny.xlsx:Queries,1,False
малина хебан описание сорта фото отзывы садоводов,малина хебан,6,17,AVERAGE,Умеренная,garden,,verify_cultivar,Сорта ещё нет в каталоге: сначала установить идентичность и собрать первоисточники; не создавать карточку из поисковой фразы.,сорта малины,sorta-maliny.xlsx:Queries,1,False
малина химбо-топ описание сорта,малина химбо топ,6,6,AVERAGE,Умеренная,garden,,verify_cultivar,Сорта ещё нет в каталоге: сначала установить идентичность и собрать первоисточники; не создавать карточку из поисковой фразы.,сорта малины,sorta-maliny.xlsx:Queries,1,False
малина черная кумберленд описание сорта фото отзывы,малина кумберленд,6,7,AVERAGE,Умеренная,garden,,verify_cultivar,Сорта ещё нет в каталоге: сначала установить идентичность и собрать первоисточники; не создавать карточку из поисковой фразы.,сорта малины,sorta-maliny.xlsx:Queries,1,False
малина янтарная описание сорта,малина янтарная,6,6,AVERAGE,Умеренная,garden,,verify_cultivar,Сорта ещё нет в каталоге: сначала установить идентичность и собрать первоисточники; не создавать карточку из поисковой фразы.,сорта малины,sorta-maliny.xlsx:Queries,1,False
малиновое дерево богатырь посадка и уход,малиновое дерево,6,6,AVERAGE,Умеренная,garden,/zhurnal/malinovoe-derevo-tarusa/,improve_existing,Проверить ответ о штамбовой форме и уходе; не превращать торговое название в ботанический вид.,сорта малины,sorta-maliny.xlsx:AdditionalQueries,1,False
на каком расстоянии сажают малину друг от друга,как правильно посадить малину,6,4,AVERAGE,Умеренная,garden,,manual_mapping,Нужна редакционная проверка намерения.,посадка малины,posadka-maliny.xlsx:AdditionalQueries,1,False
на какую глубину сажать малину осенью в открытый грунт,как правильно посадить малину,6,7,AVERAGE,Умеренная,garden,/zhurnal/posadka-maliny/,improve_existing,Обновить ответы внутри существующего материала и связать с расчётом посадки.,посадка малины,posadka-maliny.xlsx:AdditionalQueries,1,False
описание сорта малина дочь геракла отзывы,малина дочь геракла,6,5,AVERAGE,Умеренная,garden,,verify_cultivar,Сорта ещё нет в каталоге: сначала установить идентичность и собрать первоисточники; не создавать карточку из поисковой фразы.,сорта малины,sorta-maliny.xlsx:Queries,1,False
оранжевое чудо малина описание сорта фото отзывы,малина оранжевое чудо,6,8,AVERAGE,Умеренная,garden,/sorta/oranzhevoe-chudo/,improve_cultivar,"Проверить полноту описания, фото и сравнения; отзывы и урожайность добавлять только по фактическим источникам.",сорта малины,sorta-maliny.xlsx:Queries,1,False
поздние сорта малины,поздние сорта малины,6,8,AVERAGE,Умеренная,garden,,manual_mapping,Нужна редакционная проверка намерения.,сорта малины,sorta-maliny.xlsx:Queries,1,False
полана малина описание сорта,малина полана,6,5,AVERAGE,Умеренная,garden,/sorta/polana/,improve_cultivar,"Проверить полноту описания, фото и сравнения; отзывы и урожайность добавлять только по фактическим источникам.",сорта малины,sorta-maliny.xlsx:Queries,1,False
посадка малины осенью когда и как правильно сажать,посадка малины осенью когда и как посадить,6,8,AVERAGE,Умеренная,garden,/zhurnal/posadka-maliny/,improve_existing,Обновить ответы внутри существующего материала и связать с расчётом посадки.,посадка малины,posadka-maliny.xlsx:Queries,1,False
посадка малины ремонтантной осенью,посадка ремонтантной малины осенью в открытый грунт,6,8,AVERAGE,Умеренная,garden,/zhurnal/posadka-maliny/,improve_existing,Обновить ответы внутри существующего материала и связать с расчётом посадки.,посадка малины,posadka-maliny.xlsx:Queries,1,False
похвалинка малина описание сорта отзывы,малина похвалинка,6,6,AVERAGE,Умеренная,garden,/sorta/pohvalinka/,improve_cultivar,"Проверить полноту описания, фото и сравнения; отзывы и урожайность добавлять только по фактическим источникам.",сорта малины,sorta-maliny.xlsx:Queries,1,False
при болезни печени можно есть клубнику,диета для печени,6,20,AVERAGE,Умеренная,garden,/instrumenty/proverka-rasteniya/,new_diagnostic_hub,Подготовить руководство по болезням клубники с проверяемыми фото и различиями симптомов; связать с материалом о серой гнили.,болезни клубники,bolezni-klubniki.xlsx:Queries,1,False
расстояние между малиной при посадке в ряд,как правильно посадить малину,6,4,AVERAGE,Умеренная,garden,/zhurnal/posadka-maliny/,improve_existing,Обновить ответы внутри существующего материала и связать с расчётом посадки.,посадка малины,posadka-maliny.xlsx:Queries,1,False
ремонтантная клубника лучшие сорта для средней полосы,лучшие сорта клубники для средней полосы для открытого грунта,6,13,AVERAGE,Умеренная,garden,/sorta/,improve_catalog,"Уточнить путь к каталогу клубники, фильтрам и сравнению.",сорта клубники,sorta-klubniki.xlsx:Queries,1,False
сажаем малину осенью правильно,посадка малины осенью когда и как посадить,6,7,AVERAGE,Умеренная,garden,,manual_mapping,Нужна редакционная проверка намерения.,посадка малины,posadka-maliny.xlsx:AdditionalQueries,1,False
самая сладкая малина,какой сорт малины самый крупный и сладкий,6,9,AVERAGE,Умеренная,garden,,manual_mapping,Нужна редакционная проверка намерения.,сорта малины,sorta-maliny.xlsx:AdditionalQueries,1,False
самый урожайный сорт клубники,сорта клубники,6,10,AVERAGE,Умеренная,garden,/sorta/,improve_catalog,"Уточнить путь к каталогу клубники, фильтрам и сравнению.",сорта клубники,sorta-klubniki.xlsx:Queries,1,False
сорт клубники для подмосковья сладкая и крупная,лучшие сорта клубники для подмосковья,6,11,AVERAGE,Умеренная,garden,/sorta/,improve_catalog,"Уточнить путь к каталогу клубники, фильтрам и сравнению.",сорта клубники,sorta-klubniki.xlsx:Queries,1,False
сорт клубники купчиха фото и описание сорта отзывы садоводов,клубника купчиха,6,10,AVERAGE,Умеренная,garden,,verify_cultivar,Сорта ещё нет в каталоге: сначала установить идентичность и собрать первоисточники; не создавать карточку из поисковой фразы.,сорта клубники,sorta-klubniki.xlsx:Queries,1,False
сорт малины вайолет фото и описание,малина вайолет,6,5,AVERAGE,Умеренная,garden,,manual_mapping,Нужна редакционная проверка намерения.,сорта малины,sorta-maliny.xlsx:Queries,1,False
сорта малины для ленинградской области крупноплодной вкусной,лучшие сорта малины для ленинградской области,6,10,AVERAGE,Умеренная,garden,,manual_mapping,Нужна редакционная проверка намерения.,сорта малины,sorta-maliny.xlsx:Queries,1,False
сорта ремонтантной малины для ленинградской области,лучшие сорта малины для ленинградской области,6,10,AVERAGE,Умеренная,garden,,manual_mapping,Нужна редакционная проверка намерения.,сорта малины,sorta-maliny.xlsx:Queries,1,False
сроки посадки малины осенью в подмосковье,посадка малины осенью когда и как посадить,6,5,AVERAGE,Умеренная,garden,/zhurnal/sorta-maliny-dlya-podmoskovya-kak-vybrat/,improve_existing,Связать выбор со сравнением сортов и условиями участка; отзывы и урожайность показывать только с реальными данными.,посадка малины,posadka-maliny.xlsx:Queries,1,False
таруса малиновое дерево описание сорта,малиновое дерево таруса,6,6,AVERAGE,Умеренная,garden,/zhurnal/malinovoe-derevo-tarusa/,improve_existing,Проверить ответ о штамбовой форме и уходе; не превращать торговое название в ботанический вид.,малина,malina.xlsx:AdditionalQueries,1,False
урожайные сорта клубники,сорта клубники,6,21,AVERAGE,Умеренная,garden,/sorta/,improve_catalog,"Уточнить путь к каталогу клубники, фильтрам и сравнению.",сорта клубники,sorta-klubniki.xlsx:Queries,1,False
хорошие сорта малины,сорта малины,6,8,AVERAGE,Умеренная,garden,,manual_mapping,Нужна редакционная проверка намерения.,сорта малины,sorta-maliny.xlsx:Queries,1,False
чем обработать малину весной от болезней и вредителей в апреле,чем обработать малину весной от болезней и вредителей,6,14,AVERAGE,Умеренная,garden,/instrumenty/proverka-rasteniya/,diagnostic_backlog,Связать симптомы с проверкой растения; отдельный материал только после проверки источников.,болезни малины,bolezni-maliny.xlsx:Queries,1,False
чем опрыскать малину осенью,чем обработать малину от вредителей,6,11,AVERAGE,Умеренная,garden,,manual_mapping,Нужна редакционная проверка намерения.,болезни малины,bolezni-maliny.xlsx:AdditionalQueries,1,False
чем подкормить малину при посадке,как правильно посадить малину,6,4,AVERAGE,Умеренная,garden,,new_article,Подготовить единый материал о питании малины по фазе и анализу почвы; месяцы учесть внутри него.,посадка малины,posadka-maliny.xlsx:Queries,1,False
черный принц клубника описание сорта отзывы садоводов,,6,10,AVERAGE,Умеренная,garden,,verify_cultivar,Сорта ещё нет в каталоге: сначала установить идентичность и собрать первоисточники; не создавать карточку из поисковой фразы.,сорта клубники,sorta-klubniki.xlsx:Queries,1,False
бабье лето что за сорт малины,,5,8,AVERAGE,Умеренная,garden,,manual_mapping,Нужна редакционная проверка намерения.,сорта малины,sorta-maliny.xlsx:Queries,1,False
болезни малины и борьба с ними с фото,болезни малины,5,10,AVERAGE,Умеренная,garden,/instrumenty/proverka-rasteniya/,diagnostic_backlog,Связать симптомы с проверкой растения; отдельный материал только после проверки источников.,болезни малины,bolezni-maliny.xlsx:Queries,1,False
болезни ягод клубники,болезни клубники,5,6,AVERAGE,Умеренная,garden,/instrumenty/proverka-rasteniya/,new_diagnostic_hub,Подготовить руководство по болезням клубники с проверяемыми фото и различиями симптомов; связать с материалом о серой гнили.,болезни клубники,bolezni-klubniki.xlsx:Queries,1,False
весенняя посадка малины,как правильно посадить малину,5,8,AVERAGE,Умеренная,garden,/zhurnal/posadka-maliny/,improve_existing,Обновить ответы внутри существующего материала и связать с расчётом посадки.,посадка малины,posadka-maliny.xlsx:Queries,1,False
выращивание малины из семян в домашних условиях,как вырастить малину из семян,5,8,AVERAGE,Умеренная,garden,,manual_mapping,Нужна редакционная проверка намерения.,посадка малины,posadka-maliny.xlsx:AdditionalQueries,1,False
грунт для малины при посадке,как правильно посадить малину,5,3,AVERAGE,Умеренная,garden,/zhurnal/posadka-maliny/,improve_existing,Обновить ответы внутри существующего материала и связать с расчётом посадки.,посадка малины,posadka-maliny.xlsx:Queries,1,False
желтая малина выращивание и уход,желтая малина выращивание и уход,5,4,AVERAGE,Умеренная,garden,,manual_mapping,Нужна редакционная проверка намерения.,посадка малины,posadka-maliny.xlsx:AdditionalQueries,1,False
земляника сан андреас описание сорта,клубника сан андреас,5,4,AVERAGE,Умеренная,garden,,verify_cultivar,Сорта ещё нет в каталоге: сначала установить идентичность и собрать первоисточники; не создавать карточку из поисковой фразы.,сорта клубники,sorta-klubniki.xlsx:AdditionalQueries,1,False
земляника царица описание,клубника царица описание сорта,5,5,AVERAGE,Умеренная,garden,/sorta/tsaritsa/,improve_cultivar,"Проверить полноту описания, фото и сравнения; отзывы и урожайность добавлять только по фактическим источникам.",клубника | сорта клубники,klubnika.xlsx:AdditionalQueries | sorta-klubniki.xlsx:AdditionalQueries,2,False
как обрезать саженцы малины при посадке,посадка малины осенью когда и как посадить,5,15,AVERAGE,Умеренная,garden,/instrumenty/obrezka-maliny/,improve_existing,Вести к инструменту выбора схемы и руководству по типу плодоношения.,посадка малины,posadka-maliny.xlsx:Queries,1,False
как посадить малину осенью саженцами,посадка малины осенью когда и как посадить,5,7,AVERAGE,Умеренная,garden,/zhurnal/posadka-maliny/,improve_existing,Обновить ответы внутри существующего материала и связать с расчётом посадки.,посадка малины,posadka-maliny.xlsx:AdditionalQueries,1,False
как правильно посадить малину весной в открытый,как правильно посадить малину,5,5,AVERAGE,Умеренная,garden,/zhurnal/posadka-maliny/,improve_existing,Обновить ответы внутри существующего материала и связать с расчётом посадки.,посадка малины,posadka-maliny.xlsx:AdditionalQueries,1,False
как сохранить саженец малины до весны в домашних условиях,как сохранить саженцы малины до весны купленные зимой,5,6,AVERAGE,Умеренная,garden,,manual_mapping,Нужна редакционная проверка намерения.,посадка малины,posadka-maliny.xlsx:AdditionalQueries,1,False
как хранить саженцы малины до посадки весной,как сохранить саженцы малины до весны купленные зимой,5,5,AVERAGE,Умеренная,garden,/zhurnal/posadka-maliny/,improve_existing,Обновить ответы внутри существующего материала и связать с расчётом посадки.,посадка малины,posadka-maliny.xlsx:Queries,1,False
какие удобрения вносить при посадке малины осенью,когда сажать малину осенью в средней полосе,5,4,AVERAGE,Умеренная,garden,/zhurnal/posadka-maliny/,improve_existing,Обновить ответы внутри существующего материала и связать с расчётом посадки.,посадка малины,posadka-maliny.xlsx:Queries,1,False
какой сорт малины самый лучший,сорта малины,5,9,AVERAGE,Умеренная,garden,,manual_mapping,Нужна редакционная проверка намерения.,сорта малины,sorta-maliny.xlsx:Queries,1,False
клубника альтурас описание сорта,клубника альтурас,5,12,AVERAGE,Умеренная,garden,,verify_cultivar,Сорта ещё нет в каталоге: сначала установить идентичность и собрать первоисточники; не создавать карточку из поисковой фразы.,сорта клубники,sorta-klubniki.xlsx:Queries,1,False
клубника большая медведица описание сорта фото отзывы садоводов,клубника большая медведица,5,11,AVERAGE,Умеренная,garden,,verify_cultivar,Сорта ещё нет в каталоге: сначала установить идентичность и собрать первоисточники; не создавать карточку из поисковой фразы.,сорта клубники,sorta-klubniki.xlsx:Queries,1,False
клубника избранница описание сорта фото отзывы садоводов,клубника избранница,5,11,AVERAGE,Умеренная,garden,,verify_cultivar,Сорта ещё нет в каталоге: сначала установить идентичность и собрать первоисточники; не создавать карточку из поисковой фразы.,сорта клубники,sorta-klubniki.xlsx:Queries,1,False
клубника лималексия описание сорта фото отзывы садоводов урожайность,лималексия клубника описание,5,11,AVERAGE,Умеренная,garden,,verify_cultivar,Сорта ещё нет в каталоге: сначала установить идентичность и собрать первоисточники; не создавать карточку из поисковой фразы.,сорта клубники,sorta-klubniki.xlsx:Queries,1,False
клубника мадлен описание сорта фото отзывы,клубника мадлен описание сорта,5,10,AVERAGE,Умеренная,garden,,verify_cultivar,Сорта ещё нет в каталоге: сначала установить идентичность и собрать первоисточники; не создавать карточку из поисковой фразы.,сорта клубники,sorta-klubniki.xlsx:Queries,1,False
клубника нсд что это значит,нсд сорта клубники что это,5,5,AVERAGE,Умеренная,garden,/zhurnal/remontantnaya-klubnika/,improve_existing,"Проверить, есть ли понятное объяснение терминов и повторного плодоношения.",сорта клубники,sorta-klubniki.xlsx:AdditionalQueries,1,False
клубника фестивальная описание отзывы,клубника фестивальная описание сорта,5,5,AVERAGE,Умеренная,garden,/sorta/festivalnaya/,improve_cultivar,"Проверить полноту описания, фото и сравнения; отзывы и урожайность добавлять только по фактическим источникам.",сорта клубники,sorta-klubniki.xlsx:AdditionalQueries,1,False
клубника флорис описание сорта,клубника флорис,5,12,AVERAGE,Умеренная,garden,,verify_cultivar,Сорта ещё нет в каталоге: сначала установить идентичность и собрать первоисточники; не создавать карточку из поисковой фразы.,сорта клубники,sorta-klubniki.xlsx:Queries,1,False
клубника элоди описание сорта фото отзывы садоводов урожайность,клубника элоди,5,15,AVERAGE,Умеренная,garden,,verify_cultivar,Сорта ещё нет в каталоге: сначала установить идентичность и собрать первоисточники; не создавать карточку из поисковой фразы.,сорта клубники,sorta-klubniki.xlsx:Queries,1,False
клубника эльвира описание сорта фото отзывы садоводов,эльвира сорт клубники,5,12,AVERAGE,Умеренная,garden,,verify_cultivar,Сорта ещё нет в каталоге: сначала установить идентичность и собрать первоисточники; не создавать карточку из поисковой фразы.,сорта клубники,sorta-klubniki.xlsx:Queries,1,False
когда высаживать малину в открытый грунт,как правильно посадить малину,5,2,AVERAGE,Умеренная,garden,,manual_mapping,Нужна редакционная проверка намерения.,посадка малины,posadka-maliny.xlsx:AdditionalQueries,1,False
когда и как сажать малину осенью,посадка малины осенью когда и как посадить,5,5,AVERAGE,Умеренная,garden,/zhurnal/posadka-maliny/,improve_existing,Обновить ответы внутри существующего материала и связать с расчётом посадки.,посадка малины,posadka-maliny.xlsx:AdditionalQueries,1,False
когда сажать саженцы малины весной в открытый грунт,как правильно посадить малину,5,2,AVERAGE,Умеренная,garden,/zhurnal/posadka-maliny/,improve_existing,Обновить ответы внутри существующего материала и связать с расчётом посадки.,посадка малины,posadka-maliny.xlsx:AdditionalQueries,1,False
лучшая клубника для ленинградской области,лучшие сорта клубники для ленинградской области,5,9,AVERAGE,Умеренная,garden,,manual_mapping,Нужна редакционная проверка намерения.,сорта клубники,sorta-klubniki.xlsx:AdditionalQueries,1,False
лучшие ремонтантные сорта клубники для средней полосы,лучшие сорта клубники для средней полосы для открытого грунта,5,12,AVERAGE,Умеренная,garden,/sorta/,improve_catalog,"Уточнить путь к каталогу клубники, фильтрам и сравнению.",сорта клубники,sorta-klubniki.xlsx:Queries,1,False
лучшие сорта клубники для подмосковья для открытого грунта крупноплодные сладкие сорта,лучшие сорта клубники для подмосковья,5,6,AVERAGE,Умеренная,garden,/sorta/,improve_catalog,"Уточнить путь к каталогу клубники, фильтрам и сравнению.",болезни клубники,bolezni-klubniki.xlsx:AdditionalQueries,1,False
лучшие сорта малины для урала отзывы садоводов,сорта малины для урала с фотографиями,5,13,AVERAGE,Умеренная,garden,,manual_mapping,Нужна редакционная проверка намерения.,сорта малины,sorta-maliny.xlsx:Queries,1,False
лучшие сорта малины ремонтантной,сорта ремонтантной малины,5,9,AVERAGE,Умеренная,garden,,manual_mapping,Нужна редакционная проверка намерения.,сорта малины,sorta-maliny.xlsx:Queries,1,False
лячка малина описание сорта,малина лячка,5,6,AVERAGE,Умеренная,garden,/sorta/lyachka/,improve_cultivar,"Проверить полноту описания, фото и сравнения; отзывы и урожайность добавлять только по фактическим источникам.",сорта малины,sorta-maliny.xlsx:Queries,1,False
малина без поросли лучшие сорта,малина без поросли лучшие сорта,5,8,AVERAGE,Умеренная,garden,,manual_mapping,Нужна редакционная проверка намерения.,сорта малины,sorta-maliny.xlsx:Queries,1,False
малина бенефис описание сорта,малиновое дерево бенефис,5,5,AVERAGE,Умеренная,garden,,verify_cultivar,Сорта ещё нет в каталоге: сначала установить идентичность и собрать первоисточники; не создавать карточку из поисковой фразы.,сорта малины,sorta-maliny.xlsx:Queries,1,False
малина бирюсинка описание сорта фото отзывы садоводов,малина бирюсинка,5,8,AVERAGE,Умеренная,garden,,verify_cultivar,Сорта ещё нет в каталоге: сначала установить идентичность и собрать первоисточники; не создавать карточку из поисковой фразы.,сорта малины,sorta-maliny.xlsx:Queries,1,False
малина богатырь описание сорта отзывы,малина богатырь,5,7,AVERAGE,Умеренная,garden,,verify_cultivar,Сорта ещё нет в каталоге: сначала установить идентичность и собрать первоисточники; не создавать карточку из поисковой фразы.,сорта малины,sorta-maliny.xlsx:Queries,1,False
малина бристоль описание сорта фото отзывы особенности выращивания,малина бристоль,5,7,AVERAGE,Умеренная,garden,,verify_cultivar,Сорта ещё нет в каталоге: сначала установить идентичность и собрать первоисточники; не создавать карточку из поисковой фразы.,сорта малины,sorta-maliny.xlsx:Queries,1,False
малина геракл ремонтантная описание сорта,малина геракл,5,5,AVERAGE,Умеренная,garden,/sorta/gerakl/,improve_cultivar,"Проверить полноту описания, фото и сравнения; отзывы и урожайность добавлять только по фактическим источникам.",сорта малины,sorta-maliny.xlsx:Queries,1,False
малина геракл ремонтантная посадка и уход,малина геракл описание сорта,5,7,AVERAGE,Умеренная,garden,/zhurnal/posadka-maliny/,improve_existing,Обновить ответы внутри существующего материала и связать с расчётом посадки.,посадка малины,posadka-maliny.xlsx:Queries,1,False
малина геркулес описание сорта,малина геракл,5,3,AVERAGE,Умеренная,garden,,verify_cultivar,Сорта ещё нет в каталоге: сначала установить идентичность и собрать первоисточники; не создавать карточку из поисковой фразы.,посадка малины,posadka-maliny.xlsx:AdditionalQueries,1,False
малина гусар описание сорта фото отзывы садоводов урожайность характеристика,малина гусар,5,5,AVERAGE,Умеренная,garden,/sorta/gusar/,improve_cultivar,"Проверить полноту описания, фото и сравнения; отзывы и урожайность добавлять только по фактическим источникам.",сорта малины,sorta-maliny.xlsx:Queries,1,False
малина делнива описание сорта фото отзывы,малина делнива,5,6,AVERAGE,Умеренная,garden,,verify_cultivar,Сорта ещё нет в каталоге: сначала установить идентичность и собрать первоисточники; не создавать карточку из поисковой фразы.,сорта малины,sorta-maliny.xlsx:Queries,1,False
малина делнива описание сорта фото отзывы садоводов урожайность,малина делнива,5,11,AVERAGE,Умеренная,garden,,verify_cultivar,Сорта ещё нет в каталоге: сначала установить идентичность и собрать первоисточники; не создавать карточку из поисковой фразы.,сорта малины,sorta-maliny.xlsx:Queries,1,False
малина джоан джи описание сорта,малина джоан джей,5,5,AVERAGE,Умеренная,garden,,verify_cultivar,Сорта ещё нет в каталоге: сначала установить идентичность и собрать первоисточники; не создавать карточку из поисковой фразы.,сорта малины,sorta-maliny.xlsx:Queries,1,False
малина добрая описание сорта,малина добрая,5,6,AVERAGE,Умеренная,garden,,verify_cultivar,Сорта ещё нет в каталоге: сначала установить идентичность и собрать первоисточники; не создавать карточку из поисковой фразы.,сорта малины,sorta-maliny.xlsx:Queries,1,False
малина дочь геракла описание сорта фото отзывы садоводов,малина дочь геракла,5,8,AVERAGE,Умеренная,garden,,verify_cultivar,Сорта ещё нет в каталоге: сначала установить идентичность и собрать первоисточники; не создавать карточку из поисковой фразы.,сорта малины,sorta-maliny.xlsx:Queries,1,False
малина желтый гигант посадка и уход,малина жёлтый гигант посадка и уход,5,5,AVERAGE,Умеренная,garden,/zhurnal/posadka-maliny/,improve_existing,Обновить ответы внутри существующего материала и связать с расчётом посадки.,посадка малины,posadka-maliny.xlsx:Queries,1,False
малина земляничная тибетская описание сорта фото отзывы,тибетская малина,5,5,AVERAGE,Умеренная,garden,,new_botanical_article,"Сначала установить вид и источники; объяснить отличие от обычной малины, добавить проверяемые фото.",сорта малины | тибетская малина,sorta-maliny.xlsx:Queries | tibetskaya-malina.xlsx:Queries,2,False
малина золотая осень описание сорта фото отзывы садоводов,малина золотая осень,5,5,AVERAGE,Умеренная,garden,/sorta/zolotaya-osen/,improve_cultivar,"Проверить полноту описания, фото и сравнения; отзывы и урожайность добавлять только по фактическим источникам.",сорта малины,sorta-maliny.xlsx:Queries,1,False
малина золотые купола описание,малина золотые купола,5,4,AVERAGE,Умеренная,garden,/sorta/zolotye-kupola/,improve_cultivar,"Проверить полноту описания, фото и сравнения; отзывы и урожайность добавлять только по фактическим источникам.",сорта малины,sorta-maliny.xlsx:AdditionalQueries,1,False
малина зюгана желтая описание сорта,малина зюгана желтая,5,6,AVERAGE,Умеренная,garden,,verify_cultivar,Сорта ещё нет в каталоге: сначала установить идентичность и собрать первоисточники; не создавать карточку из поисковой фразы.,сорта малины,sorta-maliny.xlsx:Queries,1,False
малина имара описание сорта фото отзывы садоводов,малина имара,5,10,AVERAGE,Умеренная,garden,,verify_cultivar,Сорта ещё нет в каталоге: сначала установить идентичность и собрать первоисточники; не создавать карточку из поисковой фразы.,сорта малины,sorta-maliny.xlsx:Queries,1,False
малина как сажать и ухаживать расстояние между кустами,как правильно посадить малину,5,6,AVERAGE,Умеренная,garden,/zhurnal/posadka-maliny/,improve_existing,Обновить ответы внутри существующего материала и связать с расчётом посадки.,посадка малины,posadka-maliny.xlsx:AdditionalQueries,1,False
малина каскад харвест описание сорта фото отзывы,малина каскад харвест,5,7,AVERAGE,Умеренная,garden,,verify_cultivar,Сорта ещё нет в каталоге: сначала установить идентичность и собрать первоисточники; не создавать карточку из поисковой фразы.,сорта малины,sorta-maliny.xlsx:Queries,1,False
малина когда сажать саженцы,как правильно посадить малину,5,3,AVERAGE,Умеренная,garden,/zhurnal/posadka-maliny/,improve_existing,Обновить ответы внутри существующего материала и связать с расчётом посадки.,посадка малины,posadka-maliny.xlsx:AdditionalQueries,1,False
малина краса россии описание сорта отзывы,малина краса россии описание сорта,5,9,AVERAGE,Умеренная,garden,/sorta/krasa-rossii/,improve_cultivar,"Проверить полноту описания, фото и сравнения; отзывы и урожайность добавлять только по фактическим источникам.",сорта малины,sorta-maliny.xlsx:Queries,1,False
малина кустовая сорта фото,малиновое дерево король ночи,5,6,AVERAGE,Умеренная,garden,,manual_mapping,Нужна редакционная проверка намерения.,сорта малины,sorta-maliny.xlsx:Queries,1,False
малина ляшка описание сорта фото отзывы,малина лячка описание сорта фото отзывы садоводов,5,6,AVERAGE,Умеренная,garden,/sorta/lyachka/,improve_cultivar,"Проверить полноту описания, фото и сравнения; отзывы и урожайность добавлять только по фактическим источникам.",сорта малины,sorta-maliny.xlsx:Queries,1,False
малина маджестик описание сорта отзывы,малина маджестик,5,9,AVERAGE,Умеренная,garden,,verify_cultivar,Сорта ещё нет в каталоге: сначала установить идентичность и собрать первоисточники; не создавать карточку из поисковой фразы.,сорта малины,sorta-maliny.xlsx:Queries,1,False
малина моллинг джуно описание сорта,малина моллинг джуно описание сорта,5,5,AVERAGE,Умеренная,garden,,verify_cultivar,Сорта ещё нет в каталоге: сначала установить идентичность и собрать первоисточники; не создавать карточку из поисковой фразы.,сорта малины,sorta-maliny.xlsx:Queries,1,False
малина награда описание сорта фото отзывы,малина награда,5,7,AVERAGE,Умеренная,garden,,verify_cultivar,Сорта ещё нет в каталоге: сначала установить идентичность и собрать первоисточники; не создавать карточку из поисковой фразы.,сорта малины,sorta-maliny.xlsx:Queries,1,False
малина нектарная описание сорта фото отзывы,малина нектарная,5,9,AVERAGE,Умеренная,garden,,verify_cultivar,Сорта ещё нет в каталоге: сначала установить идентичность и собрать первоисточники; не создавать карточку из поисковой фразы.,сорта малины,sorta-maliny.xlsx:Queries,1,False
малина новость кузьмина описание сорта отзывы,малина новость кузьмина описание сорта,5,9,AVERAGE,Умеренная,garden,,verify_cultivar,Сорта ещё нет в каталоге: сначала установить идентичность и собрать первоисточники; не создавать карточку из поисковой фразы.,сорта малины,sorta-maliny.xlsx:Queries,1,False
малина носорог описание сорта фото отзывы садоводов,малина носорог,5,9,AVERAGE,Умеренная,garden,,verify_cultivar,Сорта ещё нет в каталоге: сначала установить идентичность и собрать первоисточники; не создавать карточку из поисковой фразы.,сорта малины,sorta-maliny.xlsx:Queries,1,False
малина пингвин описание сорта отзывы,малина пингвин описание сорта фото отзывы садоводов,5,9,AVERAGE,Умеренная,garden,/sorta/pingvin/,improve_cultivar,"Проверить полноту описания, фото и сравнения; отзывы и урожайность добавлять только по фактическим источникам.",сорта малины,sorta-maliny.xlsx:Queries,1,False
малина пшехиба описание сорта отзывы садоводов,малина пшехиба,5,8,AVERAGE,Умеренная,garden,/sorta/pshehiba/,improve_cultivar,"Проверить полноту описания, фото и сравнения; отзывы и урожайность добавлять только по фактическим источникам.",сорта малины,sorta-maliny.xlsx:Queries,1,False
малина ремонтантная карамелька описание сорта,малина карамелька,5,6,AVERAGE,Умеренная,garden,/sorta/karamelka/,improve_cultivar,"Проверить полноту описания, фото и сравнения; отзывы и урожайность добавлять только по фактическим источникам.",сорта малины,sorta-maliny.xlsx:Queries,1,False
малина ремонтантная посадка и уход в открытом грунте осенью,посадка ремонтантной малины осенью в открытый грунт,5,6,AVERAGE,Умеренная,garden,/zhurnal/posadka-maliny/,improve_existing,Обновить ответы внутри существующего материала и связать с расчётом посадки.,посадка малины,posadka-maliny.xlsx:Queries,1,False
малина розолистная выращивание и уход,тибетская малина,5,4,AVERAGE,Умеренная,garden,,manual_mapping,Нужна редакционная проверка намерения.,посадка малины | сорта малины | тибетская малина,posadka-maliny.xlsx:AdditionalQueries | sorta-maliny.xlsx:AdditionalQueries | tibetskaya-malina.xlsx:AdditionalQueries,3,False
малина садовая посадка и уход,как правильно посадить малину,5,4,AVERAGE,Умеренная,garden,/zhurnal/posadka-maliny/,improve_existing,Обновить ответы внутри существующего материала и связать с расчётом посадки.,посадка малины,posadka-maliny.xlsx:Queries,1,False
малина самородок описание сорта фото отзывы садоводов,малина самородок,5,7,AVERAGE,Умеренная,garden,,verify_cultivar,Сорта ещё нет в каталоге: сначала установить идентичность и собрать первоисточники; не создавать карточку из поисковой фразы.,сорта малины,sorta-maliny.xlsx:Queries,1,False
малина сказка описание сорта фото отзывы садоводов урожайность характеристика и описание сорта,малина сказка,5,7,AVERAGE,Умеренная,garden,,verify_cultivar,Сорта ещё нет в каталоге: сначала установить идентичность и собрать первоисточники; не создавать карточку из поисковой фразы.,сорта малины,sorta-maliny.xlsx:Queries,1,False
малина слава россии описание сорта фото отзывы садоводов,малина слава россии,5,9,AVERAGE,Умеренная,garden,,verify_cultivar,Сорта ещё нет в каталоге: сначала установить идентичность и собрать первоисточники; не создавать карточку из поисковой фразы.,сорта малины,sorta-maliny.xlsx:Queries,1,False
малина сорт награда описание сорта фото,малина награда,5,8,AVERAGE,Умеренная,garden,,verify_cultivar,Сорта ещё нет в каталоге: сначала установить идентичность и собрать первоисточники; не создавать карточку из поисковой фразы.,сорта малины,sorta-maliny.xlsx:Queries,1,False
малина таруса описание и отзывы,малиновое дерево таруса,5,6,AVERAGE,Умеренная,garden,/sorta/tarusa/,improve_cultivar,"Проверить полноту описания, фото и сравнения; отзывы и урожайность добавлять только по фактическим источникам.",сорта малины,sorta-maliny.xlsx:AdditionalQueries,1,False
малина таруса описание и уход,малиновое дерево таруса,5,5,AVERAGE,Умеренная,garden,/sorta/tarusa/,improve_cultivar,"Проверить полноту описания, фото и сравнения; отзывы и урожайность добавлять только по фактическим источникам.",сорта малины,sorta-maliny.xlsx:AdditionalQueries,1,False
малина таруса описание сорта посадка и уход,малиновое дерево таруса,5,5,AVERAGE,Умеренная,garden,/zhurnal/posadka-maliny/,improve_existing,Обновить ответы внутри существующего материала и связать с расчётом посадки.,посадка малины,posadka-maliny.xlsx:Queries,1,False
малина терентий описание сорта отзывы,малина терентий,5,7,AVERAGE,Умеренная,garden,,verify_cultivar,Сорта ещё нет в каталоге: сначала установить идентичность и собрать первоисточники; не создавать карточку из поисковой фразы.,сорта малины,sorta-maliny.xlsx:Queries,1,False
малина тибетская отзывы,тибетская малина отзывы,5,5,AVERAGE,Умеренная,garden,,new_botanical_article,"Сначала установить вид и источники; объяснить отличие от обычной малины, добавить проверяемые фото.",тибетская малина,tibetskaya-malina.xlsx:Queries,1,False
малина тибетская фото и описание кустарника,тибетская малина,5,4,AVERAGE,Умеренная,garden,,new_botanical_article,"Сначала установить вид и источники; объяснить отличие от обычной малины, добавить проверяемые фото.",тибетская малина,tibetskaya-malina.xlsx:Queries,1,False
малина халлей описание сорта фото отзывы,малина халлей,5,15,AVERAGE,Умеренная,garden,,verify_cultivar,Сорта ещё нет в каталоге: сначала установить идентичность и собрать первоисточники; не создавать карточку из поисковой фразы.,сорта малины,sorta-maliny.xlsx:Queries,1,False
малина херитейдж описание сорта фото отзывы,малина херитейдж описание,5,5,AVERAGE,Умеренная,garden,/sorta/heritage/,improve_cultivar,"Проверить полноту описания, фото и сравнения; отзывы и урожайность добавлять только по фактическим источникам.",сорта малины,sorta-maliny.xlsx:Queries,1,False
малина энросадира описание сорта фото отзывы садоводов урожайность характеристика,малина энросадира,5,13,AVERAGE,Умеренная,garden,,verify_cultivar,Сорта ещё нет в каталоге: сначала установить идентичность и собрать первоисточники; не создавать карточку из поисковой фразы.,сорта малины,sorta-maliny.xlsx:Queries,1,False
малиновое дерево богатырь описание сорта,малина богатырь,5,6,AVERAGE,Умеренная,garden,/zhurnal/malinovoe-derevo-tarusa/,improve_existing,Проверить ответ о штамбовой форме и уходе; не превращать торговое название в ботанический вид.,сорта малины,sorta-maliny.xlsx:AdditionalQueries,1,False
малиновое дерево таруса уход,малиновое дерево таруса,5,5,AVERAGE,Умеренная,garden,/zhurnal/malinovoe-derevo-tarusa/,improve_existing,Проверить ответ о штамбовой форме и уходе; не превращать торговое название в ботанический вид.,посадка малины | сорта малины,posadka-maliny.xlsx:AdditionalQueries | sorta-maliny.xlsx:AdditionalQueries,2,False
маросейка малина описание сорта отзывы,малина маросейка описание сорта,5,6,AVERAGE,Умеренная,garden,/sorta/maroseyka/,improve_cultivar,"Проверить полноту описания, фото и сравнения; отзывы и урожайность добавлять только по фактическим источникам.",сорта малины,sorta-maliny.xlsx:Queries,1,False
метеор малина описание сорта,малина метеор,5,6,AVERAGE,Умеренная,garden,/sorta/meteor/,improve_cultivar,"Проверить полноту описания, фото и сравнения; отзывы и урожайность добавлять только по фактическим источникам.",сорта малины,sorta-maliny.xlsx:Queries,1,False
московский гигант малина описание сорта,малина московский гигант,5,4,AVERAGE,Умеренная,garden,,verify_cultivar,Сорта ещё нет в каталоге: сначала установить идентичность и собрать первоисточники; не создавать карточку из поисковой фразы.,посадка малины,posadka-maliny.xlsx:AdditionalQueries,1,False
нижегородец малина описание сорта,малина нижегородец,5,5,AVERAGE,Умеренная,garden,,verify_cultivar,Сорта ещё нет в каталоге: сначала установить идентичность и собрать первоисточники; не создавать карточку из поисковой фразы.,сорта малины,sorta-maliny.xlsx:Queries,1,False
обработка клубники от вредителей и болезней весной,обработка клубники весной,5,6,AVERAGE,Умеренная,garden,/instrumenty/proverka-rasteniya/,new_diagnostic_hub,Подготовить руководство по болезням клубники с проверяемыми фото и различиями симптомов; связать с материалом о серой гнили.,болезни клубники,bolezni-klubniki.xlsx:Queries,1,False
опрыскивание малины весной,чем обработать малину весной от болезней и вредителей,5,7,AVERAGE,Умеренная,garden,,manual_mapping,Нужна редакционная проверка намерения.,болезни малины,bolezni-maliny.xlsx:AdditionalQueries,1,False
посадить малину осенью,посадка малины осенью когда и как посадить,5,6,AVERAGE,Умеренная,garden,/zhurnal/posadka-maliny/,improve_existing,Обновить ответы внутри существующего материала и связать с расчётом посадки.,посадка малины,posadka-maliny.xlsx:AdditionalQueries,1,False
посадка малины в траншею,что нужно ложить в траншею при посадке малины,5,6,AVERAGE,Умеренная,garden,/zhurnal/posadka-maliny/,improve_existing,Обновить ответы внутри существующего материала и связать с расчётом посадки.,посадка малины,posadka-maliny.xlsx:Queries,1,False
посадка ремонтантной малины весной в открытый грунт,посадка ремонтантной малины осенью в открытый грунт,5,10,AVERAGE,Умеренная,garden,/zhurnal/posadka-maliny/,improve_existing,Обновить ответы внутри существующего материала и связать с расчётом посадки.,посадка малины,posadka-maliny.xlsx:Queries,1,False
посадочная яма для малины,как правильно посадить малину,5,5,AVERAGE,Умеренная,garden,/zhurnal/posadka-maliny/,improve_existing,Обновить ответы внутри существующего материала и связать с расчётом посадки.,посадка малины,posadka-maliny.xlsx:AdditionalQueries,1,False
пшехиба малина описание сорта фото отзывы садоводов,малина пшехиба,5,5,AVERAGE,Умеренная,garden,/sorta/pshehiba/,improve_cultivar,"Проверить полноту описания, фото и сравнения; отзывы и урожайность добавлять только по фактическим источникам.",сорта малины,sorta-maliny.xlsx:Queries,1,False
рейтинг сортов клубники для подмосковья лучших по отзывам,лучшие сорта клубники для подмосковья,5,14,AVERAGE,Умеренная,garden,,manual_mapping,Нужна редакционная проверка намерения.,сорта клубники,sorta-klubniki.xlsx:Queries,1,False
розолистная малина описание и фото,тибетская малина,5,4,AVERAGE,Умеренная,garden,,manual_mapping,Нужна редакционная проверка намерения.,тибетская малина,tibetskaya-malina.xlsx:AdditionalQueries,1,False
сажаем малину осенью,посадка малины осенью когда и как посадить,5,6,AVERAGE,Умеренная,garden,,manual_mapping,Нужна редакционная проверка намерения.,посадка малины,posadka-maliny.xlsx:AdditionalQueries,1,False
самые зимостойкие сорта клубники,морозостойкие сорта клубники,5,12,AVERAGE,Умеренная,garden,/sorta/,improve_catalog,"Уточнить путь к каталогу клубники, фильтрам и сравнению.",сорта клубники,sorta-klubniki.xlsx:Queries,1,False
самый крупный сорт малины,сорта малины с фотографиями и описанием,5,7,AVERAGE,Умеренная,garden,,manual_mapping,Нужна редакционная проверка намерения.,сорта малины,sorta-maliny.xlsx:Queries,1,False
самый сладкий сорт малины,сорта малины,5,11,AVERAGE,Умеренная,garden,,manual_mapping,Нужна редакционная проверка намерения.,сорта малины,sorta-maliny.xlsx:Queries,1,False
сорт малины гусар фото и описание сорта отзывы,малина гусар,5,7,AVERAGE,Умеренная,garden,/sorta/gusar/,improve_cultivar,"Проверить полноту описания, фото и сравнения; отзывы и урожайность добавлять только по фактическим источникам.",сорта малины,sorta-maliny.xlsx:Queries,1,False
сорта малины для северо-западного региона,лучшие сорта малины для ленинградской области,5,11,AVERAGE,Умеренная,garden,,manual_mapping,Нужна редакционная проверка намерения.,сорта малины,sorta-maliny.xlsx:Queries,1,False
сорта малины для урала лучшие,сорта малины для урала с фотографиями,5,11,AVERAGE,Умеренная,garden,,manual_mapping,Нужна редакционная проверка намерения.,сорта малины,sorta-maliny.xlsx:Queries,1,False
сорта малины ремонтантной с фотографиями и описанием,сорта ремонтантной малины,5,10,AVERAGE,Умеренная,garden,,manual_mapping,Нужна редакционная проверка намерения.,сорта малины,sorta-maliny.xlsx:Queries,1,False
таруса малиновое дерево описание сорта фото и отзывы,малиновое дерево таруса,5,5,AVERAGE,Умеренная,garden,/zhurnal/malinovoe-derevo-tarusa/,improve_existing,Проверить ответ о штамбовой форме и уходе; не превращать торговое название в ботанический вид.,малина,malina.xlsx:AdditionalQueries,1,False
тибетская малина уход и выращивание в открытом грунте,тибетская малина,5,5,AVERAGE,Умеренная,garden,,new_botanical_article,"Сначала установить вид и источники; объяснить отличие от обычной малины, добавить проверяемые фото.",тибетская малина,tibetskaya-malina.xlsx:Queries,1,False
чем обработать клубнику во время цветения от болезней,чем опрыскивать клубнику во время цветения,5,8,AVERAGE,Умеренная,garden,/instrumenty/proverka-rasteniya/,new_diagnostic_hub,Подготовить руководство по болезням клубники с проверяемыми фото и различиями симптомов; связать с материалом о серой гнили.,болезни клубники,bolezni-klubniki.xlsx:Queries,1,False
чем обработать клубнику во время цветения от болезней и вредителей,чем опрыскивать клубнику во время цветения,5,12,AVERAGE,Умеренная,garden,/instrumenty/proverka-rasteniya/,new_diagnostic_hub,Подготовить руководство по болезням клубники с проверяемыми фото и различиями симптомов; связать с материалом о серой гнили.,болезни клубники,bolezni-klubniki.xlsx:Queries,1,False
чем обработать клубнику от вредителей во время плодоношения,чем обработать клубнику от вредителей во время плодоношения,5,9,AVERAGE,Умеренная,garden,,manual_mapping,Нужна редакционная проверка намерения.,болезни клубники,bolezni-klubniki.xlsx:AdditionalQueries,1,False
чем обработать малину в июне,уход за малиной в июне,5,10,AVERAGE,Умеренная,garden,,manual_mapping,Нужна редакционная проверка намерения.,болезни малины,bolezni-maliny.xlsx:AdditionalQueries,1,False
чем обработать малину в июне от вредителей и болезней,чем обработать малину от вредителей в июне,5,7,AVERAGE,Умеренная,garden,/instrumenty/proverka-rasteniya/,diagnostic_backlog,Связать симптомы с проверкой растения; отдельный материал только после проверки источников.,болезни малины,bolezni-maliny.xlsx:Queries,1,False
чем обработать малину весной от болезней и вредителей в апреле и чем,уход за малиной весной,5,12,AVERAGE,Умеренная,garden,/instrumenty/proverka-rasteniya/,diagnostic_backlog,Связать симптомы с проверкой растения; отдельный материал только после проверки источников.,болезни малины,bolezni-maliny.xlsx:Queries,1,False
чем обработать малину осенью от болезней,чем обработать малину от вредителей,5,10,AVERAGE,Умеренная,garden,/instrumenty/proverka-rasteniya/,diagnostic_backlog,Связать симптомы с проверкой растения; отдельный материал только после проверки источников.,болезни малины,bolezni-maliny.xlsx:Queries,1,False
чем обработать малину осенью от вредителей,чем обработать малину от вредителей,5,5,AVERAGE,Умеренная,garden,,manual_mapping,Нужна редакционная проверка намерения.,болезни малины,bolezni-maliny.xlsx:AdditionalQueries,1,False
чем обработать малину от вредителей до цветения,чем обработать малину весной от болезней и вредителей,5,12,AVERAGE,Умеренная,garden,,manual_mapping,Нужна редакционная проверка намерения.,болезни малины,bolezni-maliny.xlsx:AdditionalQueries,1,False
чем обработать малину ранней весной от вредителей и болезней,чем обработать малину весной от болезней и вредителей,5,11,AVERAGE,Умеренная,garden,/instrumenty/proverka-rasteniya/,diagnostic_backlog,Связать симптомы с проверкой растения; отдельный материал только после проверки источников.,болезни малины,bolezni-maliny.xlsx:Queries,1,False
черная малина кумберленд фото описание сорта,,5,5,AVERAGE,Умеренная,garden,,verify_cultivar,Сорта ещё нет в каталоге: сначала установить идентичность и собрать первоисточники; не создавать карточку из поисковой фразы.,сорта малины,sorta-maliny.xlsx:Queries,1,False
что класть в лунку при посадке малины осенью,посадка малины осенью когда и как посадить,5,5,AVERAGE,Умеренная,garden,/zhurnal/posadka-maliny/,improve_existing,Обновить ответы внутри существующего материала и связать с расчётом посадки.,посадка малины,posadka-maliny.xlsx:Queries,1,False
что положить в яму при посадке малины,как правильно посадить малину,5,3,AVERAGE,Умеренная,garden,/zhurnal/posadka-maliny/,improve_existing,Обновить ответы внутри существующего материала и связать с расчётом посадки.,посадка малины,posadka-maliny.xlsx:Queries,1,False
что положить при посадке малины в лунку,как правильно посадить малину,5,4,AVERAGE,Умеренная,garden,/zhurnal/posadka-maliny/,improve_existing,Обновить ответы внутри существующего материала и связать с расчётом посадки.,посадка малины,posadka-maliny.xlsx:Queries,1,False
что такое тибетская малина,тибетская малина,5,3,AVERAGE,Умеренная,garden,,new_botanical_article,"Сначала установить вид и источники; объяснить отличие от обычной малины, добавить проверяемые фото.",тибетская малина,tibetskaya-malina.xlsx:Queries,1,False
штамбовая малина посадка и уход,малиновое дерево,5,5,AVERAGE,Умеренная,garden,/zhurnal/posadka-maliny/,improve_existing,Обновить ответы внутри существующего материала и связать с расчётом посадки.,посадка малины,posadka-maliny.xlsx:Queries,1,False
болезни земляники садовой с фотографиями и способы лечения,болезни земляники садовой с фотографиями и их лечение,4,6,AVERAGE,Умеренная,garden,/instrumenty/proverka-rasteniya/,new_diagnostic_hub,Подготовить руководство по болезням клубники с проверяемыми фото и различиями симптомов; связать с материалом о серой гнили.,болезни клубники,bolezni-klubniki.xlsx:AdditionalQueries,1,False
болезни и вредители малины и борьба с ними,болезни малины описание с фотографиями,4,11,AVERAGE,Умеренная,garden,/instrumenty/proverka-rasteniya/,diagnostic_backlog,Связать симптомы с проверкой растения; отдельный материал только после проверки источников.,болезни малины,bolezni-maliny.xlsx:Queries,1,False
в какой грунт сажать малину,как правильно посадить малину,4,2,AVERAGE,Умеренная,garden,/zhurnal/posadka-maliny/,improve_existing,Обновить ответы внутри существующего материала и связать с расчётом посадки.,посадка малины,posadka-maliny.xlsx:AdditionalQueries,1,False
в какую землю сажать малину,как правильно посадить малину,4,3,AVERAGE,Умеренная,garden,/zhurnal/posadka-maliny/,improve_existing,Обновить ответы внутри существующего материала и связать с расчётом посадки.,посадка малины,posadka-maliny.xlsx:AdditionalQueries,1,False
виды клубники фото с названиями,сорта клубники,4,7,AVERAGE,Умеренная,garden,,manual_mapping,Нужна редакционная проверка намерения.,сорта клубники,sorta-klubniki.xlsx:AdditionalQueries,1,False
виктория ремонтантная сорта для сибири,сорта клубники для сибири,4,5,AVERAGE,Умеренная,garden,,manual_mapping,Нужна редакционная проверка намерения.,сорта клубники,sorta-klubniki.xlsx:AdditionalQueries,1,False
виктория фестивальная ромашка,клубника фестивальная ромашка,4,5,AVERAGE,Умеренная,garden,/sorta/festivalnaya/,improve_cultivar,"Проверить полноту описания, фото и сравнения; отзывы и урожайность добавлять только по фактическим источникам.",сорта клубники,sorta-klubniki.xlsx:AdditionalQueries,1,False
выбор места для посадки малины,как правильно посадить малину,4,5,AVERAGE,Умеренная,garden,/zhurnal/posadka-maliny/,improve_existing,Обновить ответы внутри существующего материала и связать с расчётом посадки.,посадка малины,posadka-maliny.xlsx:Queries,1,False
грунт для малины при посадке весной,как посадить малину весной саженцами пошагово,4,5,AVERAGE,Умеренная,garden,/zhurnal/posadka-maliny/,improve_existing,Обновить ответы внутри существующего материала и связать с расчётом посадки.,посадка малины,posadka-maliny.xlsx:Queries,1,False
делнива малина описание сорта отзывы,малина делнива,4,5,AVERAGE,Умеренная,garden,,verify_cultivar,Сорта ещё нет в каталоге: сначала установить идентичность и собрать первоисточники; не создавать карточку из поисковой фразы.,сорта малины,sorta-maliny.xlsx:Queries,1,False
древовидная малина фото и описание сорта,малиновое дерево,4,5,AVERAGE,Умеренная,garden,,verify_cultivar,Сорта ещё нет в каталоге: сначала установить идентичность и собрать первоисточники; не создавать карточку из поисковой фразы.,сорта малины,sorta-maliny.xlsx:Queries,1,False
защита клубники от болезней,обработка клубники весной,4,5,AVERAGE,Умеренная,garden,/instrumenty/proverka-rasteniya/,new_diagnostic_hub,Подготовить руководство по болезням клубники с проверяемыми фото и различиями симптомов; связать с материалом о серой гнили.,болезни клубники,bolezni-klubniki.xlsx:Queries,1,False
земляника антея описание сорта,клубника антея,4,3,AVERAGE,Умеренная,garden,,verify_cultivar,Сорта ещё нет в каталоге: сначала установить идентичность и собрать первоисточники; не создавать карточку из поисковой фразы.,сорта клубники,sorta-klubniki.xlsx:AdditionalQueries,1,False
земляника зенга зенгана описание сорта фото отзывы садоводов,клубника зенга-зенгана описание,4,3,AVERAGE,Умеренная,garden,/sorta/zenga-zengana/,improve_cultivar,"Проверить полноту описания, фото и сравнения; отзывы и урожайность добавлять только по фактическим источникам.",клубника | сорта клубники,klubnika.xlsx:AdditionalQueries | sorta-klubniki.xlsx:AdditionalQueries,2,False
земляника мея описание сорта,клубника мея,4,5,AVERAGE,Умеренная,garden,,verify_cultivar,Сорта ещё нет в каталоге: сначала установить идентичность и собрать первоисточники; не создавать карточку из поисковой фразы.,сорта клубники,sorta-klubniki.xlsx:AdditionalQueries,1,False
земляника русский размер описание сорта,клубника русский размер,4,4,AVERAGE,Умеренная,garden,,verify_cultivar,Сорта ещё нет в каталоге: сначала установить идентичность и собрать первоисточники; не создавать карточку из поисковой фразы.,сорта клубники,sorta-klubniki.xlsx:AdditionalQueries,1,False
земляника сорт максим,клубника максим,4,3,AVERAGE,Умеренная,garden,,manual_mapping,Нужна редакционная проверка намерения.,сорта клубники,sorta-klubniki.xlsx:AdditionalQueries,1,False
земляника фестивальная описание,клубника фестивальная,4,7,AVERAGE,Умеренная,garden,/sorta/festivalnaya/,improve_cultivar,"Проверить полноту описания, фото и сравнения; отзывы и урожайность добавлять только по фактическим источникам.",сорта клубники,sorta-klubniki.xlsx:AdditionalQueries,1,False
земляника черный принц описание сорта фото отзывы,клубника черный принц,4,4,AVERAGE,Умеренная,garden,,verify_cultivar,Сорта ещё нет в каталоге: сначала установить идентичность и собрать первоисточники; не создавать карточку из поисковой фразы.,сорта клубники,sorta-klubniki.xlsx:AdditionalQueries,1,False
земляника элан описание сорта,клубника элан,4,4,AVERAGE,Умеренная,garden,/sorta/elan/,improve_cultivar,"Проверить полноту описания, фото и сравнения; отзывы и урожайность добавлять только по фактическим источникам.",сорта клубники,sorta-klubniki.xlsx:AdditionalQueries,1,False
зимостойкие сорта клубники для подмосковья,лучшие сорта клубники для подмосковья,4,10,AVERAGE,Умеренная,garden,/sorta/,improve_catalog,"Уточнить путь к каталогу клубники, фильтрам и сравнению.",болезни клубники,bolezni-klubniki.xlsx:AdditionalQueries,1,False
как выбрать место для посадки малины,как правильно посадить малину,4,4,AVERAGE,Умеренная,garden,/zhurnal/posadka-maliny/,improve_existing,Обновить ответы внутри существующего материала и связать с расчётом посадки.,посадка малины,posadka-maliny.xlsx:Queries,1,False
как защитить малину от вредителей и болезней без химии,вредители и болезни малины,4,6,AVERAGE,Умеренная,garden,/instrumenty/proverka-rasteniya/,diagnostic_backlog,Связать симптомы с проверкой растения; отдельный материал только после проверки источников.,болезни малины,bolezni-maliny.xlsx:Queries,1,False
как подготовить грядку под малину,как правильно посадить малину,4,4,AVERAGE,Умеренная,garden,,manual_mapping,Нужна редакционная проверка намерения.,посадка малины,posadka-maliny.xlsx:AdditionalQueries,1,False
как подготовить почву для посадки малины,как правильно посадить малину,4,4,AVERAGE,Умеренная,garden,/zhurnal/posadka-maliny/,improve_existing,Обновить ответы внутри существующего материала и связать с расчётом посадки.,посадка малины,posadka-maliny.xlsx:Queries,1,False
как посадить малину в саду,как правильно посадить малину,4,4,AVERAGE,Умеренная,garden,/zhurnal/posadka-maliny/,improve_existing,Обновить ответы внутри существующего материала и связать с расчётом посадки.,посадка малины,posadka-maliny.xlsx:AdditionalQueries,1,False
как посадить малину весной саженцами пошагово,как правильно посадить малину,4,5,AVERAGE,Умеренная,garden,/zhurnal/posadka-maliny/,improve_existing,Обновить ответы внутри существующего материала и связать с расчётом посадки.,посадка малины,posadka-maliny.xlsx:AdditionalQueries,1,False
как посадить малину на участке,как правильно посадить малину,4,3,AVERAGE,Умеренная,garden,/zhurnal/posadka-maliny/,improve_existing,Обновить ответы внутри существующего материала и связать с расчётом посадки.,посадка малины,posadka-maliny.xlsx:AdditionalQueries,1,False
как посадить саженец малины,как правильно посадить малину,4,2,AVERAGE,Умеренная,garden,/zhurnal/posadka-maliny/,improve_existing,Обновить ответы внутри существующего материала и связать с расчётом посадки.,посадка малины,posadka-maliny.xlsx:AdditionalQueries,1,False
как посадить тибетскую малину,тибетская малина,4,4,AVERAGE,Умеренная,garden,,new_botanical_article,"Сначала установить вид и источники; объяснить отличие от обычной малины, добавить проверяемые фото.",посадка малины | тибетская малина,posadka-maliny.xlsx:AdditionalQueries | tibetskaya-malina.xlsx:Queries,2,False
как правильно посадить малину осенью на даче в подмосковье,посадка малины осенью когда и как посадить,4,5,AVERAGE,Умеренная,garden,/zhurnal/sorta-maliny-dlya-podmoskovya-kak-vybrat/,improve_existing,Связать выбор со сравнением сортов и условиями участка; отзывы и урожайность показывать только с реальными данными.,посадка малины,posadka-maliny.xlsx:AdditionalQueries,1,False
как правильно посадить малину осенью ремонтантную на даче,посадка ремонтантной малины осенью в открытый грунт,4,5,AVERAGE,Умеренная,garden,/zhurnal/posadka-maliny/,improve_existing,Обновить ответы внутри существующего материала и связать с расчётом посадки.,посадка малины,posadka-maliny.xlsx:AdditionalQueries,1,False
как правильно посадить саженец малины,как правильно посадить малину,4,3,AVERAGE,Умеренная,garden,/zhurnal/posadka-maliny/,improve_existing,Обновить ответы внутри существующего материала и связать с расчётом посадки.,посадка малины,posadka-maliny.xlsx:AdditionalQueries,1,False
как сажать малину весной пошаговая инструкция,как правильно посадить малину,4,3,AVERAGE,Умеренная,garden,/zhurnal/posadka-maliny/,improve_existing,Обновить ответы внутри существующего материала и связать с расчётом посадки.,посадка малины,posadka-maliny.xlsx:AdditionalQueries,1,False
как сажать малину ремонтантную осенью,посадка ремонтантной малины осенью в открытый грунт,4,6,AVERAGE,Умеренная,garden,/zhurnal/posadka-maliny/,improve_existing,Обновить ответы внутри существующего материала и связать с расчётом посадки.,посадка малины,posadka-maliny.xlsx:AdditionalQueries,1,False
как сажать саженцы малины,как правильно посадить малину,4,2,AVERAGE,Умеренная,garden,/zhurnal/posadka-maliny/,improve_existing,Обновить ответы внутри существующего материала и связать с расчётом посадки.,посадка малины,posadka-maliny.xlsx:AdditionalQueries,1,False
как сохранить саженцы малины до посадки весной,как сохранить саженцы малины до весны купленные зимой,4,8,AVERAGE,Умеренная,garden,/zhurnal/posadka-maliny/,improve_existing,Обновить ответы внутри существующего материала и связать с расчётом посадки.,посадка малины,posadka-maliny.xlsx:Queries,1,False
какая земля нужна для посадки малины,как правильно посадить малину,4,2,AVERAGE,Умеренная,garden,/zhurnal/posadka-maliny/,improve_existing,Обновить ответы внутри существующего материала и связать с расчётом посадки.,посадка малины,posadka-maliny.xlsx:Queries,1,False
какие сорта малины крупные и очень сладкие для средней полосы,лучшие сорта малины для средней полосы,4,12,AVERAGE,Умеренная,garden,,manual_mapping,Нужна редакционная проверка намерения.,сорта малины,sorta-maliny.xlsx:Queries,1,False
какое удобрение вносить при посадке малины осенью,осенняя пересадка малины,4,4,AVERAGE,Умеренная,garden,/zhurnal/posadka-maliny/,improve_existing,Обновить ответы внутри существующего материала и связать с расчётом посадки.,посадка малины,posadka-maliny.xlsx:Queries,1,False
какой сорт малины самый сладкий,сорта малины,4,7,AVERAGE,Умеренная,garden,,manual_mapping,Нужна редакционная проверка намерения.,сорта малины,sorta-maliny.xlsx:Queries,1,False
какую землю любит малина при посадке,как правильно посадить малину,4,3,AVERAGE,Умеренная,garden,/zhurnal/posadka-maliny/,improve_existing,Обновить ответы внутри существующего материала и связать с расчётом посадки.,посадка малины,posadka-maliny.xlsx:Queries,1,False
карликовая малина сорта,малина низкорослая,4,5,AVERAGE,Умеренная,garden,,manual_mapping,Нужна редакционная проверка намерения.,сорта малины,sorta-maliny.xlsx:Queries,1,False
китайская малина фото и описание отзывы,тибетская малина,4,4,AVERAGE,Умеренная,garden,,manual_mapping,Нужна редакционная проверка намерения.,тибетская малина,tibetskaya-malina.xlsx:AdditionalQueries,1,False
клубника африка описание,клубника априка,4,3,AVERAGE,Умеренная,garden,,manual_mapping,Нужна редакционная проверка намерения.,сорта клубники,sorta-klubniki.xlsx:AdditionalQueries,1,False
клубника марышка описание сорта фото отзывы садоводов,клубника марышка,4,11,AVERAGE,Умеренная,garden,,verify_cultivar,Сорта ещё нет в каталоге: сначала установить идентичность и собрать первоисточники; не создавать карточку из поисковой фразы.,сорта клубники,sorta-klubniki.xlsx:Queries,1,False
клубника мурано отзывы описание,мурано клубника описание,4,4,AVERAGE,Умеренная,garden,/sorta/murano/,improve_cultivar,"Проверить полноту описания, фото и сравнения; отзывы и урожайность добавлять только по фактическим источникам.",сорта клубники,sorta-klubniki.xlsx:AdditionalQueries,1,False
клубника мурано ремонтантная или нет,клубника мурано,4,1,AVERAGE,Умеренная,garden,/zhurnal/remontantnaya-klubnika/,improve_existing,"Проверить, ясно ли объяснено повторное плодоношение и условия ухода.",сорта клубники,sorta-klubniki.xlsx:AdditionalQueries,1,False
клубника хадемар описание сорта фото отзывы садоводов урожайность,хадемар клубника описание,4,12,AVERAGE,Умеренная,garden,,verify_cultivar,Сорта ещё нет в каталоге: сначала установить идентичность и собрать первоисточники; не создавать карточку из поисковой фразы.,сорта клубники,sorta-klubniki.xlsx:Queries,1,False
когда можно сажать малину весной,как правильно посадить малину,4,3,AVERAGE,Умеренная,garden,/zhurnal/posadka-maliny/,improve_existing,Обновить ответы внутри существующего материала и связать с расчётом посадки.,посадка малины,posadka-maliny.xlsx:AdditionalQueries,1,False
куда лучше сажать малину на участке,как правильно посадить малину,4,3,AVERAGE,Умеренная,garden,/zhurnal/posadka-maliny/,improve_existing,Обновить ответы внутри существующего материала и связать с расчётом посадки.,посадка малины,posadka-maliny.xlsx:AdditionalQueries,1,False
лечение дидимеллы на малине,дидимелла на малине как бороться,4,14,AVERAGE,Умеренная,garden,,new_article,"Дидимелла: проверить диагностику по первоисточникам, затем подготовить материал; схемы препаратов требуют актуальной проверки.",болезни малины,bolezni-maliny.xlsx:AdditionalQueries,1,False
лучшая клубника для сибири,сорта клубники для сибири,4,9,AVERAGE,Умеренная,garden,/podbor/,improve_selector,Использовать место и подтверждённый допуск; местную урожайность не выводить из допуска.,сорта клубники,sorta-klubniki.xlsx:AdditionalQueries,1,False
лучшее время для посадки малины,как правильно посадить малину,4,2,AVERAGE,Умеренная,garden,/zhurnal/posadka-maliny/,improve_existing,Обновить ответы внутри существующего материала и связать с расчётом посадки.,посадка малины,posadka-maliny.xlsx:Queries,1,False
лучшие сорта клубники для подмосковья для открытого грунта крупноплодные,лучшие сорта клубники для подмосковья,4,12,AVERAGE,Умеренная,garden,/sorta/,improve_catalog,"Уточнить путь к каталогу клубники, фильтрам и сравнению.",сорта клубники,sorta-klubniki.xlsx:Queries,1,False
лучшие сорта клубники для средней полосы для открытого грунта отзывы садоводов,сорта клубники с фотографиями и описанием,4,15,AVERAGE,Умеренная,garden,/sorta/,improve_catalog,"Уточнить путь к каталогу клубники, фильтрам и сравнению.",сорта клубники,sorta-klubniki.xlsx:Queries,1,False
лучшие сорта ремонтантной малины для сибири,лучшие сорта малины для сибири,4,9,AVERAGE,Умеренная,garden,,manual_mapping,Нужна редакционная проверка намерения.,сорта малины,sorta-maliny.xlsx:Queries,1,False
лучший сорт малины,сорта малины,4,8,AVERAGE,Умеренная,garden,,manual_mapping,Нужна редакционная проверка намерения.,сорта малины,sorta-maliny.xlsx:Queries,1,False
малина августовское чудо описание сорта фото отзывы,чудо малина описание сорта фото отзывы,4,5,AVERAGE,Умеренная,garden,,verify_cultivar,Сорта ещё нет в каталоге: сначала установить идентичность и собрать первоисточники; не создавать карточку из поисковой фразы.,сорта малины,sorta-maliny.xlsx:Queries,1,False
малина антарес,малина антарес описание сорта,4,4,AVERAGE,Умеренная,garden,,manual_mapping,Нужна редакционная проверка намерения.,сорта малины,sorta-maliny.xlsx:AdditionalQueries,1,False
малина анфиса описание сорта фото отзывы садоводов,малина анфиса,4,7,AVERAGE,Умеренная,garden,,verify_cultivar,Сорта ещё нет в каталоге: сначала установить идентичность и собрать первоисточники; не создавать карточку из поисковой фразы.,сорта малины,sorta-maliny.xlsx:Queries,1,False
малина арбат описание сорта фото отзывы садоводов,арбат малина описание сорта фото отзывы,4,5,AVERAGE,Умеренная,garden,,verify_cultivar,Сорта ещё нет в каталоге: сначала установить идентичность и собрать первоисточники; не создавать карточку из поисковой фразы.,сорта малины,sorta-maliny.xlsx:Queries,1,False
малина бальзам описание сорта фото,малина бальзам,4,5,AVERAGE,Умеренная,garden,/sorta/balzam/,improve_cultivar,"Проверить полноту описания, фото и сравнения; отзывы и урожайность добавлять только по фактическим источникам.",сорта малины,sorta-maliny.xlsx:Queries,1,False
малина беглянка желтая описание сорта фото отзывы,малина беглянка,4,5,AVERAGE,Умеренная,garden,/sorta/beglyanka/,improve_cultivar,"Проверить полноту описания, фото и сравнения; отзывы и урожайность добавлять только по фактическим источникам.",сорта малины,sorta-maliny.xlsx:Queries,1,False
малина без шипов сорта для подмосковья,лучшие сорта малины для подмосковья,4,6,AVERAGE,Умеренная,garden,/zhurnal/sorta-maliny-dlya-podmoskovya-kak-vybrat/,improve_existing,Связать выбор со сравнением сортов и условиями участка; отзывы и урожайность показывать только с реальными данными.,сорта малины,sorta-maliny.xlsx:Queries,1,False
малина болгарский рубин описание сорта фото отзывы,малина рубин,4,9,AVERAGE,Умеренная,garden,,verify_cultivar,Сорта ещё нет в каталоге: сначала установить идентичность и собрать первоисточники; не создавать карточку из поисковой фразы.,сорта малины,sorta-maliny.xlsx:Queries,1,False
малина вайолет описание сорта отзывы,малина вайолет описание сорта,4,6,AVERAGE,Умеренная,garden,,verify_cultivar,Сорта ещё нет в каталоге: сначала установить идентичность и собрать первоисточники; не создавать карточку из поисковой фразы.,сорта малины,sorta-maliny.xlsx:Queries,1,False
малина вера описание сорта фото отзывы садоводов,малина вера,4,10,AVERAGE,Умеренная,garden,,verify_cultivar,Сорта ещё нет в каталоге: сначала установить идентичность и собрать первоисточники; не создавать карточку из поисковой фразы.,сорта малины,sorta-maliny.xlsx:Queries,1,False
малина гигант московский описание сорта отзывы,малина московский гигант,4,6,AVERAGE,Умеренная,garden,,verify_cultivar,Сорта ещё нет в каталоге: сначала установить идентичность и собрать первоисточники; не создавать карточку из поисковой фразы.,сорта малины,sorta-maliny.xlsx:Queries,1,False
малина груви описание сорта фото отзывы,малина груви,4,7,AVERAGE,Умеренная,garden,,verify_cultivar,Сорта ещё нет в каталоге: сначала установить идентичность и собрать первоисточники; не создавать карточку из поисковой фразы.,сорта малины,sorta-maliny.xlsx:Queries,1,False
малина гусар описание отзывы,малина гусар описание сорта фото отзывы,4,4,AVERAGE,Умеренная,garden,/sorta/gusar/,improve_cultivar,"Проверить полноту описания, фото и сравнения; отзывы и урожайность добавлять только по фактическим источникам.",сорта малины,sorta-maliny.xlsx:AdditionalQueries,1,False
малина гусар фото,малина гусар,4,3,AVERAGE,Умеренная,garden,/sorta/gusar/,improve_cultivar,"Проверить полноту описания, фото и сравнения; отзывы и урожайность добавлять только по фактическим источникам.",сорта малины,sorta-maliny.xlsx:AdditionalQueries,1,False
малина двойная ягода какой сорт,малина двойная ягода какой сорт,4,5,AVERAGE,Умеренная,garden,,manual_mapping,Нужна редакционная проверка намерения.,сорта малины,sorta-maliny.xlsx:Queries,1,False
малина дельнива описание сорта фото отзывы садоводов,малина делнива,4,8,AVERAGE,Умеренная,garden,,verify_cultivar,Сорта ещё нет в каталоге: сначала установить идентичность и собрать первоисточники; не создавать карточку из поисковой фразы.,сорта малины,sorta-maliny.xlsx:Queries,1,False
малина джорджия описание сорта фото отзывы,малина джорджия описание сорта фото отзывы садоводов,4,5,AVERAGE,Умеренная,garden,,verify_cultivar,Сорта ещё нет в каталоге: сначала установить идентичность и собрать первоисточники; не создавать карточку из поисковой фразы.,сорта малины,sorta-maliny.xlsx:Queries,1,False
малина джорджия описание сорта фото отзывы садоводов урожайность,малина джорджия описание сорта фото отзывы садоводов,4,12,AVERAGE,Умеренная,garden,,verify_cultivar,Сорта ещё нет в каталоге: сначала установить идентичность и собрать первоисточники; не создавать карточку из поисковой фразы.,сорта малины,sorta-maliny.xlsx:Queries,1,False
малина древовидная посадка и уход в открытом грунте,малиновое дерево,4,4,AVERAGE,Умеренная,garden,/zhurnal/posadka-maliny/,improve_existing,Обновить ответы внутри существующего материала и связать с расчётом посадки.,посадка малины,posadka-maliny.xlsx:Queries,1,False
малина жаклин описание сорта,малина жаклин,4,5,AVERAGE,Умеренная,garden,,verify_cultivar,Сорта ещё нет в каталоге: сначала установить идентичность и собрать первоисточники; не создавать карточку из поисковой фразы.,сорта малины,sorta-maliny.xlsx:Queries,1,False
малина жаклин описание сорта фото отзывы садоводов,малина жаклин,4,10,AVERAGE,Умеренная,garden,,verify_cultivar,Сорта ещё нет в каталоге: сначала установить идентичность и собрать первоисточники; не создавать карточку из поисковой фразы.,сорта малины,sorta-maliny.xlsx:Queries,1,False
малина каскад харвест описание сорта,малина каскад харвест,4,7,AVERAGE,Умеренная,garden,,verify_cultivar,Сорта ещё нет в каталоге: сначала установить идентичность и собрать первоисточники; не создавать карточку из поисковой фразы.,сорта малины,sorta-maliny.xlsx:Queries,1,False
малина китайская фото и описание,тибетская малина,4,3,AVERAGE,Умеренная,garden,,manual_mapping,Нужна редакционная проверка намерения.,тибетская малина,tibetskaya-malina.xlsx:AdditionalQueries,1,False
малина красная королева описание сорта отзывы,малина красная королева,4,6,AVERAGE,Умеренная,garden,,verify_cultivar,Сорта ещё нет в каталоге: сначала установить идентичность и собрать первоисточники; не создавать карточку из поисковой фразы.,сорта малины,sorta-maliny.xlsx:Queries,1,False
малина крепыш описание сорта отзывы,малиновое дерево крепыш,4,6,AVERAGE,Умеренная,garden,,verify_cultivar,Сорта ещё нет в каталоге: сначала установить идентичность и собрать первоисточники; не создавать карточку из поисковой фразы.,сорта малины,sorta-maliny.xlsx:Queries,1,False
малина кумберленд описание посадка и уход,черная малина как называется,4,6,AVERAGE,Умеренная,garden,/zhurnal/posadka-maliny/,improve_existing,Обновить ответы внутри существующего материала и связать с расчётом посадки.,посадка малины,posadka-maliny.xlsx:Queries,1,False
малина летняя лучшие сорта,сорта малины,4,8,AVERAGE,Умеренная,garden,,manual_mapping,Нужна редакционная проверка намерения.,сорта малины,sorta-maliny.xlsx:Queries,1,False
малина лячка описание сорта фото отзывы садоводов урожайность характеристика и описание сорта,малина лячка описание сорта фото отзывы садоводов,4,9,AVERAGE,Умеренная,garden,/sorta/lyachka/,improve_cultivar,"Проверить полноту описания, фото и сравнения; отзывы и урожайность добавлять только по фактическим источникам.",сорта малины,sorta-maliny.xlsx:Queries,1,False
малина микер описание сорта,малина микер,4,5,AVERAGE,Умеренная,garden,,verify_cultivar,Сорта ещё нет в каталоге: сначала установить идентичность и собрать первоисточники; не создавать карточку из поисковой фразы.,сорта малины,sorta-maliny.xlsx:Queries,1,False
малина моросейка описание сорта фото отзывы,малина маросейка описание сорта,4,6,AVERAGE,Умеренная,garden,,verify_cultivar,Сорта ещё нет в каталоге: сначала установить идентичность и собрать первоисточники; не создавать карточку из поисковой фразы.,сорта малины,sorta-maliny.xlsx:Queries,1,False
малина московская карамель описание сорта фото отзывы,ремонтантная малина карамелька описание отзывы,4,9,AVERAGE,Умеренная,garden,,verify_cultivar,Сорта ещё нет в каталоге: сначала установить идентичность и собрать первоисточники; не создавать карточку из поисковой фразы.,сорта малины,sorta-maliny.xlsx:Queries,1,False
малина новость кузьмина описание сорта фото отзывы садоводов урожайность,малина новость кузьмина описание сорта,4,6,AVERAGE,Умеренная,garden,,verify_cultivar,Сорта ещё нет в каталоге: сначала установить идентичность и собрать первоисточники; не создавать карточку из поисковой фразы.,сорта малины,sorta-maliny.xlsx:Queries,1,False
малина октавия описание сорта фото отзывы,малина октавия описание сорта,4,6,AVERAGE,Умеренная,garden,,verify_cultivar,Сорта ещё нет в каталоге: сначала установить идентичность и собрать первоисточники; не создавать карточку из поисковой фразы.,сорта малины,sorta-maliny.xlsx:Queries,1,False
малина оранжевый гигант описание сорта фото отзывы,малина оранжевый гигант,4,10,AVERAGE,Умеренная,garden,,verify_cultivar,Сорта ещё нет в каталоге: сначала установить идентичность и собрать первоисточники; не создавать карточку из поисковой фразы.,сорта малины,sorta-maliny.xlsx:Queries,1,False
малина орбита,малина орбита описание сорта,4,5,AVERAGE,Умеренная,garden,,manual_mapping,Нужна редакционная проверка намерения.,сорта малины,sorta-maliny.xlsx:AdditionalQueries,1,False
малина пересвет отзывы,малина пересвет описание сорта фото отзывы,4,7,AVERAGE,Умеренная,garden,/sorta/peresvet/,improve_cultivar,"Проверить полноту описания, фото и сравнения; отзывы и урожайность добавлять только по фактическим источникам.",сорта малины,sorta-maliny.xlsx:AdditionalQueries,1,False
малина полана описание сорта отзывы,малина полана,4,5,AVERAGE,Умеренная,garden,/sorta/polana/,improve_cultivar,"Проверить полноту описания, фото и сравнения; отзывы и урожайность добавлять только по фактическим источникам.",сорта малины,sorta-maliny.xlsx:Queries,1,False
малина полька описание сорта отзывы,малина полька,4,5,AVERAGE,Умеренная,garden,/sorta/polka/,improve_cultivar,"Проверить полноту описания, фото и сравнения; отзывы и урожайность добавлять только по фактическим источникам.",сорта малины,sorta-maliny.xlsx:Queries,1,False
малина похвалинка описание сорта фото отзывы садоводов урожайность характеристика и описание,малина похвалинка,4,7,AVERAGE,Умеренная,garden,/sorta/pohvalinka/,improve_cultivar,"Проверить полноту описания, фото и сравнения; отзывы и урожайность добавлять только по фактическим источникам.",сорта малины,sorta-maliny.xlsx:Queries,1,False
малина расстояние между кустами при посадке,как правильно посадить малину,4,1,AVERAGE,Умеренная,garden,/zhurnal/posadka-maliny/,improve_existing,Обновить ответы внутри существующего материала и связать с расчётом посадки.,посадка малины,posadka-maliny.xlsx:Queries,1,False
малина ремонтантная желтая лучшие сорта,малина желтая сорта,4,7,AVERAGE,Умеренная,garden,,manual_mapping,Нужна редакционная проверка намерения.,сорта малины,sorta-maliny.xlsx:Queries,1,False
малина ремонтантная посадка,ремонтантная малина,4,4,AVERAGE,Умеренная,garden,/zhurnal/posadka-maliny/,improve_existing,Обновить ответы внутри существующего материала и связать с расчётом посадки.,посадка малины,posadka-maliny.xlsx:Queries,1,False
малина руби бьюти описание сорта,малина руби бьюти,4,5,AVERAGE,Умеренная,garden,,verify_cultivar,Сорта ещё нет в каталоге: сначала установить идентичность и собрать первоисточники; не создавать карточку из поисковой фразы.,сорта малины,sorta-maliny.xlsx:Queries,1,False
малина рубифол описание сорта,малина рубифол,4,6,AVERAGE,Умеренная,garden,,verify_cultivar,Сорта ещё нет в каталоге: сначала установить идентичность и собрать первоисточники; не создавать карточку из поисковой фразы.,сорта малины,sorta-maliny.xlsx:Queries,1,False
малина самохвал описание сорта отзывы,малина самохвал,4,5,AVERAGE,Умеренная,garden,/sorta/samohval/,improve_cultivar,"Проверить полноту описания, фото и сравнения; отзывы и урожайность добавлять только по фактическим источникам.",сорта малины,sorta-maliny.xlsx:Queries,1,False
малина сапфир описание сорта фото отзывы садоводов,малина сапфир,4,11,AVERAGE,Умеренная,garden,,verify_cultivar,Сорта ещё нет в каталоге: сначала установить идентичность и собрать первоисточники; не создавать карточку из поисковой фразы.,сорта малины,sorta-maliny.xlsx:Queries,1,False
малина соколица описание сорта отзывы,малина соколица описание сорта,4,9,AVERAGE,Умеренная,garden,,verify_cultivar,Сорта ещё нет в каталоге: сначала установить идентичность и собрать первоисточники; не создавать карточку из поисковой фразы.,сорта малины,sorta-maliny.xlsx:Queries,1,False
малина солнышко описание сорта фото отзывы садоводов,малина солнышко,4,6,AVERAGE,Умеренная,garden,/sorta/solnyshko/,improve_cultivar,"Проверить полноту описания, фото и сравнения; отзывы и урожайность добавлять только по фактическим источникам.",сорта малины,sorta-maliny.xlsx:Queries,1,False
малина тадмор описание сорта,малина тадмор,4,5,AVERAGE,Умеренная,garden,,verify_cultivar,Сорта ещё нет в каталоге: сначала установить идентичность и собрать первоисточники; не создавать карточку из поисковой фразы.,сорта малины,sorta-maliny.xlsx:Queries,1,False
малина туламин описание сорта фото отзывы,малина туламин,4,9,AVERAGE,Умеренная,garden,,verify_cultivar,Сорта ещё нет в каталоге: сначала установить идентичность и собрать первоисточники; не создавать карточку из поисковой фразы.,сорта малины,sorta-maliny.xlsx:Queries,1,False
малина турмалин описание сорта фото отзывы,малина турмалин,4,8,AVERAGE,Умеренная,garden,,verify_cultivar,Сорта ещё нет в каталоге: сначала установить идентичность и собрать первоисточники; не создавать карточку из поисковой фразы.,сорта малины,sorta-maliny.xlsx:Queries,1,False
малина харитейдж описание сорта фото отзывы садоводов,малина херитейдж описание,4,8,AVERAGE,Умеренная,garden,,verify_cultivar,Сорта ещё нет в каталоге: сначала установить идентичность и собрать первоисточники; не создавать карточку из поисковой фразы.,сорта малины,sorta-maliny.xlsx:Queries,1,False
малина хебан описание сорта,малина хебан,4,9,AVERAGE,Умеренная,garden,,verify_cultivar,Сорта ещё нет в каталоге: сначала установить идентичность и собрать первоисточники; не создавать карточку из поисковой фразы.,сорта малины,sorta-maliny.xlsx:Queries,1,False
малина черный бриллиант описание сорта фото отзывы особенности выращивания,малина черный бриллиант,4,7,AVERAGE,Умеренная,garden,,verify_cultivar,Сорта ещё нет в каталоге: сначала установить идентичность и собрать первоисточники; не создавать карточку из поисковой фразы.,сорта малины,sorta-maliny.xlsx:Queries,1,False
малина шоша описание сорта фото отзывы,малина шоша описание сорта,4,6,AVERAGE,Умеренная,garden,,verify_cultivar,Сорта ещё нет в каталоге: сначала установить идентичность и собрать первоисточники; не создавать карточку из поисковой фразы.,сорта малины,sorta-maliny.xlsx:Queries,1,False
малина штамбовая сказка описание сорта фото отзывы,малина сказка,4,5,AVERAGE,Умеренная,garden,,verify_cultivar,Сорта ещё нет в каталоге: сначала установить идентичность и собрать первоисточники; не создавать карточку из поисковой фразы.,сорта малины,sorta-maliny.xlsx:Queries,1,False
малина штамбовая таруса описание сорта фото отзывы,малиновое дерево таруса,4,6,AVERAGE,Умеренная,garden,/sorta/tarusa/,improve_cultivar,"Проверить полноту описания, фото и сравнения; отзывы и урожайность добавлять только по фактическим источникам.",сорта малины,sorta-maliny.xlsx:Queries,1,False
малина штамбовая что это,малиновое дерево,4,2,AVERAGE,Умеренная,garden,,manual_mapping,Нужна редакционная проверка намерения.,посадка малины,posadka-maliny.xlsx:AdditionalQueries,1,False
маргарита малина описание сорта,малина маргарита,4,5,AVERAGE,Умеренная,garden,,verify_cultivar,Сорта ещё нет в каталоге: сначала установить идентичность и собрать первоисточники; не создавать карточку из поисковой фразы.,сорта малины,sorta-maliny.xlsx:Queries,1,False
маросейка малина описание сорта фото отзывы,малина маросейка описание сорта,4,5,AVERAGE,Умеренная,garden,/sorta/maroseyka/,improve_cultivar,"Проверить полноту описания, фото и сравнения; отзывы и урожайность добавлять только по фактическим источникам.",сорта малины,sorta-maliny.xlsx:Queries,1,False
можно ли опрыскивать клубнику во время цветения от вредителей,чем обработать клубнику во время цветения от вредителей,4,3,AVERAGE,Умеренная,garden,,manual_mapping,Нужна редакционная проверка намерения.,болезни клубники,bolezni-klubniki.xlsx:AdditionalQueries,1,False
мозаичность малины,болезни малины,4,6,AVERAGE,Умеренная,garden,,manual_mapping,Нужна редакционная проверка намерения.,болезни малины,bolezni-maliny.xlsx:AdditionalQueries,1,False
надо ли обрезать тибетскую малину на зиму,тибетская малина фото и описание кустарника плоды,4,5,AVERAGE,Умеренная,garden,,new_botanical_article,"Сначала установить вид и источники; объяснить отличие от обычной малины, добавить проверяемые фото.",тибетская малина,tibetskaya-malina.xlsx:Queries,1,False
нантахала малина описание сорта,малина нантахала,4,5,AVERAGE,Умеренная,garden,,verify_cultivar,Сорта ещё нет в каталоге: сначала установить идентичность и собрать первоисточники; не создавать карточку из поисковой фразы.,сорта малины,sorta-maliny.xlsx:Queries,1,False
новые сорта малины,новые сорта малины,4,8,AVERAGE,Умеренная,garden,,manual_mapping,Нужна редакционная проверка намерения.,сорта малины,sorta-maliny.xlsx:Queries,1,False
нужно ли обрезать тибетскую малину на зиму осенью,тибетская малина фото,4,5,AVERAGE,Умеренная,garden,,new_botanical_article,"Сначала установить вид и источники; объяснить отличие от обычной малины, добавить проверяемые фото.",тибетская малина,tibetskaya-malina.xlsx:Queries,1,False
обработка клубники в августе от вредителей и болезней,чем обработать клубнику в августе,4,4,AVERAGE,Умеренная,garden,/instrumenty/proverka-rasteniya/,new_diagnostic_hub,Подготовить руководство по болезням клубники с проверяемыми фото и различиями симптомов; связать с материалом о серой гнили.,болезни клубники,bolezni-klubniki.xlsx:Queries,1,False
обработка малины осенью от болезней и вредителей в сентябре,чем обработать малину от вредителей,4,8,AVERAGE,Умеренная,garden,/instrumenty/proverka-rasteniya/,diagnostic_backlog,Связать симптомы с проверкой растения; отдельный материал только после проверки источников.,болезни малины,bolezni-maliny.xlsx:Queries,1,False
обработка малины от вредителей и болезней весной,уход за малиной весной,4,6,AVERAGE,Умеренная,garden,/instrumenty/proverka-rasteniya/,diagnostic_backlog,Связать симптомы с проверкой растения; отдельный материал только после проверки источников.,болезни малины,bolezni-maliny.xlsx:Queries,1,False
посадка малины в сентябре,посадка малины осенью когда и как посадить,4,5,AVERAGE,Умеренная,garden,/zhurnal/posadka-maliny/,improve_existing,Обновить ответы внутри существующего материала и связать с расчётом посадки.,посадка малины,posadka-maliny.xlsx:Queries,1,False
посадка малины в траншею с ограждением,что нужно ложить в траншею при посадке малины,4,3,AVERAGE,Умеренная,garden,/zhurnal/posadka-maliny/,improve_existing,Обновить ответы внутри существующего материала и связать с расчётом посадки.,посадка малины,posadka-maliny.xlsx:Queries,1,False
посадка малины весной в открытый грунт саженцами расстояние,как правильно посадить малину,4,4,AVERAGE,Умеренная,garden,/zhurnal/posadka-maliny/,improve_existing,Обновить ответы внутри существующего материала и связать с расчётом посадки.,посадка малины,posadka-maliny.xlsx:Queries,1,False
посадка малины весной для начинающих,как правильно посадить малину,4,5,AVERAGE,Умеренная,garden,/zhurnal/posadka-maliny/,improve_existing,Обновить ответы внутри существующего материала и связать с расчётом посадки.,посадка малины,posadka-maliny.xlsx:Queries,1,False
посадка малины как посадить,как правильно малину,4,3,AVERAGE,Умеренная,garden,/zhurnal/posadka-maliny/,improve_existing,Обновить ответы внутри существующего материала и связать с расчётом посадки.,посадка малины,posadka-maliny.xlsx:Queries,1,False
посадка малины осенью в открытый,посадка малины осенью когда и как посадить,4,4,AVERAGE,Умеренная,garden,/zhurnal/posadka-maliny/,improve_existing,Обновить ответы внутри существующего материала и связать с расчётом посадки.,посадка малины,posadka-maliny.xlsx:Queries,1,False
посадка малины осенью когда и как посадить в подмосковье в открытый грунт,посадка малины осенью когда и как посадить,4,6,AVERAGE,Умеренная,garden,/zhurnal/sorta-maliny-dlya-podmoskovya-kak-vybrat/,improve_existing,Связать выбор со сравнением сортов и условиями участка; отзывы и урожайность показывать только с реальными данными.,посадка малины,posadka-maliny.xlsx:Queries,1,False
посадка малины семенами на рассаду,как вырастить малину из семян,4,4,AVERAGE,Умеренная,garden,/zhurnal/posadka-maliny/,improve_existing,Обновить ответы внутри существующего материала и связать с расчётом посадки.,посадка малины,posadka-maliny.xlsx:Queries,1,False
посадка рассады малины,как правильно посадить малину,4,4,AVERAGE,Умеренная,garden,/zhurnal/posadka-maliny/,improve_existing,Обновить ответы внутри существующего материала и связать с расчётом посадки.,посадка малины,posadka-maliny.xlsx:Queries,1,False
посадка саженцев малины весной в открытый грунт,как правильно посадить малину,4,6,AVERAGE,Умеренная,garden,/zhurnal/posadka-maliny/,improve_existing,Обновить ответы внутри существующего материала и связать с расчётом посадки.,посадка малины,posadka-maliny.xlsx:Queries,1,False
правила посадки малины осенью,посадка малины осенью когда и как посадить,4,4,AVERAGE,Умеренная,garden,/zhurnal/posadka-maliny/,improve_existing,Обновить ответы внутри существующего материала и связать с расчётом посадки.,посадка малины,posadka-maliny.xlsx:Queries,1,False
правильная посадка малины таруса осенью,правильная посадка малины таруса осенью,4,2,AVERAGE,Умеренная,garden,/zhurnal/posadka-maliny/,improve_existing,Обновить ответы внутри существующего материала и связать с расчётом посадки.,посадка малины,posadka-maliny.xlsx:Queries,1,False
при посадке малины что положить в лунку,как правильно посадить малину,4,4,AVERAGE,Умеренная,garden,/zhurnal/posadka-maliny/,improve_existing,Обновить ответы внутри существующего материала и связать с расчётом посадки.,посадка малины,posadka-maliny.xlsx:Queries,1,False
профилактика болезней клубники,болезни клубники,4,7,AVERAGE,Умеренная,garden,/instrumenty/proverka-rasteniya/,new_diagnostic_hub,Подготовить руководство по болезням клубники с проверяемыми фото и различиями симптомов; связать с материалом о серой гнили.,болезни клубники,bolezni-klubniki.xlsx:Queries,1,False
пшехиба малина описание сорта отзывы,малина пшехиба,4,5,AVERAGE,Умеренная,garden,/sorta/pshehiba/,improve_cultivar,"Проверить полноту описания, фото и сравнения; отзывы и урожайность добавлять только по фактическим источникам.",сорта малины,sorta-maliny.xlsx:Queries,1,False
разновидность малины фото и название,сорта малины,4,4,AVERAGE,Умеренная,garden,,manual_mapping,Нужна редакционная проверка намерения.,сорта малины,sorta-maliny.xlsx:AdditionalQueries,1,False
рейтинг клубники лучших сортов,сорта клубники,4,11,AVERAGE,Умеренная,garden,,manual_mapping,Нужна редакционная проверка намерения.,сорта клубники,sorta-klubniki.xlsx:Queries,1,False
розалина ягода фото и описание,тибетская малина,4,3,AVERAGE,Умеренная,garden,,manual_mapping,Нужна редакционная проверка намерения.,тибетская малина,tibetskaya-malina.xlsx:AdditionalQueries,1,False
самая вкусная малина сорта,сорта малины,4,6,AVERAGE,Умеренная,garden,,manual_mapping,Нужна редакционная проверка намерения.,сорта малины,sorta-maliny.xlsx:Queries,1,False
самая сладкая клубника сорта отзывы садоводов,самые сладкие сорта клубники,4,11,AVERAGE,Умеренная,garden,/sorta/,improve_catalog,"Уточнить путь к каталогу клубники, фильтрам и сравнению.",сорта клубники,sorta-klubniki.xlsx:Queries,1,False
самохвал малина описание сорта фото отзывы,малина самохвал,4,5,AVERAGE,Умеренная,garden,/sorta/samohval/,improve_cultivar,"Проверить полноту описания, фото и сравнения; отзывы и урожайность добавлять только по фактическим источникам.",сорта малины,sorta-maliny.xlsx:Queries,1,False
самые лучшие сорта малины,сорта малины,4,10,AVERAGE,Умеренная,garden,,manual_mapping,Нужна редакционная проверка намерения.,сорта малины,sorta-maliny.xlsx:Queries,1,False
самые ранние сорта клубники для средней полосы,ранние сорта клубники,4,11,AVERAGE,Умеренная,garden,/sorta/,improve_catalog,"Уточнить путь к каталогу клубники, фильтрам и сравнению.",сорта клубники,sorta-klubniki.xlsx:Queries,1,False
самый вкусный сорт малины,сорта малины,4,6,AVERAGE,Умеренная,garden,,manual_mapping,Нужна редакционная проверка намерения.,сорта малины,sorta-maliny.xlsx:Queries,1,False
сорта летней малины с крупной ягодой,сорта малины,4,9,AVERAGE,Умеренная,garden,,manual_mapping,Нужна редакционная проверка намерения.,сорта малины,sorta-maliny.xlsx:Queries,1,False
сорта малины для урала с фото и описанием,сорта малины для урала с фотографиями,4,7,AVERAGE,Умеренная,garden,,manual_mapping,Нужна редакционная проверка намерения.,сорта малины,sorta-maliny.xlsx:Queries,1,False
средства от серой гнили на клубнике,серая гниль на клубнике чем обрабатывать,4,4,AVERAGE,Умеренная,garden,,manual_mapping,Нужна редакционная проверка намерения.,болезни клубники,bolezni-klubniki.xlsx:AdditionalQueries,1,False
старые сорта клубники с фотографиями и описанием,клубника виноградный бум,4,11,AVERAGE,Умеренная,garden,/sorta/,improve_catalog,"Уточнить путь к каталогу клубники, фильтрам и сравнению.",сорта клубники,sorta-klubniki.xlsx:Queries,1,False
таежная малина фото,тибетская малина,4,2,AVERAGE,Умеренная,garden,,manual_mapping,Нужна редакционная проверка намерения.,тибетская малина,tibetskaya-malina.xlsx:AdditionalQueries,1,False
тибетская малина вкус,тибетская малина,4,1,AVERAGE,Умеренная,garden,,new_botanical_article,"Сначала установить вид и источники; объяснить отличие от обычной малины, добавить проверяемые фото.",тибетская малина,tibetskaya-malina.xlsx:Queries,1,False
тибетская малина посадка и уход в открытом грунте,тибетская малина,4,4,AVERAGE,Умеренная,garden,,new_botanical_article,"Сначала установить вид и источники; объяснить отличие от обычной малины, добавить проверяемые фото.",посадка малины | тибетская малина,posadka-maliny.xlsx:Queries | tibetskaya-malina.xlsx:Queries,2,False
тибетская малина что с ней делать,тибетская малина,4,3,AVERAGE,Умеренная,garden,,new_botanical_article,"Сначала установить вид и источники; объяснить отличие от обычной малины, добавить проверяемые фото.",тибетская малина,tibetskaya-malina.xlsx:Queries,1,False
уход за тибетской малиной осенью,тибетская малина фото и описание кустарника плоды,4,7,AVERAGE,Умеренная,garden,,new_botanical_article,"Сначала установить вид и источники; объяснить отличие от обычной малины, добавить проверяемые фото.",тибетская малина,tibetskaya-malina.xlsx:Queries,1,False
чем обработать клубнику на зиму,как подготовить клубнику к зиме,4,4,AVERAGE,Умеренная,garden,,manual_mapping,Нужна редакционная проверка намерения.,болезни клубники,bolezni-klubniki.xlsx:AdditionalQueries,1,False
чем обработать клубнику осенью от вредителей и болезней после обрезки,как подготовить клубнику к зиме,4,6,AVERAGE,Умеренная,garden,/instrumenty/proverka-rasteniya/,new_diagnostic_hub,Подготовить руководство по болезням клубники с проверяемыми фото и различиями симптомов; связать с материалом о серой гнили.,болезни клубники,bolezni-klubniki.xlsx:Queries,1,False
чем обработать клубнику от болезней во время цветения,чем обработать клубнику во время цветения,4,8,AVERAGE,Умеренная,garden,/instrumenty/proverka-rasteniya/,new_diagnostic_hub,Подготовить руководство по болезням клубники с проверяемыми фото и различиями симптомов; связать с материалом о серой гнили.,болезни клубники,bolezni-klubniki.xlsx:Queries,1,False
чем обработать клубнику после сбора урожая от болезней и вредителей форум,чем обработать клубнику после обрезки в августе от болезней,4,6,AVERAGE,Умеренная,garden,/instrumenty/proverka-rasteniya/,new_diagnostic_hub,Подготовить руководство по болезням клубники с проверяемыми фото и различиями симптомов; связать с материалом о серой гнили.,болезни клубники,bolezni-klubniki.xlsx:Queries,1,False
чем обработать малину от вредителей и болезней,чем обработать малину весной от болезней и вредителей,4,5,AVERAGE,Умеренная,garden,/instrumenty/proverka-rasteniya/,diagnostic_backlog,Связать симптомы с проверкой растения; отдельный материал только после проверки источников.,болезни малины,bolezni-maliny.xlsx:Queries,1,False
чем опрыскивать малину весной,чем обработать малину весной от болезней и вредителей,4,4,AVERAGE,Умеренная,garden,,manual_mapping,Нужна редакционная проверка намерения.,болезни малины,bolezni-maliny.xlsx:AdditionalQueries,1,False
чем опрыснуть малину весной,чем обработать малину весной от болезней и вредителей,4,7,AVERAGE,Умеренная,garden,,manual_mapping,Нужна редакционная проверка намерения.,болезни малины,bolezni-maliny.xlsx:AdditionalQueries,1,False
что добавить в лунку при посадке малины осенью,посадка малины осенью когда и как посадить,4,7,AVERAGE,Умеренная,garden,/zhurnal/posadka-maliny/,improve_existing,Обновить ответы внутри существующего материала и связать с расчётом посадки.,посадка малины,posadka-maliny.xlsx:Queries,1,False
что класть в лунку при посадке малины,как правильно посадить малину,4,3,AVERAGE,Умеренная,garden,/zhurnal/posadka-maliny/,improve_existing,Обновить ответы внутри существующего материала и связать с расчётом посадки.,посадка малины,posadka-maliny.xlsx:Queries,1,False
что класть в лунку при посадке малины весной,как правильно посадить малину,4,4,AVERAGE,Умеренная,garden,/zhurnal/posadka-maliny/,improve_existing,Обновить ответы внутри существующего материала и связать с расчётом посадки.,посадка малины,posadka-maliny.xlsx:Queries,1,False
что любит малина при посадке,как правильно посадить малину,4,3,AVERAGE,Умеренная,garden,/zhurnal/posadka-maliny/,improve_existing,Обновить ответы внутри существующего материала и связать с расчётом посадки.,посадка малины,posadka-maliny.xlsx:Queries,1,False
что нужно для посадки малины,как правильно посадить малину,4,2,AVERAGE,Умеренная,garden,/zhurnal/posadka-maliny/,improve_existing,Обновить ответы внутри существующего материала и связать с расчётом посадки.,посадка малины,posadka-maliny.xlsx:Queries,1,False
актеллик для клубники весной от вредителей и болезней,актелик инсектицид инструкция по применению для клубники,3,4,AVERAGE,Умеренная,garden,/instrumenty/proverka-rasteniya/,new_diagnostic_hub,Подготовить руководство по болезням клубники с проверяемыми фото и различиями симптомов; связать с материалом о серой гнили.,болезни клубники,bolezni-klubniki.xlsx:Queries,1,False
баковая смесь для обработки клубники осенью от вредителей и болезней,баковая смесь для обработки клубники осенью,3,20,AVERAGE,Умеренная,garden,/instrumenty/proverka-rasteniya/,new_diagnostic_hub,Подготовить руководство по болезням клубники с проверяемыми фото и различиями симптомов; связать с материалом о серой гнили.,болезни клубники,bolezni-klubniki.xlsx:Queries,1,False
болезни и вредители клубники и борьба с ними,обработка клубники весной,3,9,AVERAGE,Умеренная,garden,/instrumenty/proverka-rasteniya/,new_diagnostic_hub,Подготовить руководство по болезням клубники с проверяемыми фото и различиями симптомов; связать с материалом о серой гнили.,болезни клубники,bolezni-klubniki.xlsx:Queries,1,False
болезни клубники фото и описание чем,болезни клубники,3,8,AVERAGE,Умеренная,garden,/instrumenty/proverka-rasteniya/,new_diagnostic_hub,Подготовить руководство по болезням клубники с проверяемыми фото и различиями симптомов; связать с материалом о серой гнили.,болезни клубники,bolezni-klubniki.xlsx:Queries,1,False
болезни малины по листьям,болезни малины,3,7,AVERAGE,Умеренная,garden,/instrumenty/proverka-rasteniya/,diagnostic_backlog,Связать симптомы с проверкой растения; отдельный материал только после проверки источников.,болезни малины,bolezni-maliny.xlsx:Queries,1,False
в чем замочить клубнику перед посадкой,на каком расстоянии сажать клубнику друг от друга и между рядами осенью в открытый грунт,3,6,AVERAGE,Умеренная,garden,/zhurnal/posadka-klubniki/,improve_existing,"Дополнить существующий материал ответами по срокам и условиям, связать с инструментом срока посадки.",болезни клубники,bolezni-klubniki.xlsx:AdditionalQueries,1,False
виктория купчиха описание сорта фото,клубника купчиха,3,4,AVERAGE,Умеренная,garden,,verify_cultivar,Сорта ещё нет в каталоге: сначала установить идентичность и собрать первоисточники; не создавать карточку из поисковой фразы.,клубника | сорта клубники,klubnika.xlsx:AdditionalQueries | sorta-klubniki.xlsx:AdditionalQueries,2,False
вредители и болезни клубники описание с фотографиями,вредители и болезни клубники описание с фотографиями,3,7,AVERAGE,Умеренная,garden,/instrumenty/proverka-rasteniya/,new_diagnostic_hub,Подготовить руководство по болезням клубники с проверяемыми фото и различиями симптомов; связать с материалом о серой гнили.,болезни клубники,bolezni-klubniki.xlsx:Queries,1,False
время посадки малины,как правильно посадить малину,3,2,AVERAGE,Умеренная,garden,/zhurnal/posadka-maliny/,improve_existing,Обновить ответы внутри существующего материала и связать с расчётом посадки.,посадка малины,posadka-maliny.xlsx:Queries,1,False
где лучше посадить малину на участке,как правильно посадить малину,3,3,AVERAGE,Умеренная,garden,/zhurnal/posadka-maliny/,improve_existing,Обновить ответы внутри существующего материала и связать с расчётом посадки.,посадка малины,posadka-maliny.xlsx:AdditionalQueries,1,False
где лучше сажать малину на участке,как правильно посадить малину,3,2,AVERAGE,Умеренная,garden,/zhurnal/posadka-maliny/,improve_existing,Обновить ответы внутри существующего материала и связать с расчётом посадки.,посадка малины,posadka-maliny.xlsx:AdditionalQueries,1,False
где сажать малину на участке,как правильно посадить малину,3,2,AVERAGE,Умеренная,garden,/zhurnal/posadka-maliny/,improve_existing,Обновить ответы внутри существующего материала и связать с расчётом посадки.,посадка малины,posadka-maliny.xlsx:AdditionalQueries,1,False
гусар малина описание сорта фото,малина гусар,3,3,AVERAGE,Умеренная,garden,/sorta/gusar/,improve_cultivar,"Проверить полноту описания, фото и сравнения; отзывы и урожайность добавлять только по фактическим источникам.",посадка малины,posadka-maliny.xlsx:AdditionalQueries,1,False
заболевания малины фото и описания лечение,болезни малины,3,6,AVERAGE,Умеренная,garden,,manual_mapping,Нужна редакционная проверка намерения.,болезни малины,bolezni-maliny.xlsx:AdditionalQueries,1,False
защита клубники от болезней и вредителей,обработка клубники весной,3,5,AVERAGE,Умеренная,garden,/instrumenty/proverka-rasteniya/,new_diagnostic_hub,Подготовить руководство по болезням клубники с проверяемыми фото и различиями симптомов; связать с материалом о серой гнили.,болезни клубники,bolezni-klubniki.xlsx:Queries,1,False
земляника вима занта описание сорта,клубника вима занта,3,4,AVERAGE,Умеренная,garden,,verify_cultivar,Сорта ещё нет в каталоге: сначала установить идентичность и собрать первоисточники; не создавать карточку из поисковой фразы.,сорта клубники,sorta-klubniki.xlsx:AdditionalQueries,1,False
земляника королева елизавета описание сорта фото отзывы садоводов,клубника королева елизавета описание сорта фото отзывы садоводов,3,4,AVERAGE,Умеренная,garden,,verify_cultivar,Сорта ещё нет в каталоге: сначала установить идентичность и собрать первоисточники; не создавать карточку из поисковой фразы.,сорта клубники,sorta-klubniki.xlsx:AdditionalQueries,1,False
земляника лакомка описание сорта,клубника лакомка,3,2,AVERAGE,Умеренная,garden,,verify_cultivar,Сорта ещё нет в каталоге: сначала установить идентичность и собрать первоисточники; не создавать карточку из поисковой фразы.,сорта клубники,sorta-klubniki.xlsx:AdditionalQueries,1,False
земляника садовая альба описание сорта,клубника альба,3,2,AVERAGE,Умеренная,garden,/sorta/alba/,improve_cultivar,"Проверить полноту описания, фото и сравнения; отзывы и урожайность добавлять только по фактическим источникам.",сорта клубники,sorta-klubniki.xlsx:AdditionalQueries,1,False
земляника садовая клери описание сорта,клубника клери,3,3,AVERAGE,Умеренная,garden,/sorta/kleri/,improve_cultivar,"Проверить полноту описания, фото и сравнения; отзывы и урожайность добавлять только по фактическим источникам.",сорта клубники,sorta-klubniki.xlsx:AdditionalQueries,1,False
земляника черный принц описание сорта фото отзывы садоводов,клубника черный принц,3,6,AVERAGE,Умеренная,garden,,verify_cultivar,Сорта ещё нет в каталоге: сначала установить идентичность и собрать первоисточники; не создавать карточку из поисковой фразы.,сорта клубники,sorta-klubniki.xlsx:AdditionalQueries,1,False
золотые купола малина,малина золотые купола,3,2,AVERAGE,Умеренная,garden,/sorta/zolotye-kupola/,improve_cultivar,"Проверить полноту описания, фото и сравнения; отзывы и урожайность добавлять только по фактическим источникам.",сорта малины,sorta-maliny.xlsx:AdditionalQueries,1,False
как подготовить почву для высадки малины,как правильно посадить малину,3,5,AVERAGE,Умеренная,garden,/zhurnal/posadka-maliny/,improve_existing,Обновить ответы внутри существующего материала и связать с расчётом посадки.,посадка малины,posadka-maliny.xlsx:AdditionalQueries,1,False
как посадить малину весной в открытый грунт саженцами,как правильно посадить малину,3,2,AVERAGE,Умеренная,garden,/zhurnal/posadka-maliny/,improve_existing,Обновить ответы внутри существующего материала и связать с расчётом посадки.,посадка малины,posadka-maliny.xlsx:AdditionalQueries,1,False
как посадить ремонтантную малину весной,ремонтантная малина выращивание и уход обрезка,3,3,AVERAGE,Умеренная,garden,/zhurnal/posadka-maliny/,improve_existing,Обновить ответы внутри существующего материала и связать с расчётом посадки.,посадка малины,posadka-maliny.xlsx:AdditionalQueries,1,False
как правильно растить малину,как правильно посадить малину,3,3,AVERAGE,Умеренная,garden,,manual_mapping,Нужна редакционная проверка намерения.,посадка малины,posadka-maliny.xlsx:AdditionalQueries,1,False
как правильно сажать саженцы малины,как правильно посадить малину,3,2,AVERAGE,Умеренная,garden,/zhurnal/posadka-maliny/,improve_existing,Обновить ответы внутри существующего материала и связать с расчётом посадки.,посадка малины,posadka-maliny.xlsx:AdditionalQueries,1,False
как развести нашатырный спирт для полива клубники,как полить клубнику нашатырным спиртом,3,2,AVERAGE,Умеренная,garden,,manual_mapping,Нужна редакционная проверка намерения.,болезни клубники,bolezni-klubniki.xlsx:AdditionalQueries,1,False
как сажать малину правильно через сколько сантиметров,как правильно посадить малину,3,2,AVERAGE,Умеренная,garden,/zhurnal/posadka-maliny/,improve_existing,Обновить ответы внутри существующего материала и связать с расчётом посадки.,посадка малины,posadka-maliny.xlsx:AdditionalQueries,1,False
как сажать осенью малину,посадка малины осенью когда и как посадить,3,3,AVERAGE,Умеренная,garden,/zhurnal/posadka-maliny/,improve_existing,Обновить ответы внутри существующего материала и связать с расчётом посадки.,посадка малины,posadka-maliny.xlsx:AdditionalQueries,1,False
как ухаживать за штамбовой малиной,малиновое дерево,3,3,AVERAGE,Умеренная,garden,,manual_mapping,Нужна редакционная проверка намерения.,посадка малины,posadka-maliny.xlsx:AdditionalQueries,1,False
какие болезни бывают у малины,болезни малины,3,5,AVERAGE,Умеренная,garden,/instrumenty/proverka-rasteniya/,diagnostic_backlog,Связать симптомы с проверкой растения; отдельный материал только после проверки источников.,болезни малины,bolezni-maliny.xlsx:Queries,1,False
какие виды малины бывают фото и название,сорта малины,3,4,AVERAGE,Умеренная,garden,,manual_mapping,Нужна редакционная проверка намерения.,сорта малины,sorta-maliny.xlsx:AdditionalQueries,1,False
какие сорта малины лучше сажать,сорта малины,3,6,AVERAGE,Умеренная,garden,/zhurnal/posadka-maliny/,improve_existing,Обновить ответы внутри существующего материала и связать с расчётом посадки.,сорта малины,sorta-maliny.xlsx:Queries,1,False
какое расстояние между кустами малины,как правильно посадить малину,3,2,AVERAGE,Умеренная,garden,,manual_mapping,Нужна редакционная проверка намерения.,посадка малины,posadka-maliny.xlsx:AdditionalQueries,1,False
карликовые сорта малины,малина низкорослая,3,5,AVERAGE,Умеренная,garden,,manual_mapping,Нужна редакционная проверка намерения.,сорта малины,sorta-maliny.xlsx:Queries,1,False
клубника антея отзывы,клубника антея описание сорта фото отзывы садоводов урожайность,3,2,AVERAGE,Умеренная,garden,,manual_mapping,Нужна редакционная проверка намерения.,сорта клубники,sorta-klubniki.xlsx:AdditionalQueries,1,False
клубника дженто описание сорта,клубника дженто описание сорта,3,11,AVERAGE,Умеренная,garden,,verify_cultivar,Сорта ещё нет в каталоге: сначала установить идентичность и собрать первоисточники; не создавать карточку из поисковой фразы.,сорта клубники,sorta-klubniki.xlsx:Queries,1,False
клубника мальвина описание отзывы,клубника мальвина,3,3,AVERAGE,Умеренная,garden,/sorta/malvina/,improve_cultivar,"Проверить полноту описания, фото и сравнения; отзывы и урожайность добавлять только по фактическим источникам.",сорта клубники,sorta-klubniki.xlsx:AdditionalQueries,1,False
клубника надя описание сорта фото отзывы садоводов урожайность,клубника надя,3,14,AVERAGE,Умеренная,garden,,verify_cultivar,Сорта ещё нет в каталоге: сначала установить идентичность и собрать первоисточники; не создавать карточку из поисковой фразы.,сорта клубники,sorta-klubniki.xlsx:Queries,1,False
клубника при болезни печени,лечение печени и желчевыводящих путей голодание,3,12,AVERAGE,Умеренная,garden,/instrumenty/proverka-rasteniya/,new_diagnostic_hub,Подготовить руководство по болезням клубники с проверяемыми фото и различиями симптомов; связать с материалом о серой гнили.,болезни клубники,bolezni-klubniki.xlsx:Queries,1,False
клубника садовая лучшие сорта,сорта клубники,3,6,AVERAGE,Умеренная,garden,/sorta/,improve_catalog,"Уточнить путь к каталогу клубники, фильтрам и сравнению.",болезни клубники,bolezni-klubniki.xlsx:AdditionalQueries,1,False
клубника фронтерас описание сорта фото отзывы садоводов,клубника фронтерас описание сорта фото отзывы садоводов,3,15,AVERAGE,Умеренная,garden,,verify_cultivar,Сорта ещё нет в каталоге: сначала установить идентичность и собрать первоисточники; не создавать карточку из поисковой фразы.,сорта клубники,sorta-klubniki.xlsx:Queries,1,False
клубника цветет чем обработать от вредителей,чем опрыскать клубнику во время цветения,3,4,AVERAGE,Умеренная,garden,,manual_mapping,Нужна редакционная проверка намерения.,болезни клубники,bolezni-klubniki.xlsx:AdditionalQueries,1,False
когда можно сажать саженцы малины,как правильно посадить малину,3,2,AVERAGE,Умеренная,garden,/zhurnal/posadka-maliny/,improve_existing,Обновить ответы внутри существующего материала и связать с расчётом посадки.,посадка малины,posadka-maliny.xlsx:AdditionalQueries,1,False
когда обрабатывать малину от вредителей,чем обработать малину весной от болезней и вредителей,3,5,AVERAGE,Умеренная,garden,,manual_mapping,Нужна редакционная проверка намерения.,болезни малины,bolezni-maliny.xlsx:AdditionalQueries,1,False
когда обрезать тибетскую малину,тибетская малина фото и описание кустарника плоды,3,4,AVERAGE,Умеренная,garden,,new_botanical_article,"Сначала установить вид и источники; объяснить отличие от обычной малины, добавить проверяемые фото.",тибетская малина,tibetskaya-malina.xlsx:Queries,1,False
когда опрыскивать малину от вредителей,чем обработать малину весной от болезней и вредителей,3,3,AVERAGE,Умеренная,garden,,manual_mapping,Нужна редакционная проверка намерения.,болезни малины,bolezni-maliny.xlsx:AdditionalQueries,1,False
колоновидная малина фото,малиновое дерево,3,2,AVERAGE,Умеренная,garden,,manual_mapping,Нужна редакционная проверка намерения.,сорта малины,sorta-maliny.xlsx:AdditionalQueries,1,False
куда лучше посадить малину,как правильно посадить малину,3,3,AVERAGE,Умеренная,garden,/zhurnal/posadka-maliny/,improve_existing,Обновить ответы внутри существующего материала и связать с расчётом посадки.,посадка малины,posadka-maliny.xlsx:AdditionalQueries,1,False
куда посадить малину на участке,как правильно посадить малину,3,3,AVERAGE,Умеренная,garden,/zhurnal/posadka-maliny/,improve_existing,Обновить ответы внутри существующего материала и связать с расчётом посадки.,посадка малины,posadka-maliny.xlsx:AdditionalQueries,1,False
лучшие сорта малины для южного урала,сорта малины для урала с фотографиями,3,7,AVERAGE,Умеренная,garden,,manual_mapping,Нужна редакционная проверка намерения.,сорта малины,sorta-maliny.xlsx:Queries,1,False
малина анфиса описание сорта,малина анфиса,3,5,AVERAGE,Умеренная,garden,,verify_cultivar,Сорта ещё нет в каталоге: сначала установить идентичность и собрать первоисточники; не создавать карточку из поисковой фразы.,сорта малины,sorta-maliny.xlsx:Queries,1,False
малина атлант описание сорта отзывы,малина атлант описание сорта,3,5,AVERAGE,Умеренная,garden,/sorta/atlant/,improve_cultivar,"Проверить полноту описания, фото и сравнения; отзывы и урожайность добавлять только по фактическим источникам.",сорта малины,sorta-maliny.xlsx:Queries,1,False
малина беглянка желтая описание,малина беглянка,3,2,AVERAGE,Умеренная,garden,/sorta/beglyanka/,improve_cultivar,"Проверить полноту описания, фото и сравнения; отзывы и урожайность добавлять только по фактическим источникам.",сорта малины,sorta-maliny.xlsx:AdditionalQueries,1,False
малина вайолет описание сорта отзывы сроки созревания,малина вайолет,3,5,AVERAGE,Умеренная,garden,,verify_cultivar,Сорта ещё нет в каталоге: сначала установить идентичность и собрать первоисточники; не создавать карточку из поисковой фразы.,сорта малины,sorta-maliny.xlsx:Queries,1,False
малина вайолет описание сорта фото отзывы садоводов урожайность характеристика,малина вайолет описание сорта,3,9,AVERAGE,Умеренная,garden,,verify_cultivar,Сорта ещё нет в каталоге: сначала установить идентичность и собрать первоисточники; не создавать карточку из поисковой фразы.,сорта малины,sorta-maliny.xlsx:Queries,1,False
малина венге описание сорта фото отзывы,малина венге,3,9,AVERAGE,Умеренная,garden,,verify_cultivar,Сорта ещё нет в каталоге: сначала установить идентичность и собрать первоисточники; не создавать карточку из поисковой фразы.,сорта малины,sorta-maliny.xlsx:Queries,1,False
малина вольница описание сорта отзывы,малина вольница,3,6,AVERAGE,Умеренная,garden,,verify_cultivar,Сорта ещё нет в каталоге: сначала установить идентичность и собрать первоисточники; не создавать карточку из поисковой фразы.,сорта малины,sorta-maliny.xlsx:Queries,1,False
малина гигант московский описание сорта фото,малина московский гигант,3,5,AVERAGE,Умеренная,garden,,verify_cultivar,Сорта ещё нет в каталоге: сначала установить идентичность и собрать первоисточники; не создавать карточку из поисковой фразы.,сорта малины,sorta-maliny.xlsx:Queries,1,False
малина гигант московский описание сорта фото отзывы садоводов урожайность,малина московский гигант,3,5,AVERAGE,Умеренная,garden,,verify_cultivar,Сорта ещё нет в каталоге: сначала установить идентичность и собрать первоисточники; не создавать карточку из поисковой фразы.,сорта малины,sorta-maliny.xlsx:Queries,1,False
малина гусария описание сорта фото отзывы,малина гусар,3,5,AVERAGE,Умеренная,garden,,verify_cultivar,Сорта ещё нет в каталоге: сначала установить идентичность и собрать первоисточники; не создавать карточку из поисковой фразы.,сорта малины,sorta-maliny.xlsx:Queries,1,False
малина доломия описание сорта,малина доломия,3,6,AVERAGE,Умеренная,garden,,verify_cultivar,Сорта ещё нет в каталоге: сначала установить идентичность и собрать первоисточники; не создавать карточку из поисковой фразы.,сорта малины,sorta-maliny.xlsx:Queries,1,False
малина заболевания,болезни малины,3,3,AVERAGE,Умеренная,garden,,manual_mapping,Нужна редакционная проверка намерения.,болезни малины,bolezni-maliny.xlsx:AdditionalQueries,1,False
малина земляничная тибетская малина,тибетская малина,3,2,AVERAGE,Умеренная,garden,,new_botanical_article,"Сначала установить вид и источники; объяснить отличие от обычной малины, добавить проверяемые фото.",тибетская малина,tibetskaya-malina.xlsx:Queries,1,False
малина королевский пингвин описание сорта фото отзывы садоводов,малина пингвин описание сорта фото отзывы садоводов,3,9,AVERAGE,Умеренная,garden,/sorta/pingvin/,improve_cultivar,"Проверить полноту описания, фото и сравнения; отзывы и урожайность добавлять только по фактическим источникам.",сорта малины,sorta-maliny.xlsx:Queries,1,False
малина которая не дает поросли сорта,малина без поросли лучшие сорта,3,6,AVERAGE,Умеренная,garden,,manual_mapping,Нужна редакционная проверка намерения.,сорта малины,sorta-maliny.xlsx:Queries,1,False
малина краса россии описание сорта фото отзывы садоводов урожайность характеристика и описание сорта,малина краса россии описание сорта,3,5,AVERAGE,Умеренная,garden,/sorta/krasa-rossii/,improve_cultivar,"Проверить полноту описания, фото и сравнения; отзывы и урожайность добавлять только по фактическим источникам.",сорта малины,sorta-maliny.xlsx:Queries,1,False
малина лель описание сорта фото отзывы,малина лель,3,6,AVERAGE,Умеренная,garden,,verify_cultivar,Сорта ещё нет в каталоге: сначала установить идентичность и собрать первоисточники; не создавать карточку из поисковой фразы.,сорта малины,sorta-maliny.xlsx:Queries,1,False
малина мапема описание сорта фото,мапема малина описание,3,6,AVERAGE,Умеренная,garden,,verify_cultivar,Сорта ещё нет в каталоге: сначала установить идентичность и собрать первоисточники; не создавать карточку из поисковой фразы.,сорта малины,sorta-maliny.xlsx:Queries,1,False
малина московский гигант описание сорта фото отзывы садоводов,малина московский гигант,3,8,AVERAGE,Умеренная,garden,,verify_cultivar,Сорта ещё нет в каталоге: сначала установить идентичность и собрать первоисточники; не создавать карточку из поисковой фразы.,сорта малины,sorta-maliny.xlsx:Queries,1,False
малина московский гигант описание сорта фото отзывы садоводов урожайность характеристика,малина московский гигант,3,6,AVERAGE,Умеренная,garden,,verify_cultivar,Сорта ещё нет в каталоге: сначала установить идентичность и собрать первоисточники; не создавать карточку из поисковой фразы.,сорта малины,sorta-maliny.xlsx:Queries,1,False
малина муза описание сорта,малина муза описание сорта,3,7,AVERAGE,Умеренная,garden,,verify_cultivar,Сорта ещё нет в каталоге: сначала установить идентичность и собрать первоисточники; не создавать карточку из поисковой фразы.,сорта малины,sorta-maliny.xlsx:Queries,1,False
малина нектарная описание сорта,малина нектарная,3,5,AVERAGE,Умеренная,garden,,verify_cultivar,Сорта ещё нет в каталоге: сначала установить идентичность и собрать первоисточники; не создавать карточку из поисковой фразы.,сорта малины,sorta-maliny.xlsx:Queries,1,False
малина нобилити описание сорта,малина нобилити,3,5,AVERAGE,Умеренная,garden,,verify_cultivar,Сорта ещё нет в каталоге: сначала установить идентичность и собрать первоисточники; не создавать карточку из поисковой фразы.,сорта малины,sorta-maliny.xlsx:Queries,1,False
малина новость кузьмина описание сорта фото отзывы садоводов,малина новость кузьмина описание сорта,3,7,AVERAGE,Умеренная,garden,,verify_cultivar,Сорта ещё нет в каталоге: сначала установить идентичность и собрать первоисточники; не создавать карточку из поисковой фразы.,сорта малины,sorta-maliny.xlsx:Queries,1,False
малина обработка весной,уход за малиной весной,3,5,AVERAGE,Умеренная,garden,,manual_mapping,Нужна редакционная проверка намерения.,болезни малины,bolezni-maliny.xlsx:AdditionalQueries,1,False
малина пересвет описание сорта фото отзывы садоводов,малина пересвет описание сорта,3,6,AVERAGE,Умеренная,garden,/sorta/peresvet/,improve_cultivar,"Проверить полноту описания, фото и сравнения; отзывы и урожайность добавлять только по фактическим источникам.",сорта малины,sorta-maliny.xlsx:Queries,1,False
малина посадка и уход в подмосковье,как правильно посадить малину,3,4,AVERAGE,Умеренная,garden,/zhurnal/sorta-maliny-dlya-podmoskovya-kak-vybrat/,improve_existing,Связать выбор со сравнением сортов и условиями участка; отзывы и урожайность показывать только с реальными данными.,посадка малины,posadka-maliny.xlsx:Queries,1,False
малина почва для посадки кислотность,какую почву любит малина,3,1,AVERAGE,Умеренная,garden,/zhurnal/posadka-maliny/,improve_existing,Обновить ответы внутри существующего материала и связать с расчётом посадки.,посадка малины,posadka-maliny.xlsx:Queries,1,False
малина радзиева описание сорта фото отзывы садоводов,малина радзиева,3,6,AVERAGE,Умеренная,garden,,verify_cultivar,Сорта ещё нет в каталоге: сначала установить идентичность и собрать первоисточники; не создавать карточку из поисковой фразы.,сорта малины,sorta-maliny.xlsx:Queries,1,False
малина рейтинг лучших сортов,сорта малины,3,5,AVERAGE,Умеренная,garden,,manual_mapping,Нужна редакционная проверка намерения.,сорта малины,sorta-maliny.xlsx:Queries,1,False
малина ремонтантная посадка осенью,посадка ремонтантной малины осенью в открытый грунт,3,2,AVERAGE,Умеренная,garden,/zhurnal/posadka-maliny/,improve_existing,Обновить ответы внутри существующего материала и связать с расчётом посадки.,посадка малины,posadka-maliny.xlsx:Queries,1,False
малина рубиновое ожерелье описание,малина рубиновое ожерелье,3,5,AVERAGE,Умеренная,garden,/sorta/rubinovoe-ozherele/,improve_cultivar,"Проверить полноту описания, фото и сравнения; отзывы и урожайность добавлять только по фактическим источникам.",сорта малины,sorta-maliny.xlsx:AdditionalQueries,1,False
малина сан рафаэль описание сорта,малина сан рафаэль,3,6,AVERAGE,Умеренная,garden,,verify_cultivar,Сорта ещё нет в каталоге: сначала установить идентичность и собрать первоисточники; не создавать карточку из поисковой фразы.,сорта малины,sorta-maliny.xlsx:Queries,1,False
малина светлячок описание сорта фото отзывы садоводов,малина светлячок,3,9,AVERAGE,Умеренная,garden,/zhurnal/tlya-na-maline-chto-delat/,improve_existing,"Сохранить последовательность осмотра, механических действий и проверки выбранного средства.",сорта малины,sorta-maliny.xlsx:Queries,1,False
малина сорт сказка описание фото отзывы,малина сказка,3,5,AVERAGE,Умеренная,garden,,manual_mapping,Нужна редакционная проверка намерения.,сорта малины,sorta-maliny.xlsx:Queries,1,False
малина сорта для сибири,лучшие сорта малины для сибири,3,5,AVERAGE,Умеренная,garden,,manual_mapping,Нужна редакционная проверка намерения.,сорта малины,sorta-maliny.xlsx:Queries,1,False
малина сорта для средней полосы,сорта малины,3,6,AVERAGE,Умеренная,garden,,manual_mapping,Нужна редакционная проверка намерения.,сорта малины,sorta-maliny.xlsx:Queries,1,False
малина столешник описание сорта фото отзывы садоводов,малина сорта столешник описание фото отзывы,3,7,AVERAGE,Умеренная,garden,,verify_cultivar,Сорта ещё нет в каталоге: сначала установить идентичность и собрать первоисточники; не создавать карточку из поисковой фразы.,сорта малины,sorta-maliny.xlsx:Queries,1,False
малина столичная описание сорта фото отзывы,малина столичная,3,5,AVERAGE,Умеренная,garden,,verify_cultivar,Сорта ещё нет в каталоге: сначала установить идентичность и собрать первоисточники; не создавать карточку из поисковой фразы.,сорта малины,sorta-maliny.xlsx:Queries,1,False
малина таруса как сажать,малиновое дерево таруса,3,3,AVERAGE,Умеренная,garden,/zhurnal/posadka-maliny/,improve_existing,Обновить ответы внутри существующего материала и связать с расчётом посадки.,посадка малины,posadka-maliny.xlsx:AdditionalQueries,1,False
малина таруса описание отзывы,малиновое дерево таруса,3,3,AVERAGE,Умеренная,garden,/sorta/tarusa/,improve_cultivar,"Проверить полноту описания, фото и сравнения; отзывы и урожайность добавлять только по фактическим источникам.",сорта малины,sorta-maliny.xlsx:AdditionalQueries,1,False
малина таруса фото и описание,малиновое дерево таруса,3,3,AVERAGE,Умеренная,garden,/sorta/tarusa/,improve_cultivar,"Проверить полноту описания, фото и сравнения; отзывы и урожайность добавлять только по фактическим источникам.",сорта малины,sorta-maliny.xlsx:AdditionalQueries,1,False
малина тибетская земляничная,тибетская малина,3,2,AVERAGE,Умеренная,garden,,new_botanical_article,"Сначала установить вид и источники; объяснить отличие от обычной малины, добавить проверяемые фото.",тибетская малина,tibetskaya-malina.xlsx:Queries,1,False
малина туламин описание сорта фото отзывы садоводов урожайность,малина туламин,3,5,AVERAGE,Умеренная,garden,,verify_cultivar,Сорта ещё нет в каталоге: сначала установить идентичность и собрать первоисточники; не создавать карточку из поисковой фразы.,сорта малины,sorta-maliny.xlsx:Queries,1,False
малина чиф описание сорта,малина чиф описание сорта,3,5,AVERAGE,Умеренная,garden,,verify_cultivar,Сорта ещё нет в каталоге: сначала установить идентичность и собрать первоисточники; не создавать карточку из поисковой фразы.,сорта малины,sorta-maliny.xlsx:Queries,1,False
малина шоша описание сорта,малина шоша описание сорта,3,6,AVERAGE,Умеренная,garden,,verify_cultivar,Сорта ещё нет в каталоге: сначала установить идентичность и собрать первоисточники; не создавать карточку из поисковой фразы.,сорта малины,sorta-maliny.xlsx:Queries,1,False
малинника ягода фото и описание,тибетская малина,3,2,AVERAGE,Умеренная,garden,,manual_mapping,Нужна редакционная проверка намерения.,тибетская малина,tibetskaya-malina.xlsx:AdditionalQueries,1,False
малиновое дерево таруса посадка и уход в открытом грунте весной,малиновое дерево таруса,3,3,AVERAGE,Умеренная,garden,/zhurnal/malinovoe-derevo-tarusa/,improve_existing,Проверить ответ о штамбовой форме и уходе; не превращать торговое название в ботанический вид.,посадка малины,posadka-maliny.xlsx:AdditionalQueries,1,False
малиновое дерево что это такое и как за ним ухаживать в домашних условиях,малиновое дерево,3,2,AVERAGE,Умеренная,garden,/zhurnal/malinovoe-derevo-tarusa/,improve_existing,Проверить ответ о штамбовой форме и уходе; не превращать торговое название в ботанический вид.,малина,malina.xlsx:AdditionalQueries,1,False
московский гигант малина описание сорта отзывы,малина московский гигант,3,7,AVERAGE,Умеренная,garden,,verify_cultivar,Сорта ещё нет в каталоге: сначала установить идентичность и собрать первоисточники; не создавать карточку из поисковой фразы.,сорта малины,sorta-maliny.xlsx:Queries,1,False
на какую глубину сажают малину,как правильно посадить малину,3,4,AVERAGE,Умеренная,garden,,manual_mapping,Нужна редакционная проверка намерения.,посадка малины,posadka-maliny.xlsx:AdditionalQueries,1,False
на стволе малины коричневые пятна что это за болезнь и как с ней бороться фото,дидимелла на малине как бороться,3,3,AVERAGE,Умеренная,garden,/instrumenty/proverka-rasteniya/,diagnostic_backlog,Связать симптомы с проверкой растения; отдельный материал только после проверки источников.,болезни малины,bolezni-maliny.xlsx:Queries,1,False
низкорослые сорта малины,малина низкорослая,3,6,AVERAGE,Умеренная,garden,,manual_mapping,Нужна редакционная проверка намерения.,сорта малины,sorta-maliny.xlsx:Queries,1,False
обработка клубники во время цветения от вредителей,чем опрыскать клубнику во время цветения,3,4,AVERAGE,Умеренная,garden,,manual_mapping,Нужна редакционная проверка намерения.,болезни клубники,bolezni-klubniki.xlsx:AdditionalQueries,1,False
обработка малины осенью от болезней,чем обработать малину от вредителей,3,4,AVERAGE,Умеренная,garden,/instrumenty/proverka-rasteniya/,diagnostic_backlog,Связать симптомы с проверкой растения; отдельный материал только после проверки источников.,болезни малины,bolezni-maliny.xlsx:Queries,1,False
обработка малины перед цветением,чем обработать малину весной от болезней и вредителей,3,7,AVERAGE,Умеренная,garden,,manual_mapping,Нужна редакционная проверка намерения.,болезни малины,bolezni-maliny.xlsx:AdditionalQueries,1,False
обрезка тибетской малины,тибетская малина фото,3,3,AVERAGE,Умеренная,garden,,new_botanical_article,"Сначала установить вид и источники; объяснить отличие от обычной малины, добавить проверяемые фото.",тибетская малина,tibetskaya-malina.xlsx:Queries,1,False
осенняя обработка клубники на зиму,как подготовить клубнику к зиме,3,4,AVERAGE,Умеренная,garden,,manual_mapping,Нужна редакционная проверка намерения.,болезни клубники,bolezni-klubniki.xlsx:AdditionalQueries,1,False
осенняя посадка ремонтантной малины,посадка ремонтантной малины осенью в открытый грунт,3,4,AVERAGE,Умеренная,garden,/zhurnal/posadka-maliny/,improve_existing,Обновить ответы внутри существующего материала и связать с расчётом посадки.,посадка малины,posadka-maliny.xlsx:Queries,1,False
посадка малины в высокие грядки,как сделать грядку для малины правильно,3,2,AVERAGE,Умеренная,garden,/zhurnal/posadka-maliny/,improve_existing,Обновить ответы внутри существующего материала и связать с расчётом посадки.,посадка малины,posadka-maliny.xlsx:Queries,1,False
посадка малины весной когда и как,как правильно посадить малину,3,4,AVERAGE,Умеренная,garden,/zhurnal/posadka-maliny/,improve_existing,Обновить ответы внутри существующего материала и связать с расчётом посадки.,посадка малины,posadka-maliny.xlsx:Queries,1,False
посадка малины осенью как правильно когда сажать в подмосковье в открытый,посадка малины осенью когда и как посадить,3,3,AVERAGE,Умеренная,garden,/zhurnal/sorta-maliny-dlya-podmoskovya-kak-vybrat/,improve_existing,Связать выбор со сравнением сортов и условиями участка; отзывы и урожайность показывать только с реальными данными.,посадка малины,posadka-maliny.xlsx:Queries,1,False
посадка малины осенью как правильно сажать,посадка малины осенью когда и как посадить,3,5,AVERAGE,Умеренная,garden,/zhurnal/posadka-maliny/,improve_existing,Обновить ответы внутри существующего материала и связать с расчётом посадки.,посадка малины,posadka-maliny.xlsx:Queries,1,False
посадка ремонтантной малины осенью в открытый,посадка ремонтантной малины осенью в открытый грунт,3,3,AVERAGE,Умеренная,garden,/zhurnal/posadka-maliny/,improve_existing,Обновить ответы внутри существующего материала и связать с расчётом посадки.,посадка малины,posadka-maliny.xlsx:Queries,1,False
правильная посадка малины осенью,посадка малины осенью когда и как посадить,3,3,AVERAGE,Умеренная,garden,/zhurnal/posadka-maliny/,improve_existing,Обновить ответы внутри существующего материала и связать с расчётом посадки.,посадка малины,posadka-maliny.xlsx:Queries,1,False
правильно посадить малину,как правильно посадить малину,3,3,AVERAGE,Умеренная,garden,/zhurnal/posadka-maliny/,improve_existing,Обновить ответы внутри существующего материала и связать с расчётом посадки.,посадка малины,posadka-maliny.xlsx:AdditionalQueries,1,False
при посадке малины что класть в лунку,как правильно посадить малину,3,2,AVERAGE,Умеренная,garden,/zhurnal/posadka-maliny/,improve_existing,Обновить ответы внутри существующего материала и связать с расчётом посадки.,посадка малины,posadka-maliny.xlsx:Queries,1,False
ранние сорта малины для средней полосы самые лучшие,сорта малины,3,6,AVERAGE,Умеренная,garden,,manual_mapping,Нужна редакционная проверка намерения.,сорта малины,sorta-maliny.xlsx:Queries,1,False
расстояние между рядами малины при посадке,как правильно посадить малину,3,2,AVERAGE,Умеренная,garden,/zhurnal/posadka-maliny/,improve_existing,Обновить ответы внутри существующего материала и связать с расчётом посадки.,посадка малины,posadka-maliny.xlsx:Queries,1,False
ремонтантная клубника для сибири,сорта клубники для сибири,3,5,AVERAGE,Умеренная,garden,/zhurnal/remontantnaya-klubnika/,improve_existing,"Проверить, ясно ли объяснено повторное плодоношение и условия ухода.",сорта клубники,sorta-klubniki.xlsx:AdditionalQueries,1,False
ремонтантная малина для подмосковья,лучшие сорта малины для подмосковья,3,3,AVERAGE,Умеренная,garden,/zhurnal/sorta-maliny-dlya-podmoskovya-kak-vybrat/,improve_existing,Связать выбор со сравнением сортов и условиями участка; отзывы и урожайность показывать только с реальными данными.,сорта малины,sorta-maliny.xlsx:AdditionalQueries,1,False
самые лучшие сорта ремонтантной малины,сорта ремонтантной малины,3,6,AVERAGE,Умеренная,garden,,manual_mapping,Нужна редакционная проверка намерения.,сорта малины,sorta-maliny.xlsx:Queries,1,False
самые сладкие сорта ремонтантной малины,сорта ремонтантной малины,3,6,AVERAGE,Умеренная,garden,,manual_mapping,Нужна редакционная проверка намерения.,сорта малины,sorta-maliny.xlsx:Queries,1,False
сорт малины геракл фото и описание,малина геракл,3,6,AVERAGE,Умеренная,garden,/sorta/gerakl/,improve_cultivar,"Проверить полноту описания, фото и сравнения; отзывы и урожайность добавлять только по фактическим источникам.",сорта малины,sorta-maliny.xlsx:Queries,1,False
сорт малины лагорай,малина лагорай,3,7,AVERAGE,Умеренная,garden,,manual_mapping,Нужна редакционная проверка намерения.,сорта малины,sorta-maliny.xlsx:Queries,1,False
сорт малины сказка фото и описание сорта отзывы,малина сказка,3,7,AVERAGE,Умеренная,garden,,verify_cultivar,Сорта ещё нет в каталоге: сначала установить идентичность и собрать первоисточники; не создавать карточку из поисковой фразы.,посадка малины | сорта малины,posadka-maliny.xlsx:AdditionalQueries | sorta-maliny.xlsx:Queries,2,False
сорта малины для волгоградской области,сорта малины для волгоградской области с фотографиями и описанием,3,7,AVERAGE,Умеренная,garden,,manual_mapping,Нужна редакционная проверка намерения.,сорта малины,sorta-maliny.xlsx:Queries,1,False
сорта малины для сибири лучшие крупные сладкие в новосибирске,лучшие сорта малины для сибири,3,7,AVERAGE,Умеренная,garden,,manual_mapping,Нужна редакционная проверка намерения.,сорта малины,sorta-maliny.xlsx:Queries,1,False
сорта малины для сибири с фотографиями и описанием,лучшие сорта малины для сибири,3,6,AVERAGE,Умеренная,garden,,manual_mapping,Нужна редакционная проверка намерения.,сорта малины,sorta-maliny.xlsx:Queries,1,False
сорта малины для средней полосы с крупными ягодами лучшие,лучшие сорта малины для средней полосы,3,5,AVERAGE,Умеренная,garden,,manual_mapping,Нужна редакционная проверка намерения.,сорта малины,sorta-maliny.xlsx:Queries,1,False
схема посадки малины в открытом грунте расстояние,как правильно посадить малину,3,3,AVERAGE,Умеренная,garden,/zhurnal/posadka-maliny/,improve_existing,Обновить ответы внутри существующего материала и связать с расчётом посадки.,посадка малины,posadka-maliny.xlsx:Queries,1,False
схема посадки малины в открытом грунте расстояние между рядами и в ряду фото,как правильно посадить малину,3,3,AVERAGE,Умеренная,garden,/zhurnal/posadka-maliny/,improve_existing,Обновить ответы внутри существующего материала и связать с расчётом посадки.,посадка малины,posadka-maliny.xlsx:Queries,1,False
схема посадки малины ремонтантной в открытом грунте,схема посадки ремонтантной малины в открытом грунте,3,5,AVERAGE,Умеренная,garden,/zhurnal/posadka-maliny/,improve_existing,Обновить ответы внутри существующего материала и связать с расчётом посадки.,посадка малины,posadka-maliny.xlsx:Queries,1,False
темные пятна на стволах малины,болезни малины,3,5,AVERAGE,Умеренная,garden,/instrumenty/proverka-rasteniya/,diagnostic_backlog,Связать симптомы с проверкой растения; отдельный материал только после проверки источников.,болезни малины,bolezni-maliny.xlsx:AdditionalQueries,1,False
тибетская малина где сажать,тибетская малина,3,1,AVERAGE,Умеренная,garden,,new_botanical_article,"Сначала установить вид и источники; объяснить отличие от обычной малины, добавить проверяемые фото.",тибетская малина,tibetskaya-malina.xlsx:Queries,1,False
тибетская малина как сажать,тибетская малина фото,3,2,AVERAGE,Умеренная,garden,,new_botanical_article,"Сначала установить вид и источники; объяснить отличие от обычной малины, добавить проверяемые фото.",посадка малины | тибетская малина,posadka-maliny.xlsx:AdditionalQueries | tibetskaya-malina.xlsx:Queries,2,False
тибетская малина когда сажать,тибетская малина,3,2,AVERAGE,Умеренная,garden,,new_botanical_article,"Сначала установить вид и источники; объяснить отличие от обычной малины, добавить проверяемые фото.",посадка малины | тибетская малина,posadka-maliny.xlsx:AdditionalQueries | tibetskaya-malina.xlsx:Queries,2,False
тибетская малина отзывы садоводов фото,тибетская малина,3,4,AVERAGE,Умеренная,garden,,new_botanical_article,"Сначала установить вид и источники; объяснить отличие от обычной малины, добавить проверяемые фото.",тибетская малина,tibetskaya-malina.xlsx:Queries,1,False
тибетская малина посадка и уход,тибетская малина,3,4,AVERAGE,Умеренная,garden,,new_botanical_article,"Сначала установить вид и источники; объяснить отличие от обычной малины, добавить проверяемые фото.",посадка малины | тибетская малина,posadka-maliny.xlsx:Queries | tibetskaya-malina.xlsx:Queries,2,False
тибетская малина уход,тибетская малина,3,3,AVERAGE,Умеренная,garden,,new_botanical_article,"Сначала установить вид и источники; объяснить отличие от обычной малины, добавить проверяемые фото.",тибетская малина,tibetskaya-malina.xlsx:Queries,1,False
тибетская малина фото и описание кустарника отзывы покупателей,тибетская малина,3,3,AVERAGE,Умеренная,garden,,new_botanical_article,"Сначала установить вид и источники; объяснить отличие от обычной малины, добавить проверяемые фото.",тибетская малина,tibetskaya-malina.xlsx:Queries,1,False
тибетская малина фото и описание отзывы садоводов,тибетская малина,3,4,AVERAGE,Умеренная,garden,,new_botanical_article,"Сначала установить вид и источники; объяснить отличие от обычной малины, добавить проверяемые фото.",тибетская малина,tibetskaya-malina.xlsx:Queries,1,False
тибетская малина фото отзывы,тибетская малина,3,3,AVERAGE,Умеренная,garden,,new_botanical_article,"Сначала установить вид и источники; объяснить отличие от обычной малины, добавить проверяемые фото.",тибетская малина,tibetskaya-malina.xlsx:Queries,1,False
урожайные сорта малины,сорта малины,3,5,AVERAGE,Умеренная,garden,,manual_mapping,Нужна редакционная проверка намерения.,сорта малины,sorta-maliny.xlsx:Queries,1,False
уход за викторией весной на даче на открытом участке,уход за клубникой весной,3,4,AVERAGE,Умеренная,garden,,manual_mapping,Нужна редакционная проверка намерения.,клубника,klubnika.xlsx:AdditionalQueries,1,False
чем обработать клубнику после обрезки осенью от вредителей и болезней,чем обработать клубнику осенью,3,2,AVERAGE,Умеренная,garden,/instrumenty/proverka-rasteniya/,new_diagnostic_hub,Подготовить руководство по болезням клубники с проверяемыми фото и различиями симптомов; связать с материалом о серой гнили.,болезни клубники,bolezni-klubniki.xlsx:Queries,1,False
чем обработать малину от вредителей и болезней в августе,уход за малиной после сбора урожая в августе,3,3,AVERAGE,Умеренная,garden,/instrumenty/proverka-rasteniya/,diagnostic_backlog,Связать симптомы с проверкой растения; отдельный материал только после проверки источников.,болезни малины,bolezni-maliny.xlsx:Queries,1,False
чем опрыскать клубнику во время цветения от вредителей и болезней,чем обработать клубнику во время цветения от вредителей,3,7,AVERAGE,Умеренная,garden,/instrumenty/proverka-rasteniya/,new_diagnostic_hub,Подготовить руководство по болезням клубники с проверяемыми фото и различиями симптомов; связать с материалом о серой гнили.,болезни клубники,bolezni-klubniki.xlsx:Queries,1,False
чем удобрить малину при посадке,как правильно посадить малину,3,3,AVERAGE,Умеренная,garden,/zhurnal/posadka-maliny/,improve_existing,Обновить ответы внутри существующего материала и связать с расчётом посадки.,посадка малины,posadka-maliny.xlsx:Queries,1,False
что делать с малиной после сбора урожая в августе,чем подкормить малину в августе после обрезки,3,3,AVERAGE,Умеренная,garden,,manual_mapping,Нужна редакционная проверка намерения.,болезни малины,bolezni-maliny.xlsx:AdditionalQueries,1,False
что добавить в лунку при посадке малины весной,как правильно посадить малину,3,3,AVERAGE,Умеренная,garden,/zhurnal/posadka-maliny/,improve_existing,Обновить ответы внутри существующего материала и связать с расчётом посадки.,посадка малины,posadka-maliny.xlsx:Queries,1,False
альфа клубника,земляника альфа,2,2,AVERAGE,Умеренная,garden,/sorta/alfa/,improve_cultivar,"Проверить полноту описания, фото и сравнения; отзывы и урожайность добавлять только по фактическим источникам.",сорта клубники,sorta-klubniki.xlsx:AdditionalQueries,1,False
болезни вредители клубники,обработка клубники весной,2,2,AVERAGE,Умеренная,garden,/instrumenty/proverka-rasteniya/,new_diagnostic_hub,Подготовить руководство по болезням клубники с проверяемыми фото и различиями симптомов; связать с материалом о серой гнили.,болезни клубники,bolezni-klubniki.xlsx:Queries,1,False
болезни клубники по листьям фото,болезни клубники,2,5,AVERAGE,Умеренная,garden,/instrumenty/proverka-rasteniya/,new_diagnostic_hub,Подготовить руководство по болезням клубники с проверяемыми фото и различиями симптомов; связать с материалом о серой гнили.,болезни клубники,bolezni-klubniki.xlsx:Queries,1,False
болезни листьев клубники,болезни клубники,2,4,AVERAGE,Умеренная,garden,/instrumenty/proverka-rasteniya/,new_diagnostic_hub,Подготовить руководство по болезням клубники с проверяемыми фото и различиями симптомов; связать с материалом о серой гнили.,болезни клубники,bolezni-klubniki.xlsx:Queries,1,False
болезни малины и борьба,болезни малины,2,4,AVERAGE,Умеренная,garden,/instrumenty/proverka-rasteniya/,diagnostic_backlog,Связать симптомы с проверкой растения; отдельный материал только после проверки источников.,болезни малины,bolezni-maliny.xlsx:Queries,1,False
болезни малины и вредители,вредители малины,2,2,AVERAGE,Умеренная,garden,/instrumenty/proverka-rasteniya/,diagnostic_backlog,Связать симптомы с проверкой растения; отдельный материал только после проверки источников.,болезни малины,bolezni-maliny.xlsx:Queries,1,False
болезни малины и их лечение фото и описание,болезни малины,2,4,AVERAGE,Умеренная,garden,/instrumenty/proverka-rasteniya/,diagnostic_backlog,Связать симптомы с проверкой растения; отдельный материал только после проверки источников.,болезни малины,bolezni-maliny.xlsx:Queries,1,False
болезни малины описание с фотографиями на листьях,болезни малины,2,3,AVERAGE,Умеренная,garden,/instrumenty/proverka-rasteniya/,diagnostic_backlog,Связать симптомы с проверкой растения; отдельный материал только после проверки источников.,болезни малины,bolezni-maliny.xlsx:Queries,1,False
болезни малины фото и описание чем,болезни малины,2,5,AVERAGE,Умеренная,garden,/instrumenty/proverka-rasteniya/,diagnostic_backlog,Связать симптомы с проверкой растения; отдельный материал только после проверки источников.,болезни малины,bolezni-maliny.xlsx:Queries,1,False
болезнь малины в картинках фото,болезни малины,2,4,AVERAGE,Умеренная,garden,/instrumenty/proverka-rasteniya/,diagnostic_backlog,Связать симптомы с проверкой растения; отдельный материал только после проверки источников.,болезни малины,bolezni-maliny.xlsx:Queries,1,False
болезнь малины дидимелла и борьба с ней осенью,дидимелла на малине как бороться,2,2,AVERAGE,Умеренная,garden,,new_article,"Дидимелла: проверить диагностику по первоисточникам, затем подготовить материал; схемы препаратов требуют актуальной проверки.",болезни малины,bolezni-maliny.xlsx:Queries,1,False
в какое время сажать малину,как правильно посадить малину,2,2,AVERAGE,Умеренная,garden,/zhurnal/posadka-maliny/,improve_existing,Обновить ответы внутри существующего материала и связать с расчётом посадки.,посадка малины,posadka-maliny.xlsx:AdditionalQueries,1,False
в каком месте сажать малину,как правильно посадить малину,2,2,AVERAGE,Умеренная,garden,/zhurnal/posadka-maliny/,improve_existing,Обновить ответы внутри существующего материала и связать с расчётом посадки.,посадка малины,posadka-maliny.xlsx:AdditionalQueries,1,False
в каком месяце сажают малину,как правильно посадить малину,2,3,AVERAGE,Умеренная,garden,,manual_mapping,Нужна редакционная проверка намерения.,посадка малины,posadka-maliny.xlsx:AdditionalQueries,1,False
в какую почву сажать малину,как правильно посадить малину,2,2,AVERAGE,Умеренная,garden,/zhurnal/posadka-maliny/,improve_existing,Обновить ответы внутри существующего материала и связать с расчётом посадки.,посадка малины,posadka-maliny.xlsx:AdditionalQueries,1,False
где садить малину на дачном участке,как правильно посадить малину,2,4,AVERAGE,Умеренная,garden,,manual_mapping,Нужна редакционная проверка намерения.,посадка малины,posadka-maliny.xlsx:AdditionalQueries,1,False
грунт для малины при посадке осенью,посадка малины осенью когда и как посадить,2,2,AVERAGE,Умеренная,garden,/zhurnal/posadka-maliny/,improve_existing,Обновить ответы внутри существующего материала и связать с расчётом посадки.,посадка малины,posadka-maliny.xlsx:Queries,1,False
дерево малиновое фото,малиновое дерево,2,3,AVERAGE,Умеренная,garden,,manual_mapping,Нужна редакционная проверка намерения.,посадка малины,posadka-maliny.xlsx:AdditionalQueries,1,False
заболевание малины и меры борьбы фото,болезни малины,2,4,AVERAGE,Умеренная,garden,,manual_mapping,Нужна редакционная проверка намерения.,болезни малины,bolezni-maliny.xlsx:AdditionalQueries,1,False
защита малины от вредителей и болезней,чем обработать малину весной от болезней и вредителей,2,5,AVERAGE,Умеренная,garden,/instrumenty/proverka-rasteniya/,diagnostic_backlog,Связать симптомы с проверкой растения; отдельный материал только после проверки источников.,болезни малины,bolezni-maliny.xlsx:Queries,1,False
земклубника купчиха описание сорта,клубника купчиха,2,2,AVERAGE,Умеренная,garden,,verify_cultivar,Сорта ещё нет в каталоге: сначала установить идентичность и собрать первоисточники; не создавать карточку из поисковой фразы.,клубника | сорта клубники,klubnika.xlsx:AdditionalQueries | sorta-klubniki.xlsx:AdditionalQueries,2,False
земляника азия описание сорта отзывы садоводов,клубника азия описание сорта фото отзывы,2,2,AVERAGE,Умеренная,garden,/sorta/aziya/,improve_cultivar,"Проверить полноту описания, фото и сравнения; отзывы и урожайность добавлять только по фактическим источникам.",сорта клубники,sorta-klubniki.xlsx:AdditionalQueries,1,False
земляника альбион описание,клубника альбион,2,1,AVERAGE,Умеренная,garden,/sorta/albion/,improve_cultivar,"Проверить полноту описания, фото и сравнения; отзывы и урожайность добавлять только по фактическим источникам.",сорта клубники,sorta-klubniki.xlsx:AdditionalQueries,1,False
земляника зенга зенгана описание сорта фото отзывы,клубника зенга-зенгана описание,2,2,AVERAGE,Умеренная,garden,/sorta/zenga-zengana/,improve_cultivar,"Проверить полноту описания, фото и сравнения; отзывы и урожайность добавлять только по фактическим источникам.",сорта клубники,sorta-klubniki.xlsx:AdditionalQueries,1,False
земляника садовая хоней описание сорта,клубника хоней,2,2,AVERAGE,Умеренная,garden,/sorta/honey/,improve_cultivar,"Проверить полноту описания, фото и сравнения; отзывы и урожайность добавлять только по фактическим источникам.",клубника,klubnika.xlsx:AdditionalQueries,1,False
земляника эльвира описание сорта,эльвира сорт клубники,2,1,AVERAGE,Умеренная,garden,,verify_cultivar,Сорта ещё нет в каталоге: сначала установить идентичность и собрать первоисточники; не создавать карточку из поисковой фразы.,сорта клубники,sorta-klubniki.xlsx:AdditionalQueries,1,False
земляника эльсанта описание сорта фото,эльсанта клубника описание,2,2,AVERAGE,Умеренная,garden,/sorta/elsanta/,improve_cultivar,"Проверить полноту описания, фото и сравнения; отзывы и урожайность добавлять только по фактическим источникам.",сорта клубники,sorta-klubniki.xlsx:AdditionalQueries,1,False
земляничная тибетская малина,тибетская малина,2,2,AVERAGE,Умеренная,garden,,new_botanical_article,"Сначала установить вид и источники; объяснить отличие от обычной малины, добавить проверяемые фото.",тибетская малина,tibetskaya-malina.xlsx:Queries,1,False
как выбрать малину для посадки,как посадить малину осенью саженцами правильно,2,3,AVERAGE,Умеренная,garden,/zhurnal/posadka-maliny/,improve_existing,Обновить ответы внутри существующего материала и связать с расчётом посадки.,посадка малины,posadka-maliny.xlsx:Queries,1,False
как высаживать малину на садовом участке,как правильно посадить малину,2,1,AVERAGE,Умеренная,garden,,manual_mapping,Нужна редакционная проверка намерения.,посадка малины,posadka-maliny.xlsx:AdditionalQueries,1,False
как и когда правильно сажать малину,как правильно посадить малину,2,3,AVERAGE,Умеренная,garden,/zhurnal/posadka-maliny/,improve_existing,Обновить ответы внутри существующего материала и связать с расчётом посадки.,посадка малины,posadka-maliny.xlsx:AdditionalQueries,1,False
как обработать малину в августе,чем подкормить малину в августе,2,1,AVERAGE,Умеренная,garden,,manual_mapping,Нужна редакционная проверка намерения.,болезни малины,bolezni-maliny.xlsx:AdditionalQueries,1,False
как обрезать тибетскую малину осенью,тибетская малина,2,3,AVERAGE,Умеренная,garden,,new_botanical_article,"Сначала установить вид и источники; объяснить отличие от обычной малины, добавить проверяемые фото.",тибетская малина,tibetskaya-malina.xlsx:Queries,1,False
как подготовить грядку для посадки усов клубники,как посадить усы клубники правильно,2,2,AVERAGE,Умеренная,garden,/zhurnal/posadka-klubniki/,improve_existing,"Дополнить существующий материал ответами по срокам и условиям, связать с инструментом срока посадки.",болезни клубники,bolezni-klubniki.xlsx:AdditionalQueries,1,False
как подготовить землю для посадки малины,как правильно посадить малину,2,2,AVERAGE,Умеренная,garden,/zhurnal/posadka-maliny/,improve_existing,Обновить ответы внутри существующего материала и связать с расчётом посадки.,посадка малины,posadka-maliny.xlsx:Queries,1,False
как посадить малину на участке правильно,как правильно посадить малину,2,3,AVERAGE,Умеренная,garden,/zhurnal/posadka-maliny/,improve_existing,Обновить ответы внутри существующего материала и связать с расчётом посадки.,посадка малины,posadka-maliny.xlsx:AdditionalQueries,1,False
как посадить малину правильно осенью,посадка малины осенью когда и как посадить,2,3,AVERAGE,Умеренная,garden,/zhurnal/posadka-maliny/,improve_existing,Обновить ответы внутри существующего материала и связать с расчётом посадки.,посадка малины,posadka-maliny.xlsx:AdditionalQueries,1,False
как посадить малину ремонтантную осенью,посадка ремонтантной малины осенью в открытый грунт,2,2,AVERAGE,Умеренная,garden,/zhurnal/posadka-maliny/,improve_existing,Обновить ответы внутри существующего материала и связать с расчётом посадки.,посадка малины,posadka-maliny.xlsx:AdditionalQueries,1,False
как посадить правильно малину,как правильно посадить малину,2,2,AVERAGE,Умеренная,garden,/zhurnal/posadka-maliny/,improve_existing,Обновить ответы внутри существующего материала и связать с расчётом посадки.,посадка малины,posadka-maliny.xlsx:AdditionalQueries,1,False
как посадить саженец малины весной,как правильно посадить малину,2,3,AVERAGE,Умеренная,garden,/zhurnal/posadka-maliny/,improve_existing,Обновить ответы внутри существующего материала и связать с расчётом посадки.,посадка малины,posadka-maliny.xlsx:AdditionalQueries,1,False
как посадить саженцы малины весной,как правильно посадить малину,2,2,AVERAGE,Умеренная,garden,/zhurnal/posadka-maliny/,improve_existing,Обновить ответы внутри существующего материала и связать с расчётом посадки.,посадка малины,posadka-maliny.xlsx:AdditionalQueries,1,False
как правильно высаживать малину,как правильно посадить малину,2,2,AVERAGE,Умеренная,garden,,manual_mapping,Нужна редакционная проверка намерения.,посадка малины,posadka-maliny.xlsx:AdditionalQueries,1,False
как правильно посадить куст малины,как правильно посадить малину,2,2,AVERAGE,Умеренная,garden,/zhurnal/posadka-maliny/,improve_existing,Обновить ответы внутри существующего материала и связать с расчётом посадки.,посадка малины,posadka-maliny.xlsx:AdditionalQueries,1,False
как правильно посадить кусты малины,как правильно посадить малину,2,1,AVERAGE,Умеренная,garden,/zhurnal/posadka-maliny/,improve_existing,Обновить ответы внутри существующего материала и связать с расчётом посадки.,посадка малины,posadka-maliny.xlsx:AdditionalQueries,1,False
как правильно посадить малину в июне,как правильно посадить малину летом,2,1,AVERAGE,Умеренная,garden,/zhurnal/posadka-maliny/,improve_existing,Обновить ответы внутри существующего материала и связать с расчётом посадки.,посадка малины,posadka-maliny.xlsx:AdditionalQueries,1,False
как правильно посадить ремонтантную малину весной в открытый грунт,ремонтантная малина выращивание и уход обрезка,2,4,AVERAGE,Умеренная,garden,/zhurnal/posadka-maliny/,improve_existing,Обновить ответы внутри существующего материала и связать с расчётом посадки.,посадка малины,posadka-maliny.xlsx:AdditionalQueries,1,False
как правильно сажать ремонтантную малину осенью,посадка ремонтантной малины осенью в открытый грунт,2,3,AVERAGE,Умеренная,garden,/zhurnal/posadka-maliny/,improve_existing,Обновить ответы внутри существующего материала и связать с расчётом посадки.,посадка малины,posadka-maliny.xlsx:AdditionalQueries,1,False
как правильно ухаживать за малиновым деревом,малиновое дерево,2,3,AVERAGE,Умеренная,garden,,manual_mapping,Нужна редакционная проверка намерения.,малина,malina.xlsx:AdditionalQueries,1,False
как сажать ремонтантную малину осенью пошаговая инструкция,посадка ремонтантной малины осенью в открытый грунт,2,1,AVERAGE,Умеренная,garden,/zhurnal/posadka-maliny/,improve_existing,Обновить ответы внутри существующего материала и связать с расчётом посадки.,посадка малины,posadka-maliny.xlsx:AdditionalQueries,1,False
как ухаживать за желтой малиной,желтая малина выращивание и уход,2,2,AVERAGE,Умеренная,garden,,manual_mapping,Нужна редакционная проверка намерения.,посадка малины,posadka-maliny.xlsx:AdditionalQueries,1,False
какая клубника ремонтантная самая лучшая,ремонтантные сорта клубники,2,4,AVERAGE,Умеренная,garden,/zhurnal/remontantnaya-klubnika/,improve_existing,"Проверить, ясно ли объяснено повторное плодоношение и условия ухода.",сорта клубники,sorta-klubniki.xlsx:AdditionalQueries,1,False
какая самая хорошая клубника ремонтантная,ремонтантные сорта клубники,2,3,AVERAGE,Умеренная,garden,/zhurnal/remontantnaya-klubnika/,improve_existing,"Проверить, ясно ли объяснено повторное плодоношение и условия ухода.",сорта клубники,sorta-klubniki.xlsx:AdditionalQueries,1,False
какие плодовые деревья можно сажать рядом с малиной,что посадить рядом с малиной,2,3,AVERAGE,Умеренная,garden,/zhurnal/posadka-maliny/,improve_existing,Обновить ответы внутри существующего материала и связать с расчётом посадки.,посадка малины,posadka-maliny.xlsx:AdditionalQueries,1,False
какие сорта клубники для теплицы,клубника в теплице из поликарбоната посадка и уход,2,2,AVERAGE,Умеренная,garden,/sorta/,improve_catalog,"Уточнить путь к каталогу клубники, фильтрам и сравнению.",болезни клубники,bolezni-klubniki.xlsx:AdditionalQueries,1,False
какие сорта клубники не подвержены болезнями,лучшие сорта ремонтантной клубники для средней полосы для открытого грунта,2,4,AVERAGE,Умеренная,garden,/sorta/,improve_catalog,"Уточнить путь к каталогу клубники, фильтрам и сравнению.",болезни клубники,bolezni-klubniki.xlsx:Queries,1,False
какие удобрения вносить при посадке малины,как правильно посадить малину,2,1,AVERAGE,Умеренная,garden,/zhurnal/posadka-maliny/,improve_existing,Обновить ответы внутри существующего материала и связать с расчётом посадки.,посадка малины,posadka-maliny.xlsx:Queries,1,False
какое расстояние должно быть между кустами малины при посадке,как правильно посадить малину,2,1,AVERAGE,Умеренная,garden,/zhurnal/posadka-maliny/,improve_existing,Обновить ответы внутри существующего материала и связать с расчётом посадки.,посадка малины,posadka-maliny.xlsx:Queries,1,False
какой грунт нужен малине,как правильно посадить малину,2,2,AVERAGE,Умеренная,garden,,manual_mapping,Нужна редакционная проверка намерения.,посадка малины,posadka-maliny.xlsx:AdditionalQueries,1,False
какой сорт малины лучше посадить в сибири,лучшие сорта малины для сибири,2,5,AVERAGE,Умеренная,garden,/zhurnal/posadka-maliny/,improve_existing,Обновить ответы внутри существующего материала и связать с расчётом посадки.,сорта малины,sorta-maliny.xlsx:Queries,1,False
какую землю любит малина кислую или щелочную,какую почву любит малина,2,1,AVERAGE,Умеренная,garden,,manual_mapping,Нужна редакционная проверка намерения.,посадка малины,posadka-maliny.xlsx:AdditionalQueries,1,False
какую почву любит малина ремонтантная,ремонтантная малина,2,3,AVERAGE,Умеренная,garden,/zhurnal/posadka-maliny/,improve_existing,Обновить ответы внутри существующего материала и связать с расчётом посадки.,посадка малины,posadka-maliny.xlsx:AdditionalQueries,1,False
карамелька малина описание сорта отзывы,малина карамелька,2,3,AVERAGE,Умеренная,garden,/sorta/karamelka/,improve_cultivar,"Проверить полноту описания, фото и сравнения; отзывы и урожайность добавлять только по фактическим источникам.",посадка малины,posadka-maliny.xlsx:AdditionalQueries,1,False
карамелька малина ремонтантная описание,малина карамелька,2,2,AVERAGE,Умеренная,garden,/sorta/karamelka/,improve_cultivar,"Проверить полноту описания, фото и сравнения; отзывы и урожайность добавлять только по фактическим источникам.",сорта малины,sorta-maliny.xlsx:AdditionalQueries,1,False
клубника апика,клубника априка,2,2,AVERAGE,Умеренная,garden,,manual_mapping,Нужна редакционная проверка намерения.,сорта клубники,sorta-klubniki.xlsx:AdditionalQueries,1,False
клубника болезни и вредители борьба,обработка клубники весной,2,3,AVERAGE,Умеренная,garden,/instrumenty/proverka-rasteniya/,new_diagnostic_hub,Подготовить руководство по болезням клубники с проверяемыми фото и различиями симптомов; связать с материалом о серой гнили.,болезни клубники,bolezni-klubniki.xlsx:Queries,1,False
клубника витязь описание,клубника витязь,2,2,AVERAGE,Умеренная,garden,/sorta/vityaz/,improve_cultivar,"Проверить полноту описания, фото и сравнения; отзывы и урожайность добавлять только по фактическим источникам.",сорта клубники,sorta-klubniki.xlsx:AdditionalQueries,1,False
клубника джуси отзывы,клубника джуси описание сорта фото отзывы садоводов урожайность,2,6,AVERAGE,Умеренная,garden,,manual_mapping,Нужна редакционная проверка намерения.,сорта клубники,sorta-klubniki.xlsx:AdditionalQueries,1,False
клубника для подмосковья для открытого грунта,лучшие сорта клубники для подмосковья,2,3,AVERAGE,Умеренная,garden,,manual_mapping,Нужна редакционная проверка намерения.,сорта клубники,sorta-klubniki.xlsx:AdditionalQueries,1,False
клубника для северо запада,лучшие сорта клубники для ленинградской области,2,4,AVERAGE,Умеренная,garden,/podbor/,improve_selector,Использовать место и подтверждённый допуск; местную урожайность не выводить из допуска.,сорта клубники,sorta-klubniki.xlsx:AdditionalQueries,1,False
клубника заболевания,болезни клубники,2,3,AVERAGE,Умеренная,garden,,manual_mapping,Нужна редакционная проверка намерения.,болезни клубники,bolezni-klubniki.xlsx:AdditionalQueries,1,False
клубника какой сорт лучший для посадки,сорта клубники,2,1,AVERAGE,Умеренная,garden,/zhurnal/posadka-klubniki/,improve_existing,"Дополнить существующий материал ответами по срокам и условиям, связать с инструментом срока посадки.",болезни клубники,bolezni-klubniki.xlsx:AdditionalQueries,1,False
клубника купчиха фото и описание сорта отзывы садоводов,клубника купчиха,2,3,AVERAGE,Умеренная,garden,,verify_cultivar,Сорта ещё нет в каталоге: сначала установить идентичность и собрать первоисточники; не создавать карточку из поисковой фразы.,болезни клубники,bolezni-klubniki.xlsx:AdditionalQueries,1,False
клубника лакомка отзывы,клубника лакомка описание сорта фото отзывы садоводов,2,4,AVERAGE,Умеренная,garden,,manual_mapping,Нужна редакционная проверка намерения.,сорта клубники,sorta-klubniki.xlsx:AdditionalQueries,1,False
клубника лорд описание и отзывы,клубника лорд описание сорта фото отзывы,2,3,AVERAGE,Умеренная,garden,,manual_mapping,Нужна редакционная проверка намерения.,сорта клубники,sorta-klubniki.xlsx:AdditionalQueries,1,False
клубника после плодоношения чем обрабатывать от болезней и вредителей и чем удобрить,чем подкормить клубнику после плодоношения и обрезки в июле и августе,2,2,AVERAGE,Умеренная,garden,/zhurnal/chem-podkormit-klubniku-po-analizu-pochvy/,improve_existing,Проверить ответ для указанной фазы роста; сохранять выбор питания по данным анализа.,болезни клубники,bolezni-klubniki.xlsx:Queries,1,False
клубника ремонтантная альбион описание,клубника альбион,2,2,AVERAGE,Умеренная,garden,/zhurnal/remontantnaya-klubnika/,improve_existing,"Проверить, ясно ли объяснено повторное плодоношение и условия ухода.",сорта клубники,sorta-klubniki.xlsx:AdditionalQueries,1,False
клубника сан андреас отзывы садоводов,клубника сан андреас отзывы,2,3,AVERAGE,Умеренная,garden,,manual_mapping,Нужна редакционная проверка намерения.,сорта клубники,sorta-klubniki.xlsx:AdditionalQueries,1,False
клубника фестивальная описание и отзывы,клубника фестивальная описание сорта,2,3,AVERAGE,Умеренная,garden,/sorta/festivalnaya/,improve_cultivar,"Проверить полноту описания, фото и сравнения; отзывы и урожайность добавлять только по фактическим источникам.",сорта клубники,sorta-klubniki.xlsx:AdditionalQueries,1,False
клубника фото и описание,сорта клубники,2,2,AVERAGE,Умеренная,garden,,manual_mapping,Нужна редакционная проверка намерения.,болезни клубники,bolezni-klubniki.xlsx:AdditionalQueries,1,False
клубника эстафета описание,клубника эстафета описание сорта,2,3,AVERAGE,Умеренная,garden,,manual_mapping,Нужна редакционная проверка намерения.,сорта клубники,sorta-klubniki.xlsx:AdditionalQueries,1,False
когда и как посадить малину,как правильно посадить малину,2,2,AVERAGE,Умеренная,garden,/zhurnal/posadka-maliny/,improve_existing,Обновить ответы внутри существующего материала и связать с расчётом посадки.,посадка малины,posadka-maliny.xlsx:AdditionalQueries,1,False
когда лучше сажать ремонтантную малину в подмосковье,схема посадки малины ремонтантной в открытом грунте,2,3,AVERAGE,Умеренная,garden,/zhurnal/sorta-maliny-dlya-podmoskovya-kak-vybrat/,improve_existing,Связать выбор со сравнением сортов и условиями участка; отзывы и урожайность показывать только с реальными данными.,посадка малины,posadka-maliny.xlsx:AdditionalQueries,1,False
когда осенью можно сажать малину,посадка малины осенью когда и как посадить,2,1,AVERAGE,Умеренная,garden,/zhurnal/posadka-maliny/,improve_existing,Обновить ответы внутри существующего материала и связать с расчётом посадки.,посадка малины,posadka-maliny.xlsx:AdditionalQueries,1,False
когда осенью садить малину,посадка малины осенью когда и как посадить,2,3,AVERAGE,Умеренная,garden,,manual_mapping,Нужна редакционная проверка намерения.,посадка малины,posadka-maliny.xlsx:AdditionalQueries,1,False
когда осенью сажают малину,посадка малины осенью когда и как посадить,2,2,AVERAGE,Умеренная,garden,,manual_mapping,Нужна редакционная проверка намерения.,посадка малины,posadka-maliny.xlsx:AdditionalQueries,1,False
когда пересаживать тибетскую малину,тибетская малина фото и описание кустарника плоды,2,2,AVERAGE,Умеренная,garden,,new_botanical_article,"Сначала установить вид и источники; объяснить отличие от обычной малины, добавить проверяемые фото.",тибетская малина,tibetskaya-malina.xlsx:Queries,1,False
когда садить саженцы малины,как правильно посадить малину,2,2,AVERAGE,Умеренная,garden,,manual_mapping,Нужна редакционная проверка намерения.,посадка малины,posadka-maliny.xlsx:AdditionalQueries,1,False
когда сажать малину осенью в каком месяце,посадка малины осенью когда и как посадить,2,2,AVERAGE,Умеренная,garden,/zhurnal/posadka-maliny/,improve_existing,Обновить ответы внутри существующего материала и связать с расчётом посадки.,посадка малины,posadka-maliny.xlsx:AdditionalQueries,1,False
когда сажать тибетскую малину,тибетская малина,2,1,AVERAGE,Умеренная,garden,,new_botanical_article,"Сначала установить вид и источники; объяснить отличие от обычной малины, добавить проверяемые фото.",посадка малины | тибетская малина,posadka-maliny.xlsx:AdditionalQueries | tibetskaya-malina.xlsx:Queries,2,False
когда сажают малину в подмосковье осенью,посадка малины осенью когда и как посадить,2,2,AVERAGE,Умеренная,garden,/zhurnal/sorta-maliny-dlya-podmoskovya-kak-vybrat/,improve_existing,Связать выбор со сравнением сортов и условиями участка; отзывы и урожайность показывать только с реальными данными.,посадка малины,posadka-maliny.xlsx:AdditionalQueries,1,False
когда сажают малину на даче,как правильно посадить малину,2,3,AVERAGE,Умеренная,garden,,manual_mapping,Нужна редакционная проверка намерения.,посадка малины,posadka-maliny.xlsx:AdditionalQueries,1,False
крепыш малина описание,малиновое дерево крепыш,2,3,AVERAGE,Умеренная,garden,,manual_mapping,Нужна редакционная проверка намерения.,сорта малины,sorta-maliny.xlsx:AdditionalQueries,1,False
кумберленд малина описание посадка,кумберленд,2,3,AVERAGE,Умеренная,garden,/zhurnal/posadka-maliny/,improve_existing,Обновить ответы внутри существующего материала и связать с расчётом посадки.,посадка малины,posadka-maliny.xlsx:Queries,1,False
купчиха клубника отзывы описание,клубника купчиха описание сорта,2,2,AVERAGE,Умеренная,garden,,manual_mapping,Нужна редакционная проверка намерения.,сорта клубники,sorta-klubniki.xlsx:AdditionalQueries,1,False
лучшие сорта клубники в подмосковье,лучшие сорта клубники для подмосковья,2,2,AVERAGE,Умеренная,garden,/sorta/,improve_catalog,"Уточнить путь к каталогу клубники, фильтрам и сравнению.",болезни клубники,bolezni-klubniki.xlsx:AdditionalQueries,1,False
лучшие сорта малины для урала крупные сладкие не ремонтантные,сорта малины для урала с фотографиями,2,5,AVERAGE,Умеренная,garden,,manual_mapping,Нужна редакционная проверка намерения.,сорта малины,sorta-maliny.xlsx:Queries,1,False
лучшие сорта неремонтантной малины,малина не ремонтантная лучшие сорта,2,5,AVERAGE,Умеренная,garden,,manual_mapping,Нужна редакционная проверка намерения.,сорта малины,sorta-maliny.xlsx:Queries,1,False
лучшие сорта ремонтантной малины для урала,сорта малины для урала с фотографиями,2,5,AVERAGE,Умеренная,garden,,manual_mapping,Нужна редакционная проверка намерения.,сорта малины,sorta-maliny.xlsx:Queries,1,False
лучший сорт ремонтантной малины,сорта ремонтантной малины,2,5,AVERAGE,Умеренная,garden,,manual_mapping,Нужна редакционная проверка намерения.,сорта малины,sorta-maliny.xlsx:Queries,1,False
малина абрикосовая отзывы,малина абрикосовая,2,3,AVERAGE,Умеренная,garden,/sorta/abrikosovaya/,improve_cultivar,"Проверить полноту описания, фото и сравнения; отзывы и урожайность добавлять только по фактическим источникам.",сорта малины,sorta-maliny.xlsx:AdditionalQueries,1,False
малина бенефис описание сорта фото отзывы садоводов,малиновое дерево бенефис,2,5,AVERAGE,Умеренная,garden,,verify_cultivar,Сорта ещё нет в каталоге: сначала установить идентичность и собрать первоисточники; не создавать карточку из поисковой фразы.,сорта малины,sorta-maliny.xlsx:Queries,1,False
малина блестящая описание сорта фото отзывы садоводов,малина блестящая описание сорта,2,5,AVERAGE,Умеренная,garden,,verify_cultivar,Сорта ещё нет в каталоге: сначала установить идентичность и собрать первоисточники; не создавать карточку из поисковой фразы.,сорта малины,sorta-maliny.xlsx:Queries,1,False
малина блэк джевел отзывы садоводов,малина блэк джевел описание сорта фото отзывы садоводов,2,4,AVERAGE,Умеренная,garden,,manual_mapping,Нужна редакционная проверка намерения.,сорта малины,sorta-maliny.xlsx:AdditionalQueries,1,False
малина болезни фото,болезни малины,2,5,AVERAGE,Умеренная,garden,/instrumenty/proverka-rasteniya/,diagnostic_backlog,Связать симптомы с проверкой растения; отдельный материал только после проверки источников.,болезни малины,bolezni-maliny.xlsx:Queries,1,False
малина вилламет описание сорта фото отзывы,малина вилламет,2,8,AVERAGE,Умеренная,garden,,verify_cultivar,Сорта ещё нет в каталоге: сначала установить идентичность и собрать первоисточники; не создавать карточку из поисковой фразы.,сорта малины,sorta-maliny.xlsx:Queries,1,False
малина галей описание сорта,малина халлей,2,10,AVERAGE,Умеренная,garden,,verify_cultivar,Сорта ещё нет в каталоге: сначала установить идентичность и собрать первоисточники; не создавать карточку из поисковой фразы.,сорта малины,sorta-maliny.xlsx:Queries,1,False
малина гордость россии описание сорта посадка и уход,малина гордость россии,2,4,AVERAGE,Умеренная,garden,/zhurnal/posadka-maliny/,improve_existing,Обновить ответы внутри существующего материала и связать с расчётом посадки.,посадка малины,posadka-maliny.xlsx:Queries,1,False
малина для ленобласти,лучшие сорта малины для ленинградской области,2,2,AVERAGE,Умеренная,garden,,manual_mapping,Нужна редакционная проверка намерения.,сорта малины,sorta-maliny.xlsx:AdditionalQueries,1,False
малина для сибири лучшие сорта отзывы садоводов,лучшие сорта малины для сибири,2,10,AVERAGE,Умеренная,garden,,manual_mapping,Нужна редакционная проверка намерения.,сорта малины,sorta-maliny.xlsx:Queries,1,False
малина для средней полосы лучшие сорта,сорта малины,2,10,AVERAGE,Умеренная,garden,,manual_mapping,Нужна редакционная проверка намерения.,сорта малины,sorta-maliny.xlsx:Queries,1,False
малина дочь геракла описание сорта фото отзывы садоводов урожайность характеристика,малина дочь геракла,2,10,AVERAGE,Умеренная,garden,,verify_cultivar,Сорта ещё нет в каталоге: сначала установить идентичность и собрать первоисточники; не создавать карточку из поисковой фразы.,сорта малины,sorta-maliny.xlsx:Queries,1,False
малина жанна орлеанская описание сорта,малина жанна орлеанская,2,5,AVERAGE,Умеренная,garden,,verify_cultivar,Сорта ещё нет в каталоге: сначала установить идентичность и собрать первоисточники; не создавать карточку из поисковой фразы.,сорта малины,sorta-maliny.xlsx:Queries,1,False
малина желтая беглянка,малина беглянка,2,1,AVERAGE,Умеренная,garden,/sorta/beglyanka/,improve_cultivar,"Проверить полноту описания, фото и сравнения; отзывы и урожайность добавлять только по фактическим источникам.",сорта малины,sorta-maliny.xlsx:AdditionalQueries,1,False
малина земляничная тибетская описание сорта,тибетская малина,2,1,AVERAGE,Умеренная,garden,,new_botanical_article,"Сначала установить вид и источники; объяснить отличие от обычной малины, добавить проверяемые фото.",тибетская малина,tibetskaya-malina.xlsx:Queries,1,False
малина какую любит почву,какую почву любит малина,2,1,AVERAGE,Умеренная,garden,/zhurnal/posadka-maliny/,improve_existing,Обновить ответы внутри существующего материала и связать с расчётом посадки.,посадка малины,posadka-maliny.xlsx:AdditionalQueries,1,False
малина калининградская отзывы,малина калининградская описание сорта фото отзывы,2,4,AVERAGE,Умеренная,garden,,manual_mapping,Нужна редакционная проверка намерения.,сорта малины,sorta-maliny.xlsx:AdditionalQueries,1,False
малина карамелька описание сорта посадка и уход,малина карамелька,2,2,AVERAGE,Умеренная,garden,/zhurnal/posadka-maliny/,improve_existing,Обновить ответы внутри существующего материала и связать с расчётом посадки.,посадка малины,posadka-maliny.xlsx:Queries,1,False
малина карамелька ремонтантная описание отзывы,малина карамелька,2,3,AVERAGE,Умеренная,garden,/sorta/karamelka/,improve_cultivar,"Проверить полноту описания, фото и сравнения; отзывы и урожайность добавлять только по фактическим источникам.",сорта малины,sorta-maliny.xlsx:AdditionalQueries,1,False
малина китайская фото и описание отзывы садоводов,тибетская малина,2,2,AVERAGE,Умеренная,garden,,manual_mapping,Нужна редакционная проверка намерения.,тибетская малина,tibetskaya-malina.xlsx:AdditionalQueries,1,False
малина клубника тибетская,тибетская малина,2,1,AVERAGE,Умеренная,garden,,new_botanical_article,"Сначала установить вид и источники; объяснить отличие от обычной малины, добавить проверяемые фото.",тибетская малина,tibetskaya-malina.xlsx:Queries,1,False
малина корпико описание сорта фото отзывы,малина корпико,2,6,AVERAGE,Умеренная,garden,,verify_cultivar,Сорта ещё нет в каталоге: сначала установить идентичность и собрать первоисточники; не создавать карточку из поисковой фразы.,сорта малины,sorta-maliny.xlsx:Queries,1,False
малина красная гвардия описание сорта фото отзывы садоводов урожайность,малина красная гвардия,2,6,AVERAGE,Умеренная,garden,,verify_cultivar,Сорта ещё нет в каталоге: сначала установить идентичность и собрать первоисточники; не создавать карточку из поисковой фразы.,сорта малины,sorta-maliny.xlsx:Queries,1,False
малина кустовая посадка и уход в открытом грунте,малиновое дерево,2,1,AVERAGE,Умеренная,garden,/zhurnal/posadka-maliny/,improve_existing,Обновить ответы внутри существующего материала и связать с расчётом посадки.,посадка малины,posadka-maliny.xlsx:Queries,1,False
малина лучшие сорта для средней полосы россии,сорта малины,2,7,AVERAGE,Умеренная,garden,,manual_mapping,Нужна редакционная проверка намерения.,сорта малины,sorta-maliny.xlsx:Queries,1,False
малина лучшие сорта для урала,сорта малины для урала с фотографиями,2,8,AVERAGE,Умеренная,garden,,manual_mapping,Нужна редакционная проверка намерения.,сорта малины,sorta-maliny.xlsx:Queries,1,False
малина маравилла описание отзывы,малина маравилла описание сорта,2,2,AVERAGE,Умеренная,garden,,manual_mapping,Нужна редакционная проверка намерения.,сорта малины,sorta-maliny.xlsx:AdditionalQueries,1,False
малина московский гигант описание сорта фото,малина московский гигант,2,2,AVERAGE,Умеренная,garden,,verify_cultivar,Сорта ещё нет в каталоге: сначала установить идентичность и собрать первоисточники; не создавать карточку из поисковой фразы.,посадка малины,posadka-maliny.xlsx:AdditionalQueries,1,False
малина московский гигант ремонтантная или нет,малина московский гигант,2,1,AVERAGE,Умеренная,garden,,manual_mapping,Нужна редакционная проверка намерения.,сорта малины,sorta-maliny.xlsx:AdditionalQueries,1,False
малина на каком расстоянии сажать,как правильно посадить малину,2,2,AVERAGE,Умеренная,garden,/zhurnal/posadka-maliny/,improve_existing,Обновить ответы внутри существующего материала и связать с расчётом посадки.,посадка малины,posadka-maliny.xlsx:AdditionalQueries,1,False
малина на каком расстоянии сажать друг от друга,как правильно посадить малину,2,2,AVERAGE,Умеренная,garden,/zhurnal/posadka-maliny/,improve_existing,Обновить ответы внутри существующего материала и связать с расчётом посадки.,посадка малины,posadka-maliny.xlsx:AdditionalQueries,1,False
малина на штамбе что это,малиновое дерево,2,3,AVERAGE,Умеренная,garden,,manual_mapping,Нужна редакционная проверка намерения.,сорта малины,sorta-maliny.xlsx:AdditionalQueries,1,False
малина не ремонтантная лучшие сорта,сорта малины,2,5,AVERAGE,Умеренная,garden,,manual_mapping,Нужна редакционная проверка намерения.,сорта малины,sorta-maliny.xlsx:Queries,1,False
малина парпл джевел описание сорта фото отзывы,парпл джевел малина описание сорта фото,2,6,AVERAGE,Умеренная,garden,,verify_cultivar,Сорта ещё нет в каталоге: сначала установить идентичность и собрать первоисточники; не создавать карточку из поисковой фразы.,сорта малины,sorta-maliny.xlsx:Queries,1,False
малина полька описание сорта посадка и уход в открытом грунте,малина полька,2,2,AVERAGE,Умеренная,garden,/zhurnal/posadka-maliny/,improve_existing,Обновить ответы внутри существующего материала и связать с расчётом посадки.,посадка малины,posadka-maliny.xlsx:Queries,1,False
малина посадка и уход в открытом,как правильно посадить малину,2,3,AVERAGE,Умеренная,garden,/zhurnal/posadka-maliny/,improve_existing,Обновить ответы внутри существующего материала и связать с расчётом посадки.,посадка малины,posadka-maliny.xlsx:Queries,1,False
малина посадка и уход в открытом грунте осенью,как правильно посадить малину,2,2,AVERAGE,Умеренная,garden,/zhurnal/posadka-maliny/,improve_existing,Обновить ответы внутри существующего материала и связать с расчётом посадки.,посадка малины,posadka-maliny.xlsx:Queries,1,False
малина пшехиба описание отзывы,малина пшехиба,2,4,AVERAGE,Умеренная,garden,/sorta/pshehiba/,improve_cultivar,"Проверить полноту описания, фото и сравнения; отзывы и урожайность добавлять только по фактическим источникам.",сорта малины,sorta-maliny.xlsx:AdditionalQueries,1,False
малина рафики описание сорта,малина рафики описание сорта,2,8,AVERAGE,Умеренная,garden,,verify_cultivar,Сорта ещё нет в каталоге: сначала установить идентичность и собрать первоисточники; не создавать карточку из поисковой фразы.,сорта малины,sorta-maliny.xlsx:Queries,1,False
малина регина описание сорта,малина регина,2,6,AVERAGE,Умеренная,garden,,verify_cultivar,Сорта ещё нет в каталоге: сначала установить идентичность и собрать первоисточники; не создавать карточку из поисковой фразы.,сорта малины,sorta-maliny.xlsx:Queries,1,False
малина ремонтантная джоан джей описание сорта,малина джоан джей,2,3,AVERAGE,Умеренная,garden,/sorta/joan-j/,improve_cultivar,"Проверить полноту описания, фото и сравнения; отзывы и урожайность добавлять только по фактическим источникам.",посадка малины,posadka-maliny.xlsx:AdditionalQueries,1,False
малина ремонтантная желтый гигант описание,малина желтый гигант,2,2,AVERAGE,Умеренная,garden,/sorta/zheltyy-gigant/,improve_cultivar,"Проверить полноту описания, фото и сравнения; отзывы и урожайность добавлять только по фактическим источникам.",сорта малины,sorta-maliny.xlsx:AdditionalQueries,1,False
малина розолистная описание сорта фото отзывы,тибетская малина,2,4,AVERAGE,Умеренная,garden,,verify_cultivar,Сорта ещё нет в каталоге: сначала установить идентичность и собрать первоисточники; не создавать карточку из поисковой фразы.,тибетская малина,tibetskaya-malina.xlsx:AdditionalQueries,1,False
малина роялти отзывы,малина роялти описание сорта фото отзывы,2,2,AVERAGE,Умеренная,garden,,manual_mapping,Нужна редакционная проверка намерения.,сорта малины,sorta-maliny.xlsx:AdditionalQueries,1,False
малина самохвал описание характеристики и отзывы,малина самохвал,2,2,AVERAGE,Умеренная,garden,/sorta/samohval/,improve_cultivar,"Проверить полноту описания, фото и сравнения; отзывы и урожайность добавлять только по фактическим источникам.",сорта малины,sorta-maliny.xlsx:AdditionalQueries,1,False
малина сказка описание сорта фото отзывы особенности,малина сказка,2,2,AVERAGE,Умеренная,garden,,verify_cultivar,Сорта ещё нет в каталоге: сначала установить идентичность и собрать первоисточники; не создавать карточку из поисковой фразы.,посадка малины,posadka-maliny.xlsx:AdditionalQueries,1,False
малина сорт гордость россии описание сорта фото отзывы,малина гордость россии,2,2,AVERAGE,Умеренная,garden,,verify_cultivar,Сорта ещё нет в каталоге: сначала установить идентичность и собрать первоисточники; не создавать карточку из поисковой фразы.,посадка малины,posadka-maliny.xlsx:AdditionalQueries,1,False
малина сорта лучшие для средней полосы,сорта малины,2,5,AVERAGE,Умеренная,garden,,manual_mapping,Нужна редакционная проверка намерения.,сорта малины,sorta-maliny.xlsx:Queries,1,False
малина тибетская описание выращивание,тибетская малина,2,1,AVERAGE,Умеренная,garden,,new_botanical_article,"Сначала установить вид и источники; объяснить отличие от обычной малины, добавить проверяемые фото.",тибетская малина,tibetskaya-malina.xlsx:Queries,1,False
малина тибетская фото и описание кустарника плоды отзывы садоводов,тибетская малина,2,2,AVERAGE,Умеренная,garden,,new_botanical_article,"Сначала установить вид и источники; объяснить отличие от обычной малины, добавить проверяемые фото.",сорта малины | тибетская малина,sorta-maliny.xlsx:AdditionalQueries | tibetskaya-malina.xlsx:Queries,2,False
малина улыбка описание сорта фото отзывы садоводов,малина улыбка,2,7,AVERAGE,Умеренная,garden,,verify_cultivar,Сорта ещё нет в каталоге: сначала установить идентичность и собрать первоисточники; не создавать карточку из поисковой фразы.,сорта малины,sorta-maliny.xlsx:Queries,1,False
малина шоша,малина шоша описание сорта,2,3,AVERAGE,Умеренная,garden,,manual_mapping,Нужна редакционная проверка намерения.,сорта малины,sorta-maliny.xlsx:AdditionalQueries,1,False
малина штамбовая что это такое фото и описание,малиновое дерево,2,1,AVERAGE,Умеренная,garden,,manual_mapping,Нужна редакционная проверка намерения.,сорта малины,sorta-maliny.xlsx:AdditionalQueries,1,False
малина эвита описание сорта,малина эвита описание сорта,2,6,AVERAGE,Умеренная,garden,,verify_cultivar,Сорта ещё нет в каталоге: сначала установить идентичность и собрать первоисточники; не создавать карточку из поисковой фразы.,сорта малины,sorta-maliny.xlsx:Queries,1,False
малина энросадира отзывы садоводов,энросадира малина описание сорта,2,3,AVERAGE,Умеренная,garden,,manual_mapping,Нужна редакционная проверка намерения.,сорта малины,sorta-maliny.xlsx:AdditionalQueries,1,False
малиновое дерево таруса описание отзывы,малина таруса описание сорта фото отзывы садоводов,2,3,AVERAGE,Умеренная,garden,/zhurnal/malinovoe-derevo-tarusa/,improve_existing,Проверить ответ о штамбовой форме и уходе; не превращать торговое название в ботанический вид.,сорта малины,sorta-maliny.xlsx:AdditionalQueries,1,False
малиновое дерево таруса посадка и уход,малиновое дерево таруса,2,2,AVERAGE,Умеренная,garden,/zhurnal/malinovoe-derevo-tarusa/,improve_existing,Проверить ответ о штамбовой форме и уходе; не превращать торговое название в ботанический вид.,посадка малины | сорта малины,posadka-maliny.xlsx:AdditionalQueries | sorta-maliny.xlsx:AdditionalQueries,2,False
малиновое дерево таруса фото отзывы,малиновое дерево таруса,2,3,AVERAGE,Умеренная,garden,/zhurnal/malinovoe-derevo-tarusa/,improve_existing,Проверить ответ о штамбовой форме и уходе; не превращать торговое название в ботанический вид.,малина,malina.xlsx:AdditionalQueries,1,False
малину чем обработать весной,чем обработать малину весной от болезней и вредителей,2,2,AVERAGE,Умеренная,garden,,manual_mapping,Нужна редакционная проверка намерения.,болезни малины,bolezni-maliny.xlsx:AdditionalQueries,1,False
мальвина клубника описание и отзывы,клубника мальвина,2,2,AVERAGE,Умеренная,garden,/sorta/malvina/,improve_cultivar,"Проверить полноту описания, фото и сравнения; отзывы и урожайность добавлять только по фактическим источникам.",сорта клубники,sorta-klubniki.xlsx:AdditionalQueries,1,False
место для посадки малины,как правильно посадить малину,2,1,AVERAGE,Умеренная,garden,/zhurnal/posadka-maliny/,improve_existing,Обновить ответы внутри существующего материала и связать с расчётом посадки.,посадка малины,posadka-maliny.xlsx:Queries,1,False
место для посадки малины на дачном участке как выбрать,как правильно посадить малину,2,3,AVERAGE,Умеренная,garden,/zhurnal/posadka-maliny/,improve_existing,Обновить ответы внутри существующего материала и связать с расчётом посадки.,посадка малины,posadka-maliny.xlsx:Queries,1,False
можно ли малину сажать весной,как правильно посадить малину,2,2,AVERAGE,Умеренная,garden,/zhurnal/posadka-maliny/,improve_existing,Обновить ответы внутри существующего материала и связать с расчётом посадки.,посадка малины,posadka-maliny.xlsx:AdditionalQueries,1,False
на какой год плодоносит малина после посадки саженцев,на каком расстоянии сажать малину друг от друга в ряду,2,2,AVERAGE,Умеренная,garden,/zhurnal/posadka-maliny/,improve_existing,Обновить ответы внутри существующего материала и связать с расчётом посадки.,посадка малины,posadka-maliny.xlsx:Queries,1,False
на каком расстоянии нужно сажать малину друг от друга,как правильно посадить малину,2,1,AVERAGE,Умеренная,garden,/zhurnal/posadka-maliny/,improve_existing,Обновить ответы внутри существующего материала и связать с расчётом посадки.,посадка малины,posadka-maliny.xlsx:AdditionalQueries,1,False
на клубнике появились коричневые пятна на листьях что,болезни клубники,2,4,AVERAGE,Умеренная,garden,/instrumenty/proverka-rasteniya/,new_diagnostic_hub,Подготовить руководство по болезням клубники с проверяемыми фото и различиями симптомов; связать с материалом о серой гнили.,болезни клубники,bolezni-klubniki.xlsx:AdditionalQueries,1,False
на листьях клубники красные пятна что это за болезнь,бурая пятнистость на клубнике,2,3,AVERAGE,Умеренная,garden,/instrumenty/proverka-rasteniya/,new_diagnostic_hub,Подготовить руководство по болезням клубники с проверяемыми фото и различиями симптомов; связать с материалом о серой гнили.,болезни клубники,bolezni-klubniki.xlsx:Queries,1,False
неприхотливые сорта клубники,сорта клубники,2,7,AVERAGE,Умеренная,garden,/sorta/,improve_catalog,"Уточнить путь к каталогу клубники, фильтрам и сравнению.",болезни клубники,bolezni-klubniki.xlsx:AdditionalQueries,1,False
нужно ли обрезать тибетскую малину на зиму,тибетская малина фото и описание кустарника плоды,2,2,AVERAGE,Умеренная,garden,,new_botanical_article,"Сначала установить вид и источники; объяснить отличие от обычной малины, добавить проверяемые фото.",тибетская малина,tibetskaya-malina.xlsx:Queries,1,False
обработать малину весной,уход за малиной весной,2,3,AVERAGE,Умеренная,garden,,manual_mapping,Нужна редакционная проверка намерения.,болезни малины,bolezni-maliny.xlsx:AdditionalQueries,1,False
обработка клубники от болезней и вредителей весной,обработка клубники весной,2,2,AVERAGE,Умеренная,garden,/instrumenty/proverka-rasteniya/,new_diagnostic_hub,Подготовить руководство по болезням клубники с проверяемыми фото и различиями симптомов; связать с материалом о серой гнили.,болезни клубники,bolezni-klubniki.xlsx:Queries,1,False
обработка малины весной от болезней и вредителей в мае,чем обработать малину весной от болезней и вредителей,2,4,AVERAGE,Умеренная,garden,/instrumenty/proverka-rasteniya/,diagnostic_backlog,Связать симптомы с проверкой растения; отдельный материал только после проверки источников.,болезни малины,bolezni-maliny.xlsx:Queries,1,False
обработка малины осенью от болезней и вредителей в октябре,чем обработать малину от вредителей,2,3,AVERAGE,Умеренная,garden,/instrumenty/proverka-rasteniya/,diagnostic_backlog,Связать симптомы с проверкой растения; отдельный материал только после проверки источников.,болезни малины,bolezni-maliny.xlsx:Queries,1,False
обработка малины ранней весной от болезней и вредителей,чем обработать малину весной от болезней и вредителей,2,3,AVERAGE,Умеренная,garden,/instrumenty/proverka-rasteniya/,diagnostic_backlog,Связать симптомы с проверкой растения; отдельный материал только после проверки источников.,болезни малины,bolezni-maliny.xlsx:Queries,1,False
описание клубники клери,клубника клери,2,3,AVERAGE,Умеренная,garden,/sorta/kleri/,improve_cultivar,"Проверить полноту описания, фото и сравнения; отзывы и урожайность добавлять только по фактическим источникам.",сорта клубники,sorta-klubniki.xlsx:AdditionalQueries,1,False
первая обработка малины весной,чем обработать малину весной от болезней и вредителей,2,2,AVERAGE,Умеренная,garden,,manual_mapping,Нужна редакционная проверка намерения.,болезни малины,bolezni-maliny.xlsx:AdditionalQueries,1,False
подготовка почвы для посадки клубники в августе,посадка клубники в августе,2,2,AVERAGE,Умеренная,garden,/zhurnal/posadka-klubniki/,improve_existing,"Дополнить существующий материал ответами по срокам и условиям, связать с инструментом срока посадки.",болезни клубники,bolezni-klubniki.xlsx:AdditionalQueries,1,False
покажи малину тибетскую,тибетская малина фото,2,1,AVERAGE,Умеренная,garden,,new_botanical_article,"Сначала установить вид и источники; объяснить отличие от обычной малины, добавить проверяемые фото.",тибетская малина,tibetskaya-malina.xlsx:Queries,1,False
полка малина описание,малина полька,2,2,AVERAGE,Умеренная,garden,,manual_mapping,Нужна редакционная проверка намерения.,сорта малины,sorta-maliny.xlsx:AdditionalQueries,1,False
полька малина описание сорта фото отзывы особенности выращивания,малина полька,2,2,AVERAGE,Умеренная,garden,/sorta/polka/,improve_cultivar,"Проверить полноту описания, фото и сравнения; отзывы и урожайность добавлять только по фактическим источникам.",посадка малины,posadka-maliny.xlsx:AdditionalQueries,1,False
посадка малинового дерева,малиновое дерево,2,2,AVERAGE,Умеренная,garden,/zhurnal/posadka-maliny/,improve_existing,Обновить ответы внутри существующего материала и связать с расчётом посадки.,малина,malina.xlsx:AdditionalQueries,1,False
посадка малины в колеса осенью,посадка малины в колеса осенью,2,2,AVERAGE,Умеренная,garden,/zhurnal/posadka-maliny/,improve_existing,Обновить ответы внутри существующего материала и связать с расчётом посадки.,посадка малины,posadka-maliny.xlsx:Queries,1,False
посадка малины в контейнеры,выращивание малины в контейнерах,2,3,AVERAGE,Умеренная,garden,/zhurnal/posadka-maliny/,improve_existing,Обновить ответы внутри существующего материала и связать с расчётом посадки.,посадка малины,posadka-maliny.xlsx:Queries,1,False
посадка малины в октябре,посадка малины осенью когда и как посадить,2,2,AVERAGE,Умеренная,garden,/zhurnal/posadka-maliny/,improve_existing,Обновить ответы внутри существующего материала и связать с расчётом посадки.,посадка малины,posadka-maliny.xlsx:Queries,1,False
посадка малины из семян в домашних условиях,как вырастить малину из семян,2,3,AVERAGE,Умеренная,garden,/zhurnal/posadka-maliny/,improve_existing,Обновить ответы внутри существующего материала и связать с расчётом посадки.,посадка малины,posadka-maliny.xlsx:Queries,1,False
посадка малины осенью видео,посадка малины видео,2,2,AVERAGE,Умеренная,garden,/zhurnal/posadka-maliny/,improve_existing,Обновить ответы внутри существующего материала и связать с расчётом посадки.,посадка малины,posadka-maliny.xlsx:Queries,1,False
посадка малины осенью как правильно сажать расстояние между кустами и рядами,посадка малины осенью когда и как посадить,2,2,AVERAGE,Умеренная,garden,/zhurnal/posadka-maliny/,improve_existing,Обновить ответы внутри существующего материала и связать с расчётом посадки.,посадка малины,posadka-maliny.xlsx:Queries,1,False
посадка малины осенью когда и как правильно сажать в открытый грунт,посадка малины осенью когда и как посадить,2,4,AVERAGE,Умеренная,garden,/zhurnal/posadka-maliny/,improve_existing,Обновить ответы внутри существующего материала и связать с расчётом посадки.,посадка малины,posadka-maliny.xlsx:Queries,1,False
посадка малины расстояние между кустами и рядами схема посадки,как правильно посадить малину,2,2,AVERAGE,Умеренная,garden,/zhurnal/posadka-maliny/,improve_existing,Обновить ответы внутри существующего материала и связать с расчётом посадки.,посадка малины,posadka-maliny.xlsx:Queries,1,False
посадка малины ремонтантной весной,ремонтантная малина,2,4,AVERAGE,Умеренная,garden,/zhurnal/posadka-maliny/,improve_existing,Обновить ответы внутри существующего материала и связать с расчётом посадки.,посадка малины,posadka-maliny.xlsx:Queries,1,False
посадка малины с закрытой корневой системой,как правильно посадить малину,2,4,AVERAGE,Умеренная,garden,/zhurnal/posadka-maliny/,improve_existing,Обновить ответы внутри существующего материала и связать с расчётом посадки.,посадка малины,posadka-maliny.xlsx:Queries,1,False
посадка ремонтантной малины в августе,посадка ремонтантной малины в августе,2,2,AVERAGE,Умеренная,garden,/zhurnal/posadka-maliny/,improve_existing,Обновить ответы внутри существующего материала и связать с расчётом посадки.,посадка малины,posadka-maliny.xlsx:Queries,1,False
посадка ремонтантной малины летом,посадка ремонтантной малины осенью в открытый грунт,2,1,AVERAGE,Умеренная,garden,/zhurnal/posadka-maliny/,improve_existing,Обновить ответы внутри существующего материала и связать с расчётом посадки.,посадка малины,posadka-maliny.xlsx:Queries,1,False
посадка ремонтантной малины осенью когда и как посадить,посадка ремонтантной малины осенью в открытый грунт,2,4,AVERAGE,Умеренная,garden,/zhurnal/posadka-maliny/,improve_existing,Обновить ответы внутри существующего материала и связать с расчётом посадки.,посадка малины,posadka-maliny.xlsx:Queries,1,False
посадка саженцев малины,как правильно посадить малину,2,3,AVERAGE,Умеренная,garden,/zhurnal/posadka-maliny/,improve_existing,Обновить ответы внутри существующего материала и связать с расчётом посадки.,посадка малины,posadka-maliny.xlsx:Queries,1,False
посадка смородины малины на дачном участке,когда сажать малину и смородину лучше,2,4,AVERAGE,Умеренная,garden,/zhurnal/posadka-maliny/,improve_existing,Обновить ответы внутри существующего материала и связать с расчётом посадки.,посадка малины,posadka-maliny.xlsx:Queries,1,False
посадка тибетской малины,тибетская малина фото,2,2,AVERAGE,Умеренная,garden,,new_botanical_article,"Сначала установить вид и источники; объяснить отличие от обычной малины, добавить проверяемые фото.",посадка малины | тибетская малина,posadka-maliny.xlsx:Queries | tibetskaya-malina.xlsx:Queries,2,False
посадка штамбовой малины,малиновое дерево,2,3,AVERAGE,Умеренная,garden,/zhurnal/posadka-maliny/,improve_existing,Обновить ответы внутри существующего материала и связать с расчётом посадки.,посадка малины,posadka-maliny.xlsx:Queries,1,False
посадка/малины,посадка малины весной,2,2,AVERAGE,Умеренная,garden,/zhurnal/posadka-maliny/,improve_existing,Обновить ответы внутри существующего материала и связать с расчётом посадки.,посадка малины,posadka-maliny.xlsx:Queries,1,False
почва для малины при посадке,как правильно посадить малину,2,2,AVERAGE,Умеренная,garden,/zhurnal/posadka-maliny/,improve_existing,Обновить ответы внутри существующего материала и связать с расчётом посадки.,посадка малины,posadka-maliny.xlsx:Queries,1,False
правила посадки малины весной для начинающих,как правильно посадить малину,2,3,AVERAGE,Умеренная,garden,/zhurnal/posadka-maliny/,improve_existing,Обновить ответы внутри существующего материала и связать с расчётом посадки.,посадка малины,posadka-maliny.xlsx:Queries,1,False
правила посадки малины осенью для начинающих,посадка малины осенью когда и как посадить,2,2,AVERAGE,Умеренная,garden,/zhurnal/posadka-maliny/,improve_existing,Обновить ответы внутри существующего материала и связать с расчётом посадки.,посадка малины,posadka-maliny.xlsx:Queries,1,False
правильная посадка малины весной,как правильно посадить малину,2,5,AVERAGE,Умеренная,garden,/zhurnal/posadka-maliny/,improve_existing,Обновить ответы внутри существующего материала и связать с расчётом посадки.,посадка малины,posadka-maliny.xlsx:Queries,1,False
промышленные сорта малины,промышленные сорта малины,2,7,AVERAGE,Умеренная,garden,,manual_mapping,Нужна редакционная проверка намерения.,сорта малины,sorta-maliny.xlsx:Queries,1,False
пятнистость на листьях малины,болезни малины,2,4,AVERAGE,Умеренная,garden,/instrumenty/proverka-rasteniya/,diagnostic_backlog,Связать симптомы с проверкой растения; отдельный материал только после проверки источников.,болезни малины,bolezni-maliny.xlsx:AdditionalQueries,1,False
ранние сорта малины для кубани,малина ремонтантная лучшие сорта для юга россии,2,5,AVERAGE,Умеренная,garden,,manual_mapping,Нужна редакционная проверка намерения.,сорта малины,sorta-maliny.xlsx:Queries,1,False
расстояние посадки малины друг от друга,как правильно посадить малину,2,2,AVERAGE,Умеренная,garden,/zhurnal/posadka-maliny/,improve_existing,Обновить ответы внутри существующего материала и связать с расчётом посадки.,посадка малины,posadka-maliny.xlsx:Queries,1,False
расстояние при посадке малины,как правильно посадить малину,2,1,AVERAGE,Умеренная,garden,/zhurnal/posadka-maliny/,improve_existing,Обновить ответы внутри существующего материала и связать с расчётом посадки.,посадка малины,posadka-maliny.xlsx:Queries,1,False
рейтинг сортов малины,сорта малины,2,5,AVERAGE,Умеренная,garden,,manual_mapping,Нужна редакционная проверка намерения.,сорта малины,sorta-maliny.xlsx:Queries,1,False
ремонтантная клубника мурано описание,клубника мурано,2,1,AVERAGE,Умеренная,garden,/zhurnal/remontantnaya-klubnika/,improve_existing,"Проверить, ясно ли объяснено повторное плодоношение и условия ухода.",сорта клубники,sorta-klubniki.xlsx:AdditionalQueries,1,False
ремонтантная малина посадка осенью,посадка ремонтантной малины осенью в открытый грунт,2,3,AVERAGE,Умеренная,garden,/zhurnal/posadka-maliny/,improve_existing,Обновить ответы внутри существующего материала и связать с расчётом посадки.,посадка малины,posadka-maliny.xlsx:Queries,1,False
ремонтантные сорта малины для юга россии,малина ремонтантная лучшие сорта для юга россии,2,9,AVERAGE,Умеренная,garden,,manual_mapping,Нужна редакционная проверка намерения.,сорта малины,sorta-maliny.xlsx:Queries,1,False
садовая земляника азия описание,клубника азия,2,3,AVERAGE,Умеренная,garden,/sorta/aziya/,improve_cultivar,"Проверить полноту описания, фото и сравнения; отзывы и урожайность добавлять только по фактическим источникам.",сорта клубники,sorta-klubniki.xlsx:AdditionalQueries,1,False
сажать малину осенью,посадка малины осенью когда и как посадить,2,2,AVERAGE,Умеренная,garden,/zhurnal/posadka-maliny/,improve_existing,Обновить ответы внутри существующего материала и связать с расчётом посадки.,посадка малины,posadka-maliny.xlsx:AdditionalQueries,1,False
саженец малины как посадить,как правильно посадить малину,2,1,AVERAGE,Умеренная,garden,/zhurnal/posadka-maliny/,improve_existing,Обновить ответы внутри существующего материала и связать с расчётом посадки.,посадка малины,posadka-maliny.xlsx:AdditionalQueries,1,False
самая вкусная клубника для подмосковья,лучшие сорта клубники для подмосковья,2,3,AVERAGE,Умеренная,garden,,manual_mapping,Нужна редакционная проверка намерения.,сорта клубники,sorta-klubniki.xlsx:AdditionalQueries,1,False
самая ранняя клубника,ранние сорта клубники,2,8,AVERAGE,Умеренная,garden,,manual_mapping,Нужна редакционная проверка намерения.,сорта клубники,sorta-klubniki.xlsx:AdditionalQueries,1,False
самая сладкая малина сорта,сорта малины,2,7,AVERAGE,Умеренная,garden,,manual_mapping,Нужна редакционная проверка намерения.,сорта малины,sorta-maliny.xlsx:Queries,1,False
самая урожайная малина,сорта малины,2,4,AVERAGE,Умеренная,garden,,manual_mapping,Нужна редакционная проверка намерения.,сорта малины,sorta-maliny.xlsx:AdditionalQueries,1,False
самые крупноплодные сорта малины,сорта малины,2,8,AVERAGE,Умеренная,garden,,manual_mapping,Нужна редакционная проверка намерения.,сорта малины,sorta-maliny.xlsx:Queries,1,False
самые популярные сорта клубники для подмосковья,лучшие сорта клубники для подмосковья,2,5,AVERAGE,Умеренная,garden,/sorta/,improve_catalog,"Уточнить путь к каталогу клубники, фильтрам и сравнению.",болезни клубники,bolezni-klubniki.xlsx:AdditionalQueries,1,False
самые урожайные сорта ремонтантной малины,сорта ремонтантной малины,2,5,AVERAGE,Умеренная,garden,,manual_mapping,Нужна редакционная проверка намерения.,сорта малины,sorta-maliny.xlsx:Queries,1,False
самый урожайный сорт малины,виды малины,2,5,AVERAGE,Умеренная,garden,,manual_mapping,Нужна редакционная проверка намерения.,сорта малины,sorta-maliny.xlsx:Queries,1,False
сорт гусар малина описание,малина гусар,2,2,AVERAGE,Умеренная,garden,/sorta/gusar/,improve_cultivar,"Проверить полноту описания, фото и сравнения; отзывы и урожайность добавлять только по фактическим источникам.",посадка малины,posadka-maliny.xlsx:AdditionalQueries,1,False
сорт земляники азия фото и описание,клубника азия,2,3,AVERAGE,Умеренная,garden,/sorta/aziya/,improve_cultivar,"Проверить полноту описания, фото и сравнения; отзывы и урожайность добавлять только по фактическим источникам.",клубника,klubnika.xlsx:AdditionalQueries,1,False
сорт малины мапема фото и описание,мапема малина описание,2,5,AVERAGE,Умеренная,garden,,manual_mapping,Нужна редакционная проверка намерения.,сорта малины,sorta-maliny.xlsx:Queries,1,False
сорт малины полька фото и описание сорта отзывы,малина полька,2,3,AVERAGE,Умеренная,garden,/sorta/polka/,improve_cultivar,"Проверить полноту описания, фото и сравнения; отзывы и урожайность добавлять только по фактическим источникам.",посадка малины,posadka-maliny.xlsx:AdditionalQueries,1,False
сорта клубники для подмосковья устойчивые к болезням и вредителям отзывы покупателей,лучшие сорта клубники для подмосковья,2,4,AVERAGE,Умеренная,garden,/sorta/,improve_catalog,"Уточнить путь к каталогу клубники, фильтрам и сравнению.",болезни клубники,bolezni-klubniki.xlsx:Queries,1,False
сорта клубники устойчивые к болезням,сорта клубники,2,6,AVERAGE,Умеренная,garden,/sorta/,improve_catalog,"Уточнить путь к каталогу клубники, фильтрам и сравнению.",болезни клубники,bolezni-klubniki.xlsx:Queries,1,False
сорта клубники устойчивые к болезням и вредителям и вкусные,сорта клубники,2,12,AVERAGE,Умеренная,garden,/sorta/,improve_catalog,"Уточнить путь к каталогу клубники, фильтрам и сравнению.",болезни клубники | сорта клубники,bolezni-klubniki.xlsx:Queries | sorta-klubniki.xlsx:Queries,2,False
сорта малины для сибири с фотографиями и описанием крупноплодной,лучшие сорта малины для сибири,2,7,AVERAGE,Умеренная,garden,,manual_mapping,Нужна редакционная проверка намерения.,сорта малины,sorta-maliny.xlsx:Queries,1,False
сорта малины крупноплодной с фотографиями и описанием,сорта малины,2,10,AVERAGE,Умеренная,garden,,manual_mapping,Нужна редакционная проверка намерения.,сорта малины,sorta-maliny.xlsx:Queries,1,False
сорта малины с фото,сорта малины,2,6,AVERAGE,Умеренная,garden,,manual_mapping,Нужна редакционная проверка намерения.,сорта малины,sorta-maliny.xlsx:Queries,1,False
сорта ремонтантной малины для урала,сорта малины для урала с фотографиями,2,7,AVERAGE,Умеренная,garden,,manual_mapping,Нужна редакционная проверка намерения.,сорта малины,sorta-maliny.xlsx:Queries,1,False
сорта хорошей клубники,сорта клубники,2,2,AVERAGE,Умеренная,garden,/sorta/,improve_catalog,"Уточнить путь к каталогу клубники, фильтрам и сравнению.",болезни клубники,bolezni-klubniki.xlsx:AdditionalQueries,1,False
спасатель клубники и малины от болезней и вредителей 3 в 1 (3 ампулы на 10 литров),спасатель клубники и малины 3 в 1 инструкция по применению в ампулах,2,2,AVERAGE,Умеренная,garden,/instrumenty/proverka-rasteniya/,new_diagnostic_hub,Подготовить руководство по болезням клубники с проверяемыми фото и различиями симптомов; связать с материалом о серой гнили.,болезни клубники | болезни малины,bolezni-klubniki.xlsx:Queries | bolezni-maliny.xlsx:Queries,2,False
схема посадки ремонтантной малины,схема посадки ремонтантной малины в открытом грунте,2,2,AVERAGE,Умеренная,garden,/zhurnal/posadka-maliny/,improve_existing,Обновить ответы внутри существующего материала и связать с расчётом посадки.,посадка малины,posadka-maliny.xlsx:Queries,1,False
схема посадки ремонтантной малины в открытом грунте,схема посадки ремонтантной малины в открытом грунте,2,5,AVERAGE,Умеренная,garden,/zhurnal/posadka-maliny/,improve_existing,Обновить ответы внутри существующего материала и связать с расчётом посадки.,посадка малины,posadka-maliny.xlsx:Queries,1,False
таруса малиновое дерево описание,малиновое дерево таруса,2,2,AVERAGE,Умеренная,garden,/zhurnal/malinovoe-derevo-tarusa/,improve_existing,Проверить ответ о штамбовой форме и уходе; не превращать торговое название в ботанический вид.,малина | посадка малины,malina.xlsx:AdditionalQueries | posadka-maliny.xlsx:AdditionalQueries,2,False
тибетская малина как ухаживать осенью,тибетская малина фото и описание кустарника плоды,2,2,AVERAGE,Умеренная,garden,,new_botanical_article,"Сначала установить вид и источники; объяснить отличие от обычной малины, добавить проверяемые фото.",тибетская малина,tibetskaya-malina.xlsx:Queries,1,False
тибетская малина кустарник,тибетская малина,2,1,AVERAGE,Умеренная,garden,,new_botanical_article,"Сначала установить вид и источники; объяснить отличие от обычной малины, добавить проверяемые фото.",тибетская малина,tibetskaya-malina.xlsx:Queries,1,False
тибетская малина розалин,китайская малина фото и описание отзывы садоводов,2,2,AVERAGE,Умеренная,garden,,new_botanical_article,"Сначала установить вид и источники; объяснить отличие от обычной малины, добавить проверяемые фото.",тибетская малина,tibetskaya-malina.xlsx:Queries,1,False
тибетская малина уход осенью,тибетская малина фото и описание кустарника плоды,2,5,AVERAGE,Умеренная,garden,,new_botanical_article,"Сначала установить вид и источники; объяснить отличие от обычной малины, добавить проверяемые фото.",тибетская малина,tibetskaya-malina.xlsx:Queries,1,False
тибетская малина фото и описание кустарника отзывы,тибетская малина,2,2,AVERAGE,Умеренная,garden,,new_botanical_article,"Сначала установить вид и источники; объяснить отличие от обычной малины, добавить проверяемые фото.",сорта малины | тибетская малина,sorta-maliny.xlsx:AdditionalQueries | tibetskaya-malina.xlsx:Queries,2,False
тибетская малина фото и описание отзывы,тибетская малина,2,4,AVERAGE,Умеренная,garden,,new_botanical_article,"Сначала установить вид и источники; объяснить отличие от обычной малины, добавить проверяемые фото.",сорта малины | тибетская малина,sorta-maliny.xlsx:AdditionalQueries | tibetskaya-malina.xlsx:Queries,2,False
фото тибетская малина,тибетская малина,2,3,AVERAGE,Умеренная,garden,,new_botanical_article,"Сначала установить вид и источники; объяснить отличие от обычной малины, добавить проверяемые фото.",тибетская малина,tibetskaya-malina.xlsx:Queries,1,False
чем лечить малину,болезни малины,2,3,AVERAGE,Умеренная,garden,,manual_mapping,Нужна редакционная проверка намерения.,болезни малины,bolezni-maliny.xlsx:AdditionalQueries,1,False
чем лучше обработать малину весной,чем обработать малину весной от болезней и вредителей,2,3,AVERAGE,Умеренная,garden,,manual_mapping,Нужна редакционная проверка намерения.,болезни малины,bolezni-maliny.xlsx:AdditionalQueries,1,False
чем можно обработать клубнику во время цветения от вредителей и болезней,чем опрыскивать клубнику во время цветения,2,3,AVERAGE,Умеренная,garden,/instrumenty/proverka-rasteniya/,new_diagnostic_hub,Подготовить руководство по болезням клубники с проверяемыми фото и различиями симптомов; связать с материалом о серой гнили.,болезни клубники,bolezni-klubniki.xlsx:Queries,1,False
чем обрабатывать малину весной,чем обработать малину весной от болезней и вредителей,2,1,AVERAGE,Умеренная,garden,,manual_mapping,Нужна редакционная проверка намерения.,болезни малины,bolezni-maliny.xlsx:AdditionalQueries,1,False
чем обработать весной малину,уход за малиной весной,2,3,AVERAGE,Умеренная,garden,,manual_mapping,Нужна редакционная проверка намерения.,болезни малины,bolezni-maliny.xlsx:AdditionalQueries,1,False
чем обработать землю перед посадкой клубники в августе от вредителей и болезней,чем обработать землю перед посадкой клубники в августе от вредителей и болезней,2,2,AVERAGE,Умеренная,garden,/zhurnal/posadka-klubniki/,improve_existing,"Дополнить существующий материал ответами по срокам и условиям, связать с инструментом срока посадки.",болезни клубники,bolezni-klubniki.xlsx:Queries,1,False
чем обработать землю перед посадкой клубники весной от вредителей и болезней,чем обработать землю перед посадкой клубники,2,3,AVERAGE,Умеренная,garden,/zhurnal/posadka-klubniki/,improve_existing,"Дополнить существующий материал ответами по срокам и условиям, связать с инструментом срока посадки.",болезни клубники,bolezni-klubniki.xlsx:Queries,1,False
чем обработать землю перед посадкой клубники от вредителей и болезней,какую почву любит клубника,2,4,AVERAGE,Умеренная,garden,/zhurnal/posadka-klubniki/,improve_existing,"Дополнить существующий материал ответами по срокам и условиям, связать с инструментом срока посадки.",болезни клубники,bolezni-klubniki.xlsx:Queries,1,False
чем обработать клубнику после сбора урожая от болезней и вредителей в июле,чем подкормить клубнику после плодоношения и обрезки в июле и августе,2,3,AVERAGE,Умеренная,garden,/instrumenty/proverka-rasteniya/,new_diagnostic_hub,Подготовить руководство по болезням клубники с проверяемыми фото и различиями симптомов; связать с материалом о серой гнили.,болезни клубники,bolezni-klubniki.xlsx:Queries,1,False
чем обработать клубнику после сбора урожая от болезней и вредителей после обрезки в августе,чем обработать клубнику в августе от болезней и вредителей,2,2,AVERAGE,Умеренная,garden,/instrumenty/proverka-rasteniya/,new_diagnostic_hub,Подготовить руководство по болезням клубники с проверяемыми фото и различиями симптомов; связать с материалом о серой гнили.,болезни клубники,bolezni-klubniki.xlsx:Queries,1,False
чем обработать клубнику после сбора урожая от болезней и вредителей после обрезки листьев в августе,чем подкормить клубнику после плодоношения и обрезки в июле и августе,2,1,AVERAGE,Умеренная,garden,/instrumenty/proverka-rasteniya/,new_diagnostic_hub,Подготовить руководство по болезням клубники с проверяемыми фото и различиями симптомов; связать с материалом о серой гнили.,болезни клубники,bolezni-klubniki.xlsx:Queries,1,False
чем обработать малину в августе после обрезки,уход за малиной после сбора урожая в августе,2,2,AVERAGE,Умеренная,garden,/instrumenty/obrezka-maliny/,improve_existing,Вести к инструменту выбора схемы и руководству по типу плодоношения.,болезни малины,bolezni-maliny.xlsx:AdditionalQueries,1,False
чем обработать малину весной от вредителей и болезней,чем обработать малину весной от болезней и вредителей,2,6,AVERAGE,Умеренная,garden,/instrumenty/proverka-rasteniya/,diagnostic_backlog,Связать симптомы с проверкой растения; отдельный материал только после проверки источников.,болезни малины,bolezni-maliny.xlsx:Queries,1,False
чем обработать малину от вредителей и болезней весной,чем обработать малину весной от болезней и вредителей,2,4,AVERAGE,Умеренная,garden,/instrumenty/proverka-rasteniya/,diagnostic_backlog,Связать симптомы с проверкой растения; отдельный материал только после проверки источников.,болезни малины,bolezni-maliny.xlsx:Queries,1,False
чем обработать малину ранней весной от вредителей и болезней до распускания почек,как ухаживать за малиной весной,2,3,AVERAGE,Умеренная,garden,/instrumenty/proverka-rasteniya/,diagnostic_backlog,Связать симптомы с проверкой растения; отдельный материал только после проверки источников.,болезни малины,bolezni-maliny.xlsx:Queries,1,False
чем обработать рассаду клубники перед посадкой от болезней и вредителей,чем обработать землю перед посадкой клубники,2,3,AVERAGE,Умеренная,garden,/zhurnal/posadka-klubniki/,improve_existing,"Дополнить существующий материал ответами по срокам и условиям, связать с инструментом срока посадки.",болезни клубники,bolezni-klubniki.xlsx:Queries,1,False
чем опрыскать клубнику во время плодоношения,чем обработать клубнику во время плодоношения,2,3,AVERAGE,Умеренная,garden,,manual_mapping,Нужна редакционная проверка намерения.,болезни клубники,bolezni-klubniki.xlsx:AdditionalQueries,1,False
чем опрыскать малину весной от вредителей,чем обработать малину весной от болезней и вредителей,2,4,AVERAGE,Умеренная,garden,,manual_mapping,Нужна редакционная проверка намерения.,болезни малины,bolezni-maliny.xlsx:AdditionalQueries,1,False
чем опрыскать малину от вредителей весной,чем обработать малину весной от болезней и вредителей,2,3,AVERAGE,Умеренная,garden,,manual_mapping,Нужна редакционная проверка намерения.,болезни малины,bolezni-maliny.xlsx:AdditionalQueries,1,False
чем опрыскивать малину весной от вредителей,чем обработать малину весной от болезней и вредителей,2,2,AVERAGE,Умеренная,garden,,manual_mapping,Нужна редакционная проверка намерения.,болезни малины,bolezni-maliny.xlsx:AdditionalQueries,1,False
чем опрыскивать малину осенью от болезней и вредителей,чем обработать малину от вредителей,2,3,AVERAGE,Умеренная,garden,/instrumenty/proverka-rasteniya/,diagnostic_backlog,Связать симптомы с проверкой растения; отдельный материал только после проверки источников.,болезни малины,bolezni-maliny.xlsx:Queries,1,False
чем побрызгать малину весной от вредителей,чем обработать малину весной от болезней и вредителей,2,2,AVERAGE,Умеренная,garden,,manual_mapping,Нужна редакционная проверка намерения.,болезни малины,bolezni-maliny.xlsx:AdditionalQueries,1,False
через какое расстояние сажают малину,как правильно посадить малину,2,1,AVERAGE,Умеренная,garden,,manual_mapping,Нужна редакционная проверка намерения.,посадка малины,posadka-maliny.xlsx:AdditionalQueries,1,False
черная малина кумберленд уход,,2,3,AVERAGE,Умеренная,garden,,manual_mapping,Нужна редакционная проверка намерения.,посадка малины | сорта малины,posadka-maliny.xlsx:AdditionalQueries | sorta-maliny.xlsx:AdditionalQueries,2,False
что нужно положить в лунку при посадке малины,как правильно посадить малину,2,3,AVERAGE,Умеренная,garden,/zhurnal/posadka-maliny/,improve_existing,Обновить ответы внутри существующего материала и связать с расчётом посадки.,посадка малины,posadka-maliny.xlsx:Queries,1,False
что положить в лунку при посадке ремонтантной малины,посадка малины весной в открытый грунт саженцами ремонтантной,2,3,AVERAGE,Умеренная,garden,/zhurnal/posadka-maliny/,improve_existing,Обновить ответы внутри существующего материала и связать с расчётом посадки.,посадка малины,posadka-maliny.xlsx:Queries,1,False
что положить в яму при посадке малины осенью,посадка малины осенью когда и как посадить,2,2,AVERAGE,Умеренная,garden,/zhurnal/posadka-maliny/,improve_existing,Обновить ответы внутри существующего материала и связать с расчётом посадки.,посадка малины,posadka-maliny.xlsx:Queries,1,False
что такое штамбовая малина,малиновое дерево,2,1,AVERAGE,Умеренная,garden,,manual_mapping,Нужна редакционная проверка намерения.,посадка малины,posadka-maliny.xlsx:AdditionalQueries,1,False
ягоды малины больные,болезни малины,2,2,AVERAGE,Умеренная,garden,,manual_mapping,Нужна редакционная проверка намерения.,болезни малины,bolezni-maliny.xlsx:AdditionalQueries,1,False
агротехника малины на даче в средней полосе,как правильно посадить малину,1,2,AVERAGE,Умеренная,garden,,manual_mapping,Нужна редакционная проверка намерения.,посадка малины,posadka-maliny.xlsx:AdditionalQueries,1,False
баковая смесь для клубники после плодоношения от болезней и вредителей,баковая смесь для обработки клубники после плодоношения,1,2,AVERAGE,Умеренная,garden,/instrumenty/proverka-rasteniya/,new_diagnostic_hub,Подготовить руководство по болезням клубники с проверяемыми фото и различиями симптомов; связать с материалом о серой гнили.,болезни клубники,bolezni-klubniki.xlsx:Queries,1,False
баковые смеси для клубники весной,баковая смесь для обработки клубники весной от болезней и вредителей,1,5,AVERAGE,Умеренная,garden,,manual_mapping,Нужна редакционная проверка намерения.,болезни клубники,bolezni-klubniki.xlsx:AdditionalQueries,1,False
биопрепараты для клубники от вредителей и болезней,актара для клубники,1,2,AVERAGE,Умеренная,garden,/instrumenty/proverka-rasteniya/,new_diagnostic_hub,Подготовить руководство по болезням клубники с проверяемыми фото и различиями симптомов; связать с материалом о серой гнили.,болезни клубники,bolezni-klubniki.xlsx:Queries,1,False
благоприятные дни для посадки малины в мае 2026г в тюмени и тюменской области,лунный посевной календарь на май 2026,1,2,AVERAGE,Умеренная,garden,/zhurnal/posadka-maliny/,improve_existing,Обновить ответы внутри существующего материала и связать с расчётом посадки.,посадка малины,posadka-maliny.xlsx:Queries,1,False
болезни вредители малины,чем обработать малину от вредителей,1,1,AVERAGE,Умеренная,garden,/instrumenty/proverka-rasteniya/,diagnostic_backlog,Связать симптомы с проверкой растения; отдельный материал только после проверки источников.,болезни малины,bolezni-maliny.xlsx:Queries,1,False
болезни и вредители клубники народные средства,народные средства для обработки клубники,1,2,AVERAGE,Умеренная,garden,/instrumenty/proverka-rasteniya/,new_diagnostic_hub,Подготовить руководство по болезням клубники с проверяемыми фото и различиями симптомов; связать с материалом о серой гнили.,болезни клубники,bolezni-klubniki.xlsx:Queries,1,False
болезни и вредители клубники народными средствами,народные средства для обработки клубники,1,2,AVERAGE,Умеренная,garden,/instrumenty/proverka-rasteniya/,new_diagnostic_hub,Подготовить руководство по болезням клубники с проверяемыми фото и различиями симптомов; связать с материалом о серой гнили.,болезни клубники,bolezni-klubniki.xlsx:Queries,1,False
болезни клубники вредители,чем обработать клубнику от вредителей,1,1,AVERAGE,Умеренная,garden,/instrumenty/proverka-rasteniya/,new_diagnostic_hub,Подготовить руководство по болезням клубники с проверяемыми фото и различиями симптомов; связать с материалом о серой гнили.,болезни клубники,bolezni-klubniki.xlsx:Queries,1,False
болезни клубники описание с фотографиями по листьям,болезни клубники,1,4,AVERAGE,Умеренная,garden,/instrumenty/proverka-rasteniya/,new_diagnostic_hub,Подготовить руководство по болезням клубники с проверяемыми фото и различиями симптомов; связать с материалом о серой гнили.,болезни клубники,bolezni-klubniki.xlsx:Queries,1,False
болезни клубники садовой,болезни клубники,1,3,AVERAGE,Умеренная,garden,/instrumenty/proverka-rasteniya/,new_diagnostic_hub,Подготовить руководство по болезням клубники с проверяемыми фото и различиями симптомов; связать с материалом о серой гнили.,болезни клубники,bolezni-klubniki.xlsx:Queries,1,False
болезни листьев клубники фото,болезни клубники,1,2,AVERAGE,Умеренная,garden,/instrumenty/proverka-rasteniya/,new_diagnostic_hub,Подготовить руководство по болезням клубники с проверяемыми фото и различиями симптомов; связать с материалом о серой гнили.,болезни клубники,bolezni-klubniki.xlsx:Queries,1,False
болезни малины и борьба с ними с фото как,болезни малины,1,1,AVERAGE,Умеренная,garden,/instrumenty/proverka-rasteniya/,diagnostic_backlog,Связать симптомы с проверкой растения; отдельный материал только после проверки источников.,болезни малины,bolezni-maliny.xlsx:Queries,1,False
болезни малины и борьба с ними с фото как выглядят,болезни малины,1,1,AVERAGE,Умеренная,garden,/instrumenty/proverka-rasteniya/,diagnostic_backlog,Связать симптомы с проверкой растения; отдельный материал только после проверки источников.,болезни малины,bolezni-maliny.xlsx:Queries,1,False
болезни малины и лечение,болезни малины,1,2,AVERAGE,Умеренная,garden,/instrumenty/proverka-rasteniya/,diagnostic_backlog,Связать симптомы с проверкой растения; отдельный материал только после проверки источников.,болезни малины,bolezni-maliny.xlsx:Queries,1,False
болезни малины их лечение,болезни ягод малины,1,1,AVERAGE,Умеренная,garden,/instrumenty/proverka-rasteniya/,diagnostic_backlog,Связать симптомы с проверкой растения; отдельный материал только после проверки источников.,болезни малины,bolezni-maliny.xlsx:Queries,1,False
болезни малины описание с фотографиями и способы лечения и профилактики летом,болезни малины,1,3,AVERAGE,Умеренная,garden,/instrumenty/proverka-rasteniya/,diagnostic_backlog,Связать симптомы с проверкой растения; отдельный материал только после проверки источников.,болезни малины,bolezni-maliny.xlsx:Queries,1,False
болезни малины по листу фото,болезни малины,1,2,AVERAGE,Умеренная,garden,/instrumenty/proverka-rasteniya/,diagnostic_backlog,Связать симптомы с проверкой растения; отдельный материал только после проверки источников.,болезни малины,bolezni-maliny.xlsx:Queries,1,False
болезни малины фото и лечение,болезни малины,1,3,AVERAGE,Умеренная,garden,/instrumenty/proverka-rasteniya/,diagnostic_backlog,Связать симптомы с проверкой растения; отдельный материал только после проверки источников.,болезни малины,bolezni-maliny.xlsx:Queries,1,False
болезни малины.,болезни малины,1,1,AVERAGE,Умеренная,garden,/instrumenty/proverka-rasteniya/,diagnostic_backlog,Связать симптомы с проверкой растения; отдельный материал только после проверки источников.,болезни малины,bolezni-maliny.xlsx:Queries,1,False
болезни у клубники,болезни клубники,1,2,AVERAGE,Умеренная,garden,/instrumenty/proverka-rasteniya/,new_diagnostic_hub,Подготовить руководство по болезням клубники с проверяемыми фото и различиями симптомов; связать с материалом о серой гнили.,болезни клубники,bolezni-klubniki.xlsx:Queries,1,False
болезни у малины,болезни малины,1,1,AVERAGE,Умеренная,garden,/instrumenty/proverka-rasteniya/,diagnostic_backlog,Связать симптомы с проверкой растения; отдельный материал только после проверки источников.,болезни малины,bolezni-maliny.xlsx:Queries,1,False
больные ягоды малины,болезни малины,1,1,AVERAGE,Умеренная,garden,,manual_mapping,Нужна редакционная проверка намерения.,болезни малины,bolezni-maliny.xlsx:AdditionalQueries,1,False
борьба с болезнями клубники народными средствами,как бороться с бурой пятнистостью на клубнике,1,1,AVERAGE,Умеренная,garden,/instrumenty/proverka-rasteniya/,new_diagnostic_hub,Подготовить руководство по болезням клубники с проверяемыми фото и различиями симптомов; связать с материалом о серой гнили.,болезни клубники,bolezni-klubniki.xlsx:Queries,1,False
бурые пятна на листьях малины,болезни малины,1,1,AVERAGE,Умеренная,garden,/instrumenty/proverka-rasteniya/,diagnostic_backlog,Связать симптомы с проверкой растения; отдельный материал только после проверки источников.,болезни малины,bolezni-maliny.xlsx:AdditionalQueries,1,False
в какое место сажать малину,как правильно посадить малину,1,1,AVERAGE,Умеренная,garden,/zhurnal/posadka-maliny/,improve_existing,Обновить ответы внутри существующего материала и связать с расчётом посадки.,посадка малины,posadka-maliny.xlsx:AdditionalQueries,1,False
в чем замочить саженцы малины перед посадкой,в чем замочить саженцы малины перед посадкой,1,1,AVERAGE,Умеренная,garden,/zhurnal/posadka-maliny/,improve_existing,Обновить ответы внутри существующего материала и связать с расчётом посадки.,посадка малины,posadka-maliny.xlsx:Queries,1,False
весенняя обработка клубники от вредителей,обработка клубники весной,1,3,AVERAGE,Умеренная,garden,,manual_mapping,Нужна редакционная проверка намерения.,болезни клубники,bolezni-klubniki.xlsx:AdditionalQueries,1,False
весенняя обработка малины от вредителей,чем обработать малину весной от болезней и вредителей,1,1,AVERAGE,Умеренная,garden,,manual_mapping,Нужна редакционная проверка намерения.,болезни малины,bolezni-maliny.xlsx:AdditionalQueries,1,False
весенняя посадка ремонтантной малины,когда сажать ремонтантную малину,1,2,AVERAGE,Умеренная,garden,/zhurnal/posadka-maliny/,improve_existing,Обновить ответы внутри существующего материала и связать с расчётом посадки.,посадка малины,posadka-maliny.xlsx:Queries,1,False
виды ремонтантной клубники,ремонтантные сорта клубники,1,1,AVERAGE,Умеренная,garden,/zhurnal/remontantnaya-klubnika/,improve_existing,"Проверить, ясно ли объяснено повторное плодоношение и условия ухода.",сорта клубники,sorta-klubniki.xlsx:AdditionalQueries,1,False
виктория альба описание сорта фото,клубника альба,1,1,AVERAGE,Умеренная,garden,/sorta/alba/,improve_cultivar,"Проверить полноту описания, фото и сравнения; отзывы и урожайность добавлять только по фактическим источникам.",клубника | сорта клубники,klubnika.xlsx:AdditionalQueries | sorta-klubniki.xlsx:AdditionalQueries,2,False
виктория альба описание сорта фото отзывы,клубника альба описание сорта,1,1,AVERAGE,Умеренная,garden,/sorta/alba/,improve_cultivar,"Проверить полноту описания, фото и сравнения; отзывы и урожайность добавлять только по фактическим источникам.",клубника | сорта клубники,klubnika.xlsx:AdditionalQueries | sorta-klubniki.xlsx:AdditionalQueries,2,False
виктория гигантелла описание сорта,клубника гигантелла,1,3,AVERAGE,Умеренная,garden,,verify_cultivar,Сорта ещё нет в каталоге: сначала установить идентичность и собрать первоисточники; не создавать карточку из поисковой фразы.,сорта клубники,sorta-klubniki.xlsx:AdditionalQueries,1,False
виктория купчиха описание сорта фото отзывы садоводов,клубника купчиха,1,2,AVERAGE,Умеренная,garden,,verify_cultivar,Сорта ещё нет в каталоге: сначала установить идентичность и собрать первоисточники; не создавать карточку из поисковой фразы.,сорта клубники,sorta-klubniki.xlsx:AdditionalQueries,1,False
виктория сорт альбион,клубника альбион,1,1,AVERAGE,Умеренная,garden,/sorta/albion/,improve_cultivar,"Проверить полноту описания, фото и сравнения; отзывы и урожайность добавлять только по фактическим источникам.",сорта клубники,sorta-klubniki.xlsx:AdditionalQueries,1,False
виктория сорт слоненок,слон клубника,1,1,AVERAGE,Умеренная,garden,,manual_mapping,Нужна редакционная проверка намерения.,сорта клубники,sorta-klubniki.xlsx:AdditionalQueries,1,False
вредители и болезни клубники,обработка клубники весной,1,2,AVERAGE,Умеренная,garden,/instrumenty/proverka-rasteniya/,new_diagnostic_hub,Подготовить руководство по болезням клубники с проверяемыми фото и различиями симптомов; связать с материалом о серой гнили.,болезни клубники,bolezni-klubniki.xlsx:Queries,1,False
вредители и болезни малины,вредители малины,1,1,AVERAGE,Умеренная,garden,/instrumenty/proverka-rasteniya/,diagnostic_backlog,Связать симптомы с проверкой растения; отдельный материал только после проверки источников.,болезни малины,bolezni-maliny.xlsx:Queries,1,False
время посадки малины осенью .,посадка малины осенью когда и как посадить,1,1,AVERAGE,Умеренная,garden,/zhurnal/posadka-maliny/,improve_existing,Обновить ответы внутри существующего материала и связать с расчётом посадки.,посадка малины,posadka-maliny.xlsx:Queries,1,False
все о выращивании малины,как правильно посадить малину,1,2,AVERAGE,Умеренная,garden,,manual_mapping,Нужна редакционная проверка намерения.,посадка малины,posadka-maliny.xlsx:AdditionalQueries,1,False
все о клубнике азия,клубника азия,1,1,AVERAGE,Умеренная,garden,/sorta/aziya/,improve_cultivar,"Проверить полноту описания, фото и сравнения; отзывы и урожайность добавлять только по фактическим источникам.",сорта клубники,sorta-klubniki.xlsx:AdditionalQueries,1,False
выращивание клубники уход от вредителей и болезни подкормка и т д,как ухаживать за клубникой,1,1,AVERAGE,Умеренная,garden,/zhurnal/chem-podkormit-klubniku-po-analizu-pochvy/,improve_existing,Проверить ответ для указанной фазы роста; сохранять выбор питания по данным анализа.,болезни клубники,bolezni-klubniki.xlsx:Queries,1,False
выращивание малинового дерева,малиновое дерево,1,2,AVERAGE,Умеренная,garden,,manual_mapping,Нужна редакционная проверка намерения.,малина | посадка малины,malina.xlsx:AdditionalQueries | posadka-maliny.xlsx:AdditionalQueries,2,False
выращивание малины в саду,как правильно посадить малину,1,2,AVERAGE,Умеренная,garden,,manual_mapping,Нужна редакционная проверка намерения.,посадка малины,posadka-maliny.xlsx:AdditionalQueries,1,False
высокоурожайные сорта малины,сорта малины,1,6,AVERAGE,Умеренная,garden,,manual_mapping,Нужна редакционная проверка намерения.,сорта малины,sorta-maliny.xlsx:Queries,1,False
где сажать малину на дачном участке,как правильно посадить малину,1,2,AVERAGE,Умеренная,garden,/zhurnal/posadka-maliny/,improve_existing,Обновить ответы внутри существующего материала и связать с расчётом посадки.,посадка малины,posadka-maliny.xlsx:AdditionalQueries,1,False
глубина посадки малины осенью,как правильно посадить малину,1,2,AVERAGE,Умеренная,garden,/zhurnal/posadka-maliny/,improve_existing,Обновить ответы внутри существующего материала и связать с расчётом посадки.,посадка малины,posadka-maliny.xlsx:Queries,1,False
грибок на малине,болезни малины,1,1,AVERAGE,Умеренная,garden,,manual_mapping,Нужна редакционная проверка намерения.,болезни малины,bolezni-maliny.xlsx:AdditionalQueries,1,False
гусар малина описание сорта фото отзывы особенности выращивания,малина гусар,1,2,AVERAGE,Умеренная,garden,/sorta/gusar/,improve_cultivar,"Проверить полноту описания, фото и сравнения; отзывы и урожайность добавлять только по фактическим источникам.",посадка малины,posadka-maliny.xlsx:AdditionalQueries,1,False
дачный участок посадка малины,как правильно посадить малину,1,3,AVERAGE,Умеренная,garden,/zhurnal/posadka-maliny/,improve_existing,Обновить ответы внутри существующего материала и связать с расчётом посадки.,посадка малины,posadka-maliny.xlsx:Queries,1,False
дерево малина что это,малиновое дерево,1,1,AVERAGE,Умеренная,garden,,manual_mapping,Нужна редакционная проверка намерения.,посадка малины,posadka-maliny.xlsx:AdditionalQueries,1,False
джоли клубника описание и отзывы,клубника джоли,1,1,AVERAGE,Умеренная,garden,/sorta/dzholi/,improve_cultivar,"Проверить полноту описания, фото и сравнения; отзывы и урожайность добавлять только по фактическим источникам.",сорта клубники,sorta-klubniki.xlsx:AdditionalQueries,1,False
дидимелла что это такое,дидимелла на малине как бороться,1,1,AVERAGE,Умеренная,garden,,new_article,"Дидимелла: проверить диагностику по первоисточникам, затем подготовить материал; схемы препаратов требуют актуальной проверки.",болезни малины,bolezni-maliny.xlsx:AdditionalQueries,1,False
до какого времени можно сажать малину осенью,посадка малины осенью когда и как посадить,1,1,AVERAGE,Умеренная,garden,/zhurnal/posadka-maliny/,improve_existing,Обновить ответы внутри существующего материала и связать с расчётом посадки.,посадка малины,posadka-maliny.xlsx:AdditionalQueries,1,False
елизавета 2 клубника ремонтантная описание,клубника елизавета 2,1,1,AVERAGE,Умеренная,garden,/zhurnal/remontantnaya-klubnika/,improve_existing,"Проверить, ясно ли объяснено повторное плодоношение и условия ухода.",сорта клубники,sorta-klubniki.xlsx:AdditionalQueries,1,False
желтая малина посадка и уход,желтая малина выращивание и уход,1,1,AVERAGE,Умеренная,garden,/zhurnal/posadka-maliny/,improve_existing,Обновить ответы внутри существующего материала и связать с расчётом посадки.,посадка малины,posadka-maliny.xlsx:Queries,1,False
желтая малина посадка и уход в открытом грунте,,1,1,AVERAGE,Умеренная,garden,/zhurnal/posadka-maliny/,improve_existing,Обновить ответы внутри существующего материала и связать с расчётом посадки.,посадка малины,posadka-maliny.xlsx:Queries,1,False
заболевания малины фото,болезни малины,1,2,AVERAGE,Умеренная,garden,,manual_mapping,Нужна редакционная проверка намерения.,болезни малины,bolezni-maliny.xlsx:AdditionalQueries,1,False
земля для посадки малины,как правильно посадить малину,1,1,AVERAGE,Умеренная,garden,/zhurnal/posadka-maliny/,improve_existing,Обновить ответы внутри существующего материала и связать с расчётом посадки.,посадка малины,posadka-maliny.xlsx:Queries,1,False
земля под малину,как правильно посадить малину,1,1,AVERAGE,Умеренная,garden,,manual_mapping,Нужна редакционная проверка намерения.,посадка малины,posadka-maliny.xlsx:AdditionalQueries,1,False
земляника альба описание сорта фото,клубника альба,1,1,AVERAGE,Умеренная,garden,/sorta/alba/,improve_cultivar,"Проверить полноту описания, фото и сравнения; отзывы и урожайность добавлять только по фактическим источникам.",сорта клубники,sorta-klubniki.xlsx:AdditionalQueries,1,False
земляника альфа отзывы,земляника альфа отзывы,1,1,AVERAGE,Умеренная,garden,/sorta/alfa/,improve_cultivar,"Проверить полноту описания, фото и сравнения; отзывы и урожайность добавлять только по фактическим источникам.",сорта клубники,sorta-klubniki.xlsx:AdditionalQueries,1,False
земляника белруби описание сорта фото отзывы садоводов,земляника белруби описание сорта,1,1,AVERAGE,Умеренная,garden,,verify_cultivar,Сорта ещё нет в каталоге: сначала установить идентичность и собрать первоисточники; не создавать карточку из поисковой фразы.,сорта клубники,sorta-klubniki.xlsx:AdditionalQueries,1,False
земляника вима ксима описание сорта фото отзывы,клубника вима ксима,1,2,AVERAGE,Умеренная,garden,,verify_cultivar,Сорта ещё нет в каталоге: сначала установить идентичность и собрать первоисточники; не создавать карточку из поисковой фразы.,сорта клубники,sorta-klubniki.xlsx:AdditionalQueries,1,False
земляника вкуснятина,клубника вкуснятина описание сорта,1,1,AVERAGE,Умеренная,garden,,manual_mapping,Нужна редакционная проверка намерения.,сорта клубники,sorta-klubniki.xlsx:AdditionalQueries,1,False
земляника крапо описание сорта,клубника крапо 10,1,1,AVERAGE,Умеренная,garden,,verify_cultivar,Сорта ещё нет в каталоге: сначала установить идентичность и собрать первоисточники; не создавать карточку из поисковой фразы.,сорта клубники,sorta-klubniki.xlsx:AdditionalQueries,1,False
земляника лималексия описание сорта,лималексия клубника описание,1,1,AVERAGE,Умеренная,garden,,verify_cultivar,Сорта ещё нет в каталоге: сначала установить идентичность и собрать первоисточники; не создавать карточку из поисковой фразы.,сорта клубники,sorta-klubniki.xlsx:AdditionalQueries,1,False
земляника лорд описание сорта отзывы,клубника лорд описание сорта фото отзывы,1,1,AVERAGE,Умеренная,garden,,verify_cultivar,Сорта ещё нет в каталоге: сначала установить идентичность и собрать первоисточники; не создавать карточку из поисковой фразы.,сорта клубники,sorta-klubniki.xlsx:AdditionalQueries,1,False
земляника лорд описание сорта фото,клубника лорд,1,2,AVERAGE,Умеренная,garden,,verify_cultivar,Сорта ещё нет в каталоге: сначала установить идентичность и собрать первоисточники; не создавать карточку из поисковой фразы.,клубника | сорта клубники,klubnika.xlsx:AdditionalQueries | sorta-klubniki.xlsx:AdditionalQueries,2,False
земляника садовая азия описание сорта фото отзывы,клубника азия описание сорта фото отзывы,1,1,AVERAGE,Умеренная,garden,/sorta/aziya/,improve_cultivar,"Проверить полноту описания, фото и сравнения; отзывы и урожайность добавлять только по фактическим источникам.",сорта клубники,sorta-klubniki.xlsx:AdditionalQueries,1,False
земляника садовая елизавета 2 описание сорта,клубника елизавета 2,1,1,AVERAGE,Умеренная,garden,,verify_cultivar,Сорта ещё нет в каталоге: сначала установить идентичность и собрать первоисточники; не создавать карточку из поисковой фразы.,сорта клубники,sorta-klubniki.xlsx:AdditionalQueries,1,False
земляника садовая лорд описание сорта,клубника лорд,1,1,AVERAGE,Умеренная,garden,,verify_cultivar,Сорта ещё нет в каталоге: сначала установить идентичность и собрать первоисточники; не создавать карточку из поисковой фразы.,сорта клубники,sorta-klubniki.xlsx:AdditionalQueries,1,False
земляника садовая чамора туруси описание сорта,клубника чамора туруси,1,1,AVERAGE,Умеренная,garden,,verify_cultivar,Сорта ещё нет в каталоге: сначала установить идентичность и собрать первоисточники; не создавать карточку из поисковой фразы.,сорта клубники,sorta-klubniki.xlsx:AdditionalQueries,1,False
земляника сирия описание,клубника сирия,1,1,AVERAGE,Умеренная,garden,/sorta/siriya/,improve_cultivar,"Проверить полноту описания, фото и сравнения; отзывы и урожайность добавлять только по фактическим источникам.",сорта клубники,sorta-klubniki.xlsx:AdditionalQueries,1,False
земляника сирия описание сорта фото,клубника сирия,1,1,AVERAGE,Умеренная,garden,/sorta/siriya/,improve_cultivar,"Проверить полноту описания, фото и сравнения; отзывы и урожайность добавлять только по фактическим источникам.",клубника | сорта клубники,klubnika.xlsx:AdditionalQueries | sorta-klubniki.xlsx:AdditionalQueries,2,False
земляника сорт азия описание,клубника азия,1,2,AVERAGE,Умеренная,garden,/sorta/aziya/,improve_cultivar,"Проверить полноту описания, фото и сравнения; отзывы и урожайность добавлять только по фактическим источникам.",болезни клубники,bolezni-klubniki.xlsx:AdditionalQueries,1,False
земляника фенелла описание сорта,клубника фенелла,1,2,AVERAGE,Умеренная,garden,,verify_cultivar,Сорта ещё нет в каталоге: сначала установить идентичность и собрать первоисточники; не создавать карточку из поисковой фразы.,сорта клубники,sorta-klubniki.xlsx:AdditionalQueries,1,False
земляника фестивальная описание сорта фото отзывы,клубника фестивальная описание сорта,1,1,AVERAGE,Умеренная,garden,/sorta/festivalnaya/,improve_cultivar,"Проверить полноту описания, фото и сравнения; отзывы и урожайность добавлять только по фактическим источникам.",сорта клубники,sorta-klubniki.xlsx:AdditionalQueries,1,False
земляника фестивальная ромашка описание,клубника фестивальная ромашка,1,2,AVERAGE,Умеренная,garden,/sorta/festivalnaya/,improve_cultivar,"Проверить полноту описания, фото и сравнения; отзывы и урожайность добавлять только по фактическим источникам.",сорта клубники,sorta-klubniki.xlsx:AdditionalQueries,1,False
земляника шарлотта описание сорта,клубника шарлотта описание сорта,1,1,AVERAGE,Умеренная,garden,,verify_cultivar,Сорта ещё нет в каталоге: сначала установить идентичность и собрать первоисточники; не создавать карточку из поисковой фразы.,сорта клубники,sorta-klubniki.xlsx:AdditionalQueries,1,False
земляничная малина фото отзывы тибетская,тибетская малина,1,1,AVERAGE,Умеренная,garden,,new_botanical_article,"Сначала установить вид и источники; объяснить отличие от обычной малины, добавить проверяемые фото.",тибетская малина,tibetskaya-malina.xlsx:Queries,1,False
кабрилло клубника описание отзывы,клубника кабрилло,1,2,AVERAGE,Умеренная,garden,/sorta/cabrillo/,improve_cultivar,"Проверить полноту описания, фото и сравнения; отзывы и урожайность добавлять только по фактическим источникам.",сорта клубники,sorta-klubniki.xlsx:AdditionalQueries,1,False
как выбрать место для посадки малины на дачном участке,на каком расстоянии сажать малину,1,1,AVERAGE,Умеренная,garden,/zhurnal/posadka-maliny/,improve_existing,Обновить ответы внутри существующего материала и связать с расчётом посадки.,посадка малины,posadka-maliny.xlsx:Queries,1,False
как вырастить тибетскую малину,тибетская малина фото,1,2,AVERAGE,Умеренная,garden,,new_botanical_article,"Сначала установить вид и источники; объяснить отличие от обычной малины, добавить проверяемые фото.",тибетская малина,tibetskaya-malina.xlsx:Queries,1,False
как выращивать малину на даче,как правильно посадить малину,1,3,AVERAGE,Умеренная,garden,,manual_mapping,Нужна редакционная проверка намерения.,посадка малины,posadka-maliny.xlsx:AdditionalQueries,1,False
как и когда сажать малину весной,как правильно посадить малину,1,2,AVERAGE,Умеренная,garden,/zhurnal/posadka-maliny/,improve_existing,Обновить ответы внутри существующего материала и связать с расчётом посадки.,посадка малины,posadka-maliny.xlsx:AdditionalQueries,1,False
как климат влияет на сроки осенней посадки малины,сроки посадки малины осенью в алтайском крае,1,1,AVERAGE,Умеренная,garden,/zhurnal/posadka-maliny/,improve_existing,Обновить ответы внутри существующего материала и связать с расчётом посадки.,посадка малины,posadka-maliny.xlsx:Queries,1,False
как обеззаразить почву перед посадкой клубники в августе в открытый грунт,чем обработать землю под клубнику,1,1,AVERAGE,Умеренная,garden,/zhurnal/posadka-klubniki/,improve_existing,"Дополнить существующий материал ответами по срокам и условиям, связать с инструментом срока посадки.",болезни клубники,bolezni-klubniki.xlsx:AdditionalQueries,1,False
как обработать клубнику нашатырным спиртом весной от вредителей и болезней,нашатырный спирт для клубники весной,1,2,AVERAGE,Умеренная,garden,/instrumenty/proverka-rasteniya/,new_diagnostic_hub,Подготовить руководство по болезням клубники с проверяемыми фото и различиями симптомов; связать с материалом о серой гнили.,болезни клубники,bolezni-klubniki.xlsx:Queries,1,False
как осенью сажать малину,посадка малины осенью когда и как посадить,1,1,AVERAGE,Умеренная,garden,/zhurnal/posadka-maliny/,improve_existing,Обновить ответы внутри существующего материала и связать с расчётом посадки.,посадка малины,posadka-maliny.xlsx:AdditionalQueries,1,False
как подготовить грядку для посадки малины,как правильно посадить малину,1,2,AVERAGE,Умеренная,garden,/zhurnal/posadka-maliny/,improve_existing,Обновить ответы внутри существующего материала и связать с расчётом посадки.,посадка малины,posadka-maliny.xlsx:Queries,1,False
как подготовить землю для посадки клубники в августе,подготовка грядки под клубнику для посадки в августе,1,1,AVERAGE,Умеренная,garden,/zhurnal/posadka-klubniki/,improve_existing,"Дополнить существующий материал ответами по срокам и условиям, связать с инструментом срока посадки.",болезни клубники,bolezni-klubniki.xlsx:AdditionalQueries,1,False
как подготовить место для посадки малины,как правильно посадить малину,1,3,AVERAGE,Умеренная,garden,/zhurnal/posadka-maliny/,improve_existing,Обновить ответы внутри существующего материала и связать с расчётом посадки.,посадка малины,posadka-maliny.xlsx:Queries,1,False
как подготовить почву для посадки малины осенью,посадка малины осенью когда и как посадить,1,1,AVERAGE,Умеренная,garden,/zhurnal/posadka-maliny/,improve_existing,Обновить ответы внутри существующего материала и связать с расчётом посадки.,посадка малины,posadka-maliny.xlsx:Queries,1,False
как посадить кусты малины,как правильно посадить малину,1,1,AVERAGE,Умеренная,garden,/zhurnal/posadka-maliny/,improve_existing,Обновить ответы внутри существующего материала и связать с расчётом посадки.,посадка малины,posadka-maliny.xlsx:AdditionalQueries,1,False
как посадить малину и когда,как правильно посадить малину,1,1,AVERAGE,Умеренная,garden,/zhurnal/posadka-maliny/,improve_existing,Обновить ответы внутри существующего материала и связать с расчётом посадки.,посадка малины,posadka-maliny.xlsx:AdditionalQueries,1,False
как посадить малину осенью на даче,посадка малины осенью когда и как посадить,1,1,AVERAGE,Умеренная,garden,/zhurnal/posadka-maliny/,improve_existing,Обновить ответы внутри существующего материала и связать с расчётом посадки.,посадка малины,posadka-maliny.xlsx:AdditionalQueries,1,False
как посадить малину осенью правильно,посадка малины осенью когда и как посадить,1,1,AVERAGE,Умеренная,garden,/zhurnal/posadka-maliny/,improve_existing,Обновить ответы внутри существующего материала и связать с расчётом посадки.,посадка малины,posadka-maliny.xlsx:AdditionalQueries,1,False
как посадить малину правильно весной,как правильно посадить малину,1,1,AVERAGE,Умеренная,garden,/zhurnal/posadka-maliny/,improve_existing,Обновить ответы внутри существующего материала и связать с расчётом посадки.,посадка малины,posadka-maliny.xlsx:AdditionalQueries,1,False
как посадить малину семенами,как вырастить малину из семян,1,1,AVERAGE,Умеренная,garden,/zhurnal/posadka-maliny/,improve_existing,Обновить ответы внутри существующего материала и связать с расчётом посадки.,посадка малины,posadka-maliny.xlsx:AdditionalQueries,1,False
как посадить саженец малины весной в открытый грунт,как правильно посадить малину,1,2,AVERAGE,Умеренная,garden,/zhurnal/posadka-maliny/,improve_existing,Обновить ответы внутри существующего материала и связать с расчётом посадки.,посадка малины,posadka-maliny.xlsx:AdditionalQueries,1,False
как правильно выбрать время для осенней посадки малины,посадка малины осенью когда и как посадить,1,1,AVERAGE,Умеренная,garden,/zhurnal/posadka-maliny/,improve_existing,Обновить ответы внутри существующего материала и связать с расчётом посадки.,посадка малины,posadka-maliny.xlsx:Queries,1,False
как правильно высадить малину,как правильно посадить малину,1,1,AVERAGE,Умеренная,garden,,manual_mapping,Нужна редакционная проверка намерения.,посадка малины,posadka-maliny.xlsx:AdditionalQueries,1,False
как правильно пересадить малину осенью на новое место в подмосковье сроки посадки,когда пересаживать малину,1,1,AVERAGE,Умеренная,garden,/zhurnal/sorta-maliny-dlya-podmoskovya-kak-vybrat/,improve_existing,Связать выбор со сравнением сортов и условиями участка; отзывы и урожайность показывать только с реальными данными.,посадка малины,posadka-maliny.xlsx:Queries,1,False
как правильно посадить малину на участке весной,как правильно посадить малину,1,1,AVERAGE,Умеренная,garden,/zhurnal/posadka-maliny/,improve_existing,Обновить ответы внутри существующего материала и связать с расчётом посадки.,посадка малины,posadka-maliny.xlsx:AdditionalQueries,1,False
как правильно посадить ремонтантную малину весной,ремонтантная малина выращивание и уход обрезка,1,1,AVERAGE,Умеренная,garden,/zhurnal/posadka-maliny/,improve_existing,Обновить ответы внутри существующего материала и связать с расчётом посадки.,посадка малины,posadka-maliny.xlsx:AdditionalQueries,1,False
как правильно посадить тибетскую малину,тибетская малина,1,1,AVERAGE,Умеренная,garden,,new_botanical_article,"Сначала установить вид и источники; объяснить отличие от обычной малины, добавить проверяемые фото.",тибетская малина,tibetskaya-malina.xlsx:Queries,1,False
как правильно сажать кусты малины,как правильно посадить малину,1,1,AVERAGE,Умеренная,garden,/zhurnal/posadka-maliny/,improve_existing,Обновить ответы внутри существующего материала и связать с расчётом посадки.,посадка малины,posadka-maliny.xlsx:AdditionalQueries,1,False
как правильно сажать малину и когда,как правильно посадить малину,1,2,AVERAGE,Умеренная,garden,/zhurnal/posadka-maliny/,improve_existing,Обновить ответы внутри существующего материала и связать с расчётом посадки.,посадка малины,posadka-maliny.xlsx:AdditionalQueries,1,False
как правильно сажать малину осенью в открытый,посадка малины осенью когда и как посадить,1,2,AVERAGE,Умеренная,garden,/zhurnal/posadka-maliny/,improve_existing,Обновить ответы внутри существующего материала и связать с расчётом посадки.,посадка малины,posadka-maliny.xlsx:AdditionalQueries,1,False
как правильно сажать ремонтантную малину весной в открытый грунт,когда сажать ремонтантную малину,1,1,AVERAGE,Умеренная,garden,/zhurnal/posadka-maliny/,improve_existing,Обновить ответы внутри существующего материала и связать с расчётом посадки.,посадка малины,posadka-maliny.xlsx:AdditionalQueries,1,False
как правильно ухаживать за клубникой в августе,чем подкормить клубнику после плодоношения и обрезки в июле и августе,1,2,AVERAGE,Умеренная,garden,,manual_mapping,Нужна редакционная проверка намерения.,болезни клубники,bolezni-klubniki.xlsx:AdditionalQueries,1,False
как размножается тибетская малина,тибетская малина,1,1,AVERAGE,Умеренная,garden,,new_botanical_article,"Сначала установить вид и источники; объяснить отличие от обычной малины, добавить проверяемые фото.",тибетская малина,tibetskaya-malina.xlsx:Queries,1,False
как растет тибетская малина,тибетская малина фото,1,1,AVERAGE,Умеренная,garden,,new_botanical_article,"Сначала установить вид и источники; объяснить отличие от обычной малины, добавить проверяемые фото.",посадка малины | тибетская малина,posadka-maliny.xlsx:AdditionalQueries | tibetskaya-malina.xlsx:Queries,2,False
как сажать малину правильно весной,как правильно посадить малину,1,1,AVERAGE,Умеренная,garden,/zhurnal/posadka-maliny/,improve_existing,Обновить ответы внутри существующего материала и связать с расчётом посадки.,посадка малины,posadka-maliny.xlsx:AdditionalQueries,1,False
как сажать малину расстояние между кустами,как правильно посадить малину,1,1,AVERAGE,Умеренная,garden,/zhurnal/posadka-maliny/,improve_existing,Обновить ответы внутри существующего материала и связать с расчётом посадки.,посадка малины,posadka-maliny.xlsx:AdditionalQueries,1,False
как сажать ремонтантную малину осенью в открытый грунт,посадка ремонтантной малины осенью в открытый грунт,1,1,AVERAGE,Умеренная,garden,/zhurnal/posadka-maliny/,improve_existing,Обновить ответы внутри существующего материала и связать с расчётом посадки.,посадка малины,posadka-maliny.xlsx:AdditionalQueries,1,False
как сажать саженцы малины осенью,посадка малины осенью когда и как посадить,1,2,AVERAGE,Умеренная,garden,/zhurnal/posadka-maliny/,improve_existing,Обновить ответы внутри существующего материала и связать с расчётом посадки.,посадка малины,posadka-maliny.xlsx:AdditionalQueries,1,False
как сажают малину весной,как правильно посадить малину,1,1,AVERAGE,Умеренная,garden,,manual_mapping,Нужна редакционная проверка намерения.,посадка малины,posadka-maliny.xlsx:AdditionalQueries,1,False
как сохранить саженец малины до весны,как сохранить саженцы малины до весны купленные зимой,1,1,AVERAGE,Умеренная,garden,,manual_mapping,Нужна редакционная проверка намерения.,посадка малины,posadka-maliny.xlsx:AdditionalQueries,1,False
как сохранить саженец малины до посадки,как сохранить саженцы малины до весны купленные зимой,1,5,AVERAGE,Умеренная,garden,/zhurnal/posadka-maliny/,improve_existing,Обновить ответы внутри существующего материала и связать с расчётом посадки.,посадка малины,posadka-maliny.xlsx:Queries,1,False
как сохранить саженцы малины до весны,как сохранить саженцы малины до весны купленные зимой,1,1,AVERAGE,Умеренная,garden,,manual_mapping,Нужна редакционная проверка намерения.,посадка малины,posadka-maliny.xlsx:AdditionalQueries,1,False
как сохранить саженцы малины до весны в домашних условиях,как сохранить саженцы малины до весны купленные зимой,1,2,AVERAGE,Умеренная,garden,,manual_mapping,Нужна редакционная проверка намерения.,посадка малины,posadka-maliny.xlsx:AdditionalQueries,1,False
как сохранить саженцы малины до посадки,как сохранить саженцы малины до весны купленные зимой,1,2,AVERAGE,Умеренная,garden,/zhurnal/posadka-maliny/,improve_existing,Обновить ответы внутри существующего материала и связать с расчётом посадки.,посадка малины,posadka-maliny.xlsx:Queries,1,False
как ухаживать за древовидной малиной,малиновое дерево,1,1,AVERAGE,Умеренная,garden,,manual_mapping,Нужна редакционная проверка намерения.,посадка малины,posadka-maliny.xlsx:AdditionalQueries,1,False
как ухаживать за малиной гусар,малина гусар,1,1,AVERAGE,Умеренная,garden,/sorta/gusar/,improve_cultivar,"Проверить полноту описания, фото и сравнения; отзывы и урожайность добавлять только по фактическим источникам.",посадка малины,posadka-maliny.xlsx:AdditionalQueries,1,False
как ухаживать за малиной кумберленд,кумберленд малина описание посадка и уход,1,1,AVERAGE,Умеренная,garden,,manual_mapping,Нужна редакционная проверка намерения.,посадка малины,posadka-maliny.xlsx:AdditionalQueries,1,False
как ухаживать за малиной маравилла,малина маравилла описание сорта,1,1,AVERAGE,Умеренная,garden,,manual_mapping,Нужна редакционная проверка намерения.,сорта малины,sorta-maliny.xlsx:AdditionalQueries,1,False
как ухаживать за малиной сказка,малина сказка описание сорта фото отзывы особенности выращивания,1,4,AVERAGE,Умеренная,garden,,manual_mapping,Нужна редакционная проверка намерения.,сорта малины,sorta-maliny.xlsx:AdditionalQueries,1,False
как часто поливать малину после посадки,как ухаживать за малиной,1,1,AVERAGE,Умеренная,garden,/zhurnal/posadka-maliny/,improve_existing,Обновить ответы внутри существующего материала и связать с расчётом посадки.,посадка малины,posadka-maliny.xlsx:Queries,1,False
какая земля подходит для малины,как правильно посадить малину,1,1,AVERAGE,Умеренная,garden,,manual_mapping,Нужна редакционная проверка намерения.,посадка малины,posadka-maliny.xlsx:AdditionalQueries,1,False
какая почва нужна для посадки малины,как правильно посадить малину,1,1,AVERAGE,Умеренная,garden,/zhurnal/posadka-maliny/,improve_existing,Обновить ответы внутри существующего материала и связать с расчётом посадки.,посадка малины,posadka-maliny.xlsx:Queries,1,False
какие лучшие сорта клубники,сорта клубники,1,2,AVERAGE,Умеренная,garden,/sorta/,improve_catalog,"Уточнить путь к каталогу клубники, фильтрам и сравнению.",болезни клубники,bolezni-klubniki.xlsx:AdditionalQueries,1,False
какие продукты противопоказаны при жкб,какие фрукты можно есть при желчнокаменной болезни,1,1,AVERAGE,Умеренная,garden,,manual_mapping,Нужна редакционная проверка намерения.,болезни клубники,bolezni-klubniki.xlsx:AdditionalQueries,1,False
какие удобрения нужны при посадке малины,как правильно посадить малину,1,1,AVERAGE,Умеренная,garden,/zhurnal/posadka-maliny/,improve_existing,Обновить ответы внутри существующего материала и связать с расчётом посадки.,посадка малины,posadka-maliny.xlsx:Queries,1,False
какие удобрения при посадке малины,как правильно посадить малину,1,1,AVERAGE,Умеренная,garden,/zhurnal/posadka-maliny/,improve_existing,Обновить ответы внутри существующего материала и связать с расчётом посадки.,посадка малины,posadka-maliny.xlsx:Queries,1,False
какими болезнями болеет малина,болезни малины,1,1,AVERAGE,Умеренная,garden,/instrumenty/proverka-rasteniya/,diagnostic_backlog,Связать симптомы с проверкой растения; отдельный материал только после проверки источников.,болезни малины,bolezni-maliny.xlsx:Queries,1,False
какое расстояние между кустами малины при посадке должно быть,как правильно посадить малину,1,1,AVERAGE,Умеренная,garden,/zhurnal/posadka-maliny/,improve_existing,Обновить ответы внутри существующего материала и связать с расчётом посадки.,посадка малины,posadka-maliny.xlsx:Queries,1,False
какое расстояние между малиной при посадке,как правильно посадить малину,1,1,AVERAGE,Умеренная,garden,/zhurnal/posadka-maliny/,improve_existing,Обновить ответы внутри существующего материала и связать с расчётом посадки.,посадка малины,posadka-maliny.xlsx:Queries,1,False
какое расстояние между малиной при посадке должно быть,схема посадки малины,1,2,AVERAGE,Умеренная,garden,/zhurnal/posadka-maliny/,improve_existing,Обновить ответы внутри существующего материала и связать с расчётом посадки.,посадка малины,posadka-maliny.xlsx:Queries,1,False
какое расстояние между рядами малины,как правильно посадить малину,1,1,AVERAGE,Умеренная,garden,,manual_mapping,Нужна редакционная проверка намерения.,посадка малины,posadka-maliny.xlsx:AdditionalQueries,1,False
какое расстояние между рядами малины должно быть,как правильно посадить малину,1,2,AVERAGE,Умеренная,garden,,manual_mapping,Нужна редакционная проверка намерения.,посадка малины,posadka-maliny.xlsx:AdditionalQueries,1,False
какое удобрение вносить при посадке малины весной,как правильно посадить малину,1,1,AVERAGE,Умеренная,garden,/zhurnal/posadka-maliny/,improve_existing,Обновить ответы внутри существующего материала и связать с расчётом посадки.,посадка малины,posadka-maliny.xlsx:Queries,1,False
какой должна быть почва для малины,на каком расстоянии сажать малину,1,1,AVERAGE,Умеренная,garden,/zhurnal/posadka-maliny/,improve_existing,Обновить ответы внутри существующего материала и связать с расчётом посадки.,посадка малины,posadka-maliny.xlsx:AdditionalQueries,1,False
какой нужен грунт для малины,как правильно посадить малину,1,1,AVERAGE,Умеренная,garden,,manual_mapping,Нужна редакционная проверка намерения.,посадка малины,posadka-maliny.xlsx:AdditionalQueries,1,False
какой сорт клубники выбрать,сорта клубники,1,1,AVERAGE,Умеренная,garden,/sorta/,improve_catalog,"Уточнить путь к каталогу клубники, фильтрам и сравнению.",болезни клубники,bolezni-klubniki.xlsx:AdditionalQueries,1,False
какую клубнику лучше сажать в подмосковье,лучшие сорта клубники для подмосковья,1,1,AVERAGE,Умеренная,garden,/zhurnal/posadka-klubniki/,improve_existing,"Дополнить существующий материал ответами по срокам и условиям, связать с инструментом срока посадки.",сорта клубники,sorta-klubniki.xlsx:AdditionalQueries,1,False
какую клубнику посадить в подмосковье,лучшие сорта клубники для подмосковья,1,2,AVERAGE,Умеренная,garden,/zhurnal/posadka-klubniki/,improve_existing,"Дополнить существующий материал ответами по срокам и условиям, связать с инструментом срока посадки.",болезни клубники,bolezni-klubniki.xlsx:AdditionalQueries,1,False
канал оренн малина про малину подкормка выращивание противредителей болезни и так далее,канал оренн малина про малину подкормка выращивание противредителей болезни и так далее,1,2,AVERAGE,Умеренная,garden,,new_article,Подготовить единый материал о питании малины по фазе и анализу почвы; месяцы учесть внутри него.,болезни малины,bolezni-maliny.xlsx:Queries,1,False
кармен клубника описание отзывы,клубника кармен описание сорта,1,1,AVERAGE,Умеренная,garden,,manual_mapping,Нужна редакционная проверка намерения.,сорта клубники,sorta-klubniki.xlsx:AdditionalQueries,1,False
клери земляника садовая характеристики отзывы,клубника клери описание сорта фото отзывы,1,1,AVERAGE,Умеренная,garden,/sorta/kleri/,improve_cultivar,"Проверить полноту описания, фото и сравнения; отзывы и урожайность добавлять только по фактическим источникам.",сорта клубники,sorta-klubniki.xlsx:AdditionalQueries,1,False
клери клубника описание и отзывы,клубника клери описание сорта фото отзывы,1,1,AVERAGE,Умеренная,garden,/sorta/kleri/,improve_cultivar,"Проверить полноту описания, фото и сравнения; отзывы и урожайность добавлять только по фактическим источникам.",сорта клубники,sorta-klubniki.xlsx:AdditionalQueries,1,False
клери клубника характеристика,клубника клери,1,1,AVERAGE,Умеренная,garden,/sorta/kleri/,improve_cultivar,"Проверить полноту описания, фото и сравнения; отзывы и урожайность добавлять только по фактическим источникам.",сорта клубники,sorta-klubniki.xlsx:AdditionalQueries,1,False
клубника альба описание отзывы,клубника альба,1,5,AVERAGE,Умеренная,garden,/sorta/alba/,improve_cultivar,"Проверить полноту описания, фото и сравнения; отзывы и урожайность добавлять только по фактическим источникам.",сорта клубники,sorta-klubniki.xlsx:AdditionalQueries,1,False
клубника альба фото и описание,клубника альба,1,1,AVERAGE,Умеренная,garden,/sorta/alba/,improve_cultivar,"Проверить полноту описания, фото и сравнения; отзывы и урожайность добавлять только по фактическим источникам.",сорта клубники,sorta-klubniki.xlsx:AdditionalQueries,1,False
клубника альбион описание отзывы,клубника альбион описание сорта,1,2,AVERAGE,Умеренная,garden,/sorta/albion/,improve_cultivar,"Проверить полноту описания, фото и сравнения; отзывы и урожайность добавлять только по фактическим источникам.",сорта клубники,sorta-klubniki.xlsx:AdditionalQueries,1,False
клубника боровицкая описание отзывы,клубника боровицкая,1,3,AVERAGE,Умеренная,garden,/sorta/borovitskaya/,improve_cultivar,"Проверить полноту описания, фото и сравнения; отзывы и урожайность добавлять только по фактическим источникам.",сорта клубники,sorta-klubniki.xlsx:AdditionalQueries,1,False
клубника вкуснятина описание,клубника вкуснятина описание сорта,1,2,AVERAGE,Умеренная,garden,,manual_mapping,Нужна редакционная проверка намерения.,сорта клубники,sorta-klubniki.xlsx:AdditionalQueries,1,False
клубника гигантелла описание отзывы садоводов урожайность,клубника гигантелла описание сорта,1,1,AVERAGE,Умеренная,garden,,manual_mapping,Нужна редакционная проверка намерения.,сорта клубники,sorta-klubniki.xlsx:AdditionalQueries,1,False
клубника для подмосковья лучшие,лучшие сорта клубники для подмосковья,1,1,AVERAGE,Умеренная,garden,,manual_mapping,Нужна редакционная проверка намерения.,сорта клубники,sorta-klubniki.xlsx:AdditionalQueries,1,False
клубника заболела,болезни клубники,1,1,AVERAGE,Умеренная,garden,,manual_mapping,Нужна редакционная проверка намерения.,болезни клубники,bolezni-klubniki.xlsx:AdditionalQueries,1,False
клубника и ее болезни,болезни клубники,1,1,AVERAGE,Умеренная,garden,/instrumenty/proverka-rasteniya/,new_diagnostic_hub,Подготовить руководство по болезням клубники с проверяемыми фото и различиями симптомов; связать с материалом о серой гнили.,болезни клубники,bolezni-klubniki.xlsx:Queries,1,False
клубника клери описание фото,клубника клери,1,1,AVERAGE,Умеренная,garden,/sorta/kleri/,improve_cultivar,"Проверить полноту описания, фото и сравнения; отзывы и урожайность добавлять только по фактическим источникам.",сорта клубники,sorta-klubniki.xlsx:AdditionalQueries,1,False
клубника клери описание фото отзывы,клубника клери описание сорта фото отзывы,1,1,AVERAGE,Умеренная,garden,/sorta/kleri/,improve_cultivar,"Проверить полноту описания, фото и сравнения; отзывы и урожайность добавлять только по фактическим источникам.",сорта клубники,sorta-klubniki.xlsx:AdditionalQueries,1,False
клубника клери фото и описание отзывы,клубника клери описание сорта,1,1,AVERAGE,Умеренная,garden,/sorta/kleri/,improve_cultivar,"Проверить полноту описания, фото и сравнения; отзывы и урожайность добавлять только по фактическим источникам.",сорта клубники,sorta-klubniki.xlsx:AdditionalQueries,1,False
клубника клэри описание,клубника клери,1,2,AVERAGE,Умеренная,garden,,manual_mapping,Нужна редакционная проверка намерения.,сорта клубники,sorta-klubniki.xlsx:AdditionalQueries,1,False
клубника купчиха отзывы описание,клубника купчиха описание сорта,1,1,AVERAGE,Умеренная,garden,,manual_mapping,Нужна редакционная проверка намерения.,сорта клубники,sorta-klubniki.xlsx:AdditionalQueries,1,False
клубника листья в пятнах коричневых что делать,пятна на листьях клубники,1,1,AVERAGE,Умеренная,garden,/instrumenty/proverka-rasteniya/,new_diagnostic_hub,Подготовить руководство по болезням клубники с проверяемыми фото и различиями симптомов; связать с материалом о серой гнили.,болезни клубники,bolezni-klubniki.xlsx:AdditionalQueries,1,False
клубника магнус отзывы садоводов,клубника магнус,1,2,AVERAGE,Умеренная,garden,/sorta/magnus/,improve_cultivar,"Проверить полноту описания, фото и сравнения; отзывы и урожайность добавлять только по фактическим источникам.",сорта клубники,sorta-klubniki.xlsx:AdditionalQueries,1,False
клубника мадлен описание,клубника мадлен описание сорта,1,1,AVERAGE,Умеренная,garden,,manual_mapping,Нужна редакционная проверка намерения.,сорта клубники,sorta-klubniki.xlsx:AdditionalQueries,1,False
клубника мальба описание и отзывы,клубника мальга,1,1,AVERAGE,Умеренная,garden,,manual_mapping,Нужна редакционная проверка намерения.,сорта клубники,sorta-klubniki.xlsx:AdditionalQueries,1,False
клубника мальвина описание и отзывы,клубника мальвина,1,1,AVERAGE,Умеренная,garden,/sorta/malvina/,improve_cultivar,"Проверить полноту описания, фото и сравнения; отзывы и урожайность добавлять только по фактическим источникам.",сорта клубники,sorta-klubniki.xlsx:AdditionalQueries,1,False
клубника мальвина описание фото,клубника мальвина,1,1,AVERAGE,Умеренная,garden,/sorta/malvina/,improve_cultivar,"Проверить полноту описания, фото и сравнения; отзывы и урожайность добавлять только по фактическим источникам.",сорта клубники,sorta-klubniki.xlsx:AdditionalQueries,1,False
клубника мальвина фото и описание,клубника мальвина,1,1,AVERAGE,Умеренная,garden,/sorta/malvina/,improve_cultivar,"Проверить полноту описания, фото и сравнения; отзывы и урожайность добавлять только по фактическим источникам.",сорта клубники,sorta-klubniki.xlsx:AdditionalQueries,1,False
клубника мурана описание,клубника мурано,1,1,AVERAGE,Умеренная,garden,,manual_mapping,Нужна редакционная проверка намерения.,сорта клубники,sorta-klubniki.xlsx:AdditionalQueries,1,False
клубника обработка весной от болезней,обработка клубники весной,1,2,AVERAGE,Умеренная,garden,/instrumenty/proverka-rasteniya/,new_diagnostic_hub,Подготовить руководство по болезням клубники с проверяемыми фото и различиями симптомов; связать с материалом о серой гнили.,болезни клубники,bolezni-klubniki.xlsx:Queries,1,False
клубника рейтинг лучших сортов для подмосковья,лучшие сорта клубники для подмосковья,1,2,AVERAGE,Умеренная,garden,,manual_mapping,Нужна редакционная проверка намерения.,болезни клубники,bolezni-klubniki.xlsx:AdditionalQueries,1,False
клубника сладкий колосс описание,клубника сладкий колосс описание сорта фото,1,1,AVERAGE,Умеренная,garden,,manual_mapping,Нужна редакционная проверка намерения.,сорта клубники,sorta-klubniki.xlsx:AdditionalQueries,1,False
клубники азия описание,клубника азия,1,1,AVERAGE,Умеренная,garden,/sorta/aziya/,improve_cultivar,"Проверить полноту описания, фото и сравнения; отзывы и урожайность добавлять только по фактическим источникам.",сорта клубники,sorta-klubniki.xlsx:AdditionalQueries,1,False
клубнику от болезней чем обработать,обработка клубники весной,1,1,AVERAGE,Умеренная,garden,/instrumenty/proverka-rasteniya/,new_diagnostic_hub,Подготовить руководство по болезням клубники с проверяемыми фото и различиями симптомов; связать с материалом о серой гнили.,болезни клубники,bolezni-klubniki.xlsx:Queries,1,False
когда высаживать саженцы малины весной,как правильно посадить малину,1,1,AVERAGE,Умеренная,garden,,manual_mapping,Нужна редакционная проверка намерения.,посадка малины,posadka-maliny.xlsx:AdditionalQueries,1,False
когда лучше посадить малину на дачном участке,как правильно посадить малину,1,3,AVERAGE,Умеренная,garden,/zhurnal/posadka-maliny/,improve_existing,Обновить ответы внутри существующего материала и связать с расчётом посадки.,посадка малины,posadka-maliny.xlsx:AdditionalQueries,1,False
когда лучше сажать малину весной,как правильно посадить малину,1,2,AVERAGE,Умеренная,garden,/zhurnal/posadka-maliny/,improve_existing,Обновить ответы внутри существующего материала и связать с расчётом посадки.,посадка малины,posadka-maliny.xlsx:AdditionalQueries,1,False
когда лучше сажать малину осенью,посадка малины осенью когда и как посадить,1,1,AVERAGE,Умеренная,garden,/zhurnal/posadka-maliny/,improve_existing,Обновить ответы внутри существующего материала и связать с расчётом посадки.,посадка малины,posadka-maliny.xlsx:AdditionalQueries,1,False
когда можно сажать тибетскую малину,тибетская малина,1,1,AVERAGE,Умеренная,garden,,new_botanical_article,"Сначала установить вид и источники; объяснить отличие от обычной малины, добавить проверяемые фото.",тибетская малина,tibetskaya-malina.xlsx:Queries,1,False
когда начинает плодоносить малина,когда плодоносит малина,1,1,AVERAGE,Умеренная,garden,,manual_mapping,Нужна редакционная проверка намерения.,посадка малины,posadka-maliny.xlsx:AdditionalQueries,1,False
когда начинает плодоносить малина после посадки,когда плодоносит малина,1,1,AVERAGE,Умеренная,garden,/zhurnal/posadka-maliny/,improve_existing,Обновить ответы внутри существующего материала и связать с расчётом посадки.,посадка малины,posadka-maliny.xlsx:Queries,1,False
когда начинает плодоносить малина после посадки саженцев,какую почву любит малина,1,1,AVERAGE,Умеренная,garden,/zhurnal/posadka-maliny/,improve_existing,Обновить ответы внутри существующего материала и связать с расчётом посадки.,посадка малины,posadka-maliny.xlsx:Queries,1,False
когда нужно сажать малину весной,как правильно посадить малину,1,1,AVERAGE,Умеренная,garden,/zhurnal/posadka-maliny/,improve_existing,Обновить ответы внутри существующего материала и связать с расчётом посадки.,посадка малины,posadka-maliny.xlsx:AdditionalQueries,1,False
когда обрабатывать клубнику после сбора урожая в июле и чем подкормить клубнику,уход за клубникой после плодоношения,1,1,AVERAGE,Умеренная,garden,/zhurnal/chem-podkormit-klubniku-po-analizu-pochvy/,improve_existing,Проверить ответ для указанной фазы роста; сохранять выбор питания по данным анализа.,болезни клубники,bolezni-klubniki.xlsx:AdditionalQueries,1,False
когда опрыскивать малину от вредителей весной,чем обработать малину весной от болезней и вредителей,1,1,AVERAGE,Умеренная,garden,,manual_mapping,Нужна редакционная проверка намерения.,болезни малины,bolezni-maliny.xlsx:AdditionalQueries,1,False
когда опрыскивать малину смородину и крыжовник весной от вредителей и болезней,чем опрыскать смородину и малину весной,1,1,AVERAGE,Умеренная,garden,/instrumenty/proverka-rasteniya/,diagnostic_backlog,Связать симптомы с проверкой растения; отдельный материал только после проверки источников.,болезни малины,bolezni-maliny.xlsx:Queries,1,False
когда плодоносит малина после посадки,на какой год плодоносит малина после посадки саженцев,1,1,AVERAGE,Умеренная,garden,/zhurnal/posadka-maliny/,improve_existing,Обновить ответы внутри существующего материала и связать с расчётом посадки.,посадка малины,posadka-maliny.xlsx:Queries,1,False
когда посадить малину весной,как правильно посадить малину,1,1,AVERAGE,Умеренная,garden,/zhurnal/posadka-maliny/,improve_existing,Обновить ответы внутри существующего материала и связать с расчётом посадки.,посадка малины,posadka-maliny.xlsx:AdditionalQueries,1,False
крупная клубника для сибири,сорта клубники для сибири,1,1,AVERAGE,Умеренная,garden,/podbor/,improve_selector,Использовать место и подтверждённый допуск; местную урожайность не выводить из допуска.,сорта клубники,sorta-klubniki.xlsx:AdditionalQueries,1,False
куда на участке посадить малину,как правильно посадить малину,1,1,AVERAGE,Умеренная,garden,/zhurnal/posadka-maliny/,improve_existing,Обновить ответы внутри существующего материала и связать с расчётом посадки.,посадка малины,posadka-maliny.xlsx:AdditionalQueries,1,False
кумберленд описание сорта фото отзывы,малина кумберленд,1,1,AVERAGE,Умеренная,garden,,verify_cultivar,Сорта ещё нет в каталоге: сначала установить идентичность и собрать первоисточники; не создавать карточку из поисковой фразы.,сорта малины,sorta-maliny.xlsx:AdditionalQueries,1,False
купчиха виктория описание сорта фото,клубника купчиха,1,2,AVERAGE,Умеренная,garden,,verify_cultivar,Сорта ещё нет в каталоге: сначала установить идентичность и собрать первоисточники; не создавать карточку из поисковой фразы.,сорта клубники,sorta-klubniki.xlsx:AdditionalQueries,1,False
купчиха описание сорта,клубника купчиха,1,1,AVERAGE,Умеренная,garden,,verify_cultivar,Сорта ещё нет в каталоге: сначала установить идентичность и собрать первоисточники; не создавать карточку из поисковой фразы.,сорта клубники,sorta-klubniki.xlsx:AdditionalQueries,1,False
кустовая малина посадка и уход в открытом грунте,малиновое дерево,1,1,AVERAGE,Умеренная,garden,/zhurnal/posadka-maliny/,improve_existing,Обновить ответы внутри существующего материала и связать с расчётом посадки.,посадка малины,posadka-maliny.xlsx:Queries,1,False
кустовой способ посадки малины,посадка малины расстояние между кустами и рядами схема посадки,1,2,AVERAGE,Умеренная,garden,/zhurnal/posadka-maliny/,improve_existing,Обновить ответы внутри существующего материала и связать с расчётом посадки.,посадка малины,posadka-maliny.xlsx:Queries,1,False
лист клубники болезни,болезни клубники,1,1,AVERAGE,Умеренная,garden,/instrumenty/proverka-rasteniya/,new_diagnostic_hub,Подготовить руководство по болезням клубники с проверяемыми фото и различиями симптомов; связать с материалом о серой гнили.,болезни клубники,bolezni-klubniki.xlsx:Queries,1,False
листья малины как обожженные,болезни малины,1,2,AVERAGE,Умеренная,garden,,manual_mapping,Нужна редакционная проверка намерения.,болезни малины,bolezni-maliny.xlsx:AdditionalQueries,1,False
лорд клубника описание и отзывы,клубника лорд описание сорта фото отзывы,1,1,AVERAGE,Умеренная,garden,,manual_mapping,Нужна редакционная проверка намерения.,сорта клубники,sorta-klubniki.xlsx:AdditionalQueries,1,False
лунный календарь на апрель 2026 г для посадки малины и смородины,благоприятные дни для пикировки рассады в апреле 2026,1,1,AVERAGE,Умеренная,garden,/zhurnal/posadka-maliny/,improve_existing,Обновить ответы внутри существующего материала и связать с расчётом посадки.,посадка малины,posadka-maliny.xlsx:Queries,1,False
лунный календарь на май 2026 г для посадки малины и смородины,посевной календарь на май 2026,1,2,AVERAGE,Умеренная,garden,/zhurnal/posadka-maliny/,improve_existing,Обновить ответы внутри существующего материала и связать с расчётом посадки.,посадка малины,posadka-maliny.xlsx:Queries,1,False
лучшая клубника для средней полосы,лучшие сорта клубники для средней полосы для открытого грунта,1,6,AVERAGE,Умеренная,garden,,manual_mapping,Нужна редакционная проверка намерения.,сорта клубники,sorta-klubniki.xlsx:AdditionalQueries,1,False
лучшая малина по отзывам садоводов,малина сорт,1,1,AVERAGE,Умеренная,garden,,manual_mapping,Нужна редакционная проверка намерения.,посадка малины | сорта малины,posadka-maliny.xlsx:AdditionalQueries | sorta-maliny.xlsx:AdditionalQueries,2,False
лучшее место для посадки малины,как правильно посадить малину,1,2,AVERAGE,Умеренная,garden,/zhurnal/posadka-maliny/,improve_existing,Обновить ответы внутри существующего материала и связать с расчётом посадки.,посадка малины,posadka-maliny.xlsx:Queries,1,False
лучшие неприхотливые сорта клубники,сорта клубники,1,1,AVERAGE,Умеренная,garden,/sorta/,improve_catalog,"Уточнить путь к каталогу клубники, фильтрам и сравнению.",болезни клубники,bolezni-klubniki.xlsx:AdditionalQueries,1,False
лучшие сорта ремонтантной земляники для подмосковья для открытого грунта,лучшие сорта клубники для подмосковья,1,2,AVERAGE,Умеренная,garden,,manual_mapping,Нужна редакционная проверка намерения.,сорта клубники,sorta-klubniki.xlsx:AdditionalQueries,1,False
максим виктория описание сорта,клубника максим,1,1,AVERAGE,Умеренная,garden,,verify_cultivar,Сорта ещё нет в каталоге: сначала установить идентичность и собрать первоисточники; не создавать карточку из поисковой фразы.,сорта клубники,sorta-klubniki.xlsx:AdditionalQueries,1,False
малина аврора отзывы садоводов,малина аврора отзывы садоводов,1,1,AVERAGE,Умеренная,garden,,manual_mapping,Нужна редакционная проверка намерения.,сорта малины,sorta-maliny.xlsx:AdditionalQueries,1,False
малина антарес описание,малина антарес описание сорта,1,1,AVERAGE,Умеренная,garden,,manual_mapping,Нужна редакционная проверка намерения.,сорта малины,sorta-maliny.xlsx:AdditionalQueries,1,False
малина арбат описание,арбат малина описание сорта фото отзывы,1,1,AVERAGE,Умеренная,garden,,manual_mapping,Нужна редакционная проверка намерения.,сорта малины,sorta-maliny.xlsx:AdditionalQueries,1,False
малина блестящая отзывы,малина блестящая описание сорта,1,2,AVERAGE,Умеренная,garden,,manual_mapping,Нужна редакционная проверка намерения.,сорта малины,sorta-maliny.xlsx:AdditionalQueries,1,False
малина васена видео,малина васена описание сорта фото отзывы садоводов урожайность характеристика,1,1,AVERAGE,Умеренная,garden,,manual_mapping,Нужна редакционная проверка намерения.,сорта малины,sorta-maliny.xlsx:AdditionalQueries,1,False
малина геракл описание отзывы,малина геракл,1,1,AVERAGE,Умеренная,garden,/sorta/gerakl/,improve_cultivar,"Проверить полноту описания, фото и сравнения; отзывы и урожайность добавлять только по фактическим источникам.",сорта малины,sorta-maliny.xlsx:AdditionalQueries,1,False
малина гигант рубиновый отзывы,малина рубиновый гигант описание сорта фото отзывы садоводов,1,3,AVERAGE,Умеренная,garden,,manual_mapping,Нужна редакционная проверка намерения.,сорта малины,sorta-maliny.xlsx:AdditionalQueries,1,False
малина гордость россии описание сорта посадка и уход в открытом грунте,малина гордость россии,1,1,AVERAGE,Умеренная,garden,/zhurnal/posadka-maliny/,improve_existing,Обновить ответы внутри существующего материала и связать с расчётом посадки.,посадка малины,posadka-maliny.xlsx:Queries,1,False
малина дабл голд описание сорта фото отзывы,малина дабл голд,1,5,AVERAGE,Умеренная,garden,/sorta/double-gold/,improve_cultivar,"Проверить полноту описания, фото и сравнения; отзывы и урожайность добавлять только по фактическим источникам.",сорта малины,sorta-maliny.xlsx:Queries,1,False
малина дельбар манифик описание сорта фото отзывы садоводов,малина дельбар манифик описание сорта,1,5,AVERAGE,Умеренная,garden,,verify_cultivar,Сорта ещё нет в каталоге: сначала установить идентичность и собрать первоисточники; не создавать карточку из поисковой фразы.,сорта малины,sorta-maliny.xlsx:Queries,1,False
малина для урала,сорта малины для урала с фотографиями,1,3,AVERAGE,Умеренная,garden,,manual_mapping,Нужна редакционная проверка намерения.,сорта малины,sorta-maliny.xlsx:AdditionalQueries,1,False
малина доломия описание сорта фото отзывы,малина доломия,1,10,AVERAGE,Умеренная,garden,,verify_cultivar,Сорта ещё нет в каталоге: сначала установить идентичность и собрать первоисточники; не создавать карточку из поисковой фразы.,сорта малины,sorta-maliny.xlsx:Queries,1,False
малина дочь геракла отзывы садоводов,малина дочь геракла описание сорта фото отзывы садоводов,1,1,AVERAGE,Умеренная,garden,,manual_mapping,Нужна редакционная проверка намерения.,сорта малины,sorta-maliny.xlsx:AdditionalQueries,1,False
малина дочь геракла ремонтантная,малина дочь геракла описание сорта,1,1,AVERAGE,Умеренная,garden,,manual_mapping,Нужна редакционная проверка намерения.,сорта малины,sorta-maliny.xlsx:AdditionalQueries,1,False
малина земляничная тибетская отзывы,тибетская малина,1,1,AVERAGE,Умеренная,garden,,new_botanical_article,"Сначала установить вид и источники; объяснить отличие от обычной малины, добавить проверяемые фото.",тибетская малина,tibetskaya-malina.xlsx:Queries,1,False
малина и крыжовник совместимость в посадке,малина и смородина можно ли сажать рядом,1,1,AVERAGE,Умеренная,garden,/zhurnal/posadka-maliny/,improve_existing,Обновить ответы внутри существующего материала и связать с расчётом посадки.,посадка малины,posadka-maliny.xlsx:Queries,1,False
малина и черная смородина совместимость в посадке,красная смородина рядом с малиной,1,1,AVERAGE,Умеренная,garden,/zhurnal/posadka-maliny/,improve_existing,Обновить ответы внутри существующего материала и связать с расчётом посадки.,посадка малины,posadka-maliny.xlsx:Queries,1,False
малина иллюзия описание сорта фото отзывы,малина иллюзия описание сорта фото отзывы,1,5,AVERAGE,Умеренная,garden,,verify_cultivar,Сорта ещё нет в каталоге: сначала установить идентичность и собрать первоисточники; не создавать карточку из поисковой фразы.,сорта малины,sorta-maliny.xlsx:Queries,1,False
малина как правильно сажать,как правильно посадить малину,1,1,AVERAGE,Умеренная,garden,/zhurnal/posadka-maliny/,improve_existing,Обновить ответы внутри существующего материала и связать с расчётом посадки.,посадка малины,posadka-maliny.xlsx:AdditionalQueries,1,False
малина какая лучше,сорта малины,1,1,AVERAGE,Умеренная,garden,,manual_mapping,Нужна редакционная проверка намерения.,посадка малины | сорта малины,posadka-maliny.xlsx:AdditionalQueries | sorta-maliny.xlsx:AdditionalQueries,2,False
малина карамелька описание и посадка и уход,малина карамелька,1,1,AVERAGE,Умеренная,garden,/zhurnal/posadka-maliny/,improve_existing,Обновить ответы внутри существующего материала и связать с расчётом посадки.,посадка малины,posadka-maliny.xlsx:Queries,1,False
малина карамелька описание и посадка и уход в открытом грунте,малина карамелька,1,1,AVERAGE,Умеренная,garden,/zhurnal/posadka-maliny/,improve_existing,Обновить ответы внутри существующего материала и связать с расчётом посадки.,посадка малины,posadka-maliny.xlsx:Queries,1,False
малина кларита описание сорта,малина кларита описание сорта,1,5,AVERAGE,Умеренная,garden,,verify_cultivar,Сорта ещё нет в каталоге: сначала установить идентичность и собрать первоисточники; не создавать карточку из поисковой фразы.,сорта малины,sorta-maliny.xlsx:Queries,1,False
малина когда начинает плодоносить,когда малина дает урожай,1,1,AVERAGE,Умеренная,garden,,manual_mapping,Нужна редакционная проверка намерения.,посадка малины,posadka-maliny.xlsx:AdditionalQueries,1,False
малина когда сажать лучше,как правильно посадить малину,1,2,AVERAGE,Умеренная,garden,/zhurnal/posadka-maliny/,improve_existing,Обновить ответы внутри существующего материала и связать с расчётом посадки.,посадка малины,posadka-maliny.xlsx:AdditionalQueries,1,False
малина лучшие сорта для сибири,лучшие сорта малины для сибири,1,6,AVERAGE,Умеренная,garden,,manual_mapping,Нужна редакционная проверка намерения.,сорта малины,sorta-maliny.xlsx:Queries,1,False
малина маравилла уход,малина маравилла описание сорта,1,3,AVERAGE,Умеренная,garden,,manual_mapping,Нужна редакционная проверка намерения.,сорта малины,sorta-maliny.xlsx:AdditionalQueries,1,False
малина маросейка отзывы садоводов,малина маросейка описание сорта фото отзывы садоводов урожайность характеристика,1,3,AVERAGE,Умеренная,garden,/sorta/maroseyka/,improve_cultivar,"Проверить полноту описания, фото и сравнения; отзывы и урожайность добавлять только по фактическим источникам.",сорта малины,sorta-maliny.xlsx:AdditionalQueries,1,False
малина муза,малина муза описание сорта,1,2,AVERAGE,Умеренная,garden,,manual_mapping,Нужна редакционная проверка намерения.,сорта малины,sorta-maliny.xlsx:AdditionalQueries,1,False
малина мяу мяу описание сорта,турецкая малина,1,1,AVERAGE,Умеренная,garden,,verify_cultivar,Сорта ещё нет в каталоге: сначала установить идентичность и собрать первоисточники; не создавать карточку из поисковой фразы.,тибетская малина,tibetskaya-malina.xlsx:AdditionalQueries,1,False
малина мяу мяу описание сорта фото отзывы,тибетская малина,1,2,AVERAGE,Умеренная,garden,,verify_cultivar,Сорта ещё нет в каталоге: сначала установить идентичность и собрать первоисточники; не создавать карточку из поисковой фразы.,тибетская малина,tibetskaya-malina.xlsx:AdditionalQueries,1,False
малина на штамбе как вырастить,малиновое дерево,1,1,AVERAGE,Умеренная,garden,,manual_mapping,Нужна редакционная проверка намерения.,посадка малины,posadka-maliny.xlsx:AdditionalQueries,1,False
малина на штамбе посадка и уход,штамбовая малина что это такое,1,1,AVERAGE,Умеренная,garden,/zhurnal/posadka-maliny/,improve_existing,Обновить ответы внутри существующего материала и связать с расчётом посадки.,посадка малины,posadka-maliny.xlsx:Queries,1,False
малина на штамбе посадка и уход в открытом грунте,малиновое дерево,1,1,AVERAGE,Умеренная,garden,/zhurnal/posadka-maliny/,improve_existing,Обновить ответы внутри существующего материала и связать с расчётом посадки.,посадка малины,posadka-maliny.xlsx:Queries,1,False
малина патриция уход,малина патриция,1,1,AVERAGE,Умеренная,garden,/sorta/patritsiya/,improve_cultivar,"Проверить полноту описания, фото и сравнения; отзывы и урожайность добавлять только по фактическим источникам.",сорта малины,sorta-maliny.xlsx:AdditionalQueries,1,False
малина плодоносит на какой год,на какой год плодоносит малина,1,2,AVERAGE,Умеренная,garden,,manual_mapping,Нужна редакционная проверка намерения.,посадка малины,posadka-maliny.xlsx:AdditionalQueries,1,False
малина ползучая фото и описание,тибетская малина,1,1,AVERAGE,Умеренная,garden,,manual_mapping,Нужна редакционная проверка намерения.,тибетская малина,tibetskaya-malina.xlsx:AdditionalQueries,1,False
малина полька описание сорта посадка и уход,малина полька,1,1,AVERAGE,Умеренная,garden,/zhurnal/posadka-maliny/,improve_existing,Обновить ответы внутри существующего материала и связать с расчётом посадки.,посадка малины,posadka-maliny.xlsx:Queries,1,False
малина полька уход посадка,малина полька описание сорта посадка и уход в открытом грунте,1,1,AVERAGE,Умеренная,garden,/zhurnal/posadka-maliny/,improve_existing,Обновить ответы внутри существующего материала и связать с расчётом посадки.,посадка малины,posadka-maliny.xlsx:Queries,1,False
малина посадка весной как правильно,как правильно посадить малину,1,1,AVERAGE,Умеренная,garden,/zhurnal/posadka-maliny/,improve_existing,Обновить ответы внутри существующего материала и связать с расчётом посадки.,посадка малины,posadka-maliny.xlsx:Queries,1,False
малина посадка и уход в открытом грунте весной,как правильно посадить малину,1,4,AVERAGE,Умеренная,garden,/zhurnal/posadka-maliny/,improve_existing,Обновить ответы внутри существующего материала и связать с расчётом посадки.,посадка малины,posadka-maliny.xlsx:Queries,1,False
малина посадка осенью в открытый грунт,посадка малины осенью когда и как посадить,1,2,AVERAGE,Умеренная,garden,/zhurnal/posadka-maliny/,improve_existing,Обновить ответы внутри существующего материала и связать с расчётом посадки.,посадка малины,posadka-maliny.xlsx:Queries,1,False
малина посадка уход,как правильно посадить малину,1,1,AVERAGE,Умеренная,garden,/zhurnal/posadka-maliny/,improve_existing,Обновить ответы внутри существующего материала и связать с расчётом посадки.,посадка малины,posadka-maliny.xlsx:Queries,1,False
малина пшехиба фото и описание,малина пшехиба,1,1,AVERAGE,Умеренная,garden,/sorta/pshehiba/,improve_cultivar,"Проверить полноту описания, фото и сравнения; отзывы и урожайность добавлять только по фактическим источникам.",сорта малины,sorta-maliny.xlsx:AdditionalQueries,1,False
малина ремонтантная бабье лето отзывы,малина бабье лето,1,2,AVERAGE,Умеренная,garden,,manual_mapping,Нужна редакционная проверка намерения.,сорта малины,sorta-maliny.xlsx:AdditionalQueries,1,False
малина ремонтантная геракл описание,малина геракл,1,2,AVERAGE,Умеренная,garden,/sorta/gerakl/,improve_cultivar,"Проверить полноту описания, фото и сравнения; отзывы и урожайность добавлять только по фактическим источникам.",сорта малины,sorta-maliny.xlsx:AdditionalQueries,1,False
малина ремонтантная для подмосковья,ранние сорта ремонтантной малины для подмосковья,1,2,AVERAGE,Умеренная,garden,/zhurnal/sorta-maliny-dlya-podmoskovya-kak-vybrat/,improve_existing,Связать выбор со сравнением сортов и условиями участка; отзывы и урожайность показывать только с реальными данными.,сорта малины,sorta-maliny.xlsx:AdditionalQueries,1,False
малина ремонтантная зюгана описание,малина зюгана,1,1,AVERAGE,Умеренная,garden,,manual_mapping,Нужна редакционная проверка намерения.,сорта малины,sorta-maliny.xlsx:AdditionalQueries,1,False
малина ремонтантная маравилла описание,малина маравилла,1,1,AVERAGE,Умеренная,garden,,manual_mapping,Нужна редакционная проверка намерения.,сорта малины,sorta-maliny.xlsx:AdditionalQueries,1,False
малина ремонтантная похвалинка отзывы,малина похвалинка описание сорта фото отзывы садоводов,1,1,AVERAGE,Умеренная,garden,/sorta/pohvalinka/,improve_cultivar,"Проверить полноту описания, фото и сравнения; отзывы и урожайность добавлять только по фактическим источникам.",сорта малины,sorta-maliny.xlsx:AdditionalQueries,1,False
малина садовая посадка и уход 5 золотых правил,малину,1,2,AVERAGE,Умеренная,garden,/zhurnal/posadka-maliny/,improve_existing,Обновить ответы внутри существующего материала и связать с расчётом посадки.,посадка малины,posadka-maliny.xlsx:Queries,1,False
малина саженцы для посадки dostavka-krupnomerov.ru,саженцы малины с закрытой корневой системой купить,1,1,AVERAGE,Умеренная,garden,/zhurnal/posadka-maliny/,improve_existing,Обновить ответы внутри существующего материала и связать с расчётом посадки.,посадка малины,posadka-maliny.xlsx:Queries,1,False
малина самохвал фото и описание,малина самохвал,1,1,AVERAGE,Умеренная,garden,/sorta/samohval/,improve_cultivar,"Проверить полноту описания, фото и сравнения; отзывы и урожайность добавлять только по фактическим источникам.",сорта малины,sorta-maliny.xlsx:AdditionalQueries,1,False
малина сказка описание отзывы,малиновое дерево сказка,1,1,AVERAGE,Умеренная,garden,,manual_mapping,Нужна редакционная проверка намерения.,сорта малины,sorta-maliny.xlsx:AdditionalQueries,1,False
малина сказка уход и выращивание,малина сказка описание сорта фото отзывы особенности выращивания,1,2,AVERAGE,Умеренная,garden,,manual_mapping,Нужна редакционная проверка намерения.,посадка малины,posadka-maliny.xlsx:AdditionalQueries,1,False
малина сорт гусар описание сорта фото отзывы,малина гусар,1,3,AVERAGE,Умеренная,garden,/sorta/gusar/,improve_cultivar,"Проверить полноту описания, фото и сравнения; отзывы и урожайность добавлять только по фактическим источникам.",посадка малины,posadka-maliny.xlsx:AdditionalQueries,1,False
малина сорт гусар описание фото отзывы посадка и уход,малина гусар,1,2,AVERAGE,Умеренная,garden,/zhurnal/posadka-maliny/,improve_existing,Обновить ответы внутри существующего материала и связать с расчётом посадки.,посадка малины,posadka-maliny.xlsx:Queries,1,False
малина сорт сказка описание,малина сказка,1,1,AVERAGE,Умеренная,garden,,manual_mapping,Нужна редакционная проверка намерения.,посадка малины,posadka-maliny.xlsx:AdditionalQueries,1,False
малина схема посадки,как правильно посадить малину,1,1,AVERAGE,Умеренная,garden,/zhurnal/posadka-maliny/,improve_existing,Обновить ответы внутри существующего материала и связать с расчётом посадки.,посадка малины,posadka-maliny.xlsx:Queries,1,False
малина тадмор описание сорта фото отзывы садоводов,малина тадмор,1,6,AVERAGE,Умеренная,garden,,verify_cultivar,Сорта ещё нет в каталоге: сначала установить идентичность и собрать первоисточники; не создавать карточку из поисковой фразы.,сорта малины,sorta-maliny.xlsx:Queries,1,False
малина тибетская розолистная описание и фото,тибетская малина,1,1,AVERAGE,Умеренная,garden,,new_botanical_article,"Сначала установить вид и источники; объяснить отличие от обычной малины, добавить проверяемые фото.",тибетская малина,tibetskaya-malina.xlsx:Queries,1,False
малина усанка,малина усанка описание сорта,1,1,AVERAGE,Умеренная,garden,,manual_mapping,Нужна редакционная проверка намерения.,сорта малины,sorta-maliny.xlsx:AdditionalQueries,1,False
малина устойчивая к болезням и вредителям,сорта малины,1,2,AVERAGE,Умеренная,garden,/instrumenty/proverka-rasteniya/,diagnostic_backlog,Связать симптомы с проверкой растения; отдельный материал только после проверки источников.,болезни малины,bolezni-maliny.xlsx:Queries,1,False
малина уход и посадка в бревна,малина уход и посадка в бревна,1,1,AVERAGE,Умеренная,garden,/zhurnal/posadka-maliny/,improve_existing,Обновить ответы внутри существующего материала и связать с расчётом посадки.,посадка малины,posadka-maliny.xlsx:Queries,1,False
малина уход посадка,как правильно посадить малину,1,1,AVERAGE,Умеренная,garden,/zhurnal/posadka-maliny/,improve_existing,Обновить ответы внутри существующего материала и связать с расчётом посадки.,посадка малины,posadka-maliny.xlsx:Queries,1,False
малина херитейдж описание отзывы,малина херитейдж описание,1,2,AVERAGE,Умеренная,garden,/sorta/heritage/,improve_cultivar,"Проверить полноту описания, фото и сравнения; отзывы и урожайность добавлять только по фактическим источникам.",сорта малины,sorta-maliny.xlsx:AdditionalQueries,1,False
малина штамбовая что,малиновое дерево,1,1,AVERAGE,Умеренная,garden,,manual_mapping,Нужна редакционная проверка намерения.,сорта малины,sorta-maliny.xlsx:AdditionalQueries,1,False
малиновое дерево богатырь описание сорта фото отзывы особенности выращивания,малина богатырь,1,1,AVERAGE,Умеренная,garden,/zhurnal/malinovoe-derevo-tarusa/,improve_existing,Проверить ответ о штамбовой форме и уходе; не превращать торговое название в ботанический вид.,сорта малины,sorta-maliny.xlsx:AdditionalQueries,1,False
малиновое дерево как выглядит фото,малиновое дерево,1,1,AVERAGE,Умеренная,garden,/zhurnal/malinovoe-derevo-tarusa/,improve_existing,Проверить ответ о штамбовой форме и уходе; не превращать торговое название в ботанический вид.,посадка малины,posadka-maliny.xlsx:AdditionalQueries,1,False
малиновое дерево как выращивать,малиновое дерево,1,1,AVERAGE,Умеренная,garden,/zhurnal/malinovoe-derevo-tarusa/,improve_existing,Проверить ответ о штамбовой форме и уходе; не превращать торговое название в ботанический вид.,посадка малины,posadka-maliny.xlsx:AdditionalQueries,1,False
малиновое дерево сказка описание сорта отзывы,малина сказка,1,1,AVERAGE,Умеренная,garden,/zhurnal/malinovoe-derevo-tarusa/,improve_existing,Проверить ответ о штамбовой форме и уходе; не превращать торговое название в ботанический вид.,сорта малины,sorta-maliny.xlsx:AdditionalQueries,1,False
малиновое дерево сказка описание характеристики,малина сказка,1,1,AVERAGE,Умеренная,garden,/zhurnal/malinovoe-derevo-tarusa/,improve_existing,Проверить ответ о штамбовой форме и уходе; не превращать торговое название в ботанический вид.,сорта малины,sorta-maliny.xlsx:AdditionalQueries,1,False
малиновое дерево таруса как ухаживать,малина таруса,1,1,AVERAGE,Умеренная,garden,/zhurnal/malinovoe-derevo-tarusa/,improve_existing,Проверить ответ о штамбовой форме и уходе; не превращать торговое название в ботанический вид.,посадка малины,posadka-maliny.xlsx:AdditionalQueries,1,False
малиновое дерево таруса отзывы садоводов фото и описание,малина таруса описание сорта фото отзывы садоводов,1,1,AVERAGE,Умеренная,garden,/zhurnal/malinovoe-derevo-tarusa/,improve_existing,Проверить ответ о штамбовой форме и уходе; не превращать торговое название в ботанический вид.,сорта малины,sorta-maliny.xlsx:AdditionalQueries,1,False
малиновое дерево таруса посадка,малиновое дерево таруса,1,1,AVERAGE,Умеренная,garden,/zhurnal/malinovoe-derevo-tarusa/,improve_existing,Проверить ответ о штамбовой форме и уходе; не превращать торговое название в ботанический вид.,малина,malina.xlsx:AdditionalQueries,1,False
малиновое дерево терентий отзывы,малина терентий отзывы,1,1,AVERAGE,Умеренная,garden,/zhurnal/malinovoe-derevo-tarusa/,improve_existing,Проверить ответ о штамбовой форме и уходе; не превращать торговое название в ботанический вид.,сорта малины,sorta-maliny.xlsx:AdditionalQueries,1,False
малину когда сажать осенью,посадка малины осенью когда и как посадить,1,2,AVERAGE,Умеренная,garden,/zhurnal/posadka-maliny/,improve_existing,Обновить ответы внутри существующего материала и связать с расчётом посадки.,посадка малины,posadka-maliny.xlsx:AdditionalQueries,1,False
малину можно сажать осенью,посадка малины осенью когда и как посадить,1,1,AVERAGE,Умеренная,garden,/zhurnal/posadka-maliny/,improve_existing,Обновить ответы внутри существующего материала и связать с расчётом посадки.,посадка малины,posadka-maliny.xlsx:AdditionalQueries,1,False
место для малины на участке как выбрать,как правильно посадить малину,1,1,AVERAGE,Умеренная,garden,,manual_mapping,Нужна редакционная проверка намерения.,посадка малины,posadka-maliny.xlsx:AdditionalQueries,1,False
место для посадки малины на дачном участке,как правильно посадить малину,1,2,AVERAGE,Умеренная,garden,/zhurnal/posadka-maliny/,improve_existing,Обновить ответы внутри существующего материала и связать с расчётом посадки.,посадка малины,posadka-maliny.xlsx:Queries,1,False
методы борьбы с болезнями малины,болезни малины,1,1,AVERAGE,Умеренная,garden,/instrumenty/proverka-rasteniya/,diagnostic_backlog,Связать симптомы с проверкой растения; отдельный материал только после проверки источников.,болезни малины,bolezni-maliny.xlsx:Queries,1,False
микориза при посадки малины,микориза при посадки малины,1,1,AVERAGE,Умеренная,garden,/zhurnal/posadka-maliny/,improve_existing,Обновить ответы внутри существующего материала и связать с расчётом посадки.,посадка малины,posadka-maliny.xlsx:Queries,1,False
можно ли весной сажать малину,как правильно посадить малину,1,1,AVERAGE,Умеренная,garden,/zhurnal/posadka-maliny/,improve_existing,Обновить ответы внутри существующего материала и связать с расчётом посадки.,посадка малины,posadka-maliny.xlsx:AdditionalQueries,1,False
можно ли выращивать малину в теплице,малина в теплице,1,2,AVERAGE,Умеренная,garden,,manual_mapping,Нужна редакционная проверка намерения.,посадка малины,posadka-maliny.xlsx:AdditionalQueries,1,False
можно ли есть клубнику при болезни почек,можно ли есть чеснок при болезни почек,1,1,AVERAGE,Умеренная,garden,/instrumenty/proverka-rasteniya/,new_diagnostic_hub,Подготовить руководство по болезням клубники с проверяемыми фото и различиями симптомов; связать с материалом о серой гнили.,болезни клубники,bolezni-klubniki.xlsx:Queries,1,False
можно ли есть клубнику при желчекаменной болезни,почему нельзя пить цикорий при желчнокаменной болезни,1,1,AVERAGE,Умеренная,garden,/instrumenty/proverka-rasteniya/,new_diagnostic_hub,Подготовить руководство по болезням клубники с проверяемыми фото и различиями симптомов; связать с материалом о серой гнили.,болезни клубники,bolezni-klubniki.xlsx:Queries,1,False
можно ли клубнику при желчекаменной болезни,какие фрукты можно есть при желчнокаменной болезни,1,1,AVERAGE,Умеренная,garden,/instrumenty/proverka-rasteniya/,new_diagnostic_hub,Подготовить руководство по болезням клубники с проверяемыми фото и различиями симптомов; связать с материалом о серой гнили.,болезни клубники,bolezni-klubniki.xlsx:Queries,1,False
моллинг белла малина,малина моллинг белла описание сорта,1,1,AVERAGE,Умеренная,garden,,manual_mapping,Нужна редакционная проверка намерения.,сорта малины,sorta-maliny.xlsx:AdditionalQueries,1,False
мурано ремонтантная клубника фото и описание,клубника мурано,1,1,AVERAGE,Умеренная,garden,/zhurnal/remontantnaya-klubnika/,improve_existing,"Проверить, ясно ли объяснено повторное плодоношение и условия ухода.",сорта клубники,sorta-klubniki.xlsx:AdditionalQueries,1,False
на какой год плодоносит малина после посадки,на какой год плодоносит малина,1,1,AVERAGE,Умеренная,garden,/zhurnal/posadka-maliny/,improve_existing,Обновить ответы внутри существующего материала и связать с расчётом посадки.,посадка малины,posadka-maliny.xlsx:Queries,1,False
на каком расстоянии высаживают малину,как правильно посадить малину,1,1,AVERAGE,Умеренная,garden,,manual_mapping,Нужна редакционная проверка намерения.,посадка малины,posadka-maliny.xlsx:AdditionalQueries,1,False
на каком расстоянии друг от друга сажать малину ремонтантную,на каком расстоянии сажать ремонтантную малину друг от друга,1,1,AVERAGE,Умеренная,garden,/zhurnal/posadka-maliny/,improve_existing,Обновить ответы внутри существующего материала и связать с расчётом посадки.,посадка малины,posadka-maliny.xlsx:AdditionalQueries,1,False
на каком расстоянии садится малина,как правильно посадить малину,1,1,AVERAGE,Умеренная,garden,,manual_mapping,Нужна редакционная проверка намерения.,посадка малины,posadka-maliny.xlsx:AdditionalQueries,1,False
на каком расстоянии сажать саженцы малины друг от друга,как правильно посадить малину,1,1,AVERAGE,Умеренная,garden,/zhurnal/posadka-maliny/,improve_existing,Обновить ответы внутри существующего материала и связать с расчётом посадки.,посадка малины,posadka-maliny.xlsx:AdditionalQueries,1,False
на клубнике появились красные пятна,пятна на листьях клубники,1,1,AVERAGE,Умеренная,garden,/instrumenty/proverka-rasteniya/,new_diagnostic_hub,Подготовить руководство по болезням клубники с проверяемыми фото и различиями симптомов; связать с материалом о серой гнили.,болезни клубники,bolezni-klubniki.xlsx:AdditionalQueries,1,False
на листьях клубники коричневые пятна что это за болезнь,болезни клубники,1,3,AVERAGE,Умеренная,garden,/instrumenty/proverka-rasteniya/,new_diagnostic_hub,Подготовить руководство по болезням клубники с проверяемыми фото и различиями симптомов; связать с материалом о серой гнили.,болезни клубники,bolezni-klubniki.xlsx:Queries,1,False
на листьях малины черные пятна,болезни малины,1,1,AVERAGE,Умеренная,garden,/instrumenty/proverka-rasteniya/,diagnostic_backlog,Связать симптомы с проверкой растения; отдельный материал только после проверки источников.,болезни малины,bolezni-maliny.xlsx:AdditionalQueries,1,False
на стволах малины коричневые пятна что это за болезнь,коричневые пятна на стеблях малины,1,1,AVERAGE,Умеренная,garden,/instrumenty/proverka-rasteniya/,diagnostic_backlog,Связать симптомы с проверкой растения; отдельный материал только после проверки источников.,болезни малины,bolezni-maliny.xlsx:Queries,1,False
на стволе малины коричневые пятна что это,болезни малины,1,2,AVERAGE,Умеренная,garden,/instrumenty/proverka-rasteniya/,diagnostic_backlog,Связать симптомы с проверкой растения; отдельный материал только после проверки источников.,болезни малины,bolezni-maliny.xlsx:AdditionalQueries,1,False
на стеблях малины коричневые пятна что это,болезни ягод малины,1,1,AVERAGE,Умеренная,garden,/instrumenty/proverka-rasteniya/,diagnostic_backlog,Связать симптомы с проверкой растения; отдельный материал только после проверки источников.,болезни малины,bolezni-maliny.xlsx:AdditionalQueries,1,False
надо ли обрезать малину при посадке осенью,посадка малины осенью когда и как посадить,1,2,AVERAGE,Умеренная,garden,/instrumenty/obrezka-maliny/,improve_existing,Вести к инструменту выбора схемы и руководству по типу плодоношения.,посадка малины,posadka-maliny.xlsx:Queries,1,False
народные средства от вредителей клубники,средство от долгоносиков,1,1,AVERAGE,Умеренная,garden,,manual_mapping,Нужна редакционная проверка намерения.,болезни клубники,bolezni-klubniki.xlsx:AdditionalQueries,1,False
народные средства от вредителей малины,народные средства от вредителей малины,1,1,AVERAGE,Умеренная,garden,,manual_mapping,Нужна редакционная проверка намерения.,болезни малины,bolezni-maliny.xlsx:AdditionalQueries,1,False
нужно ли обрезать малину при посадке осенью,посадка малины осенью когда и как посадить,1,2,AVERAGE,Умеренная,garden,/instrumenty/obrezka-maliny/,improve_existing,Вести к инструменту выбора схемы и руководству по типу плодоношения.,посадка малины,posadka-maliny.xlsx:Queries,1,False
обработать малину осенью от вредителей,чем обработать малину от вредителей,1,1,AVERAGE,Умеренная,garden,,manual_mapping,Нужна редакционная проверка намерения.,болезни малины,bolezni-maliny.xlsx:AdditionalQueries,1,False
обработка клубники весной от вредителей и болезней народными средствами,обработка клубники весной,1,1,AVERAGE,Умеренная,garden,/instrumenty/proverka-rasteniya/,new_diagnostic_hub,Подготовить руководство по болезням клубники с проверяемыми фото и различиями симптомов; связать с материалом о серой гнили.,болезни клубники,bolezni-klubniki.xlsx:Queries,1,False
обработка клубники весной от вредителей и болезней чем лучше и когда,обработка клубники весной,1,3,AVERAGE,Умеренная,garden,/instrumenty/proverka-rasteniya/,new_diagnostic_hub,Подготовить руководство по болезням клубники с проверяемыми фото и различиями симптомов; связать с материалом о серой гнили.,болезни клубники,bolezni-klubniki.xlsx:Queries,1,False
обработка клубники от болезней во время цветения,чем опрыскивать клубнику во время цветения,1,1,AVERAGE,Умеренная,garden,/instrumenty/proverka-rasteniya/,new_diagnostic_hub,Подготовить руководство по болезням клубники с проверяемыми фото и различиями симптомов; связать с материалом о серой гнили.,болезни клубники,bolezni-klubniki.xlsx:Queries,1,False
обработка клубники от болезней и вредителей народными средствами,обработка клубники весной,1,1,AVERAGE,Умеренная,garden,/instrumenty/proverka-rasteniya/,new_diagnostic_hub,Подготовить руководство по болезням клубники с проверяемыми фото и различиями симптомов; связать с материалом о серой гнили.,болезни клубники,bolezni-klubniki.xlsx:Queries,1,False
обработка клубники от болезней народными средствами,народные средства для обработки клубники,1,1,AVERAGE,Умеренная,garden,/instrumenty/proverka-rasteniya/,new_diagnostic_hub,Подготовить руководство по болезням клубники с проверяемыми фото и различиями симптомов; связать с материалом о серой гнили.,болезни клубники,bolezni-klubniki.xlsx:Queries,1,False
обработка клубники от вредителей и болезней осенью,чем обработать клубнику осенью,1,2,AVERAGE,Умеренная,garden,/instrumenty/proverka-rasteniya/,new_diagnostic_hub,Подготовить руководство по болезням клубники с проверяемыми фото и различиями симптомов; связать с материалом о серой гнили.,болезни клубники,bolezni-klubniki.xlsx:Queries,1,False
обработка клубники после сбора урожая в августе от вредителей и болезней,чем подкормить клубнику после плодоношения и обрезки в июле и августе,1,1,AVERAGE,Умеренная,garden,/instrumenty/proverka-rasteniya/,new_diagnostic_hub,Подготовить руководство по болезням клубники с проверяемыми фото и различиями симптомов; связать с материалом о серой гнили.,болезни клубники,bolezni-klubniki.xlsx:Queries,1,False
обработка малины весной от болезней,чем обработать малину весной от болезней и вредителей,1,2,AVERAGE,Умеренная,garden,/instrumenty/proverka-rasteniya/,diagnostic_backlog,Связать симптомы с проверкой растения; отдельный материал только после проверки источников.,болезни малины,bolezni-maliny.xlsx:Queries,1,False
обработка малины весной от вредителей,чем обработать малину весной от болезней и вредителей,1,3,AVERAGE,Умеренная,garden,,manual_mapping,Нужна редакционная проверка намерения.,болезни малины,bolezni-maliny.xlsx:AdditionalQueries,1,False
обработка малины до цветения,чем обработать малину весной от болезней и вредителей,1,3,AVERAGE,Умеренная,garden,,manual_mapping,Нужна редакционная проверка намерения.,болезни малины,bolezni-maliny.xlsx:AdditionalQueries,1,False
обработка малины осенью от вредителей,чем обработать малину от вредителей,1,2,AVERAGE,Умеренная,garden,,manual_mapping,Нужна редакционная проверка намерения.,болезни малины,bolezni-maliny.xlsx:AdditionalQueries,1,False
обработка малины осенью от вредителей и болезней,чем обработать малину от вредителей,1,1,AVERAGE,Умеренная,garden,/instrumenty/proverka-rasteniya/,diagnostic_backlog,Связать симптомы с проверкой растения; отдельный материал только после проверки источников.,болезни малины,bolezni-maliny.xlsx:Queries,1,False
обработка малины от болезней и вредителей,чем обработать малину весной от болезней и вредителей,1,5,AVERAGE,Умеренная,garden,/instrumenty/proverka-rasteniya/,diagnostic_backlog,Связать симптомы с проверкой растения; отдельный материал только после проверки источников.,болезни малины,bolezni-maliny.xlsx:Queries,1,False
обработка малины от болезней осенью,чем обработать малину от вредителей,1,1,AVERAGE,Умеренная,garden,/instrumenty/proverka-rasteniya/,diagnostic_backlog,Связать симптомы с проверкой растения; отдельный материал только после проверки источников.,болезни малины,bolezni-maliny.xlsx:Queries,1,False
обработка малины от вредителей осенью,чем обработать малину от вредителей,1,3,AVERAGE,Умеренная,garden,,manual_mapping,Нужна редакционная проверка намерения.,болезни малины,bolezni-maliny.xlsx:AdditionalQueries,1,False
обработки клубники весной от болезней и вредителей форум,чем обработать клубнику весной форум,1,1,AVERAGE,Умеренная,garden,/instrumenty/proverka-rasteniya/,new_diagnostic_hub,Подготовить руководство по болезням клубники с проверяемыми фото и различиями симптомов; связать с материалом о серой гнили.,болезни клубники,bolezni-klubniki.xlsx:Queries,1,False
описание малины гусар,малина гусар,1,1,AVERAGE,Умеренная,garden,/sorta/gusar/,improve_cultivar,"Проверить полноту описания, фото и сравнения; отзывы и урожайность добавлять только по фактическим источникам.",сорта малины,sorta-maliny.xlsx:AdditionalQueries,1,False
описание малины таруса,малиновое дерево таруса,1,1,AVERAGE,Умеренная,garden,/sorta/tarusa/,improve_cultivar,"Проверить полноту описания, фото и сравнения; отзывы и урожайность добавлять только по фактическим источникам.",посадка малины | сорта малины,posadka-maliny.xlsx:AdditionalQueries | sorta-maliny.xlsx:AdditionalQueries,2,False
описание сорта малины аделита,малина аделита,1,5,AVERAGE,Умеренная,garden,,verify_cultivar,Сорта ещё нет в каталоге: сначала установить идентичность и собрать первоисточники; не создавать карточку из поисковой фразы.,сорта малины,sorta-maliny.xlsx:Queries,1,False
опрыскивание малины осенью от вредителей и болезней,чем обработать малину от вредителей,1,3,AVERAGE,Умеренная,garden,/instrumenty/proverka-rasteniya/,diagnostic_backlog,Связать симптомы с проверкой растения; отдельный материал только после проверки источников.,болезни малины,bolezni-maliny.xlsx:Queries,1,False
осенняя обработка малины от вредителей,чем обработать малину от вредителей,1,1,AVERAGE,Умеренная,garden,,manual_mapping,Нужна редакционная проверка намерения.,болезни малины,bolezni-maliny.xlsx:AdditionalQueries,1,False
отзывы о клубнике черный лебедь,клубника черный лебедь описание сорта фото отзывы садоводов,1,1,AVERAGE,Умеренная,garden,,manual_mapping,Нужна редакционная проверка намерения.,сорта клубники,sorta-klubniki.xlsx:AdditionalQueries,1,False
перед посадкой клубники чем обработать землю от вредителей и болезней осенью,как подготовить грядку под клубнику для посадки осенью,1,2,AVERAGE,Умеренная,garden,/zhurnal/posadka-klubniki/,improve_existing,"Дополнить существующий материал ответами по срокам и условиям, связать с инструментом срока посадки.",болезни клубники,bolezni-klubniki.xlsx:Queries,1,False
пересадка малины весной на новое место в подмосковье сроки посадки,когда пересаживать малину,1,1,AVERAGE,Умеренная,garden,/zhurnal/sorta-maliny-dlya-podmoskovya-kak-vybrat/,improve_existing,Связать выбор со сравнением сортов и условиями участка; отзывы и урожайность показывать только с реальными данными.,посадка малины,posadka-maliny.xlsx:Queries,1,False
подготовка грядки для посадки малины,как правильно посадить малину,1,1,AVERAGE,Умеренная,garden,/zhurnal/posadka-maliny/,improve_existing,Обновить ответы внутри существующего материала и связать с расчётом посадки.,посадка малины,posadka-maliny.xlsx:Queries,1,False
подготовка почвы для посадки малины,как правильно посадить малину,1,1,AVERAGE,Умеренная,garden,/zhurnal/posadka-maliny/,improve_existing,Обновить ответы внутри существующего материала и связать с расчётом посадки.,посадка малины,posadka-maliny.xlsx:Queries,1,False
посадить малину весной,как правильно посадить малину,1,2,AVERAGE,Умеренная,garden,/zhurnal/posadka-maliny/,improve_existing,Обновить ответы внутри существующего материала и связать с расчётом посадки.,посадка малины,posadka-maliny.xlsx:AdditionalQueries,1,False
посадить малину весной на участке,как правильно посадить малину,1,1,AVERAGE,Умеренная,garden,/zhurnal/posadka-maliny/,improve_existing,Обновить ответы внутри существующего материала и связать с расчётом посадки.,посадка малины,posadka-maliny.xlsx:AdditionalQueries,1,False
посадить малину осенью пошаговое,посадка малины осенью когда и как посадить,1,1,AVERAGE,Умеренная,garden,/zhurnal/posadka-maliny/,improve_existing,Обновить ответы внутри существующего материала и связать с расчётом посадки.,посадка малины,posadka-maliny.xlsx:AdditionalQueries,1,False
посадка малины в ведро,выращивание малины в ведрах,1,2,AVERAGE,Умеренная,garden,/zhurnal/posadka-maliny/,improve_existing,Обновить ответы внутри существующего материала и связать с расчётом посадки.,посадка малины,posadka-maliny.xlsx:Queries,1,False
посадка малины в июне,посадка малины летом,1,2,AVERAGE,Умеренная,garden,/zhurnal/posadka-maliny/,improve_existing,Обновить ответы внутри существующего материала и связать с расчётом посадки.,посадка малины,posadka-maliny.xlsx:Queries,1,False
посадка малины весной саженцами,как правильно посадить малину,1,1,AVERAGE,Умеренная,garden,/zhurnal/posadka-maliny/,improve_existing,Обновить ответы внутри существующего материала и связать с расчётом посадки.,посадка малины,posadka-maliny.xlsx:Queries,1,False
посадка малины ежевики осенью в открытый грунт,посадка малины ежевики осенью в открытый грунт,1,2,AVERAGE,Умеренная,garden,/zhurnal/posadka-maliny/,improve_existing,Обновить ответы внутри существующего материала и связать с расчётом посадки.,посадка малины,posadka-maliny.xlsx:Queries,1,False
посадка малины кустовым способом,как правильно посадить малину,1,2,AVERAGE,Умеренная,garden,/zhurnal/posadka-maliny/,improve_existing,Обновить ответы внутри существующего материала и связать с расчётом посадки.,посадка малины,posadka-maliny.xlsx:Queries,1,False
посадка малины на бревнах уложенных в гряду,посадка малины на бревнах уложенных в гряду,1,2,AVERAGE,Умеренная,garden,/zhurnal/posadka-maliny/,improve_existing,Обновить ответы внутри существующего материала и связать с расчётом посадки.,посадка малины,posadka-maliny.xlsx:Queries,1,False
посадка малины на дачном участке,как правильно посадить малину,1,4,AVERAGE,Умеренная,garden,/zhurnal/posadka-maliny/,improve_existing,Обновить ответы внутри существующего материала и связать с расчётом посадки.,посадка малины,posadka-maliny.xlsx:Queries,1,False
посадка малины на дачном участке в подмосковье,как правильно посадить малину,1,6,AVERAGE,Умеренная,garden,/zhurnal/sorta-maliny-dlya-podmoskovya-kak-vybrat/,improve_existing,Связать выбор со сравнением сортов и условиями участка; отзывы и урожайность показывать только с реальными данными.,посадка малины,posadka-maliny.xlsx:Queries,1,False
посадка малины осенью в сибири,когда сажать малину в подмосковье лучше,1,1,AVERAGE,Умеренная,garden,/zhurnal/posadka-maliny/,improve_existing,Обновить ответы внутри существующего материала и связать с расчётом посадки.,посадка малины,posadka-maliny.xlsx:Queries,1,False
посадка малины осенью как правильно когда сажать в подмосковье в открытый грунт осенью,посадка малины осенью когда и как посадить,1,1,AVERAGE,Умеренная,garden,/zhurnal/sorta-maliny-dlya-podmoskovya-kak-vybrat/,improve_existing,Связать выбор со сравнением сортов и условиями участка; отзывы и урожайность показывать только с реальными данными.,посадка малины,posadka-maliny.xlsx:Queries,1,False
посадка малины осенью как правильно когда сажать в сибири в открытый грунт,посадка малины осенью когда и как посадить,1,1,AVERAGE,Умеренная,garden,/zhurnal/posadka-maliny/,improve_existing,Обновить ответы внутри существующего материала и связать с расчётом посадки.,посадка малины,posadka-maliny.xlsx:Queries,1,False
посадка малины осенью как правильно когда сажать на урале в открытый грунт,посадка малины осенью когда и как посадить,1,1,AVERAGE,Умеренная,garden,/zhurnal/posadka-maliny/,improve_existing,Обновить ответы внутри существующего материала и связать с расчётом посадки.,посадка малины,posadka-maliny.xlsx:Queries,1,False
посадка малины осенью когда и как правильно сажать в открытый грунт под зиму в подмосковье,посадка малины осенью когда и как посадить,1,1,AVERAGE,Умеренная,garden,/zhurnal/sorta-maliny-dlya-podmoskovya-kak-vybrat/,improve_existing,Связать выбор со сравнением сортов и условиями участка; отзывы и урожайность показывать только с реальными данными.,посадка малины,posadka-maliny.xlsx:Queries,1,False
посадка малины осенью ремонтантной,посадка ремонтантной малины осенью в открытый грунт,1,1,AVERAGE,Умеренная,garden,/zhurnal/posadka-maliny/,improve_existing,Обновить ответы внутри существующего материала и связать с расчётом посадки.,посадка малины,posadka-maliny.xlsx:Queries,1,False
посадка малины по методу соболева,обрезка малины по соболеву,1,2,AVERAGE,Умеренная,garden,/zhurnal/posadka-maliny/,improve_existing,Обновить ответы внутри существующего материала и связать с расчётом посадки.,посадка малины,posadka-maliny.xlsx:Queries,1,False
посадка саженцев малины осенью в открытый грунт,посадка малины осенью когда и как посадить,1,1,AVERAGE,Умеренная,garden,/zhurnal/posadka-maliny/,improve_existing,Обновить ответы внутри существующего материала и связать с расчётом посадки.,посадка малины,posadka-maliny.xlsx:Queries,1,False
посадки малины,как правильно посадить малину,1,1,AVERAGE,Умеренная,garden,/zhurnal/posadka-maliny/,improve_existing,Обновить ответы внутри существующего материала и связать с расчётом посадки.,посадка малины,posadka-maliny.xlsx:Queries,1,False
посадки малины и винограда в ноябре 2025г,лунный календарь на ноябрь 2025 для посадки чеснока и лука,1,2,AVERAGE,Умеренная,garden,/zhurnal/posadka-maliny/,improve_existing,Обновить ответы внутри существующего материала и связать с расчётом посадки.,посадка малины,posadka-maliny.xlsx:Queries,1,False
после обрезки клубники чем обработать от вредителей и болезней и чем подкормить в июле клубнику,уход за клубникой после плодоношения,1,1,AVERAGE,Умеренная,garden,/zhurnal/chem-podkormit-klubniku-po-analizu-pochvy/,improve_existing,Проверить ответ для указанной фазы роста; сохранять выбор питания по данным анализа.,болезни клубники,bolezni-klubniki.xlsx:Queries,1,False
после обрезки клубники чем подкормить и чем обработать от вредителей болезней,уход за клубникой после плодоношения,1,1,AVERAGE,Умеренная,garden,/zhurnal/chem-podkormit-klubniku-po-analizu-pochvy/,improve_existing,Проверить ответ для указанной фазы роста; сохранять выбор питания по данным анализа.,болезни клубники,bolezni-klubniki.xlsx:Queries,1,False
после обрезки клубники чем подкормить и чем обработать от вредителей и болезней,чем подкормить клубнику после плодоношения и обрезки в июле и августе,1,1,AVERAGE,Умеренная,garden,/zhurnal/chem-podkormit-klubniku-po-analizu-pochvy/,improve_existing,Проверить ответ для указанной фазы роста; сохранять выбор питания по данным анализа.,болезни клубники,bolezni-klubniki.xlsx:Queries,1,False
правила посадки малины весной,как правильно посадить малину,1,1,AVERAGE,Умеренная,garden,/zhurnal/posadka-maliny/,improve_existing,Обновить ответы внутри существующего материала и связать с расчётом посадки.,посадка малины,posadka-maliny.xlsx:Queries,1,False
правила посадки малины на дачном участке,как правильно посадить малину,1,3,AVERAGE,Умеренная,garden,/zhurnal/posadka-maliny/,improve_existing,Обновить ответы внутри существующего материала и связать с расчётом посадки.,посадка малины,posadka-maliny.xlsx:Queries,1,False
правильно посадить малину осенью,посадка малины осенью когда и как посадить,1,1,AVERAGE,Умеренная,garden,/zhurnal/posadka-maliny/,improve_existing,Обновить ответы внутри существующего материала и связать с расчётом посадки.,посадка малины,posadka-maliny.xlsx:AdditionalQueries,1,False
правильный уход за клубникой после плодоношения,чем подкормить клубнику после плодоношения и обрезки в июле и августе,1,2,AVERAGE,Умеренная,garden,,manual_mapping,Нужна редакционная проверка намерения.,болезни клубники,bolezni-klubniki.xlsx:AdditionalQueries,1,False
препарат от гнили на клубнике,серая гниль на клубнике чем обрабатывать,1,2,AVERAGE,Умеренная,garden,,manual_mapping,Нужна редакционная проверка намерения.,болезни клубники,bolezni-klubniki.xlsx:AdditionalQueries,1,False
препараты для лечения болезней клубники,хорус для клубники,1,1,AVERAGE,Умеренная,garden,/instrumenty/proverka-rasteniya/,new_diagnostic_hub,Подготовить руководство по болезням клубники с проверяемыми фото и различиями симптомов; связать с материалом о серой гнили.,болезни клубники,bolezni-klubniki.xlsx:Queries,1,False
при посадке малину надо обрезать а что с ней,кусты малины,1,1,AVERAGE,Умеренная,garden,/instrumenty/obrezka-maliny/,improve_existing,Вести к инструменту выбора схемы и руководству по типу плодоношения.,посадка малины,posadka-maliny.xlsx:Queries,1,False
ранняя крупная малина,ранние сорта малины,1,1,AVERAGE,Умеренная,garden,,manual_mapping,Нужна редакционная проверка намерения.,сорта малины,sorta-maliny.xlsx:AdditionalQueries,1,False
расстояние при посадке малины между кустами,как правильно посадить малину,1,1,AVERAGE,Умеренная,garden,/zhurnal/posadka-maliny/,improve_existing,Обновить ответы внутри существующего материала и связать с расчётом посадки.,посадка малины,posadka-maliny.xlsx:Queries,1,False
расстояние при посадке малины между кустами и рядами,как правильно посадить малину,1,1,AVERAGE,Умеренная,garden,/zhurnal/posadka-maliny/,improve_existing,Обновить ответы внутри существующего материала и связать с расчётом посадки.,посадка малины,posadka-maliny.xlsx:Queries,1,False
рейтинг клубники для подмосковья,лучшие сорта клубники для подмосковья,1,2,AVERAGE,Умеренная,garden,,manual_mapping,Нужна редакционная проверка намерения.,болезни клубники | сорта клубники,bolezni-klubniki.xlsx:AdditionalQueries | sorta-klubniki.xlsx:AdditionalQueries,2,False
рейтинг малины для средней полосы россии,лучшие сорта малины для средней полосы,1,2,AVERAGE,Умеренная,garden,,manual_mapping,Нужна редакционная проверка намерения.,сорта малины,sorta-maliny.xlsx:AdditionalQueries,1,False
рейтинг ремонтантной клубники для подмосковья,лучшие сорта клубники для подмосковья,1,2,AVERAGE,Умеренная,garden,/zhurnal/remontantnaya-klubnika/,improve_existing,"Проверить, ясно ли объяснено повторное плодоношение и условия ухода.",сорта клубники,sorta-klubniki.xlsx:AdditionalQueries,1,False
ремонтантная клубника альбион описание и отзывы,клубника альбион описание сорта,1,1,AVERAGE,Умеренная,garden,/zhurnal/remontantnaya-klubnika/,improve_existing,"Проверить, ясно ли объяснено повторное плодоношение и условия ухода.",сорта клубники,sorta-klubniki.xlsx:AdditionalQueries,1,False
ремонтантная клубника названия,ремонтантные сорта клубники,1,1,AVERAGE,Умеренная,garden,/zhurnal/remontantnaya-klubnika/,improve_existing,"Проверить, ясно ли объяснено повторное плодоношение и условия ухода.",сорта клубники,sorta-klubniki.xlsx:AdditionalQueries,1,False
ремонтантная малина в сибири,малина ремонтантная для сибири сорта фото,1,3,AVERAGE,Умеренная,garden,,manual_mapping,Нужна редакционная проверка намерения.,сорта малины,sorta-maliny.xlsx:AdditionalQueries,1,False
ремонтантная малина для урала,сорта малины для урала с фотографиями,1,2,AVERAGE,Умеренная,garden,,manual_mapping,Нужна редакционная проверка намерения.,сорта малины,sorta-maliny.xlsx:AdditionalQueries,1,False
ремонтантная малина карамелька посадка и уход,малина карамелька,1,1,AVERAGE,Умеренная,garden,/zhurnal/posadka-maliny/,improve_existing,Обновить ответы внутри существующего материала и связать с расчётом посадки.,посадка малины,posadka-maliny.xlsx:Queries,1,False
ремонтантная малина маравилла описание,малина маравилла,1,1,AVERAGE,Умеренная,garden,,manual_mapping,Нужна редакционная проверка намерения.,сорта малины,sorta-maliny.xlsx:AdditionalQueries,1,False
с чем рядом посадить крыжовник,что можно посадить рядом с крыжовником,1,1,AVERAGE,Умеренная,garden,,manual_mapping,Нужна редакционная проверка намерения.,посадка малины,posadka-maliny.xlsx:AdditionalQueries,1,False
садовая земляника азия описание сорта,клубника азия,1,1,AVERAGE,Умеренная,garden,/sorta/aziya/,improve_cultivar,"Проверить полноту описания, фото и сравнения; отзывы и урожайность добавлять только по фактическим источникам.",клубника | сорта клубники,klubnika.xlsx:AdditionalQueries | sorta-klubniki.xlsx:AdditionalQueries,2,False
садовая земляника азия описание сорта фото отзывы,клубника азия описание сорта,1,1,AVERAGE,Умеренная,garden,/sorta/aziya/,improve_cultivar,"Проверить полноту описания, фото и сравнения; отзывы и урожайность добавлять только по фактическим источникам.",сорта клубники,sorta-klubniki.xlsx:AdditionalQueries,1,False
самая лучшая малина для урала,сорта малины для урала с фотографиями,1,2,AVERAGE,Умеренная,garden,,manual_mapping,Нужна редакционная проверка намерения.,сорта малины,sorta-maliny.xlsx:AdditionalQueries,1,False
самая ранняя малина,ранние сорта малины,1,2,AVERAGE,Умеренная,garden,,manual_mapping,Нужна редакционная проверка намерения.,сорта малины,sorta-maliny.xlsx:AdditionalQueries,1,False
самая сладкая клубника для подмосковья сорт,лучшие сорта клубники для подмосковья,1,3,AVERAGE,Умеренная,garden,,manual_mapping,Нужна редакционная проверка намерения.,болезни клубники,bolezni-klubniki.xlsx:AdditionalQueries,1,False
самая урожайная клубника для подмосковья,лучшие сорта клубники для подмосковья,1,2,AVERAGE,Умеренная,garden,,manual_mapping,Нужна редакционная проверка намерения.,болезни клубники,bolezni-klubniki.xlsx:AdditionalQueries,1,False
самая хорошая ремонтантная малина,сорта ремонтантной малины,1,1,AVERAGE,Умеренная,garden,,manual_mapping,Нужна редакционная проверка намерения.,сорта малины,sorta-maliny.xlsx:AdditionalQueries,1,False
самое эффективное средство от болезней клубники,болезни клубники,1,1,AVERAGE,Умеренная,garden,/instrumenty/proverka-rasteniya/,new_diagnostic_hub,Подготовить руководство по болезням клубники с проверяемыми фото и различиями симптомов; связать с материалом о серой гнили.,болезни клубники,bolezni-klubniki.xlsx:Queries,1,False
самые ранние сорта малины,ранние сорта малины,1,5,AVERAGE,Умеренная,garden,,manual_mapping,Нужна редакционная проверка намерения.,сорта малины,sorta-maliny.xlsx:Queries,1,False
самые устойчивые к болезням сорта клубники,сорта клубники,1,1,AVERAGE,Умеренная,garden,/sorta/,improve_catalog,"Уточнить путь к каталогу клубники, фильтрам и сравнению.",болезни клубники,bolezni-klubniki.xlsx:Queries,1,False
самый сладкий сорт клубники для подмосковья,лучшие сорта клубники для подмосковья,1,2,AVERAGE,Умеренная,garden,/sorta/,improve_catalog,"Уточнить путь к каталогу клубники, фильтрам и сравнению.",болезни клубники,bolezni-klubniki.xlsx:AdditionalQueries,1,False
секреты успешной посадки малины в осенний период,посадка малины осенью когда и как посадить,1,1,AVERAGE,Умеренная,garden,/zhurnal/posadka-maliny/,improve_existing,Обновить ответы внутри существующего материала и связать с расчётом посадки.,посадка малины,posadka-maliny.xlsx:Queries,1,False
сладкие сорта малины обычной устойчивые к болезням,сорта малины,1,2,AVERAGE,Умеренная,garden,/instrumenty/proverka-rasteniya/,diagnostic_backlog,Связать симптомы с проверкой растения; отдельный материал только после проверки источников.,болезни малины,bolezni-maliny.xlsx:Queries,1,False
сорт азия отзывы,клубника азия описание сорта фото отзывы,1,1,AVERAGE,Умеренная,garden,,manual_mapping,Нужна редакционная проверка намерения.,клубника,klubnika.xlsx:AdditionalQueries,1,False
сорт малины гордость россии фото и описание,малина гордость россии,1,3,AVERAGE,Умеренная,garden,,manual_mapping,Нужна редакционная проверка намерения.,посадка малины,posadka-maliny.xlsx:AdditionalQueries,1,False
сорт малины карамелька фото и описание сорта отзывы,малина карамелька,1,1,AVERAGE,Умеренная,garden,/sorta/karamelka/,improve_cultivar,"Проверить полноту описания, фото и сравнения; отзывы и урожайность добавлять только по фактическим источникам.",посадка малины,posadka-maliny.xlsx:AdditionalQueries,1,False
сорт хорошей клубники,сорта клубники,1,1,AVERAGE,Умеренная,garden,/sorta/,improve_catalog,"Уточнить путь к каталогу клубники, фильтрам и сравнению.",болезни клубники,bolezni-klubniki.xlsx:AdditionalQueries,1,False
сорта клубники устойчивые к болезням и вредителям,сорта клубники,1,4,AVERAGE,Умеренная,garden,/sorta/,improve_catalog,"Уточнить путь к каталогу клубники, фильтрам и сравнению.",болезни клубники,bolezni-klubniki.xlsx:Queries,1,False
сорта крупноплодной малины,сорта малины,1,6,AVERAGE,Умеренная,garden,,manual_mapping,Нужна редакционная проверка намерения.,сорта малины,sorta-maliny.xlsx:Queries,1,False
сорта малины устойчивые к болезням,сорта малины,1,1,AVERAGE,Умеренная,garden,/instrumenty/proverka-rasteniya/,diagnostic_backlog,Связать симптомы с проверкой растения; отдельный материал только после проверки источников.,болезни малины,bolezni-maliny.xlsx:Queries,1,False
сорта малины устойчивые к болезням и вредителям,сорта малины,1,1,AVERAGE,Умеренная,garden,/instrumenty/proverka-rasteniya/,diagnostic_backlog,Связать симптомы с проверкой растения; отдельный материал только после проверки источников.,болезни малины,bolezni-maliny.xlsx:Queries,1,False
способ посадки малины в траншею,посадка малины в траншею,1,2,AVERAGE,Умеренная,garden,/zhurnal/posadka-maliny/,improve_existing,Обновить ответы внутри существующего материала и связать с расчётом посадки.,посадка малины,posadka-maliny.xlsx:Queries,1,False
средство от болезней на клубнике,обработка клубники весной,1,1,AVERAGE,Умеренная,garden,/instrumenty/proverka-rasteniya/,new_diagnostic_hub,Подготовить руководство по болезням клубники с проверяемыми фото и различиями симптомов; связать с материалом о серой гнили.,болезни клубники,bolezni-klubniki.xlsx:Queries,1,False
сроки посадки ремонтантной малины,посадка ремонтантной малины осенью в открытый грунт,1,1,AVERAGE,Умеренная,garden,/zhurnal/posadka-maliny/,improve_existing,Обновить ответы внутри существующего материала и связать с расчётом посадки.,посадка малины,posadka-maliny.xlsx:Queries,1,False
схема посадки малины в открытом грунте расстояние между рядами,как правильно посадить малину,1,1,AVERAGE,Умеренная,garden,/zhurnal/posadka-maliny/,improve_existing,Обновить ответы внутри существующего материала и связать с расчётом посадки.,посадка малины,posadka-maliny.xlsx:Queries,1,False
схема посадки малины ремонтантной,схема посадки ремонтантной малины в открытом грунте,1,1,AVERAGE,Умеренная,garden,/zhurnal/posadka-maliny/,improve_existing,Обновить ответы внутри существующего материала и связать с расчётом посадки.,посадка малины,posadka-maliny.xlsx:Queries,1,False
схема посадки малины у забора,посадка малины в два ряда,1,1,AVERAGE,Умеренная,garden,/zhurnal/posadka-maliny/,improve_existing,Обновить ответы внутри существующего материала и связать с расчётом посадки.,посадка малины,posadka-maliny.xlsx:Queries,1,False
тибетская клубника малина фото,тибетская малина,1,2,AVERAGE,Умеренная,garden,,new_botanical_article,"Сначала установить вид и источники; объяснить отличие от обычной малины, добавить проверяемые фото.",сорта малины | тибетская малина,sorta-maliny.xlsx:AdditionalQueries | tibetskaya-malina.xlsx:Queries,2,False
тибетская малина видео,тибетская малина видео,1,1,AVERAGE,Умеренная,garden,,new_botanical_article,"Сначала установить вид и источники; объяснить отличие от обычной малины, добавить проверяемые фото.",тибетская малина,tibetskaya-malina.xlsx:Queries,1,False
тибетская малина как ухаживать,тибетская малина,1,1,AVERAGE,Умеренная,garden,,new_botanical_article,"Сначала установить вид и источники; объяснить отличие от обычной малины, добавить проверяемые фото.",тибетская малина,tibetskaya-malina.xlsx:Queries,1,False
тибетская малина какой вкус,тибетская малина,1,1,AVERAGE,Умеренная,garden,,new_botanical_article,"Сначала установить вид и источники; объяснить отличие от обычной малины, добавить проверяемые фото.",тибетская малина,tibetskaya-malina.xlsx:Queries,1,False
тибетская малина картинки,тибетская малина,1,1,AVERAGE,Умеренная,garden,,new_botanical_article,"Сначала установить вид и источники; объяснить отличие от обычной малины, добавить проверяемые фото.",тибетская малина,tibetskaya-malina.xlsx:Queries,1,False
тибетская малина обрезка осенью,тибетская малина фото и описание кустарника плоды,1,2,AVERAGE,Умеренная,garden,,new_botanical_article,"Сначала установить вид и источники; объяснить отличие от обычной малины, добавить проверяемые фото.",тибетская малина,tibetskaya-malina.xlsx:Queries,1,False
тибетская малина описание выращивание,тибетская малина,1,1,AVERAGE,Умеренная,garden,,new_botanical_article,"Сначала установить вид и источники; объяснить отличие от обычной малины, добавить проверяемые фото.",сорта малины | тибетская малина,sorta-maliny.xlsx:AdditionalQueries | tibetskaya-malina.xlsx:Queries,2,False
тибетская малина описание и отзывы фото кустарника,тибетская малина,1,1,AVERAGE,Умеренная,garden,,new_botanical_article,"Сначала установить вид и источники; объяснить отличие от обычной малины, добавить проверяемые фото.",тибетская малина,tibetskaya-malina.xlsx:Queries,1,False
тибетская малина описание сорта,тибетская малина,1,2,AVERAGE,Умеренная,garden,,new_botanical_article,"Сначала установить вид и источники; объяснить отличие от обычной малины, добавить проверяемые фото.",тибетская малина,tibetskaya-malina.xlsx:Queries,1,False
тибетская малина описание фото,тибетская малина,1,2,AVERAGE,Умеренная,garden,,new_botanical_article,"Сначала установить вид и источники; объяснить отличие от обычной малины, добавить проверяемые фото.",тибетская малина,tibetskaya-malina.xlsx:Queries,1,False
тибетская малина фото описание,тибетская малина,1,1,AVERAGE,Умеренная,garden,,new_botanical_article,"Сначала установить вид и источники; объяснить отличие от обычной малины, добавить проверяемые фото.",тибетская малина,tibetskaya-malina.xlsx:Queries,1,False
траншея под малину,что нужно ложить в траншею при посадке малины,1,1,AVERAGE,Умеренная,garden,,manual_mapping,Нужна редакционная проверка намерения.,посадка малины,posadka-maliny.xlsx:AdditionalQueries,1,False
удобрение для малины осенью при посадке,как посадить малину осенью саженцами правильно,1,1,AVERAGE,Умеренная,garden,/zhurnal/posadka-maliny/,improve_existing,Обновить ответы внутри существующего материала и связать с расчётом посадки.,посадка малины,posadka-maliny.xlsx:Queries,1,False
удобрение при посадке малины осенью,как посадить малину осенью саженцами правильно,1,2,AVERAGE,Умеренная,garden,/zhurnal/posadka-maliny/,improve_existing,Обновить ответы внутри существующего материала и связать с расчётом посадки.,посадка малины,posadka-maliny.xlsx:Queries,1,False
удобрения для малины при посадке,как правильно посадить малину,1,1,AVERAGE,Умеренная,garden,/zhurnal/posadka-maliny/,improve_existing,Обновить ответы внутри существующего материала и связать с расчётом посадки.,посадка малины,posadka-maliny.xlsx:Queries,1,False
удобрения при посадке малины,как правильно посадить малину,1,2,AVERAGE,Умеренная,garden,/zhurnal/posadka-maliny/,improve_existing,Обновить ответы внутри существующего материала и связать с расчётом посадки.,посадка малины,posadka-maliny.xlsx:Queries,1,False
удобрения при посадке малины осенью,как посадить малину осенью саженцами правильно,1,1,AVERAGE,Умеренная,garden,/zhurnal/posadka-maliny/,improve_existing,Обновить ответы внутри существующего материала и связать с расчётом посадки.,посадка малины,posadka-maliny.xlsx:Queries,1,False
устойчивость различных сортов малины к распространенным болезням,устойчивость различных сортов малины к распространенным болезням,1,1,AVERAGE,Умеренная,garden,/instrumenty/proverka-rasteniya/,diagnostic_backlog,Связать симптомы с проверкой растения; отдельный материал только после проверки источников.,болезни малины,bolezni-maliny.xlsx:Queries,1,False
утолщение на малине что за болезнь,галица,1,4,AVERAGE,Умеренная,garden,/instrumenty/proverka-rasteniya/,diagnostic_backlog,Связать симптомы с проверкой растения; отдельный материал только после проверки источников.,болезни малины,bolezni-maliny.xlsx:Queries,1,False
уход за малиной в саду,как ухаживать за малиной,1,2,AVERAGE,Умеренная,garden,,manual_mapping,Нужна редакционная проверка намерения.,посадка малины,posadka-maliny.xlsx:AdditionalQueries,1,False
ученый агроном гуляева нелли какие общие болезни у чеснока и клубники,ученый агроном гуляева нелли какие общие болезни у чеснока и клубники,1,1,AVERAGE,Умеренная,garden,/instrumenty/proverka-rasteniya/,new_diagnostic_hub,Подготовить руководство по болезням клубники с проверяемыми фото и различиями симптомов; связать с материалом о серой гнили.,болезни клубники,bolezni-klubniki.xlsx:Queries,1,False
фестивальная клубника описание и отзывы,клубника фестивальная описание сорта,1,2,AVERAGE,Умеренная,garden,/sorta/festivalnaya/,improve_cultivar,"Проверить полноту описания, фото и сравнения; отзывы и урожайность добавлять только по фактическим источникам.",сорта клубники,sorta-klubniki.xlsx:AdditionalQueries,1,False
фестивальная клубника описание отзывы,клубника фестивальная описание сорта,1,2,AVERAGE,Умеренная,garden,/sorta/festivalnaya/,improve_cultivar,"Проверить полноту описания, фото и сравнения; отзывы и урожайность добавлять только по фактическим источникам.",сорта клубники,sorta-klubniki.xlsx:AdditionalQueries,1,False
фото болезней малины,болезни малины,1,2,AVERAGE,Умеренная,garden,/instrumenty/proverka-rasteniya/,diagnostic_backlog,Связать симптомы с проверкой растения; отдельный материал только после проверки источников.,болезни малины,bolezni-maliny.xlsx:Queries,1,False
фото болезни малины,болезни малины,1,1,AVERAGE,Умеренная,garden,/instrumenty/proverka-rasteniya/,diagnostic_backlog,Связать симптомы с проверкой растения; отдельный материал только после проверки источников.,болезни малины,bolezni-maliny.xlsx:Queries,1,False
фунгицид от болезней клубники,фунгицид от болезней клубники,1,1,AVERAGE,Умеренная,garden,/instrumenty/proverka-rasteniya/,new_diagnostic_hub,Подготовить руководство по болезням клубники с проверяемыми фото и различиями симптомов; связать с материалом о серой гнили.,болезни клубники,bolezni-klubniki.xlsx:Queries,1,False
фунгициды для клубники после сбора урожая,чем обработать клубнику после обрезки в августе от болезней,1,1,AVERAGE,Умеренная,garden,,manual_mapping,Нужна редакционная проверка намерения.,болезни клубники,bolezni-klubniki.xlsx:AdditionalQueries,1,False
характеристики малины карамелька,малина карамелька,1,2,AVERAGE,Умеренная,garden,/sorta/karamelka/,improve_cultivar,"Проверить полноту описания, фото и сравнения; отзывы и урожайность добавлять только по фактическим источникам.",сорта малины,sorta-maliny.xlsx:AdditionalQueries,1,False
хоней клубника описание и фото,клубника хоней,1,1,AVERAGE,Умеренная,garden,/sorta/honey/,improve_cultivar,"Проверить полноту описания, фото и сравнения; отзывы и урожайность добавлять только по фактическим источникам.",сорта клубники,sorta-klubniki.xlsx:AdditionalQueries,1,False
хороший сорт клубники выбрать для посадки,сорта клубники,1,3,AVERAGE,Умеренная,garden,/zhurnal/posadka-klubniki/,improve_existing,"Дополнить существующий материал ответами по срокам и условиям, связать с инструментом срока посадки.",болезни клубники,bolezni-klubniki.xlsx:AdditionalQueries,1,False
чем весной обработать малину от болезней и вредителей до распускания почек,уход за малиной весной,1,2,AVERAGE,Умеренная,garden,/instrumenty/proverka-rasteniya/,diagnostic_backlog,Связать симптомы с проверкой растения; отдельный материал только после проверки источников.,болезни малины,bolezni-maliny.xlsx:Queries,1,False
чем и когда обрабатывать малину,чем обработать малину весной от болезней и вредителей,1,2,AVERAGE,Умеренная,garden,,manual_mapping,Нужна редакционная проверка намерения.,болезни малины,bolezni-maliny.xlsx:AdditionalQueries,1,False
чем можно обработать малину весной,чем обработать малину весной от болезней и вредителей,1,1,AVERAGE,Умеренная,garden,,manual_mapping,Нужна редакционная проверка намерения.,болезни малины,bolezni-maliny.xlsx:AdditionalQueries,1,False
чем обрабатывать малину ранней весной,уход за малиной весной,1,1,AVERAGE,Умеренная,garden,,manual_mapping,Нужна редакционная проверка намерения.,болезни малины,bolezni-maliny.xlsx:AdditionalQueries,1,False
чем обрабатывать малину ранней весной от вредителей и болезней,как ухаживать за малиной весной,1,1,AVERAGE,Умеренная,garden,/instrumenty/proverka-rasteniya/,diagnostic_backlog,Связать симптомы с проверкой растения; отдельный материал только после проверки источников.,болезни малины,bolezni-maliny.xlsx:Queries,1,False
чем обрабатывают кустарники ранней весной,чем обработать деревья весной от болезней и вредителей,1,1,AVERAGE,Умеренная,garden,,manual_mapping,Нужна редакционная проверка намерения.,болезни малины,bolezni-maliny.xlsx:AdditionalQueries,1,False
чем обрабатывают малину,чем обработать малину весной от болезней и вредителей,1,1,AVERAGE,Умеренная,garden,,manual_mapping,Нужна редакционная проверка намерения.,болезни малины,bolezni-maliny.xlsx:AdditionalQueries,1,False
чем обрабатывают малину весной,уход за малиной весной,1,1,AVERAGE,Умеренная,garden,,manual_mapping,Нужна редакционная проверка намерения.,болезни малины,bolezni-maliny.xlsx:AdditionalQueries,1,False
чем обработать весной малину от вредителей,чем обработать малину весной от болезней и вредителей,1,1,AVERAGE,Умеренная,garden,,manual_mapping,Нужна редакционная проверка намерения.,болезни малины,bolezni-maliny.xlsx:AdditionalQueries,1,False
чем обработать викторию от болезней,обработка клубники весной,1,2,AVERAGE,Умеренная,garden,/instrumenty/proverka-rasteniya/,new_diagnostic_hub,Подготовить руководство по болезням клубники с проверяемыми фото и различиями симптомов; связать с материалом о серой гнили.,болезни клубники,bolezni-klubniki.xlsx:AdditionalQueries,1,False
чем обработать грядку перед посадкой клубники от вредителей и болезней перед посадкой,чем обработать землю перед посадкой клубники,1,1,AVERAGE,Умеренная,garden,/zhurnal/posadka-klubniki/,improve_existing,"Дополнить существующий материал ответами по срокам и условиям, связать с инструментом срока посадки.",болезни клубники,bolezni-klubniki.xlsx:Queries,1,False
чем обработать землю перед посадкой клубники осенью от вредителей и болезней,как подготовить грядку под клубнику для посадки осенью,1,1,AVERAGE,Умеренная,garden,/zhurnal/posadka-klubniki/,improve_existing,"Дополнить существующий материал ответами по срокам и условиям, связать с инструментом срока посадки.",болезни клубники,bolezni-klubniki.xlsx:Queries,1,False
чем обработать клубнику в июле от вредителей и болезней после сбора урожая,чем обработать клубнику после сбора урожая от болезней и вредителей,1,1,AVERAGE,Умеренная,garden,/instrumenty/proverka-rasteniya/,new_diagnostic_hub,Подготовить руководство по болезням клубники с проверяемыми фото и различиями симптомов; связать с материалом о серой гнили.,болезни клубники,bolezni-klubniki.xlsx:Queries,1,False
чем обработать клубнику в конце августа,чем обработать клубнику в августе от болезней и вредителей,1,1,AVERAGE,Умеренная,garden,,manual_mapping,Нужна редакционная проверка намерения.,болезни клубники,bolezni-klubniki.xlsx:AdditionalQueries,1,False
чем обработать клубнику весной от болезней и вредителей в мае во время цветения,обработка клубники весной,1,2,AVERAGE,Умеренная,garden,/instrumenty/proverka-rasteniya/,new_diagnostic_hub,Подготовить руководство по болезням клубники с проверяемыми фото и различиями симптомов; связать с материалом о серой гнили.,болезни клубники,bolezni-klubniki.xlsx:Queries,1,False
чем обработать клубнику весной от болезней и вредителей во время цветения,обработка клубники весной,1,2,AVERAGE,Умеренная,garden,/instrumenty/proverka-rasteniya/,new_diagnostic_hub,Подготовить руководство по болезням клубники с проверяемыми фото и различиями симптомов; связать с материалом о серой гнили.,болезни клубники,bolezni-klubniki.xlsx:Queries,1,False
чем обработать клубнику во время плодоношения от болезней,чем обработать клубнику во время цветения от вредителей и болезней,1,2,AVERAGE,Умеренная,garden,/instrumenty/proverka-rasteniya/,new_diagnostic_hub,Подготовить руководство по болезням клубники с проверяемыми фото и различиями симптомов; связать с материалом о серой гнили.,болезни клубники,bolezni-klubniki.xlsx:Queries,1,False
чем обработать клубнику во время цветения от долгоносика и других вредителей и болезней,чем обработать клубнику от долгоносика,1,1,AVERAGE,Умеренная,garden,/instrumenty/proverka-rasteniya/,new_diagnostic_hub,Подготовить руководство по болезням клубники с проверяемыми фото и различиями симптомов; связать с материалом о серой гнили.,болезни клубники,bolezni-klubniki.xlsx:Queries,1,False
чем обработать клубнику народными средствами,чем обработать викторию от вредителей,1,1,AVERAGE,Умеренная,garden,,manual_mapping,Нужна редакционная проверка намерения.,болезни клубники,bolezni-klubniki.xlsx:AdditionalQueries,1,False
чем обработать клубнику осенью после обрезки листьев от вредителей и болезней,чем обработать клубнику осенью,1,1,AVERAGE,Умеренная,garden,/instrumenty/proverka-rasteniya/,new_diagnostic_hub,Подготовить руководство по болезням клубники с проверяемыми фото и различиями симптомов; связать с материалом о серой гнили.,болезни клубники,bolezni-klubniki.xlsx:Queries,1,False
чем обработать клубнику от болезней во время плодоношения,чем обработать клубнику от болезней во время плодоношения,1,4,AVERAGE,Умеренная,garden,/instrumenty/proverka-rasteniya/,new_diagnostic_hub,Подготовить руководство по болезням клубники с проверяемыми фото и различиями симптомов; связать с материалом о серой гнили.,болезни клубники,bolezni-klubniki.xlsx:Queries,1,False
чем обработать клубнику от болезни,обработка клубники весной,1,2,AVERAGE,Умеренная,garden,/instrumenty/proverka-rasteniya/,new_diagnostic_hub,Подготовить руководство по болезням клубники с проверяемыми фото и различиями симптомов; связать с материалом о серой гнили.,болезни клубники,bolezni-klubniki.xlsx:Queries,1,False
чем обработать клубнику от вредителей и болезней после сбора урожая и обрезки листьев в августе,чем подкормить клубнику после плодоношения и обрезки в июле и августе,1,1,AVERAGE,Умеренная,garden,/instrumenty/proverka-rasteniya/,new_diagnostic_hub,Подготовить руководство по болезням клубники с проверяемыми фото и различиями симптомов; связать с материалом о серой гнили.,болезни клубники,bolezni-klubniki.xlsx:Queries,1,False
чем обработать клубнику после обрезки в августе от болезней и вредителей народными средствами,уход за клубникой после плодоношения,1,1,AVERAGE,Умеренная,garden,/instrumenty/proverka-rasteniya/,new_diagnostic_hub,Подготовить руководство по болезням клубники с проверяемыми фото и различиями симптомов; связать с материалом о серой гнили.,болезни клубники,bolezni-klubniki.xlsx:Queries,1,False
чем обработать клубнику после обрезки осенью от вредителей и болезней осенью,чем обработать клубнику осенью,1,1,AVERAGE,Умеренная,garden,/instrumenty/proverka-rasteniya/,new_diagnostic_hub,Подготовить руководство по болезням клубники с проверяемыми фото и различиями симптомов; связать с материалом о серой гнили.,болезни клубники,bolezni-klubniki.xlsx:Queries,1,False
чем обработать клубнику после обрезки от вредителей и болезней в августе,чем обработать клубнику после сбора урожая от болезней и вредителей,1,1,AVERAGE,Умеренная,garden,/instrumenty/proverka-rasteniya/,new_diagnostic_hub,Подготовить руководство по болезням клубники с проверяемыми фото и различиями симптомов; связать с материалом о серой гнили.,болезни клубники,bolezni-klubniki.xlsx:Queries,1,False
чем обработать клубнику после сбора урожая и обрезки листьев от вредителей и болезней в августе,чем подкормить клубнику после плодоношения и обрезки в июле и августе,1,1,AVERAGE,Умеренная,garden,/instrumenty/proverka-rasteniya/,new_diagnostic_hub,Подготовить руководство по болезням клубники с проверяемыми фото и различиями симптомов; связать с материалом о серой гнили.,болезни клубники,bolezni-klubniki.xlsx:Queries,1,False
чем обработать клубнику после сбора урожая от болезней и вредителей в июле после обрезки листьев,чем подкормить клубнику после плодоношения и обрезки в июле,1,1,AVERAGE,Умеренная,garden,/instrumenty/proverka-rasteniya/,new_diagnostic_hub,Подготовить руководство по болезням клубники с проверяемыми фото и различиями симптомов; связать с материалом о серой гнили.,болезни клубники,bolezni-klubniki.xlsx:Queries,1,False
чем обработать клубнику после сбора урожая от болезней и вредителей после обрезки листьев,чем подкормить клубнику после плодоношения и обрезки в июле и августе,1,1,AVERAGE,Умеренная,garden,/instrumenty/proverka-rasteniya/,new_diagnostic_hub,Подготовить руководство по болезням клубники с проверяемыми фото и различиями симптомов; связать с материалом о серой гнили.,болезни клубники,bolezni-klubniki.xlsx:Queries,1,False
чем обработать клубнику после сбора урожая от болезней и вредителей после обрезки листьев в июне,уход за клубникой после плодоношения,1,2,AVERAGE,Умеренная,garden,/instrumenty/proverka-rasteniya/,new_diagnostic_hub,Подготовить руководство по болезням клубники с проверяемыми фото и различиями симптомов; связать с материалом о серой гнили.,болезни клубники,bolezni-klubniki.xlsx:Queries,1,False
чем обработать клубнику после срезки листьев от вредителей и болезней в июле,чем подкормить клубнику после плодоношения и обрезки в июле,1,2,AVERAGE,Умеренная,garden,/instrumenty/proverka-rasteniya/,new_diagnostic_hub,Подготовить руководство по болезням клубники с проверяемыми фото и различиями симптомов; связать с материалом о серой гнили.,болезни клубники,bolezni-klubniki.xlsx:Queries,1,False
чем обработать клубнику при цветении от вредителей,чем опрыскать клубнику во время цветения,1,1,AVERAGE,Умеренная,garden,,manual_mapping,Нужна редакционная проверка намерения.,болезни клубники,bolezni-klubniki.xlsx:AdditionalQueries,1,False
чем обработать малину весной до распускания почек от вредителей и болезней ранней,чем обработать малину весной от болезней и вредителей,1,1,AVERAGE,Умеренная,garden,/instrumenty/proverka-rasteniya/,diagnostic_backlog,Связать симптомы с проверкой растения; отдельный материал только после проверки источников.,болезни малины,bolezni-maliny.xlsx:Queries,1,False
чем обработать малину весной народными средствами,чем обработать малину весной от болезней и вредителей,1,1,AVERAGE,Умеренная,garden,,manual_mapping,Нужна редакционная проверка намерения.,болезни малины,bolezni-maliny.xlsx:AdditionalQueries,1,False
чем обработать малину весной от болезней и вредителей в мае перед цветением,чем обработать малину весной от болезней и вредителей,1,1,AVERAGE,Умеренная,garden,/instrumenty/proverka-rasteniya/,diagnostic_backlog,Связать симптомы с проверкой растения; отдельный материал только после проверки источников.,болезни малины,bolezni-maliny.xlsx:Queries,1,False
чем обработать малину от болезней и вредителей,чем обработать малину весной от болезней и вредителей,1,3,AVERAGE,Умеренная,garden,/instrumenty/proverka-rasteniya/,diagnostic_backlog,Связать симптомы с проверкой растения; отдельный материал только после проверки источников.,болезни малины,bolezni-maliny.xlsx:Queries,1,False
чем обработать малину от вредителей во время плодоношения летом от вредителей и болезней,чем обработать малину от тли во время плодоношения,1,1,AVERAGE,Умеренная,garden,/instrumenty/proverka-rasteniya/,diagnostic_backlog,Связать симптомы с проверкой растения; отдельный материал только после проверки источников.,болезни малины,bolezni-maliny.xlsx:Queries,1,False
чем обработать малину от вредителей во время цветения и плодоношения народными средствами,чем обработать малину от тли во время плодоношения,1,1,AVERAGE,Умеренная,garden,,manual_mapping,Нужна редакционная проверка намерения.,болезни малины,bolezni-maliny.xlsx:AdditionalQueries,1,False
чем обработать малину от вредителей и болезней в июне,чем обработать малину от вредителей в июне,1,3,AVERAGE,Умеренная,garden,/instrumenty/proverka-rasteniya/,diagnostic_backlog,Связать симптомы с проверкой растения; отдельный материал только после проверки источников.,болезни малины,bolezni-maliny.xlsx:Queries,1,False
чем обработать малину от вредителей и болезней весной в мае,чем обработать малину весной от болезней и вредителей,1,1,AVERAGE,Умеренная,garden,/instrumenty/proverka-rasteniya/,diagnostic_backlog,Связать симптомы с проверкой растения; отдельный материал только после проверки источников.,болезни малины,bolezni-maliny.xlsx:Queries,1,False
чем обработать малину от вредителей и болезней во время цветения и плодоношения,чем обработать малину во время цветения,1,1,AVERAGE,Умеренная,garden,/instrumenty/proverka-rasteniya/,diagnostic_backlog,Связать симптомы с проверкой растения; отдельный материал только после проверки источников.,болезни малины,bolezni-maliny.xlsx:Queries,1,False
чем обработать малину от вредителей и болезней осенью после обрезки,чем обработать малину осенью от болезней и вредителей,1,2,AVERAGE,Умеренная,garden,/instrumenty/obrezka-maliny/,improve_existing,Вести к инструменту выбора схемы и руководству по типу плодоношения.,болезни малины,bolezni-maliny.xlsx:Queries,1,False
чем обработать малину от вредителей и болезней после плодоношения осенью,чем обработать малину от вредителей,1,1,AVERAGE,Умеренная,garden,/instrumenty/proverka-rasteniya/,diagnostic_backlog,Связать симптомы с проверкой растения; отдельный материал только после проверки источников.,болезни малины,bolezni-maliny.xlsx:Queries,1,False
чем обработать малину после сбора урожая от болезней,уход за малиной после сбора урожая,1,1,AVERAGE,Умеренная,garden,/instrumenty/proverka-rasteniya/,diagnostic_backlog,Связать симптомы с проверкой растения; отдельный материал только после проверки источников.,болезни малины,bolezni-maliny.xlsx:Queries,1,False
чем обработать малину после сбора урожая от болезней и вредителей в сентябре,чем обработать малину от вредителей,1,1,AVERAGE,Умеренная,garden,/instrumenty/proverka-rasteniya/,diagnostic_backlog,Связать симптомы с проверкой растения; отдельный материал только после проверки источников.,болезни малины,bolezni-maliny.xlsx:Queries,1,False
чем обработать малину ранней весной от болезней и вредителей,чем обработать малину весной от болезней и вредителей,1,2,AVERAGE,Умеренная,garden,/instrumenty/proverka-rasteniya/,diagnostic_backlog,Связать симптомы с проверкой растения; отдельный материал только после проверки источников.,болезни малины,bolezni-maliny.xlsx:Queries,1,False
чем обработать рассаду клубники перед посадкой от болезней,чем обработать землю перед посадкой клубники,1,2,AVERAGE,Умеренная,garden,/zhurnal/posadka-klubniki/,improve_existing,"Дополнить существующий материал ответами по срокам и условиям, связать с инструментом срока посадки.",болезни клубники,bolezni-klubniki.xlsx:Queries,1,False
чем обработать ремонтантную малину осенью после обрезки от вредителей и болезней,чем обработать ремонтантную малину осенью,1,1,AVERAGE,Умеренная,garden,/instrumenty/obrezka-maliny/,improve_existing,Вести к инструменту выбора схемы и руководству по типу плодоношения.,болезни малины,bolezni-maliny.xlsx:Queries,1,False
чем обработать смородину и малину осенью от вредителей и болезней,чем обработать смородину и малину осенью,1,1,AVERAGE,Умеренная,garden,/instrumenty/proverka-rasteniya/,diagnostic_backlog,Связать симптомы с проверкой растения; отдельный материал только после проверки источников.,болезни малины,bolezni-maliny.xlsx:Queries,1,False
чем опрыскать клубнику в октябре,чем обработать клубнику осенью от вредителей и болезней в октябре,1,2,AVERAGE,Умеренная,garden,,manual_mapping,Нужна редакционная проверка намерения.,болезни клубники,bolezni-klubniki.xlsx:AdditionalQueries,1,False
чем опрыскать малину от болезней,болезни малины описание с фотографиями,1,1,AVERAGE,Умеренная,garden,/instrumenty/proverka-rasteniya/,diagnostic_backlog,Связать симптомы с проверкой растения; отдельный материал только после проверки источников.,болезни малины,bolezni-maliny.xlsx:Queries,1,False
чем опрыскать малину от вредителей в июне,чем обработать малину от вредителей в июне,1,1,AVERAGE,Умеренная,garden,,manual_mapping,Нужна редакционная проверка намерения.,болезни малины,bolezni-maliny.xlsx:AdditionalQueries,1,False
чем опрыскать малину после плодоношения,уход за малиной после сбора урожая,1,1,AVERAGE,Умеренная,garden,,manual_mapping,Нужна редакционная проверка намерения.,болезни малины,bolezni-maliny.xlsx:AdditionalQueries,1,False
чем опрыскать малину после сбора урожая,уход за малиной после сбора урожая,1,1,AVERAGE,Умеренная,garden,,manual_mapping,Нужна редакционная проверка намерения.,болезни малины,bolezni-maliny.xlsx:AdditionalQueries,1,False
чем опрыскать малину ранней весной,чем обработать малину весной от болезней и вредителей,1,4,AVERAGE,Умеренная,garden,,manual_mapping,Нужна редакционная проверка намерения.,болезни малины,bolezni-maliny.xlsx:AdditionalQueries,1,False
чем опрыскивать клубнику после обрезки листьев в июле от вредителей и болезней,чем подкормить клубнику после плодоношения и обрезки в июле и августе,1,1,AVERAGE,Умеренная,garden,/instrumenty/proverka-rasteniya/,new_diagnostic_hub,Подготовить руководство по болезням клубники с проверяемыми фото и различиями симптомов; связать с материалом о серой гнили.,болезни клубники,bolezni-klubniki.xlsx:Queries,1,False
чем опрыскивать малину ранней весной,чем обработать малину весной от болезней и вредителей,1,5,AVERAGE,Умеренная,garden,,manual_mapping,Нужна редакционная проверка намерения.,болезни малины,bolezni-maliny.xlsx:AdditionalQueries,1,False
чем подкармливать ранней весной ремонтантные сорта клубники и чем обработать от болезней и вредителей,подкормка ремонтантной клубники,1,1,AVERAGE,Умеренная,garden,/sorta/,improve_catalog,"Уточнить путь к каталогу клубники, фильтрам и сравнению.",болезни клубники,bolezni-klubniki.xlsx:Queries,1,False
чем подкормить малину после посадки,как ухаживать за малиной,1,2,AVERAGE,Умеренная,garden,,new_article,Подготовить единый материал о питании малины по фазе и анализу почвы; месяцы учесть внутри него.,посадка малины,posadka-maliny.xlsx:Queries,1,False
чем подкормить малину при посадке весной,как правильно посадить малину,1,2,AVERAGE,Умеренная,garden,,new_article,Подготовить единый материал о питании малины по фазе и анализу почвы; месяцы учесть внутри него.,посадка малины,posadka-maliny.xlsx:Queries,1,False
чем подкормить малину при посадке осенью,чем удобрить малину при посадке осенью,1,1,AVERAGE,Умеренная,garden,,new_article,Подготовить единый материал о питании малины по фазе и анализу почвы; месяцы учесть внутри него.,посадка малины,posadka-maliny.xlsx:Queries,1,False
чем подкормить ремонтантную малину после первого урожая,обрезка малины после сбора урожая,1,2,AVERAGE,Умеренная,garden,,new_article,Подготовить единый материал о питании малины по фазе и анализу почвы; месяцы учесть внутри него.,болезни малины,bolezni-maliny.xlsx:AdditionalQueries,1,False
чем подкормить тибетскую малину,тибетская малина,1,2,AVERAGE,Умеренная,garden,,new_botanical_article,"Сначала установить вид и источники; объяснить отличие от обычной малины, добавить проверяемые фото.",посадка малины | тибетская малина,posadka-maliny.xlsx:AdditionalQueries | tibetskaya-malina.xlsx:Queries,2,False
чем подкормить тибетскую малину весной,тибетская малина фото,1,1,AVERAGE,Умеренная,garden,,new_botanical_article,"Сначала установить вид и источники; объяснить отличие от обычной малины, добавить проверяемые фото.",тибетская малина,tibetskaya-malina.xlsx:Queries,1,False
чем подкормить ягоды во время плодоношения,чем подкормить клубнику во время плодоношения,1,1,AVERAGE,Умеренная,garden,,manual_mapping,Нужна редакционная проверка намерения.,клубника,klubnika.xlsx:AdditionalQueries,1,False
чем поливать клубнику от долгоносика,долгоносик,1,1,AVERAGE,Умеренная,garden,,manual_mapping,Нужна редакционная проверка намерения.,болезни клубники,bolezni-klubniki.xlsx:AdditionalQueries,1,False
чем пролить малину весной,уход за малиной весной,1,2,AVERAGE,Умеренная,garden,,manual_mapping,Нужна редакционная проверка намерения.,болезни малины,bolezni-maliny.xlsx:AdditionalQueries,1,False
через какое расстояние садить малину,как правильно посадить малину,1,1,AVERAGE,Умеренная,garden,,manual_mapping,Нужна редакционная проверка намерения.,посадка малины,posadka-maliny.xlsx:AdditionalQueries,1,False
что внести в лунку при посадке малины,как правильно посадить малину,1,1,AVERAGE,Умеренная,garden,/zhurnal/posadka-maliny/,improve_existing,Обновить ответы внутри существующего материала и связать с расчётом посадки.,посадка малины,posadka-maliny.xlsx:Queries,1,False
что за болезнь у малины и как с этим,на листьях малины желтые пятна,1,1,AVERAGE,Умеренная,garden,/instrumenty/proverka-rasteniya/,diagnostic_backlog,Связать симптомы с проверкой растения; отдельный материал только после проверки источников.,болезни малины,bolezni-maliny.xlsx:Queries,1,False
что кладут в лунку при посадке малины,как правильно посадить малину,1,1,AVERAGE,Умеренная,garden,/zhurnal/posadka-maliny/,improve_existing,Обновить ответы внутри существующего материала и связать с расчётом посадки.,посадка малины,posadka-maliny.xlsx:Queries,1,False
что положить в лунку при пересадке малины,как правильно посадить малину,1,1,AVERAGE,Умеренная,garden,,manual_mapping,Нужна редакционная проверка намерения.,посадка малины,posadka-maliny.xlsx:AdditionalQueries,1,False
что положить в ямку при посадке малины,как правильно посадить малину,1,1,AVERAGE,Умеренная,garden,/zhurnal/posadka-maliny/,improve_existing,Обновить ответы внутри существующего материала и связать с расчётом посадки.,посадка малины,posadka-maliny.xlsx:Queries,1,False
что положить в яму при посадке малины весной,как правильно посадить малину,1,1,AVERAGE,Умеренная,garden,/zhurnal/posadka-maliny/,improve_existing,Обновить ответы внутри существующего материала и связать с расчётом посадки.,посадка малины,posadka-maliny.xlsx:Queries,1,False
что такое дерево малина,малиновое дерево,1,2,AVERAGE,Умеренная,garden,,manual_mapping,Нужна редакционная проверка намерения.,посадка малины,posadka-maliny.xlsx:AdditionalQueries,1,False
что такое дидимелла на малине и как с этим бороться,дидимелла на малине как бороться,1,1,AVERAGE,Умеренная,garden,,new_article,"Дидимелла: проверить диагностику по первоисточникам, затем подготовить материал; схемы препаратов требуют актуальной проверки.",сорта малины,sorta-maliny.xlsx:AdditionalQueries,1,False
что такое клери,клубника клери,1,1,AVERAGE,Умеренная,garden,,manual_mapping,Нужна редакционная проверка намерения.,клубника,klubnika.xlsx:AdditionalQueries,1,False
что такое малиновое дерево таруса,малиновое дерево таруса,1,1,AVERAGE,Умеренная,garden,/zhurnal/malinovoe-derevo-tarusa/,improve_existing,Проверить ответ о штамбовой форме и уходе; не превращать торговое название в ботанический вид.,малина,malina.xlsx:AdditionalQueries,1,False
что такое штамбовый сорт малины,малиновое дерево,1,1,AVERAGE,Умеренная,garden,,manual_mapping,Нужна редакционная проверка намерения.,посадка малины,posadka-maliny.xlsx:AdditionalQueries,1,False
шаг посадки малины,как правильно посадить малину,1,1,AVERAGE,Умеренная,garden,/zhurnal/posadka-maliny/,improve_existing,Обновить ответы внутри существующего материала и связать с расчётом посадки.,посадка малины,posadka-maliny.xlsx:Queries,1,False
штамбовая малина таруса описание сорта,малиновое дерево таруса,1,2,AVERAGE,Умеренная,garden,/sorta/tarusa/,improve_cultivar,"Проверить полноту описания, фото и сравнения; отзывы и урожайность добавлять только по фактическим источникам.",посадка малины,posadka-maliny.xlsx:AdditionalQueries,1,False
ягода мурано,клубника мурано,1,1,AVERAGE,Умеренная,garden,,manual_mapping,Нужна редакционная проверка намерения.,сорта клубники,sorta-klubniki.xlsx:AdditionalQueries,1,False
