query,cluster,demand,clicks,competition_code,competition,scope,target_path,action,editorial_note,seed_sources,table_sources,observations,metric_conflict
болезни клубники,болезни клубники,1026,1273,LOW,Низкая,garden,/instrumenty/proverka-rasteniya/,new_diagnostic_hub,Подготовить руководство по болезням клубники с проверяемыми фото и различиями симптомов; связать с материалом о серой гнили.,болезни клубники | клубника,bolezni-klubniki.xlsx:Queries | klubnika.xlsx:Queries,2,False
болезни клубники описание с фотографиями,болезни клубники,824,1215,LOW,Низкая,garden,/instrumenty/proverka-rasteniya/,new_diagnostic_hub,Подготовить руководство по болезням клубники с проверяемыми фото и различиями симптомов; связать с материалом о серой гнили.,болезни клубники | клубника,bolezni-klubniki.xlsx:Queries | klubnika.xlsx:Queries,2,False
азия клубника описание,клубника азия,718,587,LOW,Низкая,garden,/sorta/aziya/,improve_cultivar,"Проверить полноту описания, фото и сравнения; отзывы и урожайность добавлять только по фактическим источникам.",клубника,klubnika.xlsx:Queries,1,False
болезни клубники описание с фотографиями и способы лечения летом,болезни клубники,542,899,LOW,Низкая,garden,/instrumenty/proverka-rasteniya/,new_diagnostic_hub,Подготовить руководство по болезням клубники с проверяемыми фото и различиями симптомов; связать с материалом о серой гнили.,болезни клубники | клубника,bolezni-klubniki.xlsx:Queries | klubnika.xlsx:Queries,2,False
болезни клубники фото и описание чем лечить,болезни клубники,405,678,LOW,Низкая,garden,/instrumenty/proverka-rasteniya/,new_diagnostic_hub,Подготовить руководство по болезням клубники с проверяемыми фото и различиями симптомов; связать с материалом о серой гнили.,болезни клубники | клубника,bolezni-klubniki.xlsx:Queries | klubnika.xlsx:Queries,2,False
болезни клубники описание с фотографиями и способы лечения,болезни клубники,341,532,LOW,Низкая,garden,/instrumenty/proverka-rasteniya/,new_diagnostic_hub,Подготовить руководство по болезням клубники с проверяемыми фото и различиями симптомов; связать с материалом о серой гнили.,болезни клубники | клубника,bolezni-klubniki.xlsx:Queries | klubnika.xlsx:Queries,2,False
дидимелла на малине как бороться,дидимелла на малине как бороться,277,290,LOW,Низкая,garden,,new_article,"Дидимелла: проверить диагностику по первоисточникам, затем подготовить материал; схемы препаратов требуют актуальной проверки.",малина,malina.xlsx:Queries,1,False
малина таруса описание сорта фото отзывы садоводов,малина таруса,236,261,LOW,Низкая,garden,/sorta/tarusa/,improve_cultivar,"Проверить полноту описания, фото и сравнения; отзывы и урожайность добавлять только по фактическим источникам.",малина | сорта малины,malina.xlsx:Queries | sorta-maliny.xlsx:Queries,2,False
чем подкормить малину в июле,чем подкормить малину в июле,176,133,LOW,Низкая,garden,,new_article,Подготовить единый материал о питании малины по фазе и анализу почвы; месяцы учесть внутри него.,малина,malina.xlsx:Queries,1,False
лучшие сорта малины для подмосковья,лучшие сорта малины для подмосковья,173,256,LOW,Низкая,garden,/zhurnal/sorta-maliny-dlya-podmoskovya-kak-vybrat/,improve_existing,Связать выбор со сравнением сортов и условиями участка; отзывы и урожайность показывать только с реальными данными.,малина | сорта малины,malina.xlsx:Queries | sorta-maliny.xlsx:Queries,2,False
тибетская малина отзывы,тибетская малина отзывы,159,158,LOW,Низкая,garden,,new_botanical_article,"Сначала установить вид и источники; объяснить отличие от обычной малины, добавить проверяемые фото.",малина | тибетская малина,malina.xlsx:Queries | tibetskaya-malina.xlsx:Queries,2,False
клубника чамора туруси описание сорта фото отзывы садоводов урожайность,клубника чамора туруси,153,167,LOW,Низкая,garden,,verify_cultivar,Сорта ещё нет в каталоге: сначала установить идентичность и собрать первоисточники; не создавать карточку из поисковой фразы.,сорта клубники,sorta-klubniki.xlsx:Queries,1,False
тля на малине чем обработать,тля на малине чем обработать,150,244,LOW,Низкая,garden,/zhurnal/tlya-na-maline-chto-delat/,improve_existing,"Сохранить последовательность осмотра, механических действий и проверки выбранного средства.",малина,malina.xlsx:Queries,1,False
болезни клубники фото,болезни клубники,143,209,LOW,Низкая,garden,/instrumenty/proverka-rasteniya/,new_diagnostic_hub,Подготовить руководство по болезням клубники с проверяемыми фото и различиями симптомов; связать с материалом о серой гнили.,болезни клубники | клубника,bolezni-klubniki.xlsx:Queries | klubnika.xlsx:Queries,2,False
клубника ания описание сорта,клубника ания,140,141,LOW,Низкая,garden,/sorta/aniya/,improve_cultivar,"Проверить полноту описания, фото и сравнения; отзывы и урожайность добавлять только по фактическим источникам.",сорта клубники,sorta-klubniki.xlsx:Queries,1,False
малина гордость россии описание сорта фото отзывы,малина гордость россии,133,155,LOW,Низкая,garden,,verify_cultivar,Сорта ещё нет в каталоге: сначала установить идентичность и собрать первоисточники; не создавать карточку из поисковой фразы.,малина | сорта малины,malina.xlsx:Queries | sorta-maliny.xlsx:Queries,2,False
гигантелла клубника описание сорта фото отзывы садоводов,клубника гигантелла,120,128,LOW,Низкая,garden,,verify_cultivar,Сорта ещё нет в каталоге: сначала установить идентичность и собрать первоисточники; не создавать карточку из поисковой фразы.,сорта клубники,sorta-klubniki.xlsx:Queries,1,False
чамора туруси клубника описание сорта фото отзывы садоводов урожайность,клубника чамора туруси,118,115,LOW,Низкая,garden,,verify_cultivar,Сорта ещё нет в каталоге: сначала установить идентичность и собрать первоисточники; не создавать карточку из поисковой фразы.,сорта клубники,sorta-klubniki.xlsx:Queries,1,False
малина маравила описание сорта фото отзывы садоводов урожайность,малина маравилла описание сорта,117,119,LOW,Низкая,garden,,verify_cultivar,Сорта ещё нет в каталоге: сначала установить идентичность и собрать первоисточники; не создавать карточку из поисковой фразы.,малина | сорта малины,malina.xlsx:Queries | sorta-maliny.xlsx:Queries,2,False
клубника прими описание сорта,клубника прими,115,119,LOW,Низкая,garden,,verify_cultivar,Сорта ещё нет в каталоге: сначала установить идентичность и собрать первоисточники; не создавать карточку из поисковой фразы.,сорта клубники,sorta-klubniki.xlsx:Queries,1,False
дидимелла на малине фото,дидимелла на малине как бороться,114,117,LOW,Низкая,garden,,new_article,"Дидимелла: проверить диагностику по первоисточникам, затем подготовить материал; схемы препаратов требуют актуальной проверки.",малина,malina.xlsx:Queries,1,False
априка клубника описание сорта фото отзывы садоводов,клубника априка,108,115,LOW,Низкая,garden,/sorta/aprika/,improve_cultivar,"Проверить полноту описания, фото и сравнения; отзывы и урожайность добавлять только по фактическим источникам.",сорта клубники,sorta-klubniki.xlsx:Queries,1,False
малина сказка описание сорта фото отзывы особенности выращивания,малина сказка,108,145,LOW,Низкая,garden,,verify_cultivar,Сорта ещё нет в каталоге: сначала установить идентичность и собрать первоисточники; не создавать карточку из поисковой фразы.,малина | сорта малины,malina.xlsx:Queries | sorta-maliny.xlsx:Queries,2,False
желтеют листья клубники,желтеют листья клубники,102,262,LOW,Низкая,garden,/instrumenty/proverka-rasteniya/,new_diagnostic_article,Проверить причины пожелтения клубники; материал о малине не отвечает этому запросу.,клубника,klubnika.xlsx:Queries,1,False
малина гордость россии описание сорта фото отзывы садоводов,малина гордость россии,100,127,LOW,Низкая,garden,,verify_cultivar,Сорта ещё нет в каталоге: сначала установить идентичность и собрать первоисточники; не создавать карточку из поисковой фразы.,малина | сорта малины,malina.xlsx:Queries | sorta-maliny.xlsx:Queries,2,False
клубника сенсация описание сорта фото отзывы садоводов урожайность,клубника сенсация,99,138,LOW,Низкая,garden,,verify_cultivar,Сорта ещё нет в каталоге: сначала установить идентичность и собрать первоисточники; не создавать карточку из поисковой фразы.,сорта клубники,sorta-klubniki.xlsx:Queries,1,False
хлороз малины,хлороз малины,99,96,LOW,Низкая,garden,/zhurnal/zhelteyut-listya-maliny-chto-proverit/,improve_existing,"Уточнить ответы по рисунку симптомов, воде и анализу; хлороз не превращать в диагноз по фото.",малина,malina.xlsx:Queries,1,False
клубника априка описание сорта фото отзывы садоводов урожайность,клубника априка,97,124,LOW,Низкая,garden,/sorta/aprika/,improve_cultivar,"Проверить полноту описания, фото и сравнения; отзывы и урожайность добавлять только по фактическим источникам.",сорта клубники,sorta-klubniki.xlsx:Queries,1,False
чамора туруси клубника описание сорта фото отзывы,клубника чамора туруси,95,89,LOW,Низкая,garden,,verify_cultivar,Сорта ещё нет в каталоге: сначала установить идентичность и собрать первоисточники; не создавать карточку из поисковой фразы.,сорта клубники,sorta-klubniki.xlsx:Queries,1,False
болезни клубники фото и описание,болезни клубники,91,154,LOW,Низкая,garden,/instrumenty/proverka-rasteniya/,new_diagnostic_hub,Подготовить руководство по болезням клубники с проверяемыми фото и различиями симптомов; связать с материалом о серой гнили.,болезни клубники,bolezni-klubniki.xlsx:Queries,1,False
почему желтеют листья у малины,хлороз малины,90,90,LOW,Низкая,garden,/zhurnal/zhelteyut-listya-maliny-chto-proverit/,improve_existing,"Уточнить ответы по рисунку симптомов, воде и анализу; хлороз не превращать в диагноз по фото.",малина,malina.xlsx:Queries,1,False
саженцы малины rastenika,саженцы малины rastenika,85,78,LOW,Низкая,garden,,manual_mapping,Нужна редакционная проверка намерения.,малина,malina.xlsx:Queries,1,False
клубника клери описание сорта фото отзывы садоводов форум садоводов,клубника клери описание сорта фото отзывы,84,123,LOW,Низкая,garden,/sorta/kleri/,improve_cultivar,"Проверить полноту описания, фото и сравнения; отзывы и урожайность добавлять только по фактическим источникам.",сорта клубники,sorta-klubniki.xlsx:Queries,1,False
желтеют листья у малины как бороться,желтеют листья у малины как бороться,82,99,LOW,Низкая,garden,/zhurnal/zhelteyut-listya-maliny-chto-proverit/,improve_existing,"Уточнить ответы по рисунку симптомов, воде и анализу; хлороз не превращать в диагноз по фото.",малина,malina.xlsx:Queries,1,False
"""клубника мурано описание сорта фото отзывы""","""клубника мурано описание сорта фото отзывы""",79,85,LOW,Низкая,garden,/sorta/murano/,improve_cultivar,"Проверить полноту описания, фото и сравнения; отзывы и урожайность добавлять только по фактическим источникам.",сорта клубники,sorta-klubniki.xlsx:Queries,1,False
лучшие сорта малины для подмосковья для открытого грунта,лучшие сорта малины для подмосковья,76,108,LOW,Низкая,garden,/zhurnal/sorta-maliny-dlya-podmoskovya-kak-vybrat/,improve_existing,Связать выбор со сравнением сортов и условиями участка; отзывы и урожайность показывать только с реальными данными.,малина | сорта малины,malina.xlsx:Queries | sorta-maliny.xlsx:Queries,2,False
"""альба клубника описание сорта""","""альба клубника описание сорта""",75,80,LOW,Низкая,garden,/sorta/alba/,improve_cultivar,"Проверить полноту описания, фото и сравнения; отзывы и урожайность добавлять только по фактическим источникам.",сорта клубники,sorta-klubniki.xlsx:Queries,1,False
болезни клубники по листьям описание с фотографиями и способы лечения,болезни клубники,75,151,LOW,Низкая,garden,/instrumenty/proverka-rasteniya/,new_diagnostic_hub,Подготовить руководство по болезням клубники с проверяемыми фото и различиями симптомов; связать с материалом о серой гнили.,болезни клубники,bolezni-klubniki.xlsx:Queries,1,False
лучшие сорта клубники для сибири,сорта клубники для сибири,75,129,LOW,Низкая,garden,/podbor/,improve_selector,Использовать место и подтверждённый допуск; местную урожайность не выводить из допуска.,сорта клубники,sorta-klubniki.xlsx:Queries,1,False
клубника кабрилло описание сорта фото отзывы садоводов урожайность,клубника кабрилло,74,94,LOW,Низкая,garden,/sorta/cabrillo/,improve_cultivar,"Проверить полноту описания, фото и сравнения; отзывы и урожайность добавлять только по фактическим источникам.",сорта клубники,sorta-klubniki.xlsx:Queries,1,False
сорт азия клубника описание,клубника азия,73,50,LOW,Низкая,garden,/sorta/aziya/,improve_cultivar,"Проверить полноту описания, фото и сравнения; отзывы и урожайность добавлять только по фактическим источникам.",сорта клубники,sorta-klubniki.xlsx:Queries,1,False
как избавиться от корней малины,как избавиться от корней малины,72,93,LOW,Низкая,garden,/zhurnal/malina-raspolzaetsya-po-uchastku/,improve_existing,"Проверить, ясно ли объяснены границы ряда и действия с порослью.",малина,malina.xlsx:Queries,1,False
маравилла малина описание сорта фото отзывы,малина маравилла,72,66,LOW,Низкая,garden,,verify_cultivar,Сорта ещё нет в каталоге: сначала установить идентичность и собрать первоисточники; не создавать карточку из поисковой фразы.,сорта малины,sorta-maliny.xlsx:Queries,1,False
у малины желтеют листья что делать,хлороз малины,72,86,LOW,Низкая,garden,/zhurnal/zhelteyut-listya-maliny-chto-proverit/,improve_existing,"Уточнить ответы по рисунку симптомов, воде и анализу; хлороз не превращать в диагноз по фото.",малина,malina.xlsx:Queries,1,False
клубника априка описание сорта фото отзывы,клубника априка,70,89,LOW,Низкая,garden,/sorta/aprika/,improve_cultivar,"Проверить полноту описания, фото и сравнения; отзывы и урожайность добавлять только по фактическим источникам.",сорта клубники,sorta-klubniki.xlsx:Queries,1,False
клубника лорд описание сорта фото отзывы садоводов урожайность характеристика и описание,клубника лорд описание сорта,70,91,LOW,Низкая,garden,,verify_cultivar,Сорта ещё нет в каталоге: сначала установить идентичность и собрать первоисточники; не создавать карточку из поисковой фразы.,сорта клубники,sorta-klubniki.xlsx:Queries,1,False
клубника крапо 10 описание сорта фото отзывы садоводов урожайность,клубника крапо 10,69,102,LOW,Низкая,garden,,verify_cultivar,Сорта ещё нет в каталоге: сначала установить идентичность и собрать первоисточники; не создавать карточку из поисковой фразы.,сорта клубники,sorta-klubniki.xlsx:Queries,1,False
клубника сенсация описание сорта фото отзывы,клубника сенсация,67,73,LOW,Низкая,garden,,verify_cultivar,Сорта ещё нет в каталоге: сначала установить идентичность и собрать первоисточники; не создавать карточку из поисковой фразы.,сорта клубники,sorta-klubniki.xlsx:Queries,1,False
малина бальзам описание сорта,малина бальзам,67,61,LOW,Низкая,garden,/sorta/balzam/,improve_cultivar,"Проверить полноту описания, фото и сравнения; отзывы и урожайность добавлять только по фактическим источникам.",сорта малины,sorta-maliny.xlsx:Queries,1,False
хлороз малины лечение,хлороз малины,67,91,LOW,Низкая,garden,/zhurnal/zhelteyut-listya-maliny-chto-proverit/,improve_existing,"Уточнить ответы по рисунку симптомов, воде и анализу; хлороз не превращать в диагноз по фото.",малина,malina.xlsx:Queries,1,False
почему малина червивая что надо делать,почему малина червивая что надо делать,65,81,LOW,Низкая,garden,,new_diagnostic_article,Установить вредителя и признаки; не обещать универсальную обработку.,малина,malina.xlsx:Queries,1,False
болезни виктории описание с фотографиями и способы лечения,болезни клубники,63,106,LOW,Низкая,garden,/instrumenty/proverka-rasteniya/,new_diagnostic_hub,Подготовить руководство по болезням клубники с проверяемыми фото и различиями симптомов; связать с материалом о серой гнили.,болезни клубники | клубника,bolezni-klubniki.xlsx:AdditionalQueries | klubnika.xlsx:AdditionalQueries,2,False
сорта малины для подмосковья,лучшие сорта малины для подмосковья,63,83,LOW,Низкая,garden,/zhurnal/sorta-maliny-dlya-podmoskovya-kak-vybrat/,improve_existing,Связать выбор со сравнением сортов и условиями участка; отзывы и урожайность показывать только с реальными данными.,малина | сорта малины,malina.xlsx:Queries | sorta-maliny.xlsx:Queries,2,False
малина маравилла описание сорта фото отзывы садоводов,малина маравилла,62,62,LOW,Низкая,garden,,verify_cultivar,Сорта ещё нет в каталоге: сначала установить идентичность и собрать первоисточники; не создавать карточку из поисковой фразы.,сорта малины,sorta-maliny.xlsx:Queries,1,False
хлороз малины фото и их лечение,хлороз малины,62,93,LOW,Низкая,garden,/zhurnal/zhelteyut-listya-maliny-chto-proverit/,improve_existing,"Уточнить ответы по рисунку симптомов, воде и анализу; хлороз не превращать в диагноз по фото.",малина,malina.xlsx:Queries,1,False
баковая смесь для обработки клубники весной от болезней и вредителей,баковая смесь для обработки клубники весной от болезней и вредителей,60,94,LOW,Низкая,garden,/instrumenty/proverka-rasteniya/,new_diagnostic_hub,Подготовить руководство по болезням клубники с проверяемыми фото и различиями симптомов; связать с материалом о серой гнили.,болезни клубники,bolezni-klubniki.xlsx:Queries,1,False
крапо 10 клубника описание сорта фото отзывы садоводов,клубника крапо 10,60,79,LOW,Низкая,garden,,verify_cultivar,Сорта ещё нет в каталоге: сначала установить идентичность и собрать первоисточники; не создавать карточку из поисковой фразы.,сорта клубники,sorta-klubniki.xlsx:Queries,1,False
малина патриция описание сорта фото отзывы,малина патриция,59,77,LOW,Низкая,garden,/sorta/patritsiya/,improve_cultivar,"Проверить полноту описания, фото и сравнения; отзывы и урожайность добавлять только по фактическим источникам.",малина | сорта малины,malina.xlsx:Queries | sorta-maliny.xlsx:Queries,2,False
малина глен ампл описание сорта фото отзывы,малина глен ампл описание сорта фото отзывы,58,83,LOW,Низкая,garden,,verify_cultivar,Сорта ещё нет в каталоге: сначала установить идентичность и собрать первоисточники; не создавать карточку из поисковой фразы.,малина | сорта малины,malina.xlsx:Queries | sorta-maliny.xlsx:Queries,2,False
почему желтеют листья у малины в июне,почему желтеют листья у малины,58,79,LOW,Низкая,garden,/zhurnal/zhelteyut-listya-maliny-chto-proverit/,improve_existing,"Уточнить ответы по рисунку симптомов, воде и анализу; хлороз не превращать в диагноз по фото.",малина,malina.xlsx:Queries,1,False
сорта малины для подмосковья с фото и описанием урожайные сладкие,лучшие сорта малины для подмосковья,58,81,LOW,Низкая,garden,/zhurnal/sorta-maliny-dlya-podmoskovya-kak-vybrat/,improve_existing,Связать выбор со сравнением сортов и условиями участка; отзывы и урожайность показывать только с реальными данными.,малина | сорта малины,malina.xlsx:Queries | sorta-maliny.xlsx:Queries,2,False
кабрилло клубника описание сорта фото отзывы садоводов,клубника кабрилло,57,68,LOW,Низкая,garden,/sorta/cabrillo/,improve_cultivar,"Проверить полноту описания, фото и сравнения; отзывы и урожайность добавлять только по фактическим источникам.",сорта клубники,sorta-klubniki.xlsx:Queries,1,False
клубника болезни и лечение с фото,болезни клубники,56,86,LOW,Низкая,garden,/instrumenty/proverka-rasteniya/,new_diagnostic_hub,Подготовить руководство по болезням клубники с проверяемыми фото и различиями симптомов; связать с материалом о серой гнили.,болезни клубники,bolezni-klubniki.xlsx:Queries,1,False
лучшие сорта клубники для сибири для открытого грунта,сорта клубники для сибири,55,104,LOW,Низкая,garden,/podbor/,improve_selector,Использовать место и подтверждённый допуск; местную урожайность не выводить из допуска.,сорта клубники,sorta-klubniki.xlsx:Queries,1,False
черная малина сорта и фото и описание,чёрная малина сорта и фото и описание,55,54,LOW,Низкая,garden,,manual_mapping,Нужна редакционная проверка намерения.,сорта малины,sorta-maliny.xlsx:Queries,1,False
клубника гигантелла описание сорта фото отзывы садоводов урожайность характеристика и описание сорта,клубника гигантелла,53,64,LOW,Низкая,garden,,verify_cultivar,Сорта ещё нет в каталоге: сначала установить идентичность и собрать первоисточники; не создавать карточку из поисковой фразы.,сорта клубники,sorta-klubniki.xlsx:Queries,1,False
сорта клубники для урала,лучшие сорта клубники для урала,53,73,LOW,Низкая,garden,/podbor/,improve_selector,Использовать место и подтверждённый допуск; местную урожайность не выводить из допуска.,сорта клубники,sorta-klubniki.xlsx:Queries,1,False
лучшие сорта клубники для урала,лучшие сорта клубники для урала,51,87,LOW,Низкая,garden,/podbor/,improve_selector,Использовать место и подтверждённый допуск; местную урожайность не выводить из допуска.,сорта клубники,sorta-klubniki.xlsx:Queries,1,False
малина таруса описание сорта фото отзывы садоводов урожайность характеристика и описание сорта,малина таруса описание,51,61,LOW,Низкая,garden,/sorta/tarusa/,improve_cultivar,"Проверить полноту описания, фото и сравнения; отзывы и урожайность добавлять только по фактическим источникам.",сорта малины,sorta-maliny.xlsx:Queries,1,False
клубника клери описание сорта фото отзывы садоводов урожайность,клубника клери описание сорта,49,67,LOW,Низкая,garden,/sorta/kleri/,improve_cultivar,"Проверить полноту описания, фото и сравнения; отзывы и урожайность добавлять только по фактическим источникам.",сорта клубники,sorta-klubniki.xlsx:Queries,1,False
малина маравилла описание сорта фото отзывы,малина маравилла,47,48,LOW,Низкая,garden,,verify_cultivar,Сорта ещё нет в каталоге: сначала установить идентичность и собрать первоисточники; не создавать карточку из поисковой фразы.,сорта малины,sorta-maliny.xlsx:Queries,1,False
малина патриция описание сорта фото отзывы садоводов урожайность,малина патриция,47,68,LOW,Низкая,garden,/sorta/patritsiya/,improve_cultivar,"Проверить полноту описания, фото и сравнения; отзывы и урожайность добавлять только по фактическим источникам.",сорта малины,sorta-maliny.xlsx:Queries,1,False
болезни клубники с фото,болезни клубники,46,89,LOW,Низкая,garden,/instrumenty/proverka-rasteniya/,new_diagnostic_hub,Подготовить руководство по болезням клубники с проверяемыми фото и различиями симптомов; связать с материалом о серой гнили.,болезни клубники,bolezni-klubniki.xlsx:Queries,1,False
малина мишутка описание сорта,малина мишутка,46,50,LOW,Низкая,garden,,verify_cultivar,Сорта ещё нет в каталоге: сначала установить идентичность и собрать первоисточники; не создавать карточку из поисковой фразы.,сорта малины,sorta-maliny.xlsx:Queries,1,False
сорта клубники для сибири лучшие крупные сладкие для открытого грунта,сорта клубники для сибири,46,85,LOW,Низкая,garden,/podbor/,improve_selector,Использовать место и подтверждённый допуск; местную урожайность не выводить из допуска.,сорта клубники,sorta-klubniki.xlsx:Queries,1,False
болезни клубники описание с фотографиями и способы лечения весной,болезни клубники,45,82,LOW,Низкая,garden,/instrumenty/proverka-rasteniya/,new_diagnostic_hub,Подготовить руководство по болезням клубники с проверяемыми фото и различиями симптомов; связать с материалом о серой гнили.,болезни клубники,bolezni-klubniki.xlsx:Queries,1,False
болезни клубники по листьям,болезни клубники,45,69,LOW,Низкая,garden,/instrumenty/proverka-rasteniya/,new_diagnostic_hub,Подготовить руководство по болезням клубники с проверяемыми фото и различиями симптомов; связать с материалом о серой гнили.,болезни клубники,bolezni-klubniki.xlsx:Queries,1,False
малина похвалинка описание сорта фото отзывы садоводов,малина похвалинка,43,72,LOW,Низкая,garden,/sorta/pohvalinka/,improve_cultivar,"Проверить полноту описания, фото и сравнения; отзывы и урожайность добавлять только по фактическим источникам.",сорта малины,sorta-maliny.xlsx:Queries,1,False
гигантелла максим клубника описание сорта отзывы,клубника максим описание сорта,39,48,LOW,Низкая,garden,,verify_cultivar,Сорта ещё нет в каталоге: сначала установить идентичность и собрать первоисточники; не создавать карточку из поисковой фразы.,сорта клубники,sorta-klubniki.xlsx:Queries,1,False
дидимела болезнь малины лечение препараты,дидимелла на малине как бороться,39,74,LOW,Низкая,garden,,new_article,"Дидимелла: проверить диагностику по первоисточникам, затем подготовить материал; схемы препаратов требуют актуальной проверки.",болезни малины | малина,bolezni-maliny.xlsx:Queries | malina.xlsx:Queries,2,False
болезни клубники по листьям фото и лечение,болезни клубники,37,63,LOW,Низкая,garden,/instrumenty/proverka-rasteniya/,new_diagnostic_hub,Подготовить руководство по болезням клубники с проверяемыми фото и различиями симптомов; связать с материалом о серой гнили.,болезни клубники,bolezni-klubniki.xlsx:Queries,1,False
сорта ремонтантной клубники с фотографиями и описанием,ремонтантные сорта клубники,36,68,LOW,Низкая,garden,/sorta/,improve_catalog,"Уточнить путь к каталогу клубники, фильтрам и сравнению.",сорта клубники,sorta-klubniki.xlsx:Queries,1,False
лучшие сорта ремонтантной малины для подмосковья,лучшие сорта малины для подмосковья,35,61,LOW,Низкая,garden,/zhurnal/sorta-maliny-dlya-podmoskovya-kak-vybrat/,improve_existing,Связать выбор со сравнением сортов и условиями участка; отзывы и урожайность показывать только с реальными данными.,сорта малины,sorta-maliny.xlsx:Queries,1,False
малина нижегородец описание сорта фото отзывы,малина нижегородец,35,45,LOW,Низкая,garden,,verify_cultivar,Сорта ещё нет в каталоге: сначала установить идентичность и собрать первоисточники; не создавать карточку из поисковой фразы.,сорта малины,sorta-maliny.xlsx:Queries,1,False
малина пшехиба описание сорта фото отзывы садоводов,малина пшехиба,35,43,LOW,Низкая,garden,/sorta/pshehiba/,improve_cultivar,"Проверить полноту описания, фото и сравнения; отзывы и урожайность добавлять только по фактическим источникам.",сорта малины,sorta-maliny.xlsx:Queries,1,False
малина таруса описание сорта фото отзывы особенности выращивания,малиновое дерево таруса,35,39,LOW,Низкая,garden,/sorta/tarusa/,improve_cultivar,"Проверить полноту описания, фото и сравнения; отзывы и урожайность добавлять только по фактическим источникам.",сорта малины,sorta-maliny.xlsx:Queries,1,False
малина зюгана описание сорта фото отзывы садоводов,малина зюгана,34,53,LOW,Низкая,garden,,verify_cultivar,Сорта ещё нет в каталоге: сначала установить идентичность и собрать первоисточники; не создавать карточку из поисковой фразы.,сорта малины,sorta-maliny.xlsx:Queries,1,False
малина маросейка описание сорта фото отзывы садоводов урожайность характеристика,малина маросейка описание сорта,34,49,LOW,Низкая,garden,/sorta/maroseyka/,improve_cultivar,"Проверить полноту описания, фото и сравнения; отзывы и урожайность добавлять только по фактическим источникам.",сорта малины,sorta-maliny.xlsx:Queries,1,False
болезни клубники с фото и описанием и лечение,болезни клубники,31,59,LOW,Низкая,garden,/instrumenty/proverka-rasteniya/,new_diagnostic_hub,Подготовить руководство по болезням клубники с проверяемыми фото и различиями симптомов; связать с материалом о серой гнили.,болезни клубники,bolezni-klubniki.xlsx:Queries,1,False
ведьмина метла на малине фото и описание,ведьмина метла на малине,31,54,LOW,Низкая,garden,/instrumenty/proverka-rasteniya/,diagnostic_backlog,Связать симптомы с проверкой растения; отдельный материал только после проверки источников.,болезни малины,bolezni-maliny.xlsx:AdditionalQueries,1,False
клубника лорд описание сорта фото отзывы садоводов урожайность,клубника лорд описание сорта,31,44,LOW,Низкая,garden,,verify_cultivar,Сорта ещё нет в каталоге: сначала установить идентичность и собрать первоисточники; не создавать карточку из поисковой фразы.,сорта клубники,sorta-klubniki.xlsx:Queries,1,False
малина желтый гигант описание сорта фото отзывы,малина желтый гигант,31,36,LOW,Низкая,garden,/sorta/zheltyy-gigant/,improve_cultivar,"Проверить полноту описания, фото и сравнения; отзывы и урожайность добавлять только по фактическим источникам.",сорта малины,sorta-maliny.xlsx:Queries,1,False
чем лечить клубнику от болезней,болезни клубники,31,37,LOW,Низкая,garden,/instrumenty/proverka-rasteniya/,new_diagnostic_hub,Подготовить руководство по болезням клубники с проверяемыми фото и различиями симптомов; связать с материалом о серой гнили.,болезни клубники,bolezni-klubniki.xlsx:Queries,1,False
болезни клубники по листьям фото и лечение весной,болезни клубники,30,64,LOW,Низкая,garden,/instrumenty/proverka-rasteniya/,new_diagnostic_hub,Подготовить руководство по болезням клубники с проверяемыми фото и различиями симптомов; связать с материалом о серой гнили.,болезни клубники,bolezni-klubniki.xlsx:Queries,1,False
клубника гирлянда описание сорта фото отзывы садоводов урожайность,клубника гирлянда,29,45,LOW,Низкая,garden,,verify_cultivar,Сорта ещё нет в каталоге: сначала установить идентичность и собрать первоисточники; не создавать карточку из поисковой фразы.,сорта клубники,sorta-klubniki.xlsx:Queries,1,False
лучшие сорта ремонтантной клубники для средней полосы для открытого грунта,сорта клубники с фотографиями и описанием,29,65,LOW,Низкая,garden,/sorta/,improve_catalog,"Уточнить путь к каталогу клубники, фильтрам и сравнению.",сорта клубники,sorta-klubniki.xlsx:Queries,1,False
сорта клубники для сибири с фотографиями и описанием,сорта клубники для сибири,29,55,LOW,Низкая,garden,/podbor/,improve_selector,Использовать место и подтверждённый допуск; местную урожайность не выводить из допуска.,сорта клубники,sorta-klubniki.xlsx:Queries,1,False
клубника гигантелла описание сорта фото отзывы садоводов урожайность,клубника гигантелла,28,32,LOW,Низкая,garden,,verify_cultivar,Сорта ещё нет в каталоге: сначала установить идентичность и собрать первоисточники; не создавать карточку из поисковой фразы.,сорта клубники,sorta-klubniki.xlsx:Queries,1,False
малина гордость россии описание сорта фото отзывы садоводов урожайность характеристика,малина гордость россии,28,42,LOW,Низкая,garden,,verify_cultivar,Сорта ещё нет в каталоге: сначала установить идентичность и собрать первоисточники; не создавать карточку из поисковой фразы.,сорта малины,sorta-maliny.xlsx:Queries,1,False
гордость россии малина описание сорта фото отзывы,малина гордость россии,27,34,LOW,Низкая,garden,,verify_cultivar,Сорта ещё нет в каталоге: сначала установить идентичность и собрать первоисточники; не создавать карточку из поисковой фразы.,сорта малины,sorta-maliny.xlsx:Queries,1,False
клубника максим описание сорта фото отзывы садоводов форум садоводов,клубника гигантелла максим описание сорта,26,42,LOW,Низкая,garden,,verify_cultivar,Сорта ещё нет в каталоге: сначала установить идентичность и собрать первоисточники; не создавать карточку из поисковой фразы.,сорта клубники,sorta-klubniki.xlsx:Queries,1,False
клубника мурано описание сорта и отзывы,клубника мурано,26,31,LOW,Низкая,garden,/sorta/murano/,improve_cultivar,"Проверить полноту описания, фото и сравнения; отзывы и урожайность добавлять только по фактическим источникам.",сорта клубники,sorta-klubniki.xlsx:Queries,1,False
болезни виктории описание с фотографиями,болезни клубники,25,43,LOW,Низкая,garden,/instrumenty/proverka-rasteniya/,new_diagnostic_hub,Подготовить руководство по болезням клубники с проверяемыми фото и различиями симптомов; связать с материалом о серой гнили.,болезни клубники,bolezni-klubniki.xlsx:AdditionalQueries,1,False
клубника брилла описание сорта фото отзывы садоводов урожайность,клубника брилла,25,36,LOW,Низкая,garden,/sorta/brilla/,improve_cultivar,"Проверить полноту описания, фото и сравнения; отзывы и урожайность добавлять только по фактическим источникам.",сорта клубники,sorta-klubniki.xlsx:Queries,1,False
клубника гигантелла описание сорта фото отзывы,клубника гигантелла,25,37,LOW,Низкая,garden,,verify_cultivar,Сорта ещё нет в каталоге: сначала установить идентичность и собрать первоисточники; не создавать карточку из поисковой фразы.,сорта клубники,sorta-klubniki.xlsx:Queries,1,False
клубника мице шиндлер описание сорта фото отзывы садоводов,мице шиндлер клубника,25,31,LOW,Низкая,garden,,verify_cultivar,Сорта ещё нет в каталоге: сначала установить идентичность и собрать первоисточники; не создавать карточку из поисковой фразы.,сорта клубники,sorta-klubniki.xlsx:Queries,1,False
лучшие сорта клубники для северо запада для открытого грунта,лучшие сорта клубники для ленинградской области,25,54,LOW,Низкая,garden,/podbor/,improve_selector,Использовать место и подтверждённый допуск; местную урожайность не выводить из допуска.,сорта клубники,sorta-klubniki.xlsx:Queries,1,False
малина лучшие сорта для подмосковья,лучшие сорта малины для подмосковья,25,35,LOW,Низкая,garden,/zhurnal/sorta-maliny-dlya-podmoskovya-kak-vybrat/,improve_existing,Связать выбор со сравнением сортов и условиями участка; отзывы и урожайность показывать только с реальными данными.,сорта малины,sorta-maliny.xlsx:Queries,1,False
схема посадки малины в открытом грунте,как правильно посадить малину,25,26,LOW,Низкая,garden,/zhurnal/posadka-maliny/,improve_existing,Обновить ответы внутри существующего материала и связать с расчётом посадки.,посадка малины,posadka-maliny.xlsx:Queries,1,False
болезни клубники описание,болезни клубники,24,36,LOW,Низкая,garden,/instrumenty/proverka-rasteniya/,new_diagnostic_hub,Подготовить руководство по болезням клубники с проверяемыми фото и различиями симптомов; связать с материалом о серой гнили.,болезни клубники,bolezni-klubniki.xlsx:Queries,1,False
болезни клубники по листьям описание с фотографиями,болезни клубники,24,45,LOW,Низкая,garden,/instrumenty/proverka-rasteniya/,new_diagnostic_hub,Подготовить руководство по болезням клубники с проверяемыми фото и различиями симптомов; связать с материалом о серой гнили.,болезни клубники,bolezni-klubniki.xlsx:Queries,1,False
клубника мальга описание сорта фото отзывы садоводов урожайность,клубника мальга,24,37,LOW,Низкая,garden,/sorta/malga/,improve_cultivar,"Проверить полноту описания, фото и сравнения; отзывы и урожайность добавлять только по фактическим источникам.",сорта клубники,sorta-klubniki.xlsx:Queries,1,False
клубника флер описание сорта фото отзывы,клубника флер,24,34,LOW,Низкая,garden,,verify_cultivar,Сорта ещё нет в каталоге: сначала установить идентичность и собрать первоисточники; не создавать карточку из поисковой фразы.,сорта клубники,sorta-klubniki.xlsx:Queries,1,False
малина гусария описание сорта,малина гусар,24,32,LOW,Низкая,garden,,verify_cultivar,Сорта ещё нет в каталоге: сначала установить идентичность и собрать первоисточники; не создавать карточку из поисковой фразы.,сорта малины,sorta-maliny.xlsx:Queries,1,False
малина ремонтантная лучшие сорта для юга россии,малина ремонтантная лучшие сорта для юга россии,24,38,LOW,Низкая,garden,,manual_mapping,Нужна редакционная проверка намерения.,сорта малины,sorta-maliny.xlsx:Queries,1,False
сорт азия клубника описание и фото отзывы,клубника азия описание сорта фото отзывы,24,26,LOW,Низкая,garden,/sorta/aziya/,improve_cultivar,"Проверить полноту описания, фото и сравнения; отзывы и урожайность добавлять только по фактическим источникам.",сорта клубники,sorta-klubniki.xlsx:Queries,1,False
в одном из выделенных ниже слов допущена грамматическая ошибка. исправьте ошибку и запишите слово правильно. в двухтысячном году езжай осторожно разные сорта малины ранних сумерек после заморозков,в одном из выделенных ниже слов допущена грамматическая ошибка. исправьте ошибку и запишите слово правильно. в двухтысячном году езжай осторожно разные сорта малины ранних сумерек после заморозков,23,19,LOW,Низкая,garden,,manual_mapping,Нужна редакционная проверка намерения.,сорта малины,sorta-maliny.xlsx:Queries,1,False
клубника гигантелла максим описание сорта фото отзывы садоводов урожайность,клубника максим описание сорта,23,26,LOW,Низкая,garden,,verify_cultivar,Сорта ещё нет в каталоге: сначала установить идентичность и собрать первоисточники; не создавать карточку из поисковой фразы.,сорта клубники,sorta-klubniki.xlsx:Queries,1,False
клубника лючия описание сорта фото отзывы,клубника лючия,23,33,LOW,Низкая,garden,,verify_cultivar,Сорта ещё нет в каталоге: сначала установить идентичность и собрать первоисточники; не создавать карточку из поисковой фразы.,сорта клубники,sorta-klubniki.xlsx:Queries,1,False
малина феномен описание сорта фото отзывы,малина феномен,23,33,LOW,Низкая,garden,,verify_cultivar,Сорта ещё нет в каталоге: сначала установить идентичность и собрать первоисточники; не создавать карточку из поисковой фразы.,сорта малины,sorta-maliny.xlsx:Queries,1,False
клубника гигантелла описание сорта фото отзывы садоводов,клубника гигантелла,22,32,LOW,Низкая,garden,,verify_cultivar,Сорта ещё нет в каталоге: сначала установить идентичность и собрать первоисточники; не создавать карточку из поисковой фразы.,сорта клубники,sorta-klubniki.xlsx:Queries,1,False
клубника мурано описание сорта и отзывы садоводов,клубника мурано,22,31,LOW,Низкая,garden,/sorta/murano/,improve_cultivar,"Проверить полноту описания, фото и сравнения; отзывы и урожайность добавлять только по фактическим источникам.",сорта клубники,sorta-klubniki.xlsx:Queries,1,False
клубника прими описание сорта фото отзывы,клубника прими,22,33,LOW,Низкая,garden,,verify_cultivar,Сорта ещё нет в каталоге: сначала установить идентичность и собрать первоисточники; не создавать карточку из поисковой фразы.,сорта клубники,sorta-klubniki.xlsx:Queries,1,False
малина поклон казакову описание сорта фото отзывы,малина поклон казакову описание сорта,22,24,LOW,Низкая,garden,/sorta/poklon-kazakovu/,improve_cultivar,"Проверить полноту описания, фото и сравнения; отзывы и урожайность добавлять только по фактическим источникам.",сорта малины,sorta-maliny.xlsx:Queries,1,False
клубника для сибири лучшие сорта для открытого грунта,сорта клубники для сибири,21,41,LOW,Низкая,garden,/podbor/,improve_selector,Использовать место и подтверждённый допуск; местную урожайность не выводить из допуска.,сорта клубники,sorta-klubniki.xlsx:Queries,1,False
лучшие сорта клубники для сибири для открытого грунта крупноплодные сладкие,сорта клубники для сибири,21,37,LOW,Низкая,garden,/podbor/,improve_selector,Использовать место и подтверждённый допуск; местную урожайность не выводить из допуска.,сорта клубники,sorta-klubniki.xlsx:Queries,1,False
малина сорта для подмосковья,лучшие сорта малины для подмосковья,21,25,LOW,Низкая,garden,/zhurnal/sorta-maliny-dlya-podmoskovya-kak-vybrat/,improve_existing,Связать выбор со сравнением сортов и условиями участка; отзывы и урожайность показывать только с реальными данными.,сорта малины,sorta-maliny.xlsx:Queries,1,False
малина таганка описание сорта фото отзывы садоводов урожайность,малина таганка,21,29,LOW,Низкая,garden,,verify_cultivar,Сорта ещё нет в каталоге: сначала установить идентичность и собрать первоисточники; не создавать карточку из поисковой фразы.,сорта малины,sorta-maliny.xlsx:Queries,1,False
сорта малины для подмосковья с фото и описанием,лучшие сорта малины для подмосковья,21,26,LOW,Низкая,garden,/zhurnal/sorta-maliny-dlya-podmoskovya-kak-vybrat/,improve_existing,Связать выбор со сравнением сортов и условиями участка; отзывы и урожайность показывать только с реальными данными.,сорта малины,sorta-maliny.xlsx:Queries,1,False
болезни клубники фото и описание и борьба с ними,болезни клубники,20,40,LOW,Низкая,garden,/instrumenty/proverka-rasteniya/,new_diagnostic_hub,Подготовить руководство по болезням клубники с проверяемыми фото и различиями симптомов; связать с материалом о серой гнили.,болезни клубники,bolezni-klubniki.xlsx:Queries,1,False
лучшие сорта клубники для урала для открытого грунта,лучшие сорта клубники для урала,20,33,LOW,Низкая,garden,/podbor/,improve_selector,Использовать место и подтверждённый допуск; местную урожайность не выводить из допуска.,сорта клубники,sorta-klubniki.xlsx:Queries,1,False
лучшие сорта малины для северо-запада россии,лучшие сорта малины для ленинградской области,20,30,LOW,Низкая,garden,,manual_mapping,Нужна редакционная проверка намерения.,сорта малины,sorta-maliny.xlsx:Queries,1,False
малина болезни и вредители борьба с ними фото,болезни малины,20,37,LOW,Низкая,garden,/instrumenty/proverka-rasteniya/,diagnostic_backlog,Связать симптомы с проверкой растения; отдельный материал только после проверки источников.,болезни малины,bolezni-maliny.xlsx:Queries,1,False
малина мираж описание сорта,малина мираж,20,17,LOW,Низкая,garden,,verify_cultivar,Сорта ещё нет в каталоге: сначала установить идентичность и собрать первоисточники; не создавать карточку из поисковой фразы.,сорта малины,sorta-maliny.xlsx:Queries,1,False
малина ремонтантная лучшие сорта для подмосковья,лучшие сорта малины для подмосковья,20,25,LOW,Низкая,garden,/zhurnal/sorta-maliny-dlya-podmoskovya-kak-vybrat/,improve_existing,Связать выбор со сравнением сортов и условиями участка; отзывы и урожайность показывать только с реальными данными.,сорта малины,sorta-maliny.xlsx:Queries,1,False
малина соколица описание сорта фото отзывы садоводов,малина соколица описание сорта,20,31,LOW,Низкая,garden,,verify_cultivar,Сорта ещё нет в каталоге: сначала установить идентичность и собрать первоисточники; не создавать карточку из поисковой фразы.,сорта малины,sorta-maliny.xlsx:Queries,1,False
болезни и вредители клубники описание с фотографиями и способы лечения,болезни клубники,19,54,LOW,Низкая,garden,/instrumenty/proverka-rasteniya/,new_diagnostic_hub,Подготовить руководство по болезням клубники с проверяемыми фото и различиями симптомов; связать с материалом о серой гнили.,болезни клубники,bolezni-klubniki.xlsx:Queries,1,False
болезнь клубники,болезни клубники,19,24,LOW,Низкая,garden,/instrumenty/proverka-rasteniya/,new_diagnostic_hub,Подготовить руководство по болезням клубники с проверяемыми фото и различиями симптомов; связать с материалом о серой гнили.,болезни клубники,bolezni-klubniki.xlsx:Queries,1,False
лучшие сорта клубники для краснодарского края для открытого грунта,сорта клубники с фотографиями,19,32,LOW,Низкая,garden,/podbor/,improve_selector,Использовать место и подтверждённый допуск; местную урожайность не выводить из допуска.,сорта клубники,sorta-klubniki.xlsx:Queries,1,False
лучшие сорта клубники для урала для открытого грунта крупные сладкие отзывы,лучшие сорта клубники для урала,19,40,LOW,Низкая,garden,/podbor/,improve_selector,Использовать место и подтверждённый допуск; местную урожайность не выводить из допуска.,сорта клубники,sorta-klubniki.xlsx:Queries,1,False
малина поклон казакову описание сорта фото отзывы садоводов,малина поклон казакову описание сорта,19,34,LOW,Низкая,garden,/sorta/poklon-kazakovu/,improve_cultivar,"Проверить полноту описания, фото и сравнения; отзывы и урожайность добавлять только по фактическим источникам.",сорта малины,sorta-maliny.xlsx:Queries,1,False
заболевание клубники фото и их лечение,болезни клубники,18,38,LOW,Низкая,garden,,manual_mapping,Нужна редакционная проверка намерения.,болезни клубники,bolezni-klubniki.xlsx:AdditionalQueries,1,False
клубника клери описание сорта фото отзывы садоводов урожайность характеристика и описание,клубника клери описание сорта,18,26,LOW,Низкая,garden,/sorta/kleri/,improve_cultivar,"Проверить полноту описания, фото и сравнения; отзывы и урожайность добавлять только по фактическим источникам.",сорта клубники,sorta-klubniki.xlsx:Queries,1,False
клубника кори описание сорта,клубника кори,18,23,LOW,Низкая,garden,,verify_cultivar,Сорта ещё нет в каталоге: сначала установить идентичность и собрать первоисточники; не создавать карточку из поисковой фразы.,сорта клубники,sorta-klubniki.xlsx:Queries,1,False
клубника сандра описание сорта фото отзывы садоводов урожайность,клубника сандра,18,25,LOW,Низкая,garden,,verify_cultivar,Сорта ещё нет в каталоге: сначала установить идентичность и собрать первоисточники; не создавать карточку из поисковой фразы.,сорта клубники,sorta-klubniki.xlsx:Queries,1,False
клубника чамора туруси описание сорта фото отзывы,клубника чамора туруси,18,21,LOW,Низкая,garden,,verify_cultivar,Сорта ещё нет в каталоге: сначала установить идентичность и собрать первоисточники; не создавать карточку из поисковой фразы.,сорта клубники,sorta-klubniki.xlsx:Queries,1,False
лучшие сорта клубники для башкирии для открытого грунта,лучшие сорта клубники для урала,18,32,LOW,Низкая,garden,/sorta/,improve_catalog,"Уточнить путь к каталогу клубники, фильтрам и сравнению.",сорта клубники,sorta-klubniki.xlsx:Queries,1,False
лучшие сорта малины для подмосковья для открытого грунта форум отзывы дачников,лучшая малина для подмосковья,18,33,LOW,Низкая,garden,/zhurnal/sorta-maliny-dlya-podmoskovya-kak-vybrat/,improve_existing,Связать выбор со сравнением сортов и условиями участка; отзывы и урожайность показывать только с реальными данными.,сорта малины,sorta-maliny.xlsx:Queries,1,False
лучшие сорта ремонтантной малины с фото,сорта ремонтантной малины,18,18,LOW,Низкая,garden,,manual_mapping,Нужна редакционная проверка намерения.,сорта малины,sorta-maliny.xlsx:Queries,1,False
тибетская малина отзывы садоводов,тибетская малина отзывы,18,23,LOW,Низкая,garden,,new_botanical_article,"Сначала установить вид и источники; объяснить отличие от обычной малины, добавить проверяемые фото.",тибетская малина,tibetskaya-malina.xlsx:Queries,1,False
болезнь клубники в картинках и лечение,болезни клубники,17,31,LOW,Низкая,garden,/instrumenty/proverka-rasteniya/,new_diagnostic_hub,Подготовить руководство по болезням клубники с проверяемыми фото и различиями симптомов; связать с материалом о серой гнили.,болезни клубники,bolezni-klubniki.xlsx:Queries,1,False
клубника болезни,болезни клубники,17,20,LOW,Низкая,garden,/instrumenty/proverka-rasteniya/,new_diagnostic_hub,Подготовить руководство по болезням клубники с проверяемыми фото и различиями симптомов; связать с материалом о серой гнили.,болезни клубники,bolezni-klubniki.xlsx:Queries,1,False
лучшая малина для подмосковья,лучшие сорта малины для подмосковья,17,28,LOW,Низкая,garden,/zhurnal/sorta-maliny-dlya-podmoskovya-kak-vybrat/,improve_existing,Связать выбор со сравнением сортов и условиями участка; отзывы и урожайность показывать только с реальными данными.,болезни малины | сорта малины,bolezni-maliny.xlsx:AdditionalQueries | sorta-maliny.xlsx:AdditionalQueries,2,False
лучшие сорта малины для подмосковья не ремонтантные,лучшие сорта малины для подмосковья,17,25,LOW,Низкая,garden,/zhurnal/sorta-maliny-dlya-podmoskovya-kak-vybrat/,improve_existing,Связать выбор со сравнением сортов и условиями участка; отзывы и урожайность показывать только с реальными данными.,сорта малины,sorta-maliny.xlsx:Queries,1,False
лучшие сорта малины для ростовской области,сорта малины для ростовской области с фото и описанием,17,28,LOW,Низкая,garden,,manual_mapping,Нужна редакционная проверка намерения.,сорта малины,sorta-maliny.xlsx:Queries,1,False
лучшие сорта ремонтантной малины для подмосковья для открытого грунта,лучшие сорта малины для подмосковья,17,29,LOW,Низкая,garden,/zhurnal/sorta-maliny-dlya-podmoskovya-kak-vybrat/,improve_existing,Связать выбор со сравнением сортов и условиями участка; отзывы и урожайность показывать только с реальными данными.,сорта малины,sorta-maliny.xlsx:Queries,1,False
ранние сорта ремонтантной малины для подмосковья,лучшие сорта малины для подмосковья,17,33,LOW,Низкая,garden,/zhurnal/sorta-maliny-dlya-podmoskovya-kak-vybrat/,improve_existing,Связать выбор со сравнением сортов и условиями участка; отзывы и урожайность показывать только с реальными данными.,сорта малины,sorta-maliny.xlsx:Queries,1,False
клубника маршал описание сорта фото отзывы садоводов урожайность,клубника маршал,16,25,LOW,Низкая,garden,,verify_cultivar,Сорта ещё нет в каталоге: сначала установить идентичность и собрать первоисточники; не создавать карточку из поисковой фразы.,сорта клубники,sorta-klubniki.xlsx:Queries,1,False
лучшие сорта клубники для западной сибири,сорта клубники для сибири,16,31,LOW,Низкая,garden,/podbor/,improve_selector,Использовать место и подтверждённый допуск; местную урожайность не выводить из допуска.,сорта клубники,sorta-klubniki.xlsx:Queries,1,False
малина амира описание сорта фото отзывы садоводов урожайность,малина амира описание сорта,16,21,LOW,Низкая,garden,,verify_cultivar,Сорта ещё нет в каталоге: сначала установить идентичность и собрать первоисточники; не создавать карточку из поисковой фразы.,сорта малины,sorta-maliny.xlsx:Queries,1,False
малина для подмосковья лучшие сорта,лучшие сорта малины для подмосковья,16,28,LOW,Низкая,garden,/zhurnal/sorta-maliny-dlya-podmoskovya-kak-vybrat/,improve_existing,Связать выбор со сравнением сортов и условиями участка; отзывы и урожайность показывать только с реальными данными.,сорта малины,sorta-maliny.xlsx:Queries,1,False
малина мишутка описание сорта фото отзывы,малина мишутка,16,34,LOW,Низкая,garden,,verify_cultivar,Сорта ещё нет в каталоге: сначала установить идентичность и собрать первоисточники; не создавать карточку из поисковой фразы.,сорта малины,sorta-maliny.xlsx:Queries,1,False
сорта малины для подмосковья неремонтантная самые лучшие,лучшие сорта малины для подмосковья,16,27,LOW,Низкая,garden,/zhurnal/sorta-maliny-dlya-podmoskovya-kak-vybrat/,improve_existing,Связать выбор со сравнением сортов и условиями участка; отзывы и урожайность показывать только с реальными данными.,сорта малины,sorta-maliny.xlsx:Queries,1,False
какие сорта малины лучше сажать в подмосковье,лучшие сорта малины для подмосковья,15,18,LOW,Низкая,garden,/zhurnal/sorta-maliny-dlya-podmoskovya-kak-vybrat/,improve_existing,Связать выбор со сравнением сортов и условиями участка; отзывы и урожайность показывать только с реальными данными.,сорта малины,sorta-maliny.xlsx:Queries,1,False
клубника для сибири лучшие сорта,сорта клубники для сибири,15,27,LOW,Низкая,garden,/podbor/,improve_selector,Использовать место и подтверждённый допуск; местную урожайность не выводить из допуска.,сорта клубники,sorta-klubniki.xlsx:Queries,1,False
клубника лия сахарная описание сорта фото отзывы садоводов урожайность,клубника лия сахарная,15,26,LOW,Низкая,garden,,verify_cultivar,Сорта ещё нет в каталоге: сначала установить идентичность и собрать первоисточники; не создавать карточку из поисковой фразы.,сорта клубники,sorta-klubniki.xlsx:Queries,1,False
клубника розария описание сорта,клубника розария,15,22,LOW,Низкая,garden,,verify_cultivar,Сорта ещё нет в каталоге: сначала установить идентичность и собрать первоисточники; не создавать карточку из поисковой фразы.,сорта клубники,sorta-klubniki.xlsx:Queries,1,False
лучшие сорта клубники для крыма,лучшие сорта клубники для крыма,15,25,LOW,Низкая,garden,/sorta/,improve_catalog,"Уточнить путь к каталогу клубники, фильтрам и сравнению.",сорта клубники,sorta-klubniki.xlsx:Queries,1,False
лучшие сорта малины для краснодарского края для открытого грунта,малина ремонтантная лучшие сорта для юга россии,15,29,LOW,Низкая,garden,,manual_mapping,Нужна редакционная проверка намерения.,сорта малины,sorta-maliny.xlsx:Queries,1,False
малина брусвяна описание сорта фото отзывы садоводов,малина брусвяна,15,18,LOW,Низкая,garden,,verify_cultivar,Сорта ещё нет в каталоге: сначала установить идентичность и собрать первоисточники; не создавать карточку из поисковой фразы.,сорта малины,sorta-maliny.xlsx:Queries,1,False
сенсация клубника описание сорта фото отзывы садоводов,клубника сенсация,15,18,LOW,Низкая,garden,,verify_cultivar,Сорта ещё нет в каталоге: сначала установить идентичность и собрать первоисточники; не создавать карточку из поисковой фразы.,сорта клубники,sorta-klubniki.xlsx:Queries,1,False
сорта клубники для ленобласти,лучшие сорта клубники для ленинградской области,15,12,LOW,Низкая,garden,/sorta/,improve_catalog,"Уточнить путь к каталогу клубники, фильтрам и сравнению.",сорта клубники,sorta-klubniki.xlsx:Queries,1,False
в двухтысячном году езжай осторожно разные сорта малины ранних сумерек после заморозков,в двухтысячном году езжай осторожно разные сорта малины ранних сумерек после заморозков,14,17,LOW,Низкая,garden,,manual_mapping,Нужна редакционная проверка намерения.,сорта малины,sorta-maliny.xlsx:Queries,1,False
заболевания клубники,болезни клубники,14,17,LOW,Низкая,garden,,manual_mapping,Нужна редакционная проверка намерения.,болезни клубники,bolezni-klubniki.xlsx:AdditionalQueries,1,False
клубника клери описание сорта фото отзывы садоводов,клубника клери описание сорта,14,18,LOW,Низкая,garden,/sorta/kleri/,improve_cultivar,"Проверить полноту описания, фото и сравнения; отзывы и урожайность добавлять только по фактическим источникам.",сорта клубники,sorta-klubniki.xlsx:Queries,1,False
лучшие сорта клубники для архангельской области,морозостойкие сорта клубники,14,28,LOW,Низкая,garden,/sorta/,improve_catalog,"Уточнить путь к каталогу клубники, фильтрам и сравнению.",сорта клубники,sorta-klubniki.xlsx:Queries,1,False
лучшие сорта клубники для краснодарского края,сорта клубники для краснодарского края,14,25,LOW,Низкая,garden,/podbor/,improve_selector,Использовать место и подтверждённый допуск; местную урожайность не выводить из допуска.,сорта клубники,sorta-klubniki.xlsx:Queries,1,False
лучшие сорта клубники для краснодарского края для открытого грунта отзывы с фото,сорта клубники для краснодарского края,14,24,LOW,Низкая,garden,/podbor/,improve_selector,Использовать место и подтверждённый допуск; местную урожайность не выводить из допуска.,сорта клубники,sorta-klubniki.xlsx:Queries,1,False
лучшие сорта клубники для урала для открытого грунта крупные сладкие,лучшие сорта клубники для урала,14,22,LOW,Низкая,garden,/podbor/,improve_selector,Использовать место и подтверждённый допуск; местную урожайность не выводить из допуска.,сорта клубники,sorta-klubniki.xlsx:Queries,1,False
лучшие сорта ремонтантной клубники для средней полосы,лучшие сорта клубники для средней полосы для открытого грунта,14,40,LOW,Низкая,garden,/sorta/,improve_catalog,"Уточнить путь к каталогу клубники, фильтрам и сравнению.",сорта клубники,sorta-klubniki.xlsx:Queries,1,False
лучшие сорта ремонтантной малины для краснодарского края,малина ремонтантная лучшие сорта для юга россии,14,29,LOW,Низкая,garden,,manual_mapping,Нужна редакционная проверка намерения.,сорта малины,sorta-maliny.xlsx:Queries,1,False
малина для подмосковья лучшие сорта отзывы,лучшие сорта малины для подмосковья,14,19,LOW,Низкая,garden,/zhurnal/sorta-maliny-dlya-podmoskovya-kak-vybrat/,improve_existing,Связать выбор со сравнением сортов и условиями участка; отзывы и урожайность показывать только с реальными данными.,болезни малины | сорта малины,bolezni-maliny.xlsx:AdditionalQueries | sorta-maliny.xlsx:Queries,2,False
ремонтантная малина сорта для подмосковья,лучшие сорта малины для подмосковья,14,21,LOW,Низкая,garden,/zhurnal/sorta-maliny-dlya-podmoskovya-kak-vybrat/,improve_existing,Связать выбор со сравнением сортов и условиями участка; отзывы и урожайность показывать только с реальными данными.,сорта малины,sorta-maliny.xlsx:Queries,1,False
сорта клубники для сибири лучшие крупные,сорта клубники для сибири,14,27,LOW,Низкая,garden,/podbor/,improve_selector,Использовать место и подтверждённый допуск; местную урожайность не выводить из допуска.,сорта клубники,sorta-klubniki.xlsx:Queries,1,False
фитоспорин для клубники весной от вредителей и болезней,фитоспорин для клубники,14,22,LOW,Низкая,garden,/instrumenty/proverka-rasteniya/,new_diagnostic_hub,Подготовить руководство по болезням клубники с проверяемыми фото и различиями симптомов; связать с материалом о серой гнили.,болезни клубники,bolezni-klubniki.xlsx:Queries,1,False
болезни клубники описание с фотографиями по листьям и способы лечения,болезни клубники,13,28,LOW,Низкая,garden,/instrumenty/proverka-rasteniya/,new_diagnostic_hub,Подготовить руководство по болезням клубники с проверяемыми фото и различиями симптомов; связать с материалом о серой гнили.,болезни клубники,bolezni-klubniki.xlsx:Queries,1,False
дерево малина сорта фото отзывы описание,малиновое дерево,13,14,LOW,Низкая,garden,,manual_mapping,Нужна редакционная проверка намерения.,сорта малины,sorta-maliny.xlsx:Queries,1,False
земляника даренка описание,клубника даренка,13,10,LOW,Низкая,garden,/sorta/darenka/,improve_cultivar,"Проверить полноту описания, фото и сравнения; отзывы и урожайность добавлять только по фактическим источникам.",сорта клубники,sorta-klubniki.xlsx:AdditionalQueries,1,False
клубника априка описание сорта и отзывы,клубника априка,13,16,LOW,Низкая,garden,/sorta/aprika/,improve_cultivar,"Проверить полноту описания, фото и сравнения; отзывы и урожайность добавлять только по фактическим источникам.",сорта клубники,sorta-klubniki.xlsx:Queries,1,False
клубника для урала лучшие сорта отзывы садоводов,лучшие сорта клубники для урала,13,22,LOW,Низкая,garden,/podbor/,improve_selector,Использовать место и подтверждённый допуск; местную урожайность не выводить из допуска.,сорта клубники,sorta-klubniki.xlsx:Queries,1,False
клубника зефир описание сорта фото отзывы садоводов урожайность характеристика и описание сорта,клубника зефир,13,22,LOW,Низкая,garden,,verify_cultivar,Сорта ещё нет в каталоге: сначала установить идентичность и собрать первоисточники; не создавать карточку из поисковой фразы.,сорта клубники,sorta-klubniki.xlsx:Queries,1,False
клубника орлец описание сорта,клубника орлец,13,12,LOW,Низкая,garden,,verify_cultivar,Сорта ещё нет в каталоге: сначала установить идентичность и собрать первоисточники; не создавать карточку из поисковой фразы.,сорта клубники,sorta-klubniki.xlsx:Queries,1,False
лучшие сорта клубники для пермского края,лучшие сорта клубники для пермского края,13,24,LOW,Низкая,garden,/podbor/,improve_selector,Использовать место и подтверждённый допуск; местную урожайность не выводить из допуска.,сорта клубники,sorta-klubniki.xlsx:Queries,1,False
лучшие сорта малины для волгоградской области,сорта малины для волгоградской области с фотографиями и описанием,13,25,LOW,Низкая,garden,,manual_mapping,Нужна редакционная проверка намерения.,сорта малины,sorta-maliny.xlsx:Queries,1,False
малиновое дерево уход и выращивание и обрезка весной,малиновое дерево,13,18,LOW,Низкая,garden,/zhurnal/malinovoe-derevo-tarusa/,improve_existing,Проверить ответ о штамбовой форме и уходе; не превращать торговое название в ботанический вид.,малина,malina.xlsx:AdditionalQueries,1,False
сорта клубники для урала открытого грунта,лучшие сорта клубники для урала,13,17,LOW,Низкая,garden,/podbor/,improve_selector,Использовать место и подтверждённый допуск; местную урожайность не выводить из допуска.,сорта клубники,sorta-klubniki.xlsx:Queries,1,False
сорта малины для волгоградской области с фотографиями и описанием,купить малину в волгограде,13,24,LOW,Низкая,garden,,manual_mapping,Нужна редакционная проверка намерения.,сорта малины,sorta-maliny.xlsx:Queries,1,False
что такое ведьмина метла на малине фото,ведьмина метла на малине,13,14,LOW,Низкая,garden,/instrumenty/proverka-rasteniya/,diagnostic_backlog,Связать симптомы с проверкой растения; отдельный материал только после проверки источников.,болезни малины,bolezni-maliny.xlsx:AdditionalQueries,1,False
болезни клубники описание с фотографиями и способы,болезни клубники,12,19,LOW,Низкая,garden,/instrumenty/proverka-rasteniya/,new_diagnostic_hub,Подготовить руководство по болезням клубники с проверяемыми фото и различиями симптомов; связать с материалом о серой гнили.,болезни клубники,bolezni-klubniki.xlsx:Queries,1,False
клубника даренка описание сорта фото отзывы садоводов,клубника даренка,12,20,LOW,Низкая,garden,/sorta/darenka/,improve_cultivar,"Проверить полноту описания, фото и сравнения; отзывы и урожайность добавлять только по фактическим источникам.",сорта клубники,sorta-klubniki.xlsx:Queries,1,False
клубника лорд описание сорта отзывы садоводов,клубника лорд описание сорта фото отзывы,12,16,LOW,Низкая,garden,,verify_cultivar,Сорта ещё нет в каталоге: сначала установить идентичность и собрать первоисточники; не создавать карточку из поисковой фразы.,сорта клубники,sorta-klubniki.xlsx:Queries,1,False
клубника флер описание сорта фото отзывы садоводов урожайность характеристика и описание,клубника флер,12,19,LOW,Низкая,garden,,verify_cultivar,Сорта ещё нет в каталоге: сначала установить идентичность и собрать первоисточники; не создавать карточку из поисковой фразы.,сорта клубники,sorta-klubniki.xlsx:Queries,1,False
клубника фурор описание сорта фото отзывы садоводов урожайность,клубника фурор,12,23,LOW,Низкая,garden,,verify_cultivar,Сорта ещё нет в каталоге: сначала установить идентичность и собрать первоисточники; не создавать карточку из поисковой фразы.,сорта клубники,sorta-klubniki.xlsx:Queries,1,False
лучшие сорта летней малины для подмосковья,лучшие сорта малины для подмосковья,12,19,LOW,Низкая,garden,/zhurnal/sorta-maliny-dlya-podmoskovya-kak-vybrat/,improve_existing,Связать выбор со сравнением сортов и условиями участка; отзывы и урожайность показывать только с реальными данными.,сорта малины,sorta-maliny.xlsx:Queries,1,False
лучшие сорта малины для краснодарского края,малина ремонтантная лучшие сорта для юга россии,12,24,LOW,Низкая,garden,,manual_mapping,Нужна редакционная проверка намерения.,сорта малины,sorta-maliny.xlsx:Queries,1,False
малина блэк джевел описание сорта фото отзывы садоводов,малина блэк джевел,12,19,LOW,Низкая,garden,,verify_cultivar,Сорта ещё нет в каталоге: сначала установить идентичность и собрать первоисточники; не создавать карточку из поисковой фразы.,сорта малины,sorta-maliny.xlsx:Queries,1,False
малина каскад делайт описание сорта фото отзывы,малина каскад делайт,12,15,LOW,Низкая,garden,,verify_cultivar,Сорта ещё нет в каталоге: сначала установить идентичность и собрать первоисточники; не создавать карточку из поисковой фразы.,сорта малины,sorta-maliny.xlsx:Queries,1,False
ндс сорта клубники что это такое,нсд сорта клубники что это,12,11,LOW,Низкая,garden,/sorta/,improve_catalog,"Уточнить путь к каталогу клубники, фильтрам и сравнению.",сорта клубники,sorta-klubniki.xlsx:Queries,1,False
нсд сорта клубники что это такое,клубника нсд лучшие сорта,12,12,LOW,Низкая,garden,/zhurnal/remontantnaya-klubnika/,improve_existing,"Проверить, есть ли понятное объяснение терминов и повторного плодоношения.",сорта клубники,sorta-klubniki.xlsx:Queries,1,False
пурпурная пятнистость малины фото и их лечение,дидимелла на малине,12,14,LOW,Низкая,garden,,new_article,"Дидимелла: проверить диагностику по первоисточникам, затем подготовить материал; схемы препаратов требуют актуальной проверки.",болезни малины,bolezni-maliny.xlsx:AdditionalQueries,1,False
пурпурная пятнистость малины чем лечить,дидимелла на малине как бороться,12,15,LOW,Низкая,garden,,new_article,"Дидимелла: проверить диагностику по первоисточникам, затем подготовить материал; схемы препаратов требуют актуальной проверки.",болезни малины,bolezni-maliny.xlsx:AdditionalQueries,1,False
сладкие сорта малины для подмосковья,лучшие сорта малины для подмосковья,12,19,LOW,Низкая,garden,/zhurnal/sorta-maliny-dlya-podmoskovya-kak-vybrat/,improve_existing,Связать выбор со сравнением сортов и условиями участка; отзывы и урожайность показывать только с реальными данными.,сорта малины,sorta-maliny.xlsx:Queries,1,False
сорт малины маравилла фото и описание сорта отзывы,малина маравилла,12,14,LOW,Низкая,garden,,verify_cultivar,Сорта ещё нет в каталоге: сначала установить идентичность и собрать первоисточники; не создавать карточку из поисковой фразы.,сорта малины,sorta-maliny.xlsx:Queries,1,False
чем болеет клубника,болезни клубники,12,16,LOW,Низкая,garden,,manual_mapping,Нужна редакционная проверка намерения.,болезни клубники,bolezni-klubniki.xlsx:AdditionalQueries,1,False
клубника для сибири лучшие сорта отзывы садоводов,сорта клубники для сибири,11,30,LOW,Низкая,garden,/podbor/,improve_selector,Использовать место и подтверждённый допуск; местную урожайность не выводить из допуска.,сорта клубники,sorta-klubniki.xlsx:Queries,1,False
клубника для урала лучшие сорта,лучшие сорта клубники для урала,11,17,LOW,Низкая,garden,/podbor/,improve_selector,Использовать место и подтверждённый допуск; местную урожайность не выводить из допуска.,сорта клубники,sorta-klubniki.xlsx:Queries,1,False
клубника кармен описание сорта фото отзывы садоводов урожайность,клубника кармен,11,18,LOW,Низкая,garden,,verify_cultivar,Сорта ещё нет в каталоге: сначала установить идентичность и собрать первоисточники; не создавать карточку из поисковой фразы.,сорта клубники,sorta-klubniki.xlsx:Queries,1,False
клубника магнус описание сорта фото отзывы садоводов урожайность,клубника магнус,11,17,LOW,Низкая,garden,/sorta/magnus/,improve_cultivar,"Проверить полноту описания, фото и сравнения; отзывы и урожайность добавлять только по фактическим источникам.",сорта клубники,sorta-klubniki.xlsx:Queries,1,False
ксд сорта клубники что это такое,нсд сорта клубники что это,11,11,LOW,Низкая,garden,/zhurnal/remontantnaya-klubnika/,improve_existing,"Проверить, есть ли понятное объяснение терминов и повторного плодоношения.",сорта клубники,sorta-klubniki.xlsx:Queries,1,False
лучшие сорта малины для кубани,малина ремонтантная лучшие сорта для юга россии,11,21,LOW,Низкая,garden,,manual_mapping,Нужна редакционная проверка намерения.,сорта малины,sorta-maliny.xlsx:Queries,1,False
лучший сорт малины для подмосковья,лучшие сорта малины для подмосковья,11,17,LOW,Низкая,garden,/zhurnal/sorta-maliny-dlya-podmoskovya-kak-vybrat/,improve_existing,Связать выбор со сравнением сортов и условиями участка; отзывы и урожайность показывать только с реальными данными.,сорта малины,sorta-maliny.xlsx:Queries,1,False
малина бальзам описание сорта фото отзывы,малина бальзам,11,14,LOW,Низкая,garden,/sorta/balzam/,improve_cultivar,"Проверить полноту описания, фото и сравнения; отзывы и урожайность добавлять только по фактическим источникам.",сорта малины,sorta-maliny.xlsx:Queries,1,False
ремонтантная клубника лучшие сорта для северо запада,ремонтантные сорта клубники с фотографиями и описанием,11,17,LOW,Низкая,garden,/podbor/,improve_selector,Использовать место и подтверждённый допуск; местную урожайность не выводить из допуска.,сорта клубники,sorta-klubniki.xlsx:Queries,1,False
сорта малины для подмосковья лучшие,лучшие сорта малины для подмосковья,11,15,LOW,Низкая,garden,/zhurnal/sorta-maliny-dlya-podmoskovya-kak-vybrat/,improve_existing,Связать выбор со сравнением сортов и условиями участка; отзывы и урожайность показывать только с реальными данными.,сорта малины,sorta-maliny.xlsx:Queries,1,False
сорта ремонтантной малины для подмосковья,лучшие сорта малины для подмосковья,11,19,LOW,Низкая,garden,/zhurnal/sorta-maliny-dlya-podmoskovya-kak-vybrat/,improve_existing,Связать выбор со сравнением сортов и условиями участка; отзывы и урожайность показывать только с реальными данными.,сорта малины,sorta-maliny.xlsx:Queries,1,False
сорта ремонтантной малины для подмосковья с фото и описанием,лучшие сорта малины для подмосковья,11,14,LOW,Низкая,garden,/zhurnal/sorta-maliny-dlya-podmoskovya-kak-vybrat/,improve_existing,Связать выбор со сравнением сортов и условиями участка; отзывы и урожайность показывать только с реальными данными.,сорта малины,sorta-maliny.xlsx:Queries,1,False
что такое ксд и нсд клубники,нсд сорта клубники что это,11,11,LOW,Низкая,garden,/zhurnal/remontantnaya-klubnika/,improve_existing,"Проверить, есть ли понятное объяснение терминов и повторного плодоношения.",сорта клубники,sorta-klubniki.xlsx:AdditionalQueries,1,False
болезни клубники описание с фотографиями по листьям и способы,болезни клубники,10,23,LOW,Низкая,garden,/instrumenty/proverka-rasteniya/,new_diagnostic_hub,Подготовить руководство по болезням клубники с проверяемыми фото и различиями симптомов; связать с материалом о серой гнили.,болезни клубники,bolezni-klubniki.xlsx:Queries,1,False
гематома что это такое болезнь клубники,нематода на клубнике фото,10,10,LOW,Низкая,garden,/instrumenty/proverka-rasteniya/,new_diagnostic_hub,Подготовить руководство по болезням клубники с проверяемыми фото и различиями симптомов; связать с материалом о серой гнили.,болезни клубники,bolezni-klubniki.xlsx:Queries,1,False
клубника для северо-запада лучшие сорта,лучшие сорта клубники для ленинградской области,10,26,LOW,Низкая,garden,/podbor/,improve_selector,Использовать место и подтверждённый допуск; местную урожайность не выводить из допуска.,сорта клубники,sorta-klubniki.xlsx:Queries,1,False
клубника лорд описание сорта фото отзывы садоводов,клубника лорд описание сорта фото отзывы,10,17,LOW,Низкая,garden,,verify_cultivar,Сорта ещё нет в каталоге: сначала установить идентичность и собрать первоисточники; не создавать карточку из поисковой фразы.,сорта клубники,sorta-klubniki.xlsx:Queries,1,False
клубника лючия описание сорта фото отзывы садоводов урожайность,клубника лючия,10,21,LOW,Низкая,garden,,verify_cultivar,Сорта ещё нет в каталоге: сначала установить идентичность и собрать первоисточники; не создавать карточку из поисковой фразы.,сорта клубники,sorta-klubniki.xlsx:Queries,1,False
клубника маршал описание сорта фото отзывы,клубника маршал,10,14,LOW,Низкая,garden,,verify_cultivar,Сорта ещё нет в каталоге: сначала установить идентичность и собрать первоисточники; не создавать карточку из поисковой фразы.,сорта клубники,sorta-klubniki.xlsx:Queries,1,False
клубника роксана описание сорта фото отзывы садоводов урожайность,клубника роксана,10,19,LOW,Низкая,garden,,verify_cultivar,Сорта ещё нет в каталоге: сначала установить идентичность и собрать первоисточники; не создавать карточку из поисковой фразы.,сорта клубники,sorta-klubniki.xlsx:Queries,1,False
клубника слоненок описание сорта фото отзывы садоводов урожайность,слон клубника,10,18,LOW,Низкая,garden,,verify_cultivar,Сорта ещё нет в каталоге: сначала установить идентичность и собрать первоисточники; не создавать карточку из поисковой фразы.,сорта клубники,sorta-klubniki.xlsx:Queries,1,False
клубника чамора туруси описание сорта фото отзывы садоводов,клубника чамора туруси,10,11,LOW,Низкая,garden,,verify_cultivar,Сорта ещё нет в каталоге: сначала установить идентичность и собрать первоисточники; не создавать карточку из поисковой фразы.,сорта клубники,sorta-klubniki.xlsx:Queries,1,False
лучшие сорта виктории для урала для открытого грунта,лучшие сорта клубники для урала,10,18,LOW,Низкая,garden,,manual_mapping,Нужна редакционная проверка намерения.,сорта клубники,sorta-klubniki.xlsx:AdditionalQueries,1,False
малина бриллиантовая описание сорта,малина бриллиантовая,10,8,LOW,Низкая,garden,/sorta/brilliantovaya/,improve_cultivar,"Проверить полноту описания, фото и сравнения; отзывы и урожайность добавлять только по фактическим источникам.",сорта малины,sorta-maliny.xlsx:Queries,1,False
малина гордость россии описание сорта отзывы,малина гордость россии,10,16,LOW,Низкая,garden,,verify_cultivar,Сорта ещё нет в каталоге: сначала установить идентичность и собрать первоисточники; не создавать карточку из поисковой фразы.,сорта малины,sorta-maliny.xlsx:Queries,1,False
малина для подмосковья лучшие сорта отзывы садоводов,лучшие сорта малины для подмосковья,10,18,LOW,Низкая,garden,/zhurnal/sorta-maliny-dlya-podmoskovya-kak-vybrat/,improve_existing,Связать выбор со сравнением сортов и условиями участка; отзывы и урожайность показывать только с реальными данными.,сорта малины,sorta-maliny.xlsx:Queries,1,False
малина медвежонок описание сорта,малина медвежонок,10,9,LOW,Низкая,garden,/sorta/medvezhonok/,improve_cultivar,"Проверить полноту описания, фото и сравнения; отзывы и урожайность добавлять только по фактическим источникам.",сорта малины,sorta-maliny.xlsx:Queries,1,False
малина соколица описание сорта фото отзывы,малина соколица описание сорта,10,11,LOW,Низкая,garden,,verify_cultivar,Сорта ещё нет в каталоге: сначала установить идентичность и собрать первоисточники; не создавать карточку из поисковой фразы.,сорта малины,sorta-maliny.xlsx:Queries,1,False
малина химбо топ описание сорта фото отзывы садоводов урожайность характеристика,малина химбо топ,10,13,LOW,Низкая,garden,,verify_cultivar,Сорта ещё нет в каталоге: сначала установить идентичность и собрать первоисточники; не создавать карточку из поисковой фразы.,сорта малины,sorta-maliny.xlsx:Queries,1,False
пшехиба малина описание сорта отзывы садоводов,малина пшехиба,10,15,LOW,Низкая,garden,/sorta/pshehiba/,improve_cultivar,"Проверить полноту описания, фото и сравнения; отзывы и урожайность добавлять только по фактическим источникам.",сорта малины,sorta-maliny.xlsx:Queries,1,False
пятнистость на листьях малины что это такое и как лечить,болезни малины,10,10,LOW,Низкая,garden,/instrumenty/proverka-rasteniya/,diagnostic_backlog,Связать симптомы с проверкой растения; отдельный материал только после проверки источников.,болезни малины,bolezni-maliny.xlsx:AdditionalQueries,1,False
ремонтантная малина для подмосковья лучшие сорта,лучшие сорта малины для подмосковья,10,15,LOW,Низкая,garden,/zhurnal/sorta-maliny-dlya-podmoskovya-kak-vybrat/,improve_existing,Связать выбор со сравнением сортов и условиями участка; отзывы и урожайность показывать только с реальными данными.,сорта малины,sorta-maliny.xlsx:Queries,1,False
болезни ремонтантной малины описание с фотографиями,болезни малины,9,23,LOW,Низкая,garden,/instrumenty/proverka-rasteniya/,diagnostic_backlog,Связать симптомы с проверкой растения; отдельный материал только после проверки источников.,болезни малины,bolezni-maliny.xlsx:Queries,1,False
даренка клубника описание сорта фото отзывы,клубника даренка,9,12,LOW,Низкая,garden,/sorta/darenka/,improve_cultivar,"Проверить полноту описания, фото и сравнения; отзывы и урожайность добавлять только по фактическим источникам.",сорта клубники,sorta-klubniki.xlsx:Queries,1,False
какой сорт малины самый крупный и сладкий для подмосковья,лучшие сорта малины для подмосковья,9,10,LOW,Низкая,garden,/zhurnal/sorta-maliny-dlya-podmoskovya-kak-vybrat/,improve_existing,Связать выбор со сравнением сортов и условиями участка; отзывы и урожайность показывать только с реальными данными.,сорта малины,sorta-maliny.xlsx:Queries,1,False
клубника богема описание сорта фото отзывы садоводов,клубника богема,9,14,LOW,Низкая,garden,,verify_cultivar,Сорта ещё нет в каталоге: сначала установить идентичность и собрать первоисточники; не создавать карточку из поисковой фразы.,сорта клубники,sorta-klubniki.xlsx:Queries,1,False
клубника гигантелла описание сорта отзывы,клубника гигантелла,9,13,LOW,Низкая,garden,,verify_cultivar,Сорта ещё нет в каталоге: сначала установить идентичность и собрать первоисточники; не создавать карточку из поисковой фразы.,сорта клубники,sorta-klubniki.xlsx:Queries,1,False
клубника кент описание сорта фото отзывы садоводов урожайность,клубника кент,9,14,LOW,Низкая,garden,,verify_cultivar,Сорта ещё нет в каталоге: сначала установить идентичность и собрать первоисточники; не создавать карточку из поисковой фразы.,сорта клубники,sorta-klubniki.xlsx:Queries,1,False
клубника сандра описание сорта фото отзывы,клубника сандра,9,12,LOW,Низкая,garden,,verify_cultivar,Сорта ещё нет в каталоге: сначала установить идентичность и собрать первоисточники; не создавать карточку из поисковой фразы.,сорта клубники,sorta-klubniki.xlsx:Queries,1,False
клубника сенсация описание сорта фото отзывы садоводов,клубника сенсация,9,12,LOW,Низкая,garden,,verify_cultivar,Сорта ещё нет в каталоге: сначала установить идентичность и собрать первоисточники; не создавать карточку из поисковой фразы.,сорта клубники,sorta-klubniki.xlsx:Queries,1,False
лучшие сорта ремонтантной клубники для сибири для открытого грунта,сорта клубники для сибири,9,23,LOW,Низкая,garden,/podbor/,improve_selector,Использовать место и подтверждённый допуск; местную урожайность не выводить из допуска.,сорта клубники,sorta-klubniki.xlsx:Queries,1,False
малина ведьмина метла как избавиться,ведьмина метла на малине,9,18,LOW,Низкая,garden,/instrumenty/proverka-rasteniya/,diagnostic_backlog,Связать симптомы с проверкой растения; отдельный материал только после проверки источников.,болезни малины,bolezni-maliny.xlsx:AdditionalQueries,1,False
малина для подмосковья,лучшие сорта малины для подмосковья,9,10,LOW,Низкая,garden,/zhurnal/sorta-maliny-dlya-podmoskovya-kak-vybrat/,improve_existing,Связать выбор со сравнением сортов и условиями участка; отзывы и урожайность показывать только с реальными данными.,сорта малины,sorta-maliny.xlsx:AdditionalQueries,1,False
малина затонская описание сорта,малина затонская,9,11,LOW,Низкая,garden,,verify_cultivar,Сорта ещё нет в каталоге: сначала установить идентичность и собрать первоисточники; не создавать карточку из поисковой фразы.,сорта малины,sorta-maliny.xlsx:Queries,1,False
малина исполин описание сорта фото отзывы садоводов,малина исполин описание сорта,9,20,LOW,Низкая,garden,,verify_cultivar,Сорта ещё нет в каталоге: сначала установить идентичность и собрать первоисточники; не создавать карточку из поисковой фразы.,сорта малины,sorta-maliny.xlsx:Queries,1,False
малина маравила описание сорта фото отзывы,малина маравилла,9,11,LOW,Низкая,garden,,verify_cultivar,Сорта ещё нет в каталоге: сначала установить идентичность и собрать первоисточники; не создавать карточку из поисковой фразы.,сорта малины,sorta-maliny.xlsx:Queries,1,False
малина сказка описание сорта фото отзывы садоводов,малина сказка описание сорта,9,13,LOW,Низкая,garden,,verify_cultivar,Сорта ещё нет в каталоге: сначала установить идентичность и собрать первоисточники; не создавать карточку из поисковой фразы.,сорта малины,sorta-maliny.xlsx:Queries,1,False
малина сорта для подмосковья лучшие,лучшие сорта малины для подмосковья,9,11,LOW,Низкая,garden,/zhurnal/sorta-maliny-dlya-podmoskovya-kak-vybrat/,improve_existing,Связать выбор со сравнением сортов и условиями участка; отзывы и урожайность показывать только с реальными данными.,сорта малины,sorta-maliny.xlsx:Queries,1,False
малина феномен описание сорта фото отзывы садоводов урожайность,малина феномен,9,19,LOW,Низкая,garden,,verify_cultivar,Сорта ещё нет в каталоге: сначала установить идентичность и собрать первоисточники; не создавать карточку из поисковой фразы.,сорта малины,sorta-maliny.xlsx:Queries,1,False
мара де буа клубника описание сорта фото отзывы садоводов,клубника мара де буа,9,11,LOW,Низкая,garden,,verify_cultivar,Сорта ещё нет в каталоге: сначала установить идентичность и собрать первоисточники; не создавать карточку из поисковой фразы.,сорта клубники,sorta-klubniki.xlsx:Queries,1,False
самые сладкие сорта малины для подмосковья,лучшие сорта малины для подмосковья,9,18,LOW,Низкая,garden,/zhurnal/sorta-maliny-dlya-podmoskovya-kak-vybrat/,improve_existing,Связать выбор со сравнением сортов и условиями участка; отзывы и урожайность показывать только с реальными данными.,сорта малины,sorta-maliny.xlsx:Queries,1,False
сладкие сорта клубники для сибири,сорта клубники для сибири,9,18,LOW,Низкая,garden,/podbor/,improve_selector,Использовать место и подтверждённый допуск; местную урожайность не выводить из допуска.,сорта клубники,sorta-klubniki.xlsx:Queries,1,False
сорта клубники для краснодарского края лучшие для открытого грунта,сорта клубники для краснодарского края,9,15,LOW,Низкая,garden,/podbor/,improve_selector,Использовать место и подтверждённый допуск; местную урожайность не выводить из допуска.,сорта клубники,sorta-klubniki.xlsx:Queries,1,False
сорта клубники для урала лучшие,лучшие сорта клубники для урала,9,15,LOW,Низкая,garden,/podbor/,improve_selector,Использовать место и подтверждённый допуск; местную урожайность не выводить из допуска.,сорта клубники,sorta-klubniki.xlsx:Queries,1,False
сорта клубники для урала лучшие открытого грунта,лучшие сорта клубники для урала,9,17,LOW,Низкая,garden,/podbor/,improve_selector,Использовать место и подтверждённый допуск; местную урожайность не выводить из допуска.,сорта клубники,sorta-klubniki.xlsx:Queries,1,False
сорта малины устойчивые к дидимелле,сорта малины устойчивые к дидимелле,9,22,LOW,Низкая,garden,,new_article,"Дидимелла: проверить диагностику по первоисточникам, затем подготовить материал; схемы препаратов требуют актуальной проверки.",сорта малины,sorta-maliny.xlsx:Queries,1,False
что такое клубника короткого светового дня,нсд сорта клубники что это,9,9,LOW,Низкая,garden,,manual_mapping,Нужна редакционная проверка намерения.,сорта клубники,sorta-klubniki.xlsx:AdditionalQueries,1,False
баковые смеси для обработки клубники весной от болезней и вредителей,баковая смесь для обработки клубники весной от болезней и вредителей,8,22,LOW,Низкая,garden,/instrumenty/proverka-rasteniya/,new_diagnostic_hub,Подготовить руководство по болезням клубники с проверяемыми фото и различиями симптомов; связать с материалом о серой гнили.,болезни клубники,bolezni-klubniki.xlsx:Queries,1,False
болезни малины описание с фотографиями и способы лечения и профилактики весной,болезни малины,8,15,LOW,Низкая,garden,/instrumenty/proverka-rasteniya/,diagnostic_backlog,Связать симптомы с проверкой растения; отдельный материал только после проверки источников.,болезни малины,bolezni-maliny.xlsx:Queries,1,False
болезни малины описание с фотографиями на стволе,болезни малины,8,17,LOW,Низкая,garden,/instrumenty/proverka-rasteniya/,diagnostic_backlog,Связать симптомы с проверкой растения; отдельный материал только после проверки источников.,болезни малины,bolezni-maliny.xlsx:Queries,1,False
клубника кабрило описание сорта фото отзывы садоводов урожайность характеристика и описание,клубника кабрилло,8,13,LOW,Низкая,garden,,verify_cultivar,Сорта ещё нет в каталоге: сначала установить идентичность и собрать первоисточники; не создавать карточку из поисковой фразы.,сорта клубники,sorta-klubniki.xlsx:Queries,1,False
клубника нсд лучшие сорта,клубника нсд лучшие сорта,8,15,LOW,Низкая,garden,/zhurnal/remontantnaya-klubnika/,improve_existing,"Проверить, есть ли понятное объяснение терминов и повторного плодоношения.",сорта клубники,sorta-klubniki.xlsx:Queries,1,False
клубника ремонтантная лучшие сорта для средней полосы,лучшие сорта клубники для средней полосы для открытого грунта,8,21,LOW,Низкая,garden,/sorta/,improve_catalog,"Уточнить путь к каталогу клубники, фильтрам и сравнению.",сорта клубники,sorta-klubniki.xlsx:Queries,1,False
клубника розария описание сорта фото отзывы садоводов урожайность,клубника розария,8,16,LOW,Низкая,garden,,verify_cultivar,Сорта ещё нет в каталоге: сначала установить идентичность и собрать первоисточники; не создавать карточку из поисковой фразы.,сорта клубники,sorta-klubniki.xlsx:Queries,1,False
клубника рубиновый кулон описание сорта фото отзывы садоводов урожайность,клубника рубиновый кулон,8,15,LOW,Низкая,garden,,verify_cultivar,Сорта ещё нет в каталоге: сначала установить идентичность и собрать первоисточники; не создавать карточку из поисковой фразы.,сорта клубники,sorta-klubniki.xlsx:Queries,1,False
клубника сорт клери описание и фото отзывы садоводов,клубника клери описание сорта,8,11,LOW,Низкая,garden,/sorta/kleri/,improve_cultivar,"Проверить полноту описания, фото и сравнения; отзывы и урожайность добавлять только по фактическим источникам.",сорта клубники,sorta-klubniki.xlsx:Queries,1,False
клубника элиане описание сорта фото отзывы садоводов урожайность,клубника элиане описание сорта,8,15,LOW,Низкая,garden,,verify_cultivar,Сорта ещё нет в каталоге: сначала установить идентичность и собрать первоисточники; не создавать карточку из поисковой фразы.,сорта клубники,sorta-klubniki.xlsx:Queries,1,False
лучшие сорта желтой малины для подмосковья,лучшая малина для подмосковья,8,13,LOW,Низкая,garden,/zhurnal/sorta-maliny-dlya-podmoskovya-kak-vybrat/,improve_existing,Связать выбор со сравнением сортов и условиями участка; отзывы и урожайность показывать только с реальными данными.,сорта малины,sorta-maliny.xlsx:Queries,1,False
лучшие сорта малины для подмосковья для открытого грунта не ремонтантные,лучшие сорта малины для подмосковья,8,11,LOW,Низкая,garden,/zhurnal/sorta-maliny-dlya-podmoskovya-kak-vybrat/,improve_existing,Связать выбор со сравнением сортов и условиями участка; отзывы и урожайность показывать только с реальными данными.,сорта малины,sorta-maliny.xlsx:Queries,1,False
лучшие сорта ремонтантной малины с высоким урожаем,сорта ремонтантной малины,8,24,LOW,Низкая,garden,,manual_mapping,Нужна редакционная проверка намерения.,сорта малины,sorta-maliny.xlsx:Queries,1,False
малина бальзам описание сорта фото отзывы садоводов урожайность,малина бальзам,8,10,LOW,Низкая,garden,/sorta/balzam/,improve_cultivar,"Проверить полноту описания, фото и сравнения; отзывы и урожайность добавлять только по фактическим источникам.",сорта малины,sorta-maliny.xlsx:Queries,1,False
малина блестящая описание сорта,малина блестящая описание сорта,8,13,LOW,Низкая,garden,,verify_cultivar,Сорта ещё нет в каталоге: сначала установить идентичность и собрать первоисточники; не создавать карточку из поисковой фразы.,сорта малины,sorta-maliny.xlsx:Queries,1,False
малина золотые купола описание сорта фото отзывы,малина золотые купола,8,11,LOW,Низкая,garden,/sorta/zolotye-kupola/,improve_cultivar,"Проверить полноту описания, фото и сравнения; отзывы и урожайность добавлять только по фактическим источникам.",сорта малины,sorta-maliny.xlsx:Queries,1,False
малина изобильная описание сорта фото отзывы садоводов,малина изобильная,8,9,LOW,Низкая,garden,,verify_cultivar,Сорта ещё нет в каталоге: сначала установить идентичность и собрать первоисточники; не создавать карточку из поисковой фразы.,сорта малины,sorta-maliny.xlsx:Queries,1,False
малина прелесть описание сорта,малина прелесть описание сорта,8,8,LOW,Низкая,garden,,verify_cultivar,Сорта ещё нет в каталоге: сначала установить идентичность и собрать первоисточники; не создавать карточку из поисковой фразы.,сорта малины,sorta-maliny.xlsx:Queries,1,False
малина сорта для подмосковья урожайные,лучшие сорта малины для подмосковья,8,9,LOW,Низкая,garden,/zhurnal/sorta-maliny-dlya-podmoskovya-kak-vybrat/,improve_existing,Связать выбор со сравнением сортов и условиями участка; отзывы и урожайность показывать только с реальными данными.,сорта малины,sorta-maliny.xlsx:Queries,1,False
малина сорта дочь геракла видео,малина дочь геракла описание сорта фото отзывы садоводов,8,10,LOW,Низкая,garden,,manual_mapping,Нужна редакционная проверка намерения.,сорта малины,sorta-maliny.xlsx:Queries,1,False
малиновое дерево сказка описание сорта фото отзывы садоводов,малина сказка,8,8,LOW,Низкая,garden,/zhurnal/malinovoe-derevo-tarusa/,improve_existing,Проверить ответ о штамбовой форме и уходе; не превращать торговое название в ботанический вид.,сорта малины,sorta-maliny.xlsx:AdditionalQueries,1,False
рейтинг малины для подмосковья лучших сортов,лучшие сорта малины для подмосковья,8,17,LOW,Низкая,garden,/zhurnal/sorta-maliny-dlya-podmoskovya-kak-vybrat/,improve_existing,Связать выбор со сравнением сортов и условиями участка; отзывы и урожайность показывать только с реальными данными.,болезни малины | сорта малины,bolezni-maliny.xlsx:AdditionalQueries | sorta-maliny.xlsx:Queries,2,False
ремонтантные сорта малины для подмосковья,лучшие сорта малины для подмосковья,8,11,LOW,Низкая,garden,/zhurnal/sorta-maliny-dlya-podmoskovya-kak-vybrat/,improve_existing,Связать выбор со сравнением сортов и условиями участка; отзывы и урожайность показывать только с реальными данными.,сорта малины,sorta-maliny.xlsx:Queries,1,False
самая сладкая малина сорта для подмосковья,лучшие сорта малины для подмосковья,8,11,LOW,Низкая,garden,/zhurnal/sorta-maliny-dlya-podmoskovya-kak-vybrat/,improve_existing,Связать выбор со сравнением сортов и условиями участка; отзывы и урожайность показывать только с реальными данными.,сорта малины,sorta-maliny.xlsx:Queries,1,False
самые лучшие сорта малины для подмосковья,лучшие сорта малины для подмосковья,8,9,LOW,Низкая,garden,/zhurnal/sorta-maliny-dlya-podmoskovya-kak-vybrat/,improve_existing,Связать выбор со сравнением сортов и условиями участка; отзывы и урожайность показывать только с реальными данными.,сорта малины,sorta-maliny.xlsx:Queries,1,False
болезни клубники по листьям описание с фотографиями и способы лечения и профилактики,болезни клубники,7,13,LOW,Низкая,garden,/instrumenty/proverka-rasteniya/,new_diagnostic_hub,Подготовить руководство по болезням клубники с проверяемыми фото и различиями симптомов; связать с материалом о серой гнили.,болезни клубники,bolezni-klubniki.xlsx:Queries,1,False
болезни клубники фото и описание и борьба,болезни клубники,7,12,LOW,Низкая,garden,/instrumenty/proverka-rasteniya/,new_diagnostic_hub,Подготовить руководство по болезням клубники с проверяемыми фото и различиями симптомов; связать с материалом о серой гнили.,болезни клубники,bolezni-klubniki.xlsx:Queries,1,False
болезни листьев клубники фото и описание,болезни клубники,7,13,LOW,Низкая,garden,/instrumenty/proverka-rasteniya/,new_diagnostic_hub,Подготовить руководство по болезням клубники с проверяемыми фото и различиями симптомов; связать с материалом о серой гнили.,болезни клубники,bolezni-klubniki.xlsx:Queries,1,False
заболевания клубники с фото и борьба с ними,болезни клубники,7,18,LOW,Низкая,garden,,manual_mapping,Нужна редакционная проверка намерения.,болезни клубники,bolezni-klubniki.xlsx:AdditionalQueries,1,False
как лечить малину от дидимеллы,дидимелла на малине как бороться,7,9,LOW,Низкая,garden,,new_article,"Дидимелла: проверить диагностику по первоисточникам, затем подготовить материал; схемы препаратов требуют актуальной проверки.",болезни малины,bolezni-maliny.xlsx:AdditionalQueries,1,False
клубника брилла описание сорта фото отзывы садоводов,клубника брилла,7,18,LOW,Низкая,garden,/sorta/brilla/,improve_cultivar,"Проверить полноту описания, фото и сравнения; отзывы и урожайность добавлять только по фактическим источникам.",сорта клубники,sorta-klubniki.xlsx:Queries,1,False
клубника гигантелла описание сорта отзывы садоводов,клубника гигантелла,7,11,LOW,Низкая,garden,,verify_cultivar,Сорта ещё нет в каталоге: сначала установить идентичность и собрать первоисточники; не создавать карточку из поисковой фразы.,сорта клубники,sorta-klubniki.xlsx:Queries,1,False
клубника дероял описание сорта,дероял клубника описание,7,10,LOW,Низкая,garden,,verify_cultivar,Сорта ещё нет в каталоге: сначала установить идентичность и собрать первоисточники; не создавать карточку из поисковой фразы.,сорта клубники,sorta-klubniki.xlsx:Queries,1,False
клубника лорд описание сорта отзывы,клубника лорд описание сорта фото отзывы,7,11,LOW,Низкая,garden,,verify_cultivar,Сорта ещё нет в каталоге: сначала установить идентичность и собрать первоисточники; не создавать карточку из поисковой фразы.,сорта клубники,sorta-klubniki.xlsx:Queries,1,False
клубника сенсация описание сорта отзывы,клубника сенсация,7,11,LOW,Низкая,garden,,verify_cultivar,Сорта ещё нет в каталоге: сначала установить идентичность и собрать первоисточники; не создавать карточку из поисковой фразы.,сорта клубники,sorta-klubniki.xlsx:Queries,1,False
клубника фейт описание сорта фото отзывы садоводов урожайность,клубника фейт,7,12,LOW,Низкая,garden,,verify_cultivar,Сорта ещё нет в каталоге: сначала установить идентичность и собрать первоисточники; не создавать карточку из поисковой фразы.,сорта клубники,sorta-klubniki.xlsx:Queries,1,False
крупноплодная малина сорта для подмосковья,лучшие сорта малины для подмосковья,7,9,LOW,Низкая,garden,/zhurnal/sorta-maliny-dlya-podmoskovya-kak-vybrat/,improve_existing,Связать выбор со сравнением сортов и условиями участка; отзывы и урожайность показывать только с реальными данными.,болезни малины | сорта малины,bolezni-maliny.xlsx:AdditionalQueries | sorta-maliny.xlsx:Queries,2,False
лучшие сорта желтой малины,желтая малина,7,11,LOW,Низкая,garden,,manual_mapping,Нужна редакционная проверка намерения.,сорта малины,sorta-maliny.xlsx:Queries,1,False
лучшие сорта клубники для северо запада,лучшие сорта клубники для ленинградской области,7,18,LOW,Низкая,garden,/podbor/,improve_selector,Использовать место и подтверждённый допуск; местную урожайность не выводить из допуска.,сорта клубники,sorta-klubniki.xlsx:Queries,1,False
лучшие сорта малины для ленинградской области рекомендации садоводов,лучшие сорта малины для ленинградской области,7,15,LOW,Низкая,garden,,manual_mapping,Нужна редакционная проверка намерения.,сорта малины,sorta-maliny.xlsx:Queries,1,False
лучшие сорта малины для подмосковья для открытого грунта не ремонтантные сорта,лучшие сорта малины для подмосковья,7,9,LOW,Низкая,garden,/zhurnal/sorta-maliny-dlya-podmoskovya-kak-vybrat/,improve_existing,Связать выбор со сравнением сортов и условиями участка; отзывы и урожайность показывать только с реальными данными.,сорта малины,sorta-maliny.xlsx:Queries,1,False
лучшие сорта малины ремонтантной для подмосковья,лучшие сорта малины для подмосковья,7,13,LOW,Низкая,garden,/zhurnal/sorta-maliny-dlya-podmoskovya-kak-vybrat/,improve_existing,Связать выбор со сравнением сортов и условиями участка; отзывы и урожайность показывать только с реальными данными.,сорта малины,sorta-maliny.xlsx:Queries,1,False
малина антарес описание сорта,малина антарес описание сорта,7,8,LOW,Низкая,garden,,verify_cultivar,Сорта ещё нет в каталоге: сначала установить идентичность и собрать первоисточники; не создавать карточку из поисковой фразы.,сорта малины,sorta-maliny.xlsx:Queries,1,False
малина глен кое описание сорта отзывы садоводов,малина глен кое,7,8,LOW,Низкая,garden,,verify_cultivar,Сорта ещё нет в каталоге: сначала установить идентичность и собрать первоисточники; не создавать карточку из поисковой фразы.,сорта малины,sorta-maliny.xlsx:Queries,1,False
малина маравилла описание сорта отзывы,малина маравилла описание,7,8,LOW,Низкая,garden,,verify_cultivar,Сорта ещё нет в каталоге: сначала установить идентичность и собрать первоисточники; не создавать карточку из поисковой фразы.,сорта малины,sorta-maliny.xlsx:Queries,1,False
малина маравилла описание сорта отзывы особенности выращивания,малина маравилла описание сорта,7,7,LOW,Низкая,garden,,verify_cultivar,Сорта ещё нет в каталоге: сначала установить идентичность и собрать первоисточники; не создавать карточку из поисковой фразы.,сорта малины,sorta-maliny.xlsx:Queries,1,False
малина маравилла описание сорта фото отзывы садоводов урожайность характеристика,малина маравилла описание сорта,7,8,LOW,Низкая,garden,,verify_cultivar,Сорта ещё нет в каталоге: сначала установить идентичность и собрать первоисточники; не создавать карточку из поисковой фразы.,сорта малины,sorta-maliny.xlsx:Queries,1,False
малина не ремонтантная лучшие сорта для подмосковья,лучшие сорта малины для подмосковья,7,10,LOW,Низкая,garden,/zhurnal/sorta-maliny-dlya-podmoskovya-kak-vybrat/,improve_existing,Связать выбор со сравнением сортов и условиями участка; отзывы и урожайность показывать только с реальными данными.,сорта малины,sorta-maliny.xlsx:Queries,1,False
малина норвежская описание сорта фото отзывы,норвежская малина,7,8,LOW,Низкая,garden,,verify_cultivar,Сорта ещё нет в каталоге: сначала установить идентичность и собрать первоисточники; не создавать карточку из поисковой фразы.,сорта малины,sorta-maliny.xlsx:Queries,1,False
малина патриция описание сорта отзывы,малина патриция,7,9,LOW,Низкая,garden,/sorta/patritsiya/,improve_cultivar,"Проверить полноту описания, фото и сравнения; отзывы и урожайность добавлять только по фактическим источникам.",сорта малины,sorta-maliny.xlsx:Queries,1,False
малина ровница описание сорта,малина ровница описание сорта,7,10,LOW,Низкая,garden,,verify_cultivar,Сорта ещё нет в каталоге: сначала установить идентичность и собрать первоисточники; не создавать карточку из поисковой фразы.,сорта малины,sorta-maliny.xlsx:Queries,1,False
малина тибетская фото и описание,тибетская малина,7,8,LOW,Низкая,garden,,new_botanical_article,"Сначала установить вид и источники; объяснить отличие от обычной малины, добавить проверяемые фото.",тибетская малина,tibetskaya-malina.xlsx:Queries,1,False
малина черная сорта и описание с фото,черная малина,7,8,LOW,Низкая,garden,,manual_mapping,Нужна редакционная проверка намерения.,сорта малины,sorta-maliny.xlsx:Queries,1,False
самые вкусные сорта малины для подмосковья,лучшие сорта малины для подмосковья,7,10,LOW,Низкая,garden,/zhurnal/sorta-maliny-dlya-podmoskovya-kak-vybrat/,improve_existing,Связать выбор со сравнением сортов и условиями участка; отзывы и урожайность показывать только с реальными данными.,сорта малины,sorta-maliny.xlsx:Queries,1,False
сорт малины для подмосковья самый лучший,лучшие сорта малины для подмосковья,7,8,LOW,Низкая,garden,/zhurnal/sorta-maliny-dlya-podmoskovya-kak-vybrat/,improve_existing,Связать выбор со сравнением сортов и условиями участка; отзывы и урожайность показывать только с реальными данными.,сорта малины,sorta-maliny.xlsx:Queries,1,False
сорта желтой малины фото и описание,желтая малина,7,13,LOW,Низкая,garden,,manual_mapping,Нужна редакционная проверка намерения.,сорта малины,sorta-maliny.xlsx:Queries,1,False
сорта клубники для урала лучшие открытого грунта крупные сладкие,лучшие сорта клубники для урала,7,14,LOW,Низкая,garden,/podbor/,improve_selector,Использовать место и подтверждённый допуск; местную урожайность не выводить из допуска.,сорта клубники,sorta-klubniki.xlsx:Queries,1,False
сорта малины для краснодарского края лучшие,малина ремонтантная лучшие сорта для юга россии,7,16,LOW,Низкая,garden,,manual_mapping,Нужна редакционная проверка намерения.,сорта малины,sorta-maliny.xlsx:Queries,1,False
черная малина сорта и фото,черная малина,7,6,LOW,Низкая,garden,,manual_mapping,Нужна редакционная проверка намерения.,сорта малины,sorta-maliny.xlsx:Queries,1,False
болезни виктории с фото,болезни клубники,6,12,LOW,Низкая,garden,/instrumenty/proverka-rasteniya/,new_diagnostic_hub,Подготовить руководство по болезням клубники с проверяемыми фото и различиями симптомов; связать с материалом о серой гнили.,болезни клубники,bolezni-klubniki.xlsx:AdditionalQueries,1,False
болезни клубники описание с фотографиями по листьям и способы лечения профилактики,болезни клубники,6,15,LOW,Низкая,garden,/instrumenty/proverka-rasteniya/,new_diagnostic_hub,Подготовить руководство по болезням клубники с проверяемыми фото и различиями симптомов; связать с материалом о серой гнили.,болезни клубники,bolezni-klubniki.xlsx:Queries,1,False
болезни малины фото и описание,болезни малины,6,13,LOW,Низкая,garden,/instrumenty/proverka-rasteniya/,diagnostic_backlog,Связать симптомы с проверкой растения; отдельный материал только после проверки источников.,болезни малины,bolezni-maliny.xlsx:Queries,1,False
виктория гигантелла описание сорта фото отзывы садоводов,клубника гигантелла,6,8,LOW,Низкая,garden,,verify_cultivar,Сорта ещё нет в каталоге: сначала установить идентичность и собрать первоисточники; не создавать карточку из поисковой фразы.,сорта клубники,sorta-klubniki.xlsx:AdditionalQueries,1,False
клубника кисс неллис описание сорта фото отзывы садоводов урожайность,клубника кисс неллис описание сорта,6,14,LOW,Низкая,garden,,verify_cultivar,Сорта ещё нет в каталоге: сначала установить идентичность и собрать первоисточники; не создавать карточку из поисковой фразы.,сорта клубники,sorta-klubniki.xlsx:Queries,1,False
клубника прими описание сорта фото отзывы садоводов урожайность характеристика и описание,клубника прими описание сорта,6,16,LOW,Низкая,garden,,verify_cultivar,Сорта ещё нет в каталоге: сначала установить идентичность и собрать первоисточники; не создавать карточку из поисковой фразы.,сорта клубники,sorta-klubniki.xlsx:Queries,1,False
клубника фенелла описание сорта фото отзывы садоводов урожайность,клубника фенелла,6,16,LOW,Низкая,garden,,verify_cultivar,Сорта ещё нет в каталоге: сначала установить идентичность и собрать первоисточники; не создавать карточку из поисковой фразы.,сорта клубники,sorta-klubniki.xlsx:Queries,1,False
клубника шарлотта описание сорта фото отзывы садоводов форум садоводов,клубника шарлотта описание сорта,6,12,LOW,Низкая,garden,,verify_cultivar,Сорта ещё нет в каталоге: сначала установить идентичность и собрать первоисточники; не создавать карточку из поисковой фразы.,сорта клубники,sorta-klubniki.xlsx:Queries,1,False
клубника элиане описание сорта фото отзывы садоводов,клубника элиане описание сорта фото отзывы садоводов урожайность,6,13,LOW,Низкая,garden,,verify_cultivar,Сорта ещё нет в каталоге: сначала установить идентичность и собрать первоисточники; не создавать карточку из поисковой фразы.,сорта клубники,sorta-klubniki.xlsx:Queries,1,False
лучшие ремонтантные сорта малины для подмосковья,лучшие сорта малины для подмосковья,6,11,LOW,Низкая,garden,/zhurnal/sorta-maliny-dlya-podmoskovya-kak-vybrat/,improve_existing,Связать выбор со сравнением сортов и условиями участка; отзывы и урожайность показывать только с реальными данными.,сорта малины,sorta-maliny.xlsx:Queries,1,False
лучшие сорта клубники для дальнего востока,лучшие сорта клубники для дальнего востока,6,11,LOW,Низкая,garden,/sorta/,improve_catalog,"Уточнить путь к каталогу клубники, фильтрам и сравнению.",сорта клубники,sorta-klubniki.xlsx:Queries,1,False
малина желтый гигант описание сорта фото отзывы садоводов,малина желтый гигант описание сорта,6,9,LOW,Низкая,garden,/sorta/zheltyy-gigant/,improve_cultivar,"Проверить полноту описания, фото и сравнения; отзывы и урожайность добавлять только по фактическим источникам.",сорта малины,sorta-maliny.xlsx:Queries,1,False
малина золотой гигант описание сорта фото отзывы садоводов,малина желтый гигант описание сорта фото отзывы,6,7,LOW,Низкая,garden,,verify_cultivar,Сорта ещё нет в каталоге: сначала установить идентичность и собрать первоисточники; не создавать карточку из поисковой фразы.,сорта малины,sorta-maliny.xlsx:Queries,1,False
малина лучшие сорта для подмосковья отзывы форум,лучшая малина для подмосковья,6,12,LOW,Низкая,garden,/zhurnal/sorta-maliny-dlya-podmoskovya-kak-vybrat/,improve_existing,Связать выбор со сравнением сортов и условиями участка; отзывы и урожайность показывать только с реальными данными.,сорта малины,sorta-maliny.xlsx:Queries,1,False
малина медвежонок описание сорта фото отзывы,малина мишутка описание сорта,6,9,LOW,Низкая,garden,/sorta/medvezhonok/,improve_cultivar,"Проверить полноту описания, фото и сравнения; отзывы и урожайность добавлять только по фактическим источникам.",сорта малины,sorta-maliny.xlsx:Queries,1,False
малина оранжевое чудо описание сорта фото отзывы садоводов,малина оранжевое чудо описание сорта фото отзывы,6,8,LOW,Низкая,garden,/sorta/oranzhevoe-chudo/,improve_cultivar,"Проверить полноту описания, фото и сравнения; отзывы и урожайность добавлять только по фактическим источникам.",сорта малины,sorta-maliny.xlsx:Queries,1,False
малина орбита описание сорта,малина орбита описание сорта,6,8,LOW,Низкая,garden,,verify_cultivar,Сорта ещё нет в каталоге: сначала установить идентичность и собрать первоисточники; не создавать карточку из поисковой фразы.,сорта малины,sorta-maliny.xlsx:Queries,1,False
малина роялти описание сорта фото отзывы,малина роялти,6,11,LOW,Низкая,garden,,verify_cultivar,Сорта ещё нет в каталоге: сначала установить идентичность и собрать первоисточники; не создавать карточку из поисковой фразы.,сорта малины,sorta-maliny.xlsx:Queries,1,False
малина сорт маравилла описание сорта фото отзывы,малина маравилла,6,7,LOW,Низкая,garden,,verify_cultivar,Сорта ещё нет в каталоге: сначала установить идентичность и собрать первоисточники; не создавать карточку из поисковой фразы.,сорта малины,sorta-maliny.xlsx:Queries,1,False
малина спутница описание сорта,малина спутница,6,6,LOW,Низкая,garden,,verify_cultivar,Сорта ещё нет в каталоге: сначала установить идентичность и собрать первоисточники; не создавать карточку из поисковой фразы.,сорта малины,sorta-maliny.xlsx:Queries,1,False
малина химботоп описание сорта фото отзывы садоводов урожайность,малина химбо топ,6,12,LOW,Низкая,garden,,verify_cultivar,Сорта ещё нет в каталоге: сначала установить идентичность и собрать первоисточники; не создавать карточку из поисковой фразы.,сорта малины,sorta-maliny.xlsx:Queries,1,False
ранние сорта малины для подмосковья устойчивые к болезням,лучшие сорта малины для подмосковья,6,8,LOW,Низкая,garden,/zhurnal/sorta-maliny-dlya-podmoskovya-kak-vybrat/,improve_existing,Связать выбор со сравнением сортов и условиями участка; отзывы и урожайность показывать только с реальными данными.,болезни малины | сорта малины,bolezni-maliny.xlsx:Queries | sorta-maliny.xlsx:Queries,2,False
ремонтантная малина ранние сорта для подмосковья,лучшие сорта малины для подмосковья,6,9,LOW,Низкая,garden,/zhurnal/sorta-maliny-dlya-podmoskovya-kak-vybrat/,improve_existing,Связать выбор со сравнением сортов и условиями участка; отзывы и урожайность показывать только с реальными данными.,сорта малины,sorta-maliny.xlsx:Queries,1,False
самые лучшие сорта клубники для сибири,сорта клубники для сибири,6,10,LOW,Низкая,garden,/podbor/,improve_selector,Использовать место и подтверждённый допуск; местную урожайность не выводить из допуска.,сорта клубники,sorta-klubniki.xlsx:Queries,1,False
сорта малины для краснодарского края лучшие ремонтантной,малина ремонтантная лучшие сорта для юга россии,6,10,LOW,Низкая,garden,,manual_mapping,Нужна редакционная проверка намерения.,сорта малины,sorta-maliny.xlsx:Queries,1,False
сроки посадки малины в омске,сроки посадки малины в омске,6,7,LOW,Низкая,garden,/zhurnal/posadka-maliny/,improve_existing,Обновить ответы внутри существующего материала и связать с расчётом посадки.,посадка малины,posadka-maliny.xlsx:Queries,1,False
хорошие сорта клубники для сибири,сорта клубники для сибири,6,12,LOW,Низкая,garden,/podbor/,improve_selector,Использовать место и подтверждённый допуск; местную урожайность не выводить из допуска.,сорта клубники,sorta-klubniki.xlsx:Queries,1,False
чем лечить малину от дидимеллы,дидимелла на малине как бороться,6,11,LOW,Низкая,garden,,new_article,"Дидимелла: проверить диагностику по первоисточникам, затем подготовить материал; схемы препаратов требуют актуальной проверки.",болезни малины,bolezni-maliny.xlsx:AdditionalQueries,1,False
болезни и вредители малины описание с фотографиями и способы лечения,болезни малины,5,17,LOW,Низкая,garden,/instrumenty/proverka-rasteniya/,diagnostic_backlog,Связать симптомы с проверкой растения; отдельный материал только после проверки источников.,болезни малины,bolezni-maliny.xlsx:Queries,1,False
болезни клубники фото и их лечение,болезни клубники,5,12,LOW,Низкая,garden,/instrumenty/proverka-rasteniya/,new_diagnostic_hub,Подготовить руководство по болезням клубники с проверяемыми фото и различиями симптомов; связать с материалом о серой гнили.,болезни клубники,bolezni-klubniki.xlsx:Queries,1,False
болезни печени клубника,продукты для печени и желчного пузыря,5,15,LOW,Низкая,garden,/instrumenty/proverka-rasteniya/,new_diagnostic_hub,Подготовить руководство по болезням клубники с проверяемыми фото и различиями симптомов; связать с материалом о серой гнили.,болезни клубники,bolezni-klubniki.xlsx:Queries,1,False
какой сорт малины лучше посадить в краснодарском крае,малина ремонтантная лучшие сорта для юга россии,5,7,LOW,Низкая,garden,/zhurnal/posadka-maliny/,improve_existing,Обновить ответы внутри существующего материала и связать с расчётом посадки.,сорта малины,sorta-maliny.xlsx:Queries,1,False
клубника болезни и лечение,болезни клубники,5,8,LOW,Низкая,garden,/instrumenty/proverka-rasteniya/,new_diagnostic_hub,Подготовить руководство по болезням клубники с проверяемыми фото и различиями симптомов; связать с материалом о серой гнили.,болезни клубники,bolezni-klubniki.xlsx:Queries,1,False
клубника и болезни печени,что можно есть при заболеваниях печени,5,19,LOW,Низкая,garden,/instrumenty/proverka-rasteniya/,new_diagnostic_hub,Подготовить руководство по болезням клубники с проверяемыми фото и различиями симптомов; связать с материалом о серой гнили.,болезни клубники,bolezni-klubniki.xlsx:Queries,1,False
летние сорта малины для подмосковья лучшие сорта,лучшие сорта малины для подмосковья,5,8,LOW,Низкая,garden,/zhurnal/sorta-maliny-dlya-podmoskovya-kak-vybrat/,improve_existing,Связать выбор со сравнением сортов и условиями участка; отзывы и урожайность показывать только с реальными данными.,сорта малины,sorta-maliny.xlsx:Queries,1,False
летняя малина лучшие сорта для подмосковья,лучшие сорта малины для подмосковья,5,7,LOW,Низкая,garden,/zhurnal/sorta-maliny-dlya-podmoskovya-kak-vybrat/,improve_existing,Связать выбор со сравнением сортов и условиями участка; отзывы и урожайность показывать только с реальными данными.,болезни малины | сорта малины,bolezni-maliny.xlsx:AdditionalQueries | sorta-maliny.xlsx:Queries,2,False
лучшие сорта малины для московской области,лучшие сорта малины для подмосковья,5,7,LOW,Низкая,garden,,manual_mapping,Нужна редакционная проверка намерения.,сорта малины,sorta-maliny.xlsx:Queries,1,False
лучшие сорта малины для подмосковья форум,лучшие сорта малины для подмосковья для открытого грунта форум отзывы дачников,5,8,LOW,Низкая,garden,/zhurnal/sorta-maliny-dlya-podmoskovya-kak-vybrat/,improve_existing,Связать выбор со сравнением сортов и условиями участка; отзывы и урожайность показывать только с реальными данными.,сорта малины,sorta-maliny.xlsx:Queries,1,False
лучшие сорта малины для юга россии жароустойчивые,малина ремонтантная лучшие сорта для юга россии,5,17,LOW,Низкая,garden,,manual_mapping,Нужна редакционная проверка намерения.,сорта малины,sorta-maliny.xlsx:Queries,1,False
малина для северо-запада лучшие сорта,лучшие сорта малины для ленинградской области,5,11,LOW,Низкая,garden,,manual_mapping,Нужна редакционная проверка намерения.,сорта малины,sorta-maliny.xlsx:Queries,1,False
малина желтая зюгана описание сорта,малина зюгана желтая,5,5,LOW,Низкая,garden,,verify_cultivar,Сорта ещё нет в каталоге: сначала установить идентичность и собрать первоисточники; не создавать карточку из поисковой фразы.,сорта малины,sorta-maliny.xlsx:Queries,1,False
малина изобильная казакова описание сорта фото отзывы садоводов,малина изобильная,5,8,LOW,Низкая,garden,,verify_cultivar,Сорта ещё нет в каталоге: сначала установить идентичность и собрать первоисточники; не создавать карточку из поисковой фразы.,сорта малины,sorta-maliny.xlsx:Queries,1,False
малина награда описание сорта фото отзывы садоводов,малина награда,5,8,LOW,Низкая,garden,,verify_cultivar,Сорта ещё нет в каталоге: сначала установить идентичность и собрать первоисточники; не создавать карточку из поисковой фразы.,сорта малины,sorta-maliny.xlsx:Queries,1,False
малина патриция описание сорта фото отзывы садоводов,малина патриция,5,7,LOW,Низкая,garden,/sorta/patritsiya/,improve_cultivar,"Проверить полноту описания, фото и сравнения; отзывы и урожайность добавлять только по фактическим источникам.",сорта малины,sorta-maliny.xlsx:Queries,1,False
малина рубиновый гигант описание сорта фото отзывы садоводов,малина рубиновый гигант описание сорта фото отзывы садоводов,5,12,LOW,Низкая,garden,,verify_cultivar,Сорта ещё нет в каталоге: сначала установить идентичность и собрать первоисточники; не создавать карточку из поисковой фразы.,сорта малины,sorta-maliny.xlsx:Queries,1,False
малина турмалин описание сорта,малина турмалин,5,6,LOW,Низкая,garden,,verify_cultivar,Сорта ещё нет в каталоге: сначала установить идентичность и собрать первоисточники; не создавать карточку из поисковой фразы.,сорта малины,sorta-maliny.xlsx:Queries,1,False
малина феномен описание сорта отзывы,малина феномен,5,8,LOW,Низкая,garden,,verify_cultivar,Сорта ещё нет в каталоге: сначала установить идентичность и собрать первоисточники; не создавать карточку из поисковой фразы.,сорта малины,sorta-maliny.xlsx:Queries,1,False
можно есть клубнику при болезни печени,диета для печени,5,16,LOW,Низкая,garden,/instrumenty/proverka-rasteniya/,new_diagnostic_hub,Подготовить руководство по болезням клубники с проверяемыми фото и различиями симптомов; связать с материалом о серой гнили.,болезни клубники,bolezni-klubniki.xlsx:Queries,1,False
на стволе малины коричневые пятна что это за болезнь и как с ней бороться,дидимелла на малине как бороться,5,8,LOW,Низкая,garden,/instrumenty/proverka-rasteniya/,diagnostic_backlog,Связать симптомы с проверкой растения; отдельный материал только после проверки источников.,болезни малины,bolezni-maliny.xlsx:Queries,1,False
рейтинг сортов малины для подмосковья,лучшие сорта малины для подмосковья,5,11,LOW,Низкая,garden,/zhurnal/sorta-maliny-dlya-podmoskovya-kak-vybrat/,improve_existing,Связать выбор со сравнением сортов и условиями участка; отзывы и урожайность показывать только с реальными данными.,сорта малины,sorta-maliny.xlsx:Queries,1,False
ремонтантная малина лучшие сорта для подмосковья,лучшие сорта малины для подмосковья,5,7,LOW,Низкая,garden,/zhurnal/sorta-maliny-dlya-podmoskovya-kak-vybrat/,improve_existing,Связать выбор со сравнением сортов и условиями участка; отзывы и урожайность показывать только с реальными данными.,сорта малины,sorta-maliny.xlsx:Queries,1,False
сорт малины для подмосковья,лучшие сорта малины для подмосковья,5,5,LOW,Низкая,garden,/zhurnal/sorta-maliny-dlya-podmoskovya-kak-vybrat/,improve_existing,Связать выбор со сравнением сортов и условиями участка; отзывы и урожайность показывать только с реальными данными.,сорта малины,sorta-maliny.xlsx:Queries,1,False
сорта малины устойчивые к дидимелле в подмосковье,сорта малины устойчивые к дидимелле,5,11,LOW,Низкая,garden,,new_article,"Дидимелла: проверить диагностику по первоисточникам, затем подготовить материал; схемы препаратов требуют актуальной проверки.",болезни малины | сорта малины,bolezni-maliny.xlsx:AdditionalQueries | sorta-maliny.xlsx:Queries,2,False
сорта ремонтантной клубники с фотографиями и описанием для кубани,ремонтантные сорта клубники с фотографиями и описанием,5,12,LOW,Низкая,garden,/sorta/,improve_catalog,"Уточнить путь к каталогу клубники, фильтрам и сравнению.",сорта клубники,sorta-klubniki.xlsx:Queries,1,False
хорошие сорта малины для подмосковья,лучшие сорта малины для подмосковья,5,7,LOW,Низкая,garden,/zhurnal/sorta-maliny-dlya-podmoskovya-kak-vybrat/,improve_existing,Связать выбор со сравнением сортов и условиями участка; отзывы и урожайность показывать только с реальными данными.,сорта малины,sorta-maliny.xlsx:Queries,1,False
болезни и вредители малины описание с фотографиями,болезни малины,4,6,LOW,Низкая,garden,/instrumenty/proverka-rasteniya/,diagnostic_backlog,Связать симптомы с проверкой растения; отдельный материал только после проверки источников.,болезни малины,bolezni-maliny.xlsx:Queries,1,False
болезни клубники и их лечение,болезни клубники,4,8,LOW,Низкая,garden,/instrumenty/proverka-rasteniya/,new_diagnostic_hub,Подготовить руководство по болезням клубники с проверяемыми фото и различиями симптомов; связать с материалом о серой гнили.,болезни клубники,bolezni-klubniki.xlsx:Queries,1,False
болезнь малины ведьмина метла,ведьмина метла на малине,4,9,LOW,Низкая,garden,/instrumenty/proverka-rasteniya/,diagnostic_backlog,Связать симптомы с проверкой растения; отдельный материал только после проверки источников.,болезни малины,bolezni-maliny.xlsx:Queries,1,False
болезнь рассады клубники,болезни клубники,4,4,LOW,Низкая,garden,/instrumenty/proverka-rasteniya/,new_diagnostic_hub,Подготовить руководство по болезням клубники с проверяемыми фото и различиями симптомов; связать с материалом о серой гнили.,болезни клубники,bolezni-klubniki.xlsx:Queries,1,False
гусария малина описание сорта,малина гусар,4,8,LOW,Низкая,garden,,verify_cultivar,Сорта ещё нет в каталоге: сначала установить идентичность и собрать первоисточники; не создавать карточку из поисковой фразы.,сорта малины,sorta-maliny.xlsx:Queries,1,False
дидимелла на малине фото и описание,дидимелла на малине как бороться,4,8,LOW,Низкая,garden,,new_article,"Дидимелла: проверить диагностику по первоисточникам, затем подготовить материал; схемы препаратов требуют актуальной проверки.",болезни малины,bolezni-maliny.xlsx:AdditionalQueries,1,False
заболевания клубники с фото,болезни клубники,4,7,LOW,Низкая,garden,,manual_mapping,Нужна редакционная проверка намерения.,болезни клубники,bolezni-klubniki.xlsx:AdditionalQueries,1,False
кустовая малина сорта фото и описание,малиновое дерево король ночи,4,6,LOW,Низкая,garden,,manual_mapping,Нужна редакционная проверка намерения.,сорта малины,sorta-maliny.xlsx:Queries,1,False
лучшая ремонтантная малина для подмосковья отзывы,лучшие сорта малины для подмосковья,4,8,LOW,Низкая,garden,/zhurnal/sorta-maliny-dlya-podmoskovya-kak-vybrat/,improve_existing,Связать выбор со сравнением сортов и условиями участка; отзывы и урожайность показывать только с реальными данными.,сорта малины,sorta-maliny.xlsx:AdditionalQueries,1,False
лучшие сорта малины в подмосковье,лучшие сорта малины для подмосковья,4,6,LOW,Низкая,garden,/zhurnal/sorta-maliny-dlya-podmoskovya-kak-vybrat/,improve_existing,Связать выбор со сравнением сортов и условиями участка; отзывы и урожайность показывать только с реальными данными.,сорта малины,sorta-maliny.xlsx:Queries,1,False
лучшие сорта малины для подмосковья не ремонтантные открытого грунта,лучшие сорта малины для подмосковья,4,8,LOW,Низкая,garden,/zhurnal/sorta-maliny-dlya-podmoskovya-kak-vybrat/,improve_existing,Связать выбор со сравнением сортов и условиями участка; отзывы и урожайность показывать только с реальными данными.,сорта малины,sorta-maliny.xlsx:Queries,1,False
малина абрикосовая описание сорта фото отзывы,малина абрикосовая,4,5,LOW,Низкая,garden,/sorta/abrikosovaya/,improve_cultivar,"Проверить полноту описания, фото и сравнения; отзывы и урожайность добавлять только по фактическим источникам.",сорта малины,sorta-maliny.xlsx:Queries,1,False
малина бриллиантовая описание сорта фото отзывы садоводов,малина бриллиантовая,4,8,LOW,Низкая,garden,/sorta/brilliantovaya/,improve_cultivar,"Проверить полноту описания, фото и сравнения; отзывы и урожайность добавлять только по фактическим источникам.",сорта малины,sorta-maliny.xlsx:Queries,1,False
малина ведьмина метла,ведьмина метла на малине,4,8,LOW,Низкая,garden,/instrumenty/proverka-rasteniya/,diagnostic_backlog,Связать симптомы с проверкой растения; отдельный материал только после проверки источников.,болезни малины,bolezni-maliny.xlsx:AdditionalQueries,1,False
малина глен ди описание сорта фото отзывы садоводов,малина глен ди,4,7,LOW,Низкая,garden,,verify_cultivar,Сорта ещё нет в каталоге: сначала установить идентичность и собрать первоисточники; не создавать карточку из поисковой фразы.,сорта малины,sorta-maliny.xlsx:Queries,1,False
малина глен файн описание сорта фото отзывы садоводов,малина глен файн описание сорта фото отзывы садоводов,4,10,LOW,Низкая,garden,,verify_cultivar,Сорта ещё нет в каталоге: сначала установить идентичность и собрать первоисточники; не создавать карточку из поисковой фразы.,сорта малины,sorta-maliny.xlsx:Queries,1,False
малина гордость россии описание сорта фото отзывы садоводов урожайность,малина гордость россии,4,7,LOW,Низкая,garden,,verify_cultivar,Сорта ещё нет в каталоге: сначала установить идентичность и собрать первоисточники; не создавать карточку из поисковой фразы.,сорта малины,sorta-maliny.xlsx:Queries,1,False
малина дерево описание сорта фото отзывы,малиновое дерево,4,9,LOW,Низкая,garden,,verify_cultivar,Сорта ещё нет в каталоге: сначала установить идентичность и собрать первоисточники; не создавать карточку из поисковой фразы.,сорта малины,sorta-maliny.xlsx:Queries,1,False
малина для подмосковья лучшие сорта самоплодные,лучшие сорта малины для подмосковья,4,5,LOW,Низкая,garden,/zhurnal/sorta-maliny-dlya-podmoskovya-kak-vybrat/,improve_existing,Связать выбор со сравнением сортов и условиями участка; отзывы и урожайность показывать только с реальными данными.,сорта малины,sorta-maliny.xlsx:Queries,1,False
малина желтая медовая описание сорта фото отзывы,малина желтая медовая описание сорта фото отзывы,4,8,LOW,Низкая,garden,,verify_cultivar,Сорта ещё нет в каталоге: сначала установить идентичность и собрать первоисточники; не создавать карточку из поисковой фразы.,сорта малины,sorta-maliny.xlsx:Queries,1,False
малина затонская описание сорта фото отзывы,малина затонская,4,6,LOW,Низкая,garden,,verify_cultivar,Сорта ещё нет в каталоге: сначала установить идентичность и собрать первоисточники; не создавать карточку из поисковой фразы.,сорта малины,sorta-maliny.xlsx:Queries,1,False
малина затонская описание сорта фото отзывы садоводов,малина затонская,4,8,LOW,Низкая,garden,,verify_cultivar,Сорта ещё нет в каталоге: сначала установить идентичность и собрать первоисточники; не создавать карточку из поисковой фразы.,сорта малины,sorta-maliny.xlsx:Queries,1,False
малина изобильная описание сорта фото отзывы,малина изобильная,4,5,LOW,Низкая,garden,,verify_cultivar,Сорта ещё нет в каталоге: сначала установить идентичность и собрать первоисточники; не создавать карточку из поисковой фразы.,сорта малины,sorta-maliny.xlsx:Queries,1,False
малина кустовая сорта фото и описание сорта,малиновое дерево король ночи,4,8,LOW,Низкая,garden,,verify_cultivar,Сорта ещё нет в каталоге: сначала установить идентичность и собрать первоисточники; не создавать карточку из поисковой фразы.,сорта малины,sorta-maliny.xlsx:Queries,1,False
малина оранжевое чудо ремонтантная описание сорта фото отзывы особенности выращивания,малина оранжевое чудо,4,6,LOW,Низкая,garden,/sorta/oranzhevoe-chudo/,improve_cultivar,"Проверить полноту описания, фото и сравнения; отзывы и урожайность добавлять только по фактическим источникам.",сорта малины,sorta-maliny.xlsx:Queries,1,False
малина подарок казакова описание сорта фото отзывы,малина поклон казакову описание сорта фото отзывы садоводов,4,6,LOW,Низкая,garden,,verify_cultivar,Сорта ещё нет в каталоге: сначала установить идентичность и собрать первоисточники; не создавать карточку из поисковой фразы.,сорта малины,sorta-maliny.xlsx:Queries,1,False
малина прималба описание сорта фото отзывы садоводов урожайность,малина прималба,4,12,LOW,Низкая,garden,,verify_cultivar,Сорта ещё нет в каталоге: сначала установить идентичность и собрать первоисточники; не создавать карточку из поисковой фразы.,сорта малины,sorta-maliny.xlsx:Queries,1,False
малина ремонтантная для подмосковья лучшие сорта,лучшие сорта малины для подмосковья,4,5,LOW,Низкая,garden,/zhurnal/sorta-maliny-dlya-podmoskovya-kak-vybrat/,improve_existing,Связать выбор со сравнением сортов и условиями участка; отзывы и урожайность показывать только с реальными данными.,болезни малины | сорта малины,bolezni-maliny.xlsx:AdditionalQueries | sorta-maliny.xlsx:Queries,2,False
малина ремонтантная лучшие сорта для подмосковья описание и отзывы,лучшие сорта малины для подмосковья,4,6,LOW,Низкая,garden,/zhurnal/sorta-maliny-dlya-podmoskovya-kak-vybrat/,improve_existing,Связать выбор со сравнением сортов и условиями участка; отзывы и урожайность показывать только с реальными данными.,сорта малины,sorta-maliny.xlsx:Queries,1,False
малина сказка малиновое дерево посадка и уход,малиновое дерево сказка,4,6,LOW,Низкая,garden,/zhurnal/malinovoe-derevo-tarusa/,improve_existing,Проверить ответ о штамбовой форме и уходе; не превращать торговое название в ботанический вид.,посадка малины,posadka-maliny.xlsx:Queries,1,False
малина таганка описание сорта фото отзывы садоводов,малина таганка,4,6,LOW,Низкая,garden,,verify_cultivar,Сорта ещё нет в каталоге: сначала установить идентичность и собрать первоисточники; не создавать карточку из поисковой фразы.,сорта малины,sorta-maliny.xlsx:Queries,1,False
малина терентий описание сорта фото отзывы садоводов урожайность характеристика,малина терентий,4,6,LOW,Низкая,garden,,verify_cultivar,Сорта ещё нет в каталоге: сначала установить идентичность и собрать первоисточники; не создавать карточку из поисковой фразы.,сорта малины,sorta-maliny.xlsx:Queries,1,False
малина тибетская отзывы садоводов,тибетская малина отзывы,4,4,LOW,Низкая,garden,,new_botanical_article,"Сначала установить вид и источники; объяснить отличие от обычной малины, добавить проверяемые фото.",тибетская малина,tibetskaya-malina.xlsx:Queries,1,False
примальба малина посадка уход,малина прималба,4,7,LOW,Низкая,garden,/zhurnal/posadka-maliny/,improve_existing,Обновить ответы внутри существующего материала и связать с расчётом посадки.,посадка малины,posadka-maliny.xlsx:Queries,1,False
пятна на стеблях малины,болезни малины,4,7,LOW,Низкая,garden,/instrumenty/proverka-rasteniya/,diagnostic_backlog,Связать симптомы с проверкой растения; отдельный материал только после проверки источников.,болезни малины,bolezni-maliny.xlsx:AdditionalQueries,1,False
ранние сорта малины для подмосковья,лучшие сорта малины для подмосковья,4,5,LOW,Низкая,garden,/zhurnal/sorta-maliny-dlya-podmoskovya-kak-vybrat/,improve_existing,Связать выбор со сравнением сортов и условиями участка; отзывы и урожайность показывать только с реальными данными.,сорта малины,sorta-maliny.xlsx:Queries,1,False
самая лучшая малина для подмосковья,лучшие сорта малины для подмосковья,4,7,LOW,Низкая,garden,/zhurnal/sorta-maliny-dlya-podmoskovya-kak-vybrat/,improve_existing,Связать выбор со сравнением сортов и условиями участка; отзывы и урожайность показывать только с реальными данными.,сорта малины,sorta-maliny.xlsx:AdditionalQueries,1,False
самый сладкий сорт малины для подмосковья,лучшие сорта малины для подмосковья,4,6,LOW,Низкая,garden,/zhurnal/sorta-maliny-dlya-podmoskovya-kak-vybrat/,improve_existing,Связать выбор со сравнением сортов и условиями участка; отзывы и урожайность показывать только с реальными данными.,сорта малины,sorta-maliny.xlsx:Queries,1,False
тибетская малина какая на вкус,тибетская малина фото,4,4,LOW,Низкая,garden,,new_botanical_article,"Сначала установить вид и источники; объяснить отличие от обычной малины, добавить проверяемые фото.",тибетская малина,tibetskaya-malina.xlsx:Queries,1,False
фото болезней клубники,болезни клубники,4,13,LOW,Низкая,garden,/instrumenty/proverka-rasteniya/,new_diagnostic_hub,Подготовить руководство по болезням клубники с проверяемыми фото и различиями симптомов; связать с материалом о серой гнили.,болезни клубники,bolezni-klubniki.xlsx:Queries,1,False
чем обработать смородину и малину весной от вредителей и болезней,чем обработать смородину и малину весной от вредителей и болезней,4,6,LOW,Низкая,garden,/instrumenty/proverka-rasteniya/,diagnostic_backlog,Связать симптомы с проверкой растения; отдельный материал только после проверки источников.,болезни малины,bolezni-maliny.xlsx:Queries,1,False
азиатская малина,тибетская малина,3,2,LOW,Низкая,garden,,manual_mapping,Нужна редакционная проверка намерения.,тибетская малина,tibetskaya-malina.xlsx:AdditionalQueries,1,False
априка клубника описание отзывы,клубника априка,3,5,LOW,Низкая,garden,/sorta/aprika/,improve_cultivar,"Проверить полноту описания, фото и сравнения; отзывы и урожайность добавлять только по фактическим источникам.",сорта клубники,sorta-klubniki.xlsx:AdditionalQueries,1,False
болезни клубники описание с фотографиями и способы лечения осенью,болезни клубники,3,3,LOW,Низкая,garden,/instrumenty/proverka-rasteniya/,new_diagnostic_hub,Подготовить руководство по болезням клубники с проверяемыми фото и различиями симптомов; связать с материалом о серой гнили.,болезни клубники,bolezni-klubniki.xlsx:Queries,1,False
болезни малина,болезни малины,3,3,LOW,Низкая,garden,/instrumenty/proverka-rasteniya/,diagnostic_backlog,Связать симптомы с проверкой растения; отдельный материал только после проверки источников.,болезни малины,bolezni-maliny.xlsx:Queries,1,False
болезни малины описание с фотографиями и способы лечения и профилактики осенью,болезни малины,3,6,LOW,Низкая,garden,/instrumenty/proverka-rasteniya/,diagnostic_backlog,Связать симптомы с проверкой растения; отдельный материал только после проверки источников.,болезни малины,bolezni-maliny.xlsx:Queries,1,False
болезни ремонтантной малины,болезни ремонтантной малины описание с фотографиями,3,6,LOW,Низкая,garden,/instrumenty/proverka-rasteniya/,diagnostic_backlog,Связать симптомы с проверкой растения; отдельный материал только после проверки источников.,болезни малины,bolezni-maliny.xlsx:Queries,1,False
болезнь клубники в картинках,болезни клубники,3,5,LOW,Низкая,garden,/instrumenty/proverka-rasteniya/,new_diagnostic_hub,Подготовить руководство по болезням клубники с проверяемыми фото и различиями симптомов; связать с материалом о серой гнили.,болезни клубники,bolezni-klubniki.xlsx:Queries,1,False
вирусная мозаика на малине,болезни малины,3,5,LOW,Низкая,garden,,manual_mapping,Нужна редакционная проверка намерения.,болезни малины,bolezni-maliny.xlsx:AdditionalQueries,1,False
древовидная малина посадка и уход,малиновое дерево,3,3,LOW,Низкая,garden,/zhurnal/posadka-maliny/,improve_existing,Обновить ответы внутри существующего материала и связать с расчётом посадки.,посадка малины,posadka-maliny.xlsx:Queries,1,False
земляника сан андреас описание сорта фото отзывы садоводов,клубника сан андреас,3,3,LOW,Низкая,garden,,verify_cultivar,Сорта ещё нет в каталоге: сначала установить идентичность и собрать первоисточники; не создавать карточку из поисковой фразы.,сорта клубники,sorta-klubniki.xlsx:AdditionalQueries,1,False
какую клубнику лучше посадить в сибири,сорта клубники для сибири,3,8,LOW,Низкая,garden,/zhurnal/posadka-klubniki/,improve_existing,"Дополнить существующий материал ответами по срокам и условиям, связать с инструментом срока посадки.",сорта клубники,sorta-klubniki.xlsx:AdditionalQueries,1,False
клубника фенг сянг описание сорта отзывы садоводов урожайность,клубника фенг сянг,3,11,LOW,Низкая,garden,,verify_cultivar,Сорта ещё нет в каталоге: сначала установить идентичность и собрать первоисточники; не создавать карточку из поисковой фразы.,сорта клубники,sorta-klubniki.xlsx:Queries,1,False
коричневые пятна на листьях земляники,болезни клубники,3,3,LOW,Низкая,garden,/instrumenty/proverka-rasteniya/,new_diagnostic_hub,Подготовить руководство по болезням клубники с проверяемыми фото и различиями симптомов; связать с материалом о серой гнили.,болезни клубники,bolezni-klubniki.xlsx:AdditionalQueries,1,False
лучшие сорта виктории для урала,лучшие сорта клубники для урала,3,7,LOW,Низкая,garden,,manual_mapping,Нужна редакционная проверка намерения.,сорта клубники,sorta-klubniki.xlsx:AdditionalQueries,1,False
лучшие сорта малины для подмосковья для открытого грунта ремонтантные,лучшие сорта малины для подмосковья,3,5,LOW,Низкая,garden,/zhurnal/sorta-maliny-dlya-podmoskovya-kak-vybrat/,improve_existing,Связать выбор со сравнением сортов и условиями участка; отзывы и урожайность показывать только с реальными данными.,сорта малины,sorta-maliny.xlsx:Queries,1,False
лучшие сорта малины ремонтантной с высоким урожаем,сорта ремонтантной малины,3,10,LOW,Низкая,garden,,manual_mapping,Нужна редакционная проверка намерения.,сорта малины,sorta-maliny.xlsx:Queries,1,False
лучшие сорта ремонтантной малины с высоким урожаем для средней полосы россии,сорта ремонтантной малины,3,9,LOW,Низкая,garden,,manual_mapping,Нужна редакционная проверка намерения.,сорта малины,sorta-maliny.xlsx:Queries,1,False
малина блэк джевел описание сорта фото отзывы,малина блэк джевел,3,6,LOW,Низкая,garden,,verify_cultivar,Сорта ещё нет в каталоге: сначала установить идентичность и собрать первоисточники; не создавать карточку из поисковой фразы.,сорта малины,sorta-maliny.xlsx:Queries,1,False
малина блэк джевел описание сорта фото отзывы особенности выращивания,малина блэк джевел,3,5,LOW,Низкая,garden,,verify_cultivar,Сорта ещё нет в каталоге: сначала установить идентичность и собрать первоисточники; не создавать карточку из поисковой фразы.,сорта малины,sorta-maliny.xlsx:Queries,1,False
малина богатырь описание сорта фото отзывы садоводов урожайность характеристика,малина богатырь,3,6,LOW,Низкая,garden,,verify_cultivar,Сорта ещё нет в каталоге: сначала установить идентичность и собрать первоисточники; не создавать карточку из поисковой фразы.,сорта малины,sorta-maliny.xlsx:Queries,1,False
малина глен лион описание сорта,малина глен лион описание сорта,3,5,LOW,Низкая,garden,,verify_cultivar,Сорта ещё нет в каталоге: сначала установить идентичность и собрать первоисточники; не создавать карточку из поисковой фразы.,сорта малины,sorta-maliny.xlsx:Queries,1,False
малина желтый гигант описание сорта отзывы,малина желтый гигант описание сорта фото отзывы,3,6,LOW,Низкая,garden,/sorta/zheltyy-gigant/,improve_cultivar,"Проверить полноту описания, фото и сравнения; отзывы и урожайность добавлять только по фактическим источникам.",сорта малины,sorta-maliny.xlsx:Queries,1,False
малина зюгана описание сорта фото отзывы садоводов урожайность характеристика и описание сорта,малина зюгана,3,5,LOW,Низкая,garden,,verify_cultivar,Сорта ещё нет в каталоге: сначала установить идентичность и собрать первоисточники; не создавать карточку из поисковой фразы.,сорта малины,sorta-maliny.xlsx:Queries,1,False
малина колокольчик описание сорта фото отзывы садоводов,сорт малины колокольчик фото и описание,3,7,LOW,Низкая,garden,,verify_cultivar,Сорта ещё нет в каталоге: сначала установить идентичность и собрать первоисточники; не создавать карточку из поисковой фразы.,сорта малины,sorta-maliny.xlsx:Queries,1,False
малина корпико описание сорта,малина корпико,3,5,LOW,Низкая,garden,,verify_cultivar,Сорта ещё нет в каталоге: сначала установить идентичность и собрать первоисточники; не создавать карточку из поисковой фразы.,сорта малины,sorta-maliny.xlsx:Queries,1,False
малина мишутка описание сорта фото,малина мишутка,3,5,LOW,Низкая,garden,,verify_cultivar,Сорта ещё нет в каталоге: сначала установить идентичность и собрать первоисточники; не создавать карточку из поисковой фразы.,сорта малины,sorta-maliny.xlsx:Queries,1,False
малина ровница,малина ровница описание сорта,3,2,LOW,Низкая,garden,,manual_mapping,Нужна редакционная проверка намерения.,сорта малины,sorta-maliny.xlsx:AdditionalQueries,1,False
малина таруса описание сорта посадка и уход в открытом грунте,малиновое дерево таруса,3,7,LOW,Низкая,garden,/zhurnal/posadka-maliny/,improve_existing,Обновить ответы внутри существующего материала и связать с расчётом посадки.,посадка малины | сорта малины,posadka-maliny.xlsx:Queries | sorta-maliny.xlsx:Queries,2,False
малина тибетская описание и фото,тибетская малина,3,4,LOW,Низкая,garden,,new_botanical_article,"Сначала установить вид и источники; объяснить отличие от обычной малины, добавить проверяемые фото.",тибетская малина,tibetskaya-malina.xlsx:Queries,1,False
малина усанка описание сорта,малина усанка описание сорта,3,5,LOW,Низкая,garden,,verify_cultivar,Сорта ещё нет в каталоге: сначала установить идентичность и собрать первоисточники; не создавать карточку из поисковой фразы.,сорта малины,sorta-maliny.xlsx:Queries,1,False
малина устойчивая к дидимелле сорта,сорта малины устойчивые к дидимелле,3,6,LOW,Низкая,garden,,new_article,"Дидимелла: проверить диагностику по первоисточникам, затем подготовить материал; схемы препаратов требуют актуальной проверки.",сорта малины,sorta-maliny.xlsx:Queries,1,False
можно ли есть тибетскую малину,тибетская малина,3,2,LOW,Низкая,garden,,new_botanical_article,"Сначала установить вид и источники; объяснить отличие от обычной малины, добавить проверяемые фото.",тибетская малина,tibetskaya-malina.xlsx:Queries,1,False
новые сорта клубники 2025,новые сорта клубники 2025,3,13,LOW,Низкая,garden,/sorta/,improve_catalog,"Уточнить путь к каталогу клубники, фильтрам и сравнению.",сорта клубники,sorta-klubniki.xlsx:Queries,1,False
обработка малины от вредителей в июне,чем обработать малину от вредителей в июне,3,2,LOW,Низкая,garden,,manual_mapping,Нужна редакционная проверка намерения.,болезни малины,bolezni-maliny.xlsx:AdditionalQueries,1,False
парша на малине,болезни малины,3,4,LOW,Низкая,garden,,manual_mapping,Нужна редакционная проверка намерения.,болезни малины,bolezni-maliny.xlsx:AdditionalQueries,1,False
пурпуровая пятнистость малины фото и их лечение,дидимелла,3,3,LOW,Низкая,garden,/instrumenty/proverka-rasteniya/,diagnostic_backlog,Связать симптомы с проверкой растения; отдельный материал только после проверки источников.,болезни малины,bolezni-maliny.xlsx:AdditionalQueries,1,False
ремонтантная малина сорта для средней полосы лучшие сорта фото с названиями,лучшие сорта ремонтантной малины,3,7,LOW,Низкая,garden,,manual_mapping,Нужна редакционная проверка намерения.,сорта малины,sorta-maliny.xlsx:Queries,1,False
самые ранние сорта ремонтантной малины для подмосковья,лучшие сорта малины для подмосковья,3,10,LOW,Низкая,garden,/zhurnal/sorta-maliny-dlya-podmoskovya-kak-vybrat/,improve_existing,Связать выбор со сравнением сортов и условиями участка; отзывы и урожайность показывать только с реальными данными.,сорта малины,sorta-maliny.xlsx:Queries,1,False
сорта малины смородины крыжовника какие с самыми крупными ягодами,сорта малины смородины крыжовника какие с самыми крупными ягодами,3,5,LOW,Низкая,garden,,manual_mapping,Нужна редакционная проверка намерения.,сорта малины,sorta-maliny.xlsx:Queries,1,False
сорта ремонтантной малины с фотографиями,сорта ремонтантной малины,3,9,LOW,Низкая,garden,,manual_mapping,Нужна редакционная проверка намерения.,сорта малины,sorta-maliny.xlsx:Queries,1,False
чем обработать клубнику от болезней летом на даче,пятнистость на клубнике чем обработать,3,4,LOW,Низкая,garden,/instrumenty/proverka-rasteniya/,new_diagnostic_hub,Подготовить руководство по болезням клубники с проверяемыми фото и различиями симптомов; связать с материалом о серой гнили.,болезни клубники,bolezni-klubniki.xlsx:Queries,1,False
болезни клубники и чем лечить,болезни клубники,2,2,LOW,Низкая,garden,/instrumenty/proverka-rasteniya/,new_diagnostic_hub,Подготовить руководство по болезням клубники с проверяемыми фото и различиями симптомов; связать с материалом о серой гнили.,болезни клубники,bolezni-klubniki.xlsx:Queries,1,False
болезни клубники описание с фотографиями и способы лечения летом во время плодоношения,болезни клубники,2,2,LOW,Низкая,garden,/instrumenty/proverka-rasteniya/,new_diagnostic_hub,Подготовить руководство по болезням клубники с проверяемыми фото и различиями симптомов; связать с материалом о серой гнили.,болезни клубники,bolezni-klubniki.xlsx:Queries,1,False
болезни клубники с фото и описанием,болезни клубники,2,3,LOW,Низкая,garden,/instrumenty/proverka-rasteniya/,new_diagnostic_hub,Подготовить руководство по болезням клубники с проверяемыми фото и различиями симптомов; связать с материалом о серой гнили.,болезни клубники,bolezni-klubniki.xlsx:Queries,1,False
болезнь клубники по листьям фото,болезни клубники,2,2,LOW,Низкая,garden,/instrumenty/proverka-rasteniya/,new_diagnostic_hub,Подготовить руководство по болезням клубники с проверяемыми фото и различиями симптомов; связать с материалом о серой гнили.,болезни клубники,bolezni-klubniki.xlsx:Queries,1,False
болезнь малины ведьмина метла фото и описание,ведьмина метла на малине,2,5,LOW,Низкая,garden,/instrumenty/proverka-rasteniya/,diagnostic_backlog,Связать симптомы с проверкой растения; отдельный материал только после проверки источников.,болезни малины,bolezni-maliny.xlsx:Queries,1,False
борьба с болезнями клубники,болезни клубники,2,3,LOW,Низкая,garden,/instrumenty/proverka-rasteniya/,new_diagnostic_hub,Подготовить руководство по болезням клубники с проверяемыми фото и различиями симптомов; связать с материалом о серой гнили.,болезни клубники,bolezni-klubniki.xlsx:Queries,1,False
вирусные болезни малины,болезни малины,2,3,LOW,Низкая,garden,/instrumenty/proverka-rasteniya/,diagnostic_backlog,Связать симптомы с проверкой растения; отдельный материал только после проверки источников.,болезни малины,bolezni-maliny.xlsx:Queries,1,False
гордость россии малина описание сорта фото отзывы садоводов,малина гордость россии,2,2,LOW,Низкая,garden,,verify_cultivar,Сорта ещё нет в каталоге: сначала установить идентичность и собрать первоисточники; не создавать карточку из поисковой фразы.,посадка малины,posadka-maliny.xlsx:AdditionalQueries,1,False
дидимелла на малине меры борьбы весной,дидимелла на малине как бороться,2,5,LOW,Низкая,garden,,new_article,"Дидимелла: проверить диагностику по первоисточникам, затем подготовить материал; схемы препаратов требуют актуальной проверки.",болезни малины | сорта малины,bolezni-maliny.xlsx:AdditionalQueries | sorta-maliny.xlsx:AdditionalQueries,2,False
для посадки приготовили 12 кустов малины и 18 кустов крыжовника в субботу посадили 19 кустов,для посадки приготовили 12 кустов малины и 18 кустов крыжовника в субботу посадили 19 кустов,2,2,LOW,Низкая,garden,/zhurnal/posadka-maliny/,improve_existing,Обновить ответы внутри существующего материала и связать с расчётом посадки.,посадка малины,posadka-maliny.xlsx:Queries,1,False
земляника альфа описание сорта фото отзывы,земляника альфа описание сорта,2,2,LOW,Низкая,garden,/sorta/alfa/,improve_cultivar,"Проверить полноту описания, фото и сравнения; отзывы и урожайность добавлять только по фактическим источникам.",сорта клубники,sorta-klubniki.xlsx:AdditionalQueries,1,False
земляника зефир описание сорта фото отзывы садоводов урожайность,клубника зефир,2,2,LOW,Низкая,garden,,verify_cultivar,Сорта ещё нет в каталоге: сначала установить идентичность и собрать первоисточники; не создавать карточку из поисковой фразы.,сорта клубники,sorta-klubniki.xlsx:AdditionalQueries,1,False
земляника прими описание сорта фото отзывы,клубника прими,2,2,LOW,Низкая,garden,,verify_cultivar,Сорта ещё нет в каталоге: сначала установить идентичность и собрать первоисточники; не создавать карточку из поисковой фразы.,сорта клубники,sorta-klubniki.xlsx:AdditionalQueries,1,False
земляника фейт описание сорта фото отзывы,клубника фейт,2,2,LOW,Низкая,garden,,verify_cultivar,Сорта ещё нет в каталоге: сначала установить идентичность и собрать первоисточники; не создавать карточку из поисковой фразы.,сорта клубники,sorta-klubniki.xlsx:AdditionalQueries,1,False
израстание малины описание с фотографиями,ведьмина метла на малине,2,6,LOW,Низкая,garden,,manual_mapping,Нужна редакционная проверка намерения.,болезни малины,bolezni-maliny.xlsx:AdditionalQueries,1,False
как бороться с болезнями клубники,болезни клубники,2,2,LOW,Низкая,garden,/instrumenty/proverka-rasteniya/,new_diagnostic_hub,Подготовить руководство по болезням клубники с проверяемыми фото и различиями симптомов; связать с материалом о серой гнили.,болезни клубники,bolezni-klubniki.xlsx:Queries,1,False
какая малина лучше для подмосковья,лучшие сорта малины для подмосковья,2,3,LOW,Низкая,garden,/zhurnal/sorta-maliny-dlya-podmoskovya-kak-vybrat/,improve_existing,Связать выбор со сравнением сортов и условиями участка; отзывы и урожайность показывать только с реальными данными.,сорта малины,sorta-maliny.xlsx:AdditionalQueries,1,False
какие болезни бывают у клубники,болезни клубники,2,3,LOW,Низкая,garden,/instrumenty/proverka-rasteniya/,new_diagnostic_hub,Подготовить руководство по болезням клубники с проверяемыми фото и различиями симптомов; связать с материалом о серой гнили.,болезни клубники,bolezni-klubniki.xlsx:Queries,1,False
какую малину лучше посадить в подмосковье,лучшие сорта малины для подмосковья,2,3,LOW,Низкая,garden,/zhurnal/sorta-maliny-dlya-podmoskovya-kak-vybrat/,improve_existing,Связать выбор со сравнением сортов и условиями участка; отзывы и урожайность показывать только с реальными данными.,сорта малины,sorta-maliny.xlsx:AdditionalQueries,1,False
какую малину лучше посадить в подмосковье отзывы,лучшие сорта малины для подмосковья,2,3,LOW,Низкая,garden,/zhurnal/sorta-maliny-dlya-podmoskovya-kak-vybrat/,improve_existing,Связать выбор со сравнением сортов и условиями участка; отзывы и урожайность показывать только с реальными данными.,сорта малины,sorta-maliny.xlsx:AdditionalQueries,1,False
клубника априка описание отзывы,клубника априка,2,2,LOW,Низкая,garden,/sorta/aprika/,improve_cultivar,"Проверить полноту описания, фото и сравнения; отзывы и урожайность добавлять только по фактическим источникам.",сорта клубники,sorta-klubniki.xlsx:AdditionalQueries,1,False
клубника болезни и,болезни клубники,2,2,LOW,Низкая,garden,/instrumenty/proverka-rasteniya/,new_diagnostic_hub,Подготовить руководство по болезням клубники с проверяемыми фото и различиями симптомов; связать с материалом о серой гнили.,болезни клубники,bolezni-klubniki.xlsx:Queries,1,False
лучшая малина для подмосковья отзывы,лучшие сорта малины для подмосковья,2,4,LOW,Низкая,garden,/zhurnal/sorta-maliny-dlya-podmoskovya-kak-vybrat/,improve_existing,Связать выбор со сравнением сортов и условиями участка; отзывы и урожайность показывать только с реальными данными.,сорта малины,sorta-maliny.xlsx:AdditionalQueries,1,False
лучшие сорта желтой малины для средней полосы,жёлтая малина как называется,2,5,LOW,Низкая,garden,,manual_mapping,Нужна редакционная проверка намерения.,сорта малины,sorta-maliny.xlsx:Queries,1,False
лучшие сорта ремонтантной малины для средней полосы,лучшие сорта ремонтантной малины,2,10,LOW,Низкая,garden,,manual_mapping,Нужна редакционная проверка намерения.,сорта малины,sorta-maliny.xlsx:Queries,1,False
лучшие сорта ремонтантной малины с высоким урожаем для юга россии,сорта ремонтантной малины,2,10,LOW,Низкая,garden,,manual_mapping,Нужна редакционная проверка намерения.,сорта малины,sorta-maliny.xlsx:Queries,1,False
лучшие сорта черной малины,черная малина,2,8,LOW,Низкая,garden,,manual_mapping,Нужна редакционная проверка намерения.,сорта малины,sorta-maliny.xlsx:Queries,1,False
малина глен файн отзывы,малина глен файн описание сорта фото отзывы садоводов,2,4,LOW,Низкая,garden,,manual_mapping,Нужна редакционная проверка намерения.,сорта малины,sorta-maliny.xlsx:AdditionalQueries,1,False
малина глен эмпл описание сорта фото отзывы,малина глен ампл описание сорта фото отзывы,2,5,LOW,Низкая,garden,,verify_cultivar,Сорта ещё нет в каталоге: сначала установить идентичность и собрать первоисточники; не создавать карточку из поисковой фразы.,сорта малины,sorta-maliny.xlsx:Queries,1,False
малина для юга россии жароустойчивые сорта,малина ремонтантная лучшие сорта для юга россии,2,5,LOW,Низкая,garden,,manual_mapping,Нужна редакционная проверка намерения.,сорта малины,sorta-maliny.xlsx:Queries,1,False
малина мишутка описание сорта фото отзывы садоводов урожайность характеристика,малина мишутка,2,9,LOW,Низкая,garden,,verify_cultivar,Сорта ещё нет в каталоге: сначала установить идентичность и собрать первоисточники; не создавать карточку из поисковой фразы.,сорта малины,sorta-maliny.xlsx:Queries,1,False
малина похвалинка описание сорта отзывы особенности,малина похвалинка,2,5,LOW,Низкая,garden,/sorta/pohvalinka/,improve_cultivar,"Проверить полноту описания, фото и сравнения; отзывы и урожайность добавлять только по фактическим источникам.",сорта малины,sorta-maliny.xlsx:Queries,1,False
малина прелесть описание,малина прелесть описание сорта,2,3,LOW,Низкая,garden,,manual_mapping,Нужна редакционная проверка намерения.,сорта малины,sorta-maliny.xlsx:AdditionalQueries,1,False
малина розолистная съедобная,тибетская малина,2,1,LOW,Низкая,garden,,manual_mapping,Нужна редакционная проверка намерения.,тибетская малина,tibetskaya-malina.xlsx:AdditionalQueries,1,False
малина таганка описание сорта посадка и уход,малина таганка,2,2,LOW,Низкая,garden,/zhurnal/posadka-maliny/,improve_existing,Обновить ответы внутри существующего материала и связать с расчётом посадки.,посадка малины,posadka-maliny.xlsx:Queries,1,False
малина тибетская описание и отзывы,тибетская малина,2,2,LOW,Низкая,garden,,new_botanical_article,"Сначала установить вид и источники; объяснить отличие от обычной малины, добавить проверяемые фото.",тибетская малина,tibetskaya-malina.xlsx:Queries,1,False
малиновое дерево сказка посадка и уход,малиновое дерево,2,4,LOW,Низкая,garden,/zhurnal/malinovoe-derevo-tarusa/,improve_existing,Проверить ответ о штамбовой форме и уходе; не превращать торговое название в ботанический вид.,сорта малины,sorta-maliny.xlsx:AdditionalQueries,1,False
махровость малины,болезни малины,2,4,LOW,Низкая,garden,,manual_mapping,Нужна редакционная проверка намерения.,болезни малины,bolezni-maliny.xlsx:AdditionalQueries,1,False
методы борьбы с болезнями клубники,болезни клубники,2,3,LOW,Низкая,garden,/instrumenty/proverka-rasteniya/,new_diagnostic_hub,Подготовить руководство по болезням клубники с проверяемыми фото и различиями симптомов; связать с материалом о серой гнили.,болезни клубники,bolezni-klubniki.xlsx:Queries,1,False
обработка малины медным купоросом осенью,чем обработать малину осенью от болезней и вредителей,2,3,LOW,Низкая,garden,,manual_mapping,Нужна редакционная проверка намерения.,болезни малины,bolezni-maliny.xlsx:AdditionalQueries,1,False
пурпурная пятнистость малины фото,дидимелла на малине как бороться,2,2,LOW,Низкая,garden,,new_article,"Дидимелла: проверить диагностику по первоисточникам, затем подготовить материал; схемы препаратов требуют актуальной проверки.",болезни малины,bolezni-maliny.xlsx:AdditionalQueries,1,False
рейтинг ремонтантной малины для подмосковья,лучшие сорта малины для подмосковья,2,7,LOW,Низкая,garden,/zhurnal/sorta-maliny-dlya-podmoskovya-kak-vybrat/,improve_existing,Связать выбор со сравнением сортов и условиями участка; отзывы и урожайность показывать только с реальными данными.,сорта малины,sorta-maliny.xlsx:AdditionalQueries,1,False
самая сладкая малина для подмосковья,лучшие сорта малины для подмосковья,2,3,LOW,Низкая,garden,/zhurnal/sorta-maliny-dlya-podmoskovya-kak-vybrat/,improve_existing,Связать выбор со сравнением сортов и условиями участка; отзывы и урожайность показывать только с реальными данными.,сорта малины,sorta-maliny.xlsx:AdditionalQueries,1,False
самая сладкая ремонтантная малина для подмосковья,лучшие сорта малины для подмосковья,2,3,LOW,Низкая,garden,/zhurnal/sorta-maliny-dlya-podmoskovya-kak-vybrat/,improve_existing,Связать выбор со сравнением сортов и условиями участка; отзывы и урожайность показывать только с реальными данными.,сорта малины,sorta-maliny.xlsx:AdditionalQueries,1,False
самая урожайная малина для подмосковья,лучшие сорта малины для подмосковья,2,3,LOW,Низкая,garden,/zhurnal/sorta-maliny-dlya-podmoskovya-kak-vybrat/,improve_existing,Связать выбор со сравнением сортов и условиями участка; отзывы и урожайность показывать только с реальными данными.,сорта малины,sorta-maliny.xlsx:AdditionalQueries,1,False
сорта малины для среднего урала,сорта малины для урала с фотографиями,2,5,LOW,Низкая,garden,,manual_mapping,Нужна редакционная проверка намерения.,сорта малины,sorta-maliny.xlsx:Queries,1,False
сорта малины устойчивые к болезням и вредителям для подмосковья,лучшие сорта малины для подмосковья,2,5,LOW,Низкая,garden,/zhurnal/sorta-maliny-dlya-podmoskovya-kak-vybrat/,improve_existing,Связать выбор со сравнением сортов и условиями участка; отзывы и урожайность показывать только с реальными данными.,болезни малины | сорта малины,bolezni-maliny.xlsx:Queries | sorta-maliny.xlsx:Queries,2,False
тибетская малина отзывы по вкусу,тибетская малина отзывы,2,3,LOW,Низкая,garden,,new_botanical_article,"Сначала установить вид и источники; объяснить отличие от обычной малины, добавить проверяемые фото.",тибетская малина,tibetskaya-malina.xlsx:Queries,1,False
чем лечить малину от болезней,болезни малины,2,2,LOW,Низкая,garden,/instrumenty/proverka-rasteniya/,diagnostic_backlog,Связать симптомы с проверкой растения; отдельный материал только после проверки источников.,болезни малины,bolezni-maliny.xlsx:Queries,1,False
чем лечить мозаичность малины,болезни малины,2,3,LOW,Низкая,garden,,manual_mapping,Нужна редакционная проверка намерения.,болезни малины,bolezni-maliny.xlsx:AdditionalQueries,1,False
баковые смеси для обработки клубники,баковая смесь для обработки клубники весной от болезней и вредителей,1,3,LOW,Низкая,garden,,manual_mapping,Нужна редакционная проверка намерения.,болезни клубники,bolezni-klubniki.xlsx:AdditionalQueries,1,False
бальзам малина,малина бальзам,1,1,LOW,Низкая,garden,/sorta/balzam/,improve_cultivar,"Проверить полноту описания, фото и сравнения; отзывы и урожайность добавлять только по фактическим источникам.",сорта малины,sorta-maliny.xlsx:AdditionalQueries,1,False
болезни и вредители клубники с фото,болезни клубники,1,1,LOW,Низкая,garden,/instrumenty/proverka-rasteniya/,new_diagnostic_hub,Подготовить руководство по болезням клубники с проверяемыми фото и различиями симптомов; связать с материалом о серой гнили.,болезни клубники,bolezni-klubniki.xlsx:Queries,1,False
болезни клубники и,болезни клубники,1,1,LOW,Низкая,garden,/instrumenty/proverka-rasteniya/,new_diagnostic_hub,Подготовить руководство по болезням клубники с проверяемыми фото и различиями симптомов; связать с материалом о серой гнили.,болезни клубники,bolezni-klubniki.xlsx:Queries,1,False
болезни клубники и борьба с ними,болезни клубники,1,2,LOW,Низкая,garden,/instrumenty/proverka-rasteniya/,new_diagnostic_hub,Подготовить руководство по болезням клубники с проверяемыми фото и различиями симптомов; связать с материалом о серой гнили.,болезни клубники,bolezni-klubniki.xlsx:Queries,1,False
болезни клубники и лечение,болезни клубники,1,4,LOW,Низкая,garden,/instrumenty/proverka-rasteniya/,new_diagnostic_hub,Подготовить руководство по болезням клубники с проверяемыми фото и различиями симптомов; связать с материалом о серой гнили.,болезни клубники,bolezni-klubniki.xlsx:Queries,1,False
болезни клубники по листу,болезни клубники,1,3,LOW,Низкая,garden,/instrumenty/proverka-rasteniya/,new_diagnostic_hub,Подготовить руководство по болезням клубники с проверяемыми фото и различиями симптомов; связать с материалом о серой гнили.,болезни клубники,bolezni-klubniki.xlsx:Queries,1,False
болезни клубники по листьям описание с фотографиями и способы,болезни клубники,1,1,LOW,Низкая,garden,/instrumenty/proverka-rasteniya/,new_diagnostic_hub,Подготовить руководство по болезням клубники с проверяемыми фото и различиями симптомов; связать с материалом о серой гнили.,болезни клубники,bolezni-klubniki.xlsx:Queries,1,False
болезни клубники по фото,болезни клубники,1,1,LOW,Низкая,garden,/instrumenty/proverka-rasteniya/,new_diagnostic_hub,Подготовить руководство по болезням клубники с проверяемыми фото и различиями симптомов; связать с материалом о серой гнили.,болезни клубники,bolezni-klubniki.xlsx:Queries,1,False
болезни клубники с фотографиями,болезни клубники,1,1,LOW,Низкая,garden,/instrumenty/proverka-rasteniya/,new_diagnostic_hub,Подготовить руководство по болезням клубники с проверяемыми фото и различиями симптомов; связать с материалом о серой гнили.,болезни клубники,bolezni-klubniki.xlsx:Queries,1,False
болезни клубники фото описание,болезни клубники,1,2,LOW,Низкая,garden,/instrumenty/proverka-rasteniya/,new_diagnostic_hub,Подготовить руководство по болезням клубники с проверяемыми фото и различиями симптомов; связать с материалом о серой гнили.,болезни клубники,bolezni-klubniki.xlsx:Queries,1,False
болезни клубники чем лечить фото и описание,болезни клубники,1,1,LOW,Низкая,garden,/instrumenty/proverka-rasteniya/,new_diagnostic_hub,Подготовить руководство по болезням клубники с проверяемыми фото и различиями симптомов; связать с материалом о серой гнили.,болезни клубники,bolezni-klubniki.xlsx:Queries,1,False
болезни кустов клубники,болезни клубники,1,2,LOW,Низкая,garden,/instrumenty/proverka-rasteniya/,new_diagnostic_hub,Подготовить руководство по болезням клубники с проверяемыми фото и различиями симптомов; связать с материалом о серой гнили.,болезни клубники,bolezni-klubniki.xlsx:Queries,1,False
болезни малины в картинках,болезни малины,1,1,LOW,Низкая,garden,/instrumenty/proverka-rasteniya/,diagnostic_backlog,Связать симптомы с проверкой растения; отдельный материал только после проверки источников.,болезни малины,bolezni-maliny.xlsx:Queries,1,False
болезни малины видео,болезни малины видео,1,2,LOW,Низкая,garden,/instrumenty/proverka-rasteniya/,diagnostic_backlog,Связать симптомы с проверкой растения; отдельный материал только после проверки источников.,болезни малины,bolezni-maliny.xlsx:Queries,1,False
болезни малины по листьям описание с фотографиями и способы лечения,болезни малины,1,1,LOW,Низкая,garden,/instrumenty/proverka-rasteniya/,diagnostic_backlog,Связать симптомы с проверкой растения; отдельный материал только после проверки источников.,болезни малины,bolezni-maliny.xlsx:Queries,1,False
болезни малины по листьям фото,болезни малины,1,3,LOW,Низкая,garden,/instrumenty/proverka-rasteniya/,diagnostic_backlog,Связать симптомы с проверкой растения; отдельный материал только после проверки источников.,болезни малины,bolezni-maliny.xlsx:Queries,1,False
болезни малины ремонтантной,болезни ремонтантной малины описание с фотографиями,1,1,LOW,Низкая,garden,/instrumenty/proverka-rasteniya/,diagnostic_backlog,Связать симптомы с проверкой растения; отдельный материал только после проверки источников.,болезни малины,bolezni-maliny.xlsx:Queries,1,False
болезни на клубнике фото с названием и описанием,болезни клубники,1,2,LOW,Низкая,garden,/instrumenty/proverka-rasteniya/,new_diagnostic_hub,Подготовить руководство по болезням клубники с проверяемыми фото и различиями симптомов; связать с материалом о серой гнили.,болезни клубники,bolezni-klubniki.xlsx:Queries,1,False
болезнь виктории,болезни клубники,1,2,LOW,Низкая,garden,/instrumenty/proverka-rasteniya/,new_diagnostic_hub,Подготовить руководство по болезням клубники с проверяемыми фото и различиями симптомов; связать с материалом о серой гнили.,болезни клубники,bolezni-klubniki.xlsx:AdditionalQueries,1,False
болезнь малины дидимелла и борьба,дидимелла на малине как бороться,1,1,LOW,Низкая,garden,,new_article,"Дидимелла: проверить диагностику по первоисточникам, затем подготовить материал; схемы препаратов требуют актуальной проверки.",болезни малины,bolezni-maliny.xlsx:Queries,1,False
болезнь малины дидимелла и борьба с ней весной,дидимелла на малине как бороться,1,2,LOW,Низкая,garden,,new_article,"Дидимелла: проверить диагностику по первоисточникам, затем подготовить материал; схемы препаратов требуют актуальной проверки.",болезни малины,bolezni-maliny.xlsx:Queries,1,False
виктория сенсация описание сорта фото отзывы садоводов,клубника сенсация описание сорта фото отзывы садоводов урожайность,1,2,LOW,Низкая,garden,,verify_cultivar,Сорта ещё нет в каталоге: сначала установить идентичность и собрать первоисточники; не создавать карточку из поисковой фразы.,сорта клубники,sorta-klubniki.xlsx:AdditionalQueries,1,False
вирусные болезни клубники фото,болезни клубники,1,1,LOW,Низкая,garden,/instrumenty/proverka-rasteniya/,new_diagnostic_hub,Подготовить руководство по болезням клубники с проверяемыми фото и различиями симптомов; связать с материалом о серой гнили.,болезни клубники,bolezni-klubniki.xlsx:Queries,1,False
глен ампл малина описание сорта фото отзывы садоводов,малина глен ампл описание сорта фото отзывы,1,5,LOW,Низкая,garden,,verify_cultivar,Сорта ещё нет в каталоге: сначала установить идентичность и собрать первоисточники; не создавать карточку из поисковой фразы.,сорта малины,sorta-maliny.xlsx:Queries,1,False
дидимелла лечение,дидимелла на малине как бороться,1,2,LOW,Низкая,garden,,new_article,"Дидимелла: проверить диагностику по первоисточникам, затем подготовить материал; схемы препаратов требуют актуальной проверки.",болезни малины,bolezni-maliny.xlsx:AdditionalQueries,1,False
дидимелла на малине фото лечение,дидимелла на малине как бороться,1,2,LOW,Низкая,garden,,new_article,"Дидимелла: проверить диагностику по первоисточникам, затем подготовить материал; схемы препаратов требуют актуальной проверки.",болезни малины,bolezni-maliny.xlsx:AdditionalQueries,1,False
для посадки приготовили 30 кустов 5 часть всех кустов малина 4 часть оставшихся кустов крыжовник,для посадки приготовили 12 кустов малины и 18 кустов крыжовника в субботу посадили 19 кустов,1,1,LOW,Низкая,garden,/zhurnal/posadka-maliny/,improve_existing,Обновить ответы внутри существующего материала и связать с расчётом посадки.,посадка малины,posadka-maliny.xlsx:Queries,1,False
заболевание клубники фото,болезни клубники,1,7,LOW,Низкая,garden,,manual_mapping,Нужна редакционная проверка намерения.,болезни клубники,bolezni-klubniki.xlsx:AdditionalQueries,1,False
заболевания виктории,болезни клубники,1,2,LOW,Низкая,garden,,manual_mapping,Нужна редакционная проверка намерения.,болезни клубники,bolezni-klubniki.xlsx:AdditionalQueries,1,False
заболевания клубники фото,болезни клубники,1,3,LOW,Низкая,garden,,manual_mapping,Нужна редакционная проверка намерения.,болезни клубники,bolezni-klubniki.xlsx:AdditionalQueries,1,False
заболевания клубники фото и описание и борьба,болезни клубники,1,5,LOW,Низкая,garden,,manual_mapping,Нужна редакционная проверка намерения.,болезни клубники,bolezni-klubniki.xlsx:AdditionalQueries,1,False
заболела клубника что делать,болезни клубники,1,3,LOW,Низкая,garden,,manual_mapping,Нужна редакционная проверка намерения.,болезни клубники,bolezni-klubniki.xlsx:AdditionalQueries,1,False
засухоустойчивые сорта малины,засухоустойчивые сорта малины,1,8,LOW,Низкая,garden,,manual_mapping,Нужна редакционная проверка намерения.,сорта малины,sorta-maliny.xlsx:Queries,1,False
земляника априка описание сорта фото отзывы садоводов,априка клубника описание,1,2,LOW,Низкая,garden,/sorta/aprika/,improve_cultivar,"Проверить полноту описания, фото и сравнения; отзывы и урожайность добавлять только по фактическим источникам.",сорта клубники,sorta-klubniki.xlsx:AdditionalQueries,1,False
земляника гигантелла описание сорта отзывы,клубника гигантелла,1,1,LOW,Низкая,garden,,verify_cultivar,Сорта ещё нет в каталоге: сначала установить идентичность и собрать первоисточники; не создавать карточку из поисковой фразы.,сорта клубники,sorta-klubniki.xlsx:AdditionalQueries,1,False
иванова наука болезни клубники,болезни клубники,1,2,LOW,Низкая,garden,/instrumenty/proverka-rasteniya/,new_diagnostic_hub,Подготовить руководство по болезням клубники с проверяемыми фото и различиями симптомов; связать с материалом о серой гнили.,болезни клубники,bolezni-klubniki.xlsx:Queries,1,False
йод для клубники весной от болезней и вредителей,обработка клубники йодом,1,2,LOW,Низкая,garden,/instrumenty/proverka-rasteniya/,new_diagnostic_hub,Подготовить руководство по болезням клубники с проверяемыми фото и различиями симптомов; связать с материалом о серой гнили.,болезни клубники,bolezni-klubniki.xlsx:Queries,1,False
как избавиться от тибетской малины,как избавиться от тибетской малины,1,2,LOW,Низкая,garden,,new_botanical_article,"Сначала установить вид и источники; объяснить отличие от обычной малины, добавить проверяемые фото.",тибетская малина,tibetskaya-malina.xlsx:Queries,1,False
какую малину выбрать для подмосковья,лучшие сорта малины для подмосковья,1,1,LOW,Низкая,garden,/zhurnal/sorta-maliny-dlya-podmoskovya-kak-vybrat/,improve_existing,Связать выбор со сравнением сортов и условиями участка; отзывы и урожайность показывать только с реальными данными.,сорта малины,sorta-maliny.xlsx:AdditionalQueries,1,False
клубника болеет что делать,болезни клубники,1,1,LOW,Низкая,garden,,manual_mapping,Нужна редакционная проверка намерения.,болезни клубники,bolezni-klubniki.xlsx:AdditionalQueries,1,False
клубника для восточной сибири,сорта клубники для сибири,1,2,LOW,Низкая,garden,/podbor/,improve_selector,Использовать место и подтверждённый допуск; местную урожайность не выводить из допуска.,сорта клубники,sorta-klubniki.xlsx:AdditionalQueries,1,False
клубника какая лучше для сибири,сорта клубники для сибири,1,1,LOW,Низкая,garden,/podbor/,improve_selector,Использовать место и подтверждённый допуск; местную урожайность не выводить из допуска.,сорта клубники,sorta-klubniki.xlsx:AdditionalQueries,1,False
клубника коричневые пятна на листьях,болезни клубники,1,1,LOW,Низкая,garden,/instrumenty/proverka-rasteniya/,new_diagnostic_hub,Подготовить руководство по болезням клубники с проверяемыми фото и различиями симптомов; связать с материалом о серой гнили.,болезни клубники,bolezni-klubniki.xlsx:AdditionalQueries,1,False
когда лучше сажать тибетскую малину,тибетская малина,1,1,LOW,Низкая,garden,,new_botanical_article,"Сначала установить вид и источники; объяснить отличие от обычной малины, добавить проверяемые фото.",тибетская малина,tibetskaya-malina.xlsx:Queries,1,False
когда можно пересаживать тибетскую малину,тибетская малина,1,1,LOW,Низкая,garden,,new_botanical_article,"Сначала установить вид и источники; объяснить отличие от обычной малины, добавить проверяемые фото.",тибетская малина,tibetskaya-malina.xlsx:Queries,1,False
ксд клубника что это значит,нсд сорта клубники что это,1,1,LOW,Низкая,garden,/zhurnal/remontantnaya-klubnika/,improve_existing,"Проверить, есть ли понятное объяснение терминов и повторного плодоношения.",сорта клубники,sorta-klubniki.xlsx:AdditionalQueries,1,False
листья малины от каких болезней,листья малины,1,1,LOW,Низкая,garden,/instrumenty/proverka-rasteniya/,diagnostic_backlog,Связать симптомы с проверкой растения; отдельный материал только после проверки источников.,болезни малины,bolezni-maliny.xlsx:Queries,1,False
лучшие саженцы малины для подмосковья,лучшие сорта малины для подмосковья,1,1,LOW,Низкая,garden,/zhurnal/sorta-maliny-dlya-podmoskovya-kak-vybrat/,improve_existing,Связать выбор со сравнением сортов и условиями участка; отзывы и урожайность показывать только с реальными данными.,сорта малины,sorta-maliny.xlsx:AdditionalQueries,1,False
лучшие сорта малины для средней полосы россии отзывы,сорта малины,1,7,LOW,Низкая,garden,,manual_mapping,Нужна редакционная проверка намерения.,сорта малины,sorta-maliny.xlsx:Queries,1,False
малина бальзам отзывы садоводов,малина бальзам,1,1,LOW,Низкая,garden,/sorta/balzam/,improve_cultivar,"Проверить полноту описания, фото и сравнения; отзывы и урожайность добавлять только по фактическим источникам.",сорта малины,sorta-maliny.xlsx:AdditionalQueries,1,False
малина бальзам отзывы садоводов форум,малина бальзам отзывы,1,1,LOW,Низкая,garden,/sorta/balzam/,improve_cultivar,"Проверить полноту описания, фото и сравнения; отзывы и урожайность добавлять только по фактическим источникам.",сорта малины,sorta-maliny.xlsx:AdditionalQueries,1,False
малина глен файн описание сорта фото отзывы,малина глен файн,1,5,LOW,Низкая,garden,,verify_cultivar,Сорта ещё нет в каталоге: сначала установить идентичность и собрать первоисточники; не создавать карточку из поисковой фразы.,сорта малины,sorta-maliny.xlsx:Queries,1,False
малина гусария описание,малина гусария описание сорта фото отзывы садоводов,1,2,LOW,Низкая,garden,,manual_mapping,Нужна редакционная проверка намерения.,сорта малины,sorta-maliny.xlsx:AdditionalQueries,1,False
малина для лен обл,лучшие сорта малины для ленинградской области,1,2,LOW,Низкая,garden,,manual_mapping,Нужна редакционная проверка намерения.,сорта малины,sorta-maliny.xlsx:AdditionalQueries,1,False
малина краса россии описание и отзывы садоводов,малина краса россии описание сорта,1,1,LOW,Низкая,garden,/sorta/krasa-rossii/,improve_cultivar,"Проверить полноту описания, фото и сравнения; отзывы и урожайность добавлять только по фактическим источникам.",сорта малины,sorta-maliny.xlsx:AdditionalQueries,1,False
малина мария отзывы,малина мария описание сорта,1,2,LOW,Низкая,garden,,manual_mapping,Нужна редакционная проверка намерения.,сорта малины,sorta-maliny.xlsx:AdditionalQueries,1,False
малина новгородец описание отзывы,малина нижегородец описание сорта фото отзывы,1,1,LOW,Низкая,garden,,manual_mapping,Нужна редакционная проверка намерения.,сорта малины,sorta-maliny.xlsx:AdditionalQueries,1,False
малина оранжевое чудо описание сорта посадка и уход,малина оранжевое чудо,1,1,LOW,Низкая,garden,/zhurnal/posadka-maliny/,improve_existing,Обновить ответы внутри существующего материала и связать с расчётом посадки.,посадка малины,posadka-maliny.xlsx:Queries,1,False
малина пшехиба отзывы описание,малина пшехиба,1,1,LOW,Низкая,garden,/sorta/pshehiba/,improve_cultivar,"Проверить полноту описания, фото и сравнения; отзывы и урожайность добавлять только по фактическим источникам.",сорта малины,sorta-maliny.xlsx:AdditionalQueries,1,False
малина сказка описание сорта посадка и уход,малина сказка описание сорта,1,2,LOW,Низкая,garden,/zhurnal/posadka-maliny/,improve_existing,Обновить ответы внутри существующего материала и связать с расчётом посадки.,посадка малины,posadka-maliny.xlsx:Queries,1,False
малина сорта фото отзывы садоводов,лучшие сорта малины для нижегородской области для открытого грунта,1,1,LOW,Низкая,garden,,manual_mapping,Нужна редакционная проверка намерения.,болезни малины,bolezni-maliny.xlsx:AdditionalQueries,1,False
малина тибетская розолистная isidapark.ru,малина тибетская розолистная isidapark.ru,1,1,LOW,Низкая,garden,,new_botanical_article,"Сначала установить вид и источники; объяснить отличие от обычной малины, добавить проверяемые фото.",тибетская малина,tibetskaya-malina.xlsx:Queries,1,False
малина феномен отзывы садоводов форум,малина феномен отзывы,1,1,LOW,Низкая,garden,,manual_mapping,Нужна редакционная проверка намерения.,сорта малины,sorta-maliny.xlsx:AdditionalQueries,1,False
малина халлей описание сорта фото отзывы садоводов урожайность,малина халлей,1,6,LOW,Низкая,garden,,verify_cultivar,Сорта ещё нет в каталоге: сначала установить идентичность и собрать первоисточники; не создавать карточку из поисковой фразы.,сорта малины,sorta-maliny.xlsx:Queries,1,False
малина шонеман описание сорта фото отзывы садоводов,малина шонеман описание сорта фото отзывы садоводов,1,6,LOW,Низкая,garden,,verify_cultivar,Сорта ещё нет в каталоге: сначала установить идентичность и собрать первоисточники; не создавать карточку из поисковой фразы.,сорта малины,sorta-maliny.xlsx:Queries,1,False
малиновое дерево таруса описание сорта фото отзывы садоводов урожайность характеристика,малина таруса описание,1,2,LOW,Низкая,garden,/zhurnal/malinovoe-derevo-tarusa/,improve_existing,Проверить ответ о штамбовой форме и уходе; не превращать торговое название в ботанический вид.,посадка малины | сорта малины,posadka-maliny.xlsx:AdditionalQueries | sorta-maliny.xlsx:AdditionalQueries,2,False
малиновые деревья сорта отзывы,малиновое дерево отзывы,1,1,LOW,Низкая,garden,,manual_mapping,Нужна редакционная проверка намерения.,сорта малины,sorta-maliny.xlsx:AdditionalQueries,1,False
маравилла малина описание отзывы особенности выращивания,малина маравилла описание сорта,1,1,LOW,Низкая,garden,,manual_mapping,Нужна редакционная проверка намерения.,сорта малины,sorta-maliny.xlsx:AdditionalQueries,1,False
метельчатость малины,ведьмина метла на малине,1,1,LOW,Низкая,garden,,manual_mapping,Нужна редакционная проверка намерения.,болезни малины,bolezni-maliny.xlsx:AdditionalQueries,1,False
на стеблях малины темные пятна,болезни малины,1,2,LOW,Низкая,garden,/instrumenty/proverka-rasteniya/,diagnostic_backlog,Связать симптомы с проверкой растения; отдельный материал только после проверки источников.,болезни малины,bolezni-maliny.xlsx:AdditionalQueries,1,False
народные средства обработки малины от вредителей,народные средства от вредителей малины,1,2,LOW,Низкая,garden,,manual_mapping,Нужна редакционная проверка намерения.,болезни малины,bolezni-maliny.xlsx:AdditionalQueries,1,False
народные средства от болезни малины,чем лечить малину,1,1,LOW,Низкая,garden,/instrumenty/proverka-rasteniya/,diagnostic_backlog,Связать симптомы с проверкой растения; отдельный материал только после проверки источников.,болезни малины,bolezni-maliny.xlsx:Queries,1,False
народные средства против болезней клубники,народные средства от болезней клубники,1,2,LOW,Низкая,garden,/instrumenty/proverka-rasteniya/,new_diagnostic_hub,Подготовить руководство по болезням клубники с проверяемыми фото и различиями симптомов; связать с материалом о серой гнили.,болезни клубники,bolezni-klubniki.xlsx:Queries,1,False
норвежская малина уход,норвежская малина,1,1,LOW,Низкая,garden,,manual_mapping,Нужна редакционная проверка намерения.,тибетская малина,tibetskaya-malina.xlsx:AdditionalQueries,1,False
подкормка клубники весной йодом,йод для клубники весной,1,1,LOW,Низкая,garden,/zhurnal/chem-podkormit-klubniku-po-analizu-pochvy/,improve_existing,Проверить ответ для указанной фазы роста; сохранять выбор питания по данным анализа.,болезни клубники,bolezni-klubniki.xlsx:AdditionalQueries,1,False
посадка и уход сорт малины бирюсинка,малина бирюсинка,1,1,LOW,Низкая,garden,/zhurnal/posadka-maliny/,improve_existing,Обновить ответы внутри существующего материала и связать с расчётом посадки.,посадка малины,posadka-maliny.xlsx:Queries,1,False
посадка малины в сентябре по лунному календарю,посадка малины в сентябре по лунному календарю,1,1,LOW,Низкая,garden,/zhurnal/posadka-maliny/,improve_existing,Обновить ответы внутри существующего материала и связать с расчётом посадки.,посадка малины,posadka-maliny.xlsx:Queries,1,False
посадка малины в сибири,малина для сибири,1,1,LOW,Низкая,garden,/zhurnal/posadka-maliny/,improve_existing,Обновить ответы внутри существующего материала и связать с расчётом посадки.,посадка малины,posadka-maliny.xlsx:Queries,1,False
посадка малины схема,как правильно посадить малину,1,1,LOW,Низкая,garden,/zhurnal/posadka-maliny/,improve_existing,Обновить ответы внутри существующего материала и связать с расчётом посадки.,посадка малины,posadka-maliny.xlsx:Queries,1,False
почему у виктории желтеют листья,желтеют листья клубники,1,1,LOW,Низкая,garden,/instrumenty/proverka-rasteniya/,new_diagnostic_article,Проверить причины пожелтения клубники; материал о малине не отвечает этому запросу.,клубника,klubnika.xlsx:AdditionalQueries,1,False
рейтинг малины для подмосковья,лучшие сорта малины для подмосковья,1,1,LOW,Низкая,garden,/zhurnal/sorta-maliny-dlya-podmoskovya-kak-vybrat/,improve_existing,Связать выбор со сравнением сортов и условиями участка; отзывы и урожайность показывать только с реальными данными.,сорта малины,sorta-maliny.xlsx:AdditionalQueries,1,False
ремонтантная малина болезни,болезни малины,1,2,LOW,Низкая,garden,/instrumenty/proverka-rasteniya/,diagnostic_backlog,Связать симптомы с проверкой растения; отдельный материал только после проверки источников.,болезни малины,bolezni-maliny.xlsx:Queries,1,False
саженец малины патриция агротехника посадки в алтайском крае,малина патриция отзывы,1,1,LOW,Низкая,garden,/zhurnal/posadka-maliny/,improve_existing,Обновить ответы внутри существующего материала и связать с расчётом посадки.,посадка малины,posadka-maliny.xlsx:Queries,1,False
самая ранняя ремонтантная малина для подмосковья,лучшие сорта малины для подмосковья,1,1,LOW,Низкая,garden,/zhurnal/sorta-maliny-dlya-podmoskovya-kak-vybrat/,improve_existing,Связать выбор со сравнением сортов и условиями участка; отзывы и урожайность показывать только с реальными данными.,сорта малины,sorta-maliny.xlsx:AdditionalQueries,1,False
сорта малины для подмосковья рейтинг,лучшие сорта малины для подмосковья,1,1,LOW,Низкая,garden,/zhurnal/sorta-maliny-dlya-podmoskovya-kak-vybrat/,improve_existing,Связать выбор со сравнением сортов и условиями участка; отзывы и урожайность показывать только с реальными данными.,болезни малины,bolezni-maliny.xlsx:AdditionalQueries,1,False
сорта малины для промышленного выращивания,сорта малины для промышленного выращивания,1,5,LOW,Низкая,garden,,manual_mapping,Нужна редакционная проверка намерения.,сорта малины,sorta-maliny.xlsx:Queries,1,False
схема посадки малины рядами,посадка малины весной в открытый грунт саженцами,1,1,LOW,Низкая,garden,/zhurnal/posadka-maliny/,improve_existing,Обновить ответы внутри существующего материала и связать с расчётом посадки.,посадка малины,posadka-maliny.xlsx:Queries,1,False
тибетская малина вкус ягод,тибетская малина,1,1,LOW,Низкая,garden,,new_botanical_article,"Сначала установить вид и источники; объяснить отличие от обычной малины, добавить проверяемые фото.",тибетская малина,tibetskaya-malina.xlsx:Queries,1,False
тибетская малина отзывы садоводов фото и описание,тибетская малина,1,3,LOW,Низкая,garden,,new_botanical_article,"Сначала установить вид и источники; объяснить отличие от обычной малины, добавить проверяемые фото.",тибетская малина,tibetskaya-malina.xlsx:Queries,1,False
уход за малиной маравилла,малина маравилла описание сорта,1,1,LOW,Низкая,garden,,manual_mapping,Нужна редакционная проверка намерения.,сорта малины,sorta-maliny.xlsx:AdditionalQueries,1,False
фото болезни клубники,болезни клубники,1,3,LOW,Низкая,garden,/instrumenty/proverka-rasteniya/,new_diagnostic_hub,Подготовить руководство по болезням клубники с проверяемыми фото и различиями симптомов; связать с материалом о серой гнили.,болезни клубники,bolezni-klubniki.xlsx:Queries,1,False
фото болезни малины и борьба с ними с фото как выглядят листья,болезни малины,1,1,LOW,Низкая,garden,/instrumenty/proverka-rasteniya/,diagnostic_backlog,Связать симптомы с проверкой растения; отдельный материал только после проверки источников.,болезни малины,bolezni-maliny.xlsx:Queries,1,False
чем обработать малину в дождливую погоду от болезней,чем обработать малину в дождливую погоду от болезней,1,1,LOW,Низкая,garden,/instrumenty/proverka-rasteniya/,diagnostic_backlog,Связать симптомы с проверкой растения; отдельный материал только после проверки источников.,болезни малины,bolezni-maliny.xlsx:Queries,1,False
чем обработать малину в июне от вредителей,чем обработать малину от вредителей в июне,1,1,LOW,Низкая,garden,,manual_mapping,Нужна редакционная проверка намерения.,болезни малины,bolezni-maliny.xlsx:AdditionalQueries,1,False
чем пролить землю перед посадкой клубники от болезней и вредителей,чем обработать землю перед посадкой клубники,1,1,LOW,Низкая,garden,/zhurnal/posadka-klubniki/,improve_existing,"Дополнить существующий материал ответами по срокам и условиям, связать с инструментом срока посадки.",болезни клубники,bolezni-klubniki.xlsx:Queries,1,False
черные точки на ягодах малины,болезни малины,1,1,LOW,Низкая,garden,,manual_mapping,Нужна редакционная проверка намерения.,болезни малины,bolezni-maliny.xlsx:AdditionalQueries,1,False
